  0
SECTION
  2
HEADER
  9
$ANGBASE
  50
0.0
  9
$ANGDIR
  70
1
  9
$MEASUREMENT
  70
0
  0
ENDSEC
  0
SECTION
  2
TABLES
  0
TABLE
  2
LTYPE
  70
4
  0
LTYPE
  5
40F
  2
CONTINUOUS
  70
0
  3
Solid line
  72
65
  73
0
  40
0.0
  0
LTYPE
  5
410
  2
DASHDOT
 70
0
  3
Dash Dot ____ _ ____ _
 72
65
 73
4
 40
2.0
 49
1.25
 49
-0.25
 49
0.25
 49
-0.25
  0
LTYPE
  5
411
  2
DASHED
 70
0
  3
Dashed __ __ __ __ __
 72
65
 73
2
 40
0.75
 49
0.5
 49
-0.25
  0
LTYPE
  5
43B
  2
DOTTED
 70
0
  3
Dotted .  .  .  .
 72
65
 73
2
 40
0.2
 49
0.0
 49
-0.2
  0
ENDTAB
  0
TABLE
  2
STYLE
  70
4
  0
STYLE
  2
KICAD
  70
0
  40
0
  41
1
  42
1
  50
0
  71
0
  3
isocp.shx
  0
STYLE
  2
KICADB
  70
0
  40
0
  41
1
  42
1
  50
0
  71
0
  3
isocp.shx
  0
STYLE
  2
KICADI
  70
0
  40
0
  41
1
  42
1
  50
15
  71
0
  3
isocp.shx
  0
STYLE
  2
KICADBI
  70
0
  40
0
  41
1
  42
1
  50
15
  71
0
  3
isocp.shx
  0
ENDTAB
  0
TABLE
  2
LAYER
  70
1
  0
LAYER
  2
BLACK
  70
0
  62
7
  6
CONTINUOUS
  0
ENDTAB
  0
ENDSEC
  0
SECTION
  2
ENTITIES
0
LINE
8
BLACK
6
CONTINUOUS
10
0.1729468897637795
20
-0.3882847637795275
11
0.1729482677165354
21
-0.3882842125984252
0
LINE
8
BLACK
6
CONTINUOUS
10
0.1729482677165354
20
-0.3882842125984252
11
0.1733263779527559
21
-0.3883602362204724
0
LINE
8
BLACK
6
CONTINUOUS
10
0.1733263779527559
20
-0.3883602362204724
11
0.1736974409448819
21
-0.3884340551181102
0
LINE
8
BLACK
6
CONTINUOUS
10
0.1736974409448819
20
-0.3884340551181102
11
0.1736984251968504
21
-0.3884350393700787
0
LINE
8
BLACK
6
CONTINUOUS
10
0.1736984251968504
20
-0.3884350393700787
11
0.1737012598425197
21
-0.3884356299212599
0
LINE
8
BLACK
6
CONTINUOUS
10
0.1737012598425197
20
-0.3884356299212599
11
0.1782007086614173
21
-0.3903103937007874
0
LINE
8
BLACK
6
CONTINUOUS
10
0.1782007086614173
20
-0.3903103937007874
11
0.1783281102362205
21
-0.390395905511811
0
LINE
8
BLACK
6
CONTINUOUS
10
0.1783281102362205
20
-0.390395905511811
11
0.1783931496062992
21
-0.3904031496062992
0
LINE
8
BLACK
6
CONTINUOUS
10
0.1783931496062992
20
-0.3904031496062992
11
0.1786067716535433
21
-0.3905829527559055
0
LINE
8
BLACK
6
CONTINUOUS
10
0.1786067716535433
20
-0.3905829527559055
11
0.1788384251968504
21
-0.3907384645669291
0
LINE
8
BLACK
6
CONTINUOUS
10
0.1788384251968504
20
-0.3907384645669291
11
0.1788633070866142
21
-0.3907988976377952
0
LINE
8
BLACK
6
CONTINUOUS
10
0.1788633070866142
20
-0.3907988976377952
11
0.1789807480314961
21
-0.3908977559055118
0
LINE
8
BLACK
6
CONTINUOUS
10
0.1789807480314961
20
-0.3908977559055118
11
0.1819803543307087
21
-0.3946472834645669
0
LINE
8
BLACK
6
CONTINUOUS
10
0.1819803543307087
20
-0.3946472834645669
11
0.1821133858267716
21
-0.3949038976377953
0
LINE
8
BLACK
6
CONTINUOUS
10
0.1821133858267716
20
-0.3949038976377953
11
0.182270905511811
21
-0.3951459448818898
0
LINE
8
BLACK
6
CONTINUOUS
10
0.182270905511811
20
-0.3951459448818898
11
0.1837707086614173
21
-0.3988954330708661
0
LINE
8
BLACK
6
CONTINUOUS
10
0.1837707086614173
20
-0.3988954330708661
11
0.1838038188976378
21
-0.3990733858267717
0
LINE
8
BLACK
6
CONTINUOUS
10
0.1838038188976378
20
-0.3990733858267717
11
0.1838732677165354
21
-0.3992404724409448
0
LINE
8
BLACK
6
CONTINUOUS
10
0.1838732677165354
20
-0.3992404724409448
11
0.1853731102362205
21
-0.4067395275590551
0
LINE
8
BLACK
6
CONTINUOUS
10
0.1853731102362205
20
-0.4067395275590551
11
0.1853733070866142
21
-0.4069343700787402
0
LINE
8
BLACK
6
CONTINUOUS
10
0.1853733070866142
20
-0.4069343700787402
11
0.1854113385826772
21
-0.4071255905511811
0
LINE
8
BLACK
6
CONTINUOUS
10
0.1854113385826772
20
-0.4071255905511811
11
0.1854113385826772
21
-0.4127498818897637
0
LINE
8
BLACK
6
CONTINUOUS
10
0.1854113385826772
20
-0.4127498818897637
11
0.1853733070866142
21
-0.412941062992126
0
LINE
8
BLACK
6
CONTINUOUS
10
0.1853733070866142
20
-0.412941062992126
11
0.1853731102362205
21
-0.4131359448818898
0
LINE
8
BLACK
6
CONTINUOUS
10
0.1853731102362205
20
-0.4131359448818898
11
0.1838732677165354
21
-0.420635
0
LINE
8
BLACK
6
CONTINUOUS
10
0.1838732677165354
20
-0.420635
11
0.1838038188976378
21
-0.4208020472440945
0
LINE
8
BLACK
6
CONTINUOUS
10
0.1838038188976378
20
-0.4208020472440945
11
0.1837707086614173
21
-0.4209800393700787
0
LINE
8
BLACK
6
CONTINUOUS
10
0.1837707086614173
20
-0.4209800393700787
11
0.182270905511811
21
-0.4247295275590551
0
LINE
8
BLACK
6
CONTINUOUS
10
0.182270905511811
20
-0.4247295275590551
11
0.1821133858267716
21
-0.4249715748031496
0
LINE
8
BLACK
6
CONTINUOUS
10
0.1821133858267716
20
-0.4249715748031496
11
0.1819803543307087
21
-0.4252281496062992
0
LINE
8
BLACK
6
CONTINUOUS
10
0.1819803543307087
20
-0.4252281496062992
11
0.1789807480314961
21
-0.428977716535433
0
LINE
8
BLACK
6
CONTINUOUS
10
0.1789807480314961
20
-0.428977716535433
11
0.1788633070866142
21
-0.4290765354330708
0
LINE
8
BLACK
6
CONTINUOUS
10
0.1788633070866142
20
-0.4290765354330708
11
0.1788384251968504
21
-0.4291370472440945
0
LINE
8
BLACK
6
CONTINUOUS
10
0.1788384251968504
20
-0.4291370472440945
11
0.1786066929133858
21
-0.4292925590551181
0
LINE
8
BLACK
6
CONTINUOUS
10
0.1786066929133858
20
-0.4292925590551181
11
0.1783931496062992
21
-0.4294723622047244
0
LINE
8
BLACK
6
CONTINUOUS
10
0.1783931496062992
20
-0.4294723622047244
11
0.1783281102362205
21
-0.4294795669291339
0
LINE
8
BLACK
6
CONTINUOUS
10
0.1783281102362205
20
-0.4294795669291339
11
0.1782007086614173
21
-0.4295651181102362
0
LINE
8
BLACK
6
CONTINUOUS
10
0.1782007086614173
20
-0.4295651181102362
11
0.1737012598425197
21
-0.4314398818897638
0
LINE
8
BLACK
6
CONTINUOUS
10
0.1737012598425197
20
-0.4314398818897638
11
0.1736984251968504
21
-0.4314404330708662
0
LINE
8
BLACK
6
CONTINUOUS
10
0.1736984251968504
20
-0.4314404330708662
11
0.1736974409448819
21
-0.4314414566929134
0
LINE
8
BLACK
6
CONTINUOUS
10
0.1736974409448819
20
-0.4314414566929134
11
0.1733263779527559
21
-0.4315152362204724
0
LINE
8
BLACK
6
CONTINUOUS
10
0.1733263779527559
20
-0.4315152362204724
11
0.1729482677165354
21
-0.4315912992125984
0
LINE
8
BLACK
6
CONTINUOUS
10
0.1729482677165354
20
-0.4315912992125984
11
0.1729468897637795
21
-0.4315907086614173
0
LINE
8
BLACK
6
CONTINUOUS
10
0.1729468897637795
20
-0.4315907086614173
11
0.1729441338582677
21
-0.4315912992125984
0
LINE
8
BLACK
6
CONTINUOUS
10
0.1729441338582677
20
-0.4315912992125984
11
0.1699444881889764
21
-0.4315912992125984
0
LINE
8
BLACK
6
CONTINUOUS
10
0.1699444881889764
20
-0.4315912992125984
11
0.1699416929133858
21
-0.4315907086614173
0
LINE
8
BLACK
6
CONTINUOUS
10
0.1699416929133858
20
-0.4315907086614173
11
0.1699403543307087
21
-0.4315912992125984
0
LINE
8
BLACK
6
CONTINUOUS
10
0.1699403543307087
20
-0.4315912992125984
11
0.1695622047244094
21
-0.4315152362204724
0
LINE
8
BLACK
6
CONTINUOUS
10
0.1695622047244094
20
-0.4315152362204724
11
0.1691911811023622
21
-0.4314414566929134
0
LINE
8
BLACK
6
CONTINUOUS
10
0.1691911811023622
20
-0.4314414566929134
11
0.169190157480315
21
-0.4314404330708662
0
LINE
8
BLACK
6
CONTINUOUS
10
0.169190157480315
20
-0.4314404330708662
11
0.1691873622047244
21
-0.4314398818897638
0
LINE
8
BLACK
6
CONTINUOUS
10
0.1691873622047244
20
-0.4314398818897638
11
0.1646879527559055
21
-0.4295651181102362
0
LINE
8
BLACK
6
CONTINUOUS
10
0.1646879527559055
20
-0.4295651181102362
11
0.1645605118110236
21
-0.4294795669291339
0
LINE
8
BLACK
6
CONTINUOUS
10
0.1645605118110236
20
-0.4294795669291339
11
0.1644955118110236
21
-0.4294723622047244
0
LINE
8
BLACK
6
CONTINUOUS
10
0.1644955118110236
20
-0.4294723622047244
11
0.1642819291338583
21
-0.4292925590551181
0
LINE
8
BLACK
6
CONTINUOUS
10
0.1642819291338583
20
-0.4292925590551181
11
0.1640502362204724
21
-0.4291370472440945
0
LINE
8
BLACK
6
CONTINUOUS
10
0.1640502362204724
20
-0.4291370472440945
11
0.1640253149606299
21
-0.4290765354330708
0
LINE
8
BLACK
6
CONTINUOUS
10
0.1640253149606299
20
-0.4290765354330708
11
0.1639079133858268
21
-0.428977716535433
0
LINE
8
BLACK
6
CONTINUOUS
10
0.1639079133858268
20
-0.428977716535433
11
0.1624081102362205
21
-0.4271029527559055
0
LINE
8
BLACK
6
CONTINUOUS
10
0.1624081102362205
20
-0.4271029527559055
11
0.1620545275590551
21
-0.4264211023622047
0
LINE
8
BLACK
6
CONTINUOUS
10
0.1620545275590551
20
-0.4264211023622047
11
0.162220905511811
21
-0.4249236614173229
0
LINE
8
BLACK
6
CONTINUOUS
10
0.162220905511811
20
-0.4249236614173229
11
0.1633973622047244
21
-0.4239825196850394
0
LINE
8
BLACK
6
CONTINUOUS
10
0.1633973622047244
20
-0.4239825196850394
11
0.1648948031496063
21
-0.4241488976377953
0
LINE
8
BLACK
6
CONTINUOUS
10
0.1648948031496063
20
-0.4241488976377953
11
0.1654823622047244
21
-0.4246435039370078
0
LINE
8
BLACK
6
CONTINUOUS
10
0.1654823622047244
20
-0.4246435039370078
11
0.1666673622047244
21
-0.4261247637795276
0
LINE
8
BLACK
6
CONTINUOUS
10
0.1666673622047244
20
-0.4261247637795276
11
0.1703382283464567
21
-0.4276542913385827
0
LINE
8
BLACK
6
CONTINUOUS
10
0.1703382283464567
20
-0.4276542913385827
11
0.1725504330708661
21
-0.4276542913385827
0
LINE
8
BLACK
6
CONTINUOUS
10
0.1725504330708661
20
-0.4276542913385827
11
0.1762212204724409
21
-0.4261247637795276
0
LINE
8
BLACK
6
CONTINUOUS
10
0.1762212204724409
20
-0.4261247637795276
11
0.1787237795275591
21
-0.4229965354330709
0
LINE
8
BLACK
6
CONTINUOUS
10
0.1787237795275591
20
-0.4229965354330709
11
0.1800481496062992
21
-0.4196856299212599
0
LINE
8
BLACK
6
CONTINUOUS
10
0.1800481496062992
20
-0.4196856299212599
11
0.1814743307086614
21
-0.4125549212598425
0
LINE
8
BLACK
6
CONTINUOUS
10
0.1814743307086614
20
-0.4125549212598425
11
0.1814743307086614
21
-0.4073205118110236
0
LINE
8
BLACK
6
CONTINUOUS
10
0.1814743307086614
20
-0.4073205118110236
11
0.1800481496062992
21
-0.4001898031496063
0
LINE
8
BLACK
6
CONTINUOUS
10
0.1800481496062992
20
-0.4001898031496063
11
0.1787237795275591
21
-0.3968788976377953
0
LINE
8
BLACK
6
CONTINUOUS
10
0.1787237795275591
20
-0.3968788976377953
11
0.1762211811023622
21
-0.3937506692913386
0
LINE
8
BLACK
6
CONTINUOUS
10
0.1762211811023622
20
-0.3937506692913386
11
0.1725504330708661
21
-0.392221220472441
0
LINE
8
BLACK
6
CONTINUOUS
10
0.1725504330708661
20
-0.392221220472441
11
0.1703382283464567
21
-0.392221220472441
0
LINE
8
BLACK
6
CONTINUOUS
10
0.1703382283464567
20
-0.392221220472441
11
0.1666673228346457
21
-0.3937507480314961
0
LINE
8
BLACK
6
CONTINUOUS
10
0.1666673228346457
20
-0.3937507480314961
11
0.1654823622047244
21
-0.395231968503937
0
LINE
8
BLACK
6
CONTINUOUS
10
0.1654823622047244
20
-0.395231968503937
11
0.1648947637795276
21
-0.3957266141732284
0
LINE
8
BLACK
6
CONTINUOUS
10
0.1648947637795276
20
-0.3957266141732284
11
0.1633973228346457
21
-0.3958929527559055
0
LINE
8
BLACK
6
CONTINUOUS
10
0.1633973228346457
20
-0.3958929527559055
11
0.1622208661417323
21
-0.3949517716535433
0
LINE
8
BLACK
6
CONTINUOUS
10
0.1622208661417323
20
-0.3949517716535433
11
0.1620545275590551
21
-0.3934543307086614
0
LINE
8
BLACK
6
CONTINUOUS
10
0.1620545275590551
20
-0.3934543307086614
11
0.1624081102362205
21
-0.3927725196850393
0
LINE
8
BLACK
6
CONTINUOUS
10
0.1624081102362205
20
-0.3927725196850393
11
0.1639079527559055
21
-0.3908977559055118
0
LINE
8
BLACK
6
CONTINUOUS
10
0.1639079527559055
20
-0.3908977559055118
11
0.1640253149606299
21
-0.390798937007874
0
LINE
8
BLACK
6
CONTINUOUS
10
0.1640253149606299
20
-0.390798937007874
11
0.1640502362204724
21
-0.3907384645669291
0
LINE
8
BLACK
6
CONTINUOUS
10
0.1640502362204724
20
-0.3907384645669291
11
0.1642818897637795
21
-0.3905829133858267
0
LINE
8
BLACK
6
CONTINUOUS
10
0.1642818897637795
20
-0.3905829133858267
11
0.1644955511811023
21
-0.3904031102362205
0
LINE
8
BLACK
6
CONTINUOUS
10
0.1644955511811023
20
-0.3904031102362205
11
0.1645605905511811
21
-0.3903958661417323
0
LINE
8
BLACK
6
CONTINUOUS
10
0.1645605905511811
20
-0.3903958661417323
11
0.1646879527559055
21
-0.3903103937007874
0
LINE
8
BLACK
6
CONTINUOUS
10
0.1646879527559055
20
-0.3903103937007874
11
0.1691873622047244
21
-0.3884356299212599
0
LINE
8
BLACK
6
CONTINUOUS
10
0.1691873622047244
20
-0.3884356299212599
11
0.169190157480315
21
-0.3884350393700787
0
LINE
8
BLACK
6
CONTINUOUS
10
0.169190157480315
20
-0.3884350393700787
11
0.1691911811023622
21
-0.3884340551181102
0
LINE
8
BLACK
6
CONTINUOUS
10
0.1691911811023622
20
-0.3884340551181102
11
0.1695622047244094
21
-0.3883602362204724
0
LINE
8
BLACK
6
CONTINUOUS
10
0.1695622047244094
20
-0.3883602362204724
11
0.1699403543307087
21
-0.3882842125984252
0
LINE
8
BLACK
6
CONTINUOUS
10
0.1699403543307087
20
-0.3882842125984252
11
0.1699416929133858
21
-0.3882847637795275
0
LINE
8
BLACK
6
CONTINUOUS
10
0.1699416929133858
20
-0.3882847637795275
11
0.1699444881889764
21
-0.3882842125984252
0
LINE
8
BLACK
6
CONTINUOUS
10
0.1699444881889764
20
-0.3882842125984252
11
0.1729441338582677
21
-0.3882842125984252
0
LINE
8
BLACK
6
CONTINUOUS
10
0.1729441338582677
20
-0.3882842125984252
11
0.1729468897637795
21
-0.3882847637795275
0
LINE
8
BLACK
6
CONTINUOUS
10
0.2156922047244094
20
-0.3884340551181102
11
0.2167575590551181
21
-0.3894994094488189
0
LINE
8
BLACK
6
CONTINUOUS
10
0.2167575590551181
20
-0.3894994094488189
11
0.2167575590551181
21
-0.3910060236220472
0
LINE
8
BLACK
6
CONTINUOUS
10
0.2167575590551181
20
-0.3910060236220472
11
0.2156922047244094
21
-0.3920713779527559
0
LINE
8
BLACK
6
CONTINUOUS
10
0.2156922047244094
20
-0.3920713779527559
11
0.2149388976377953
21
-0.392221220472441
0
LINE
8
BLACK
6
CONTINUOUS
10
0.2149388976377953
20
-0.392221220472441
11
0.1992221653543307
21
-0.392221220472441
0
LINE
8
BLACK
6
CONTINUOUS
10
0.1992221653543307
20
-0.392221220472441
11
0.2075526771653543
21
-0.404121968503937
0
LINE
8
BLACK
6
CONTINUOUS
10
0.2075526771653543
20
-0.404121968503937
11
0.2076857874015748
21
-0.4044246456692913
0
LINE
8
BLACK
6
CONTINUOUS
10
0.2076857874015748
20
-0.4044246456692913
11
0.2077586614173228
21
-0.4044975196850394
0
LINE
8
BLACK
6
CONTINUOUS
10
0.2077586614173228
20
-0.4044975196850394
11
0.2077586614173228
21
-0.4045903149606299
0
LINE
8
BLACK
6
CONTINUOUS
10
0.2077586614173228
20
-0.4045903149606299
11
0.2078618897637795
21
-0.4048250393700787
0
LINE
8
BLACK
6
CONTINUOUS
10
0.2078618897637795
20
-0.4048250393700787
11
0.2077586614173228
21
-0.4054100393700787
0
LINE
8
BLACK
6
CONTINUOUS
10
0.2077586614173228
20
-0.4054100393700787
11
0.2077586614173228
21
-0.4060041338582677
0
LINE
8
BLACK
6
CONTINUOUS
10
0.2077586614173228
20
-0.4060041338582677
11
0.2076313385826772
21
-0.4061314173228346
0
LINE
8
BLACK
6
CONTINUOUS
10
0.2076313385826772
20
-0.4061314173228346
11
0.2076000787401575
21
-0.4063087401574803
0
LINE
8
BLACK
6
CONTINUOUS
10
0.2076000787401575
20
-0.4063087401574803
11
0.2071133464566929
21
-0.4066494094488189
0
LINE
8
BLACK
6
CONTINUOUS
10
0.2071133464566929
20
-0.4066494094488189
11
0.2066933070866142
21
-0.4070694881889764
0
LINE
8
BLACK
6
CONTINUOUS
10
0.2066933070866142
20
-0.4070694881889764
11
0.2064417716535433
21
-0.4071194881889764
0
LINE
8
BLACK
6
CONTINUOUS
10
0.2064417716535433
20
-0.4071194881889764
11
0.2063657874015748
21
-0.4071727165354331
0
LINE
8
BLACK
6
CONTINUOUS
10
0.2063657874015748
20
-0.4071727165354331
11
0.2062643307086614
21
-0.4071548031496063
0
LINE
8
BLACK
6
CONTINUOUS
10
0.2062643307086614
20
-0.4071548031496063
11
0.20594
21
-0.4072193307086614
0
LINE
8
BLACK
6
CONTINUOUS
10
0.20594
20
-0.4072193307086614
11
0.2020051574803149
21
-0.4072193307086614
0
LINE
8
BLACK
6
CONTINUOUS
10
0.2020051574803149
20
-0.4072193307086614
11
0.1997686220472441
21
-0.408617125984252
0
LINE
8
BLACK
6
CONTINUOUS
10
0.1997686220472441
20
-0.408617125984252
11
0.1986604724409449
21
-0.4100022834645669
0
LINE
8
BLACK
6
CONTINUOUS
10
0.1986604724409449
20
-0.4100022834645669
11
0.197409842519685
21
-0.4131289763779528
0
LINE
8
BLACK
6
CONTINUOUS
10
0.197409842519685
20
-0.4131289763779528
11
0.197409842519685
21
-0.4217445669291339
0
LINE
8
BLACK
6
CONTINUOUS
10
0.197409842519685
20
-0.4217445669291339
11
0.1986605118110236
21
-0.4248713385826772
0
LINE
8
BLACK
6
CONTINUOUS
10
0.1986605118110236
20
-0.4248713385826772
11
0.1997685826771654
21
-0.4262564566929134
0
LINE
8
BLACK
6
CONTINUOUS
10
0.1997685826771654
20
-0.4262564566929134
11
0.2020051574803149
21
-0.4276542913385827
0
LINE
8
BLACK
6
CONTINUOUS
10
0.2020051574803149
20
-0.4276542913385827
11
0.2098748818897638
21
-0.4276542913385827
0
LINE
8
BLACK
6
CONTINUOUS
10
0.2098748818897638
20
-0.4276542913385827
11
0.2121114173228346
21
-0.4262564566929134
0
LINE
8
BLACK
6
CONTINUOUS
10
0.2121114173228346
20
-0.4262564566929134
11
0.2134017322834646
21
-0.4246435433070866
0
LINE
8
BLACK
6
CONTINUOUS
10
0.2134017322834646
20
-0.4246435433070866
11
0.2139893307086614
21
-0.4241488976377953
0
LINE
8
BLACK
6
CONTINUOUS
10
0.2139893307086614
20
-0.4241488976377953
11
0.2154867716535433
21
-0.4239824803149606
0
LINE
8
BLACK
6
CONTINUOUS
10
0.2154867716535433
20
-0.4239824803149606
11
0.2166632283464567
21
-0.4249236614173229
0
LINE
8
BLACK
6
CONTINUOUS
10
0.2166632283464567
20
-0.4249236614173229
11
0.2168296456692913
21
-0.426421062992126
0
LINE
8
BLACK
6
CONTINUOUS
10
0.2168296456692913
20
-0.426421062992126
11
0.216476062992126
21
-0.4271029133858268
0
LINE
8
BLACK
6
CONTINUOUS
10
0.216476062992126
20
-0.4271029133858268
11
0.2149762598425197
21
-0.428977716535433
0
LINE
8
BLACK
6
CONTINUOUS
10
0.2149762598425197
20
-0.428977716535433
11
0.2147233464566929
21
-0.4291905905511811
0
LINE
8
BLACK
6
CONTINUOUS
10
0.2147233464566929
20
-0.4291905905511811
11
0.2144824015748031
21
-0.4294173228346457
0
LINE
8
BLACK
6
CONTINUOUS
10
0.2144824015748031
20
-0.4294173228346457
11
0.2114827559055118
21
-0.4312920866141732
0
LINE
8
BLACK
6
CONTINUOUS
10
0.2114827559055118
20
-0.4312920866141732
11
0.2112562992125984
21
-0.431377874015748
0
LINE
8
BLACK
6
CONTINUOUS
10
0.2112562992125984
20
-0.431377874015748
11
0.2111927559055118
21
-0.4314414566929134
0
LINE
8
BLACK
6
CONTINUOUS
10
0.2111927559055118
20
-0.4314414566929134
11
0.2109734645669291
21
-0.4314850393700787
0
LINE
8
BLACK
6
CONTINUOUS
10
0.2109734645669291
20
-0.4314850393700787
11
0.2107645275590551
21
-0.431564251968504
0
LINE
8
BLACK
6
CONTINUOUS
10
0.2107645275590551
20
-0.431564251968504
11
0.210676968503937
21
-0.4315440157480315
0
LINE
8
BLACK
6
CONTINUOUS
10
0.210676968503937
20
-0.4315440157480315
11
0.2104394488188976
21
-0.4315912992125984
0
LINE
8
BLACK
6
CONTINUOUS
10
0.2104394488188976
20
-0.4315912992125984
11
0.2014405905511811
21
-0.4315912992125984
0
LINE
8
BLACK
6
CONTINUOUS
10
0.2014405905511811
20
-0.4315912992125984
11
0.2012031102362205
21
-0.4315440551181102
0
LINE
8
BLACK
6
CONTINUOUS
10
0.2012031102362205
20
-0.4315440551181102
11
0.2011155118110236
21
-0.4315642913385827
0
LINE
8
BLACK
6
CONTINUOUS
10
0.2011155118110236
20
-0.4315642913385827
11
0.2009063779527559
21
-0.4314850393700787
0
LINE
8
BLACK
6
CONTINUOUS
10
0.2009063779527559
20
-0.4314850393700787
11
0.2006872834645669
21
-0.4314414566929134
0
LINE
8
BLACK
6
CONTINUOUS
10
0.2006872834645669
20
-0.4314414566929134
11
0.2006237007874016
21
-0.431377874015748
0
LINE
8
BLACK
6
CONTINUOUS
10
0.2006237007874016
20
-0.431377874015748
11
0.2003972834645669
21
-0.4312920866141732
0
LINE
8
BLACK
6
CONTINUOUS
10
0.2003972834645669
20
-0.4312920866141732
11
0.1973976377952756
21
-0.4294173228346457
0
LINE
8
BLACK
6
CONTINUOUS
10
0.1973976377952756
20
-0.4294173228346457
11
0.1971566535433071
21
-0.4291905905511811
0
LINE
8
BLACK
6
CONTINUOUS
10
0.1971566535433071
20
-0.4291905905511811
11
0.1969037795275591
21
-0.428977716535433
0
LINE
8
BLACK
6
CONTINUOUS
10
0.1969037795275591
20
-0.428977716535433
11
0.1954039763779528
21
-0.4271029133858268
0
LINE
8
BLACK
6
CONTINUOUS
10
0.1954039763779528
20
-0.4271029133858268
11
0.195270905511811
21
-0.4268463385826772
0
LINE
8
BLACK
6
CONTINUOUS
10
0.195270905511811
20
-0.4268463385826772
11
0.1951134251968504
21
-0.4266042913385827
0
LINE
8
BLACK
6
CONTINUOUS
10
0.1951134251968504
20
-0.4266042913385827
11
0.1936136220472441
21
-0.4228547637795276
0
LINE
8
BLACK
6
CONTINUOUS
10
0.1936136220472441
20
-0.4228547637795276
11
0.1935455118110236
21
-0.4224892125984252
0
LINE
8
BLACK
6
CONTINUOUS
10
0.1935455118110236
20
-0.4224892125984252
11
0.1934728346456693
21
-0.4221237007874016
0
LINE
8
BLACK
6
CONTINUOUS
10
0.1934728346456693
20
-0.4221237007874016
11
0.1934728346456693
21
-0.4127498818897637
0
LINE
8
BLACK
6
CONTINUOUS
10
0.1934728346456693
20
-0.4127498818897637
11
0.1935455118110236
21
-0.4123843307086614
0
LINE
8
BLACK
6
CONTINUOUS
10
0.1935455118110236
20
-0.4123843307086614
11
0.1936136220472441
21
-0.4120188188976378
0
LINE
8
BLACK
6
CONTINUOUS
10
0.1936136220472441
20
-0.4120188188976378
11
0.1951134251968504
21
-0.4082692913385826
0
LINE
8
BLACK
6
CONTINUOUS
10
0.1951134251968504
20
-0.4082692913385826
11
0.195270905511811
21
-0.4080272440944882
0
LINE
8
BLACK
6
CONTINUOUS
10
0.195270905511811
20
-0.4080272440944882
11
0.1954039763779528
21
-0.4077706299212598
0
LINE
8
BLACK
6
CONTINUOUS
10
0.1954039763779528
20
-0.4077706299212598
11
0.1969038188976378
21
-0.4058958661417323
0
LINE
8
BLACK
6
CONTINUOUS
10
0.1969038188976378
20
-0.4058958661417323
11
0.1971566929133858
21
-0.4056829527559055
0
LINE
8
BLACK
6
CONTINUOUS
10
0.1971566929133858
20
-0.4056829527559055
11
0.1973976377952756
21
-0.4054562992125984
0
LINE
8
BLACK
6
CONTINUOUS
10
0.1973976377952756
20
-0.4054562992125984
11
0.2003972834645669
21
-0.4035815354330708
0
LINE
8
BLACK
6
CONTINUOUS
10
0.2003972834645669
20
-0.4035815354330708
11
0.2006237007874016
21
-0.4034957086614173
0
LINE
8
BLACK
6
CONTINUOUS
10
0.2006237007874016
20
-0.4034957086614173
11
0.2006872834645669
21
-0.4034321653543307
0
LINE
8
BLACK
6
CONTINUOUS
10
0.2006872834645669
20
-0.4034321653543307
11
0.2009063779527559
21
-0.4033885433070866
0
LINE
8
BLACK
6
CONTINUOUS
10
0.2009063779527559
20
-0.4033885433070866
11
0.2011155118110236
21
-0.4033093307086614
0
LINE
8
BLACK
6
CONTINUOUS
10
0.2011155118110236
20
-0.4033093307086614
11
0.2012031102362205
21
-0.4033295275590551
0
LINE
8
BLACK
6
CONTINUOUS
10
0.2012031102362205
20
-0.4033295275590551
11
0.2014405905511811
21
-0.4032823228346457
0
LINE
8
BLACK
6
CONTINUOUS
10
0.2014405905511811
20
-0.4032823228346457
11
0.2021591732283465
21
-0.4032823228346457
0
LINE
8
BLACK
6
CONTINUOUS
10
0.2021591732283465
20
-0.4032823228346457
11
0.1938286614173228
21
-0.3913815748031496
0
LINE
8
BLACK
6
CONTINUOUS
10
0.1938286614173228
20
-0.3913815748031496
11
0.1936955118110236
21
-0.3910788582677165
0
LINE
8
BLACK
6
CONTINUOUS
10
0.1936955118110236
20
-0.3910788582677165
11
0.1936226771653543
21
-0.3910060236220472
0
LINE
8
BLACK
6
CONTINUOUS
10
0.1936226771653543
20
-0.3910060236220472
11
0.1936226771653543
21
-0.3909131889763779
0
LINE
8
BLACK
6
CONTINUOUS
10
0.1936226771653543
20
-0.3909131889763779
11
0.1935194488188976
21
-0.3906785039370079
0
LINE
8
BLACK
6
CONTINUOUS
10
0.1935194488188976
20
-0.3906785039370079
11
0.1936226771653543
21
-0.3900934645669291
0
LINE
8
BLACK
6
CONTINUOUS
10
0.1936226771653543
20
-0.3900934645669291
11
0.1936226771653543
21
-0.3894994094488189
0
LINE
8
BLACK
6
CONTINUOUS
10
0.1936226771653543
20
-0.3894994094488189
11
0.1937499606299213
21
-0.3893720866141732
0
LINE
8
BLACK
6
CONTINUOUS
10
0.1937499606299213
20
-0.3893720866141732
11
0.1937812598425197
21
-0.3891948031496063
0
LINE
8
BLACK
6
CONTINUOUS
10
0.1937812598425197
20
-0.3891948031496063
11
0.1942679527559055
21
-0.388854094488189
0
LINE
8
BLACK
6
CONTINUOUS
10
0.1942679527559055
20
-0.388854094488189
11
0.194688031496063
21
-0.3884340551181102
0
LINE
8
BLACK
6
CONTINUOUS
10
0.194688031496063
20
-0.3884340551181102
11
0.1949395275590551
21
-0.3883840157480315
0
LINE
8
BLACK
6
CONTINUOUS
10
0.1949395275590551
20
-0.3883840157480315
11
0.1950155511811024
21
-0.3883308267716535
0
LINE
8
BLACK
6
CONTINUOUS
10
0.1950155511811024
20
-0.3883308267716535
11
0.195116968503937
21
-0.3883487007874016
0
LINE
8
BLACK
6
CONTINUOUS
10
0.195116968503937
20
-0.3883487007874016
11
0.1954413385826771
21
-0.3882842125984252
0
LINE
8
BLACK
6
CONTINUOUS
10
0.1954413385826771
20
-0.3882842125984252
11
0.2149388976377953
21
-0.3882842125984252
0
LINE
8
BLACK
6
CONTINUOUS
10
0.2149388976377953
20
-0.3882842125984252
11
0.2156922047244094
21
-0.3884340551181102
0
LINE
8
BLACK
6
CONTINUOUS
10
0.2616705905511811
20
-0.3883314566929134
11
0.2617581496062992
21
-0.3883112598425197
0
LINE
8
BLACK
6
CONTINUOUS
10
0.2617581496062992
20
-0.3883112598425197
11
0.2619670866141732
21
-0.3883904330708661
0
LINE
8
BLACK
6
CONTINUOUS
10
0.2619670866141732
20
-0.3883904330708661
11
0.2621863779527559
21
-0.3884340551181102
0
LINE
8
BLACK
6
CONTINUOUS
10
0.2621863779527559
20
-0.3884340551181102
11
0.2622499212598425
21
-0.3884975984251968
0
LINE
8
BLACK
6
CONTINUOUS
10
0.2622499212598425
20
-0.3884975984251968
11
0.2624763779527559
21
-0.3885834251968504
0
LINE
8
BLACK
6
CONTINUOUS
10
0.2624763779527559
20
-0.3885834251968504
11
0.2654760236220473
21
-0.390458188976378
0
LINE
8
BLACK
6
CONTINUOUS
10
0.2654760236220473
20
-0.390458188976378
11
0.2657167322834645
21
-0.3906846850393701
0
LINE
8
BLACK
6
CONTINUOUS
10
0.2657167322834645
20
-0.3906846850393701
11
0.2659698818897638
21
-0.3908977559055118
0
LINE
8
BLACK
6
CONTINUOUS
10
0.2659698818897638
20
-0.3908977559055118
11
0.2674696850393701
21
-0.3927725196850393
0
LINE
8
BLACK
6
CONTINUOUS
10
0.2674696850393701
20
-0.3927725196850393
11
0.267602716535433
21
-0.3930291338582677
0
LINE
8
BLACK
6
CONTINUOUS
10
0.267602716535433
20
-0.3930291338582677
11
0.2677602362204725
21
-0.3932711811023622
0
LINE
8
BLACK
6
CONTINUOUS
10
0.2677602362204725
20
-0.3932711811023622
11
0.2692600393700788
21
-0.3970206692913386
0
LINE
8
BLACK
6
CONTINUOUS
10
0.2692600393700788
20
-0.3970206692913386
11
0.2692931496062992
21
-0.3971986220472441
0
LINE
8
BLACK
6
CONTINUOUS
10
0.2692931496062992
20
-0.3971986220472441
11
0.2693625984251968
21
-0.3973657086614173
0
LINE
8
BLACK
6
CONTINUOUS
10
0.2693625984251968
20
-0.3973657086614173
11
0.2708624409448819
21
-0.4048647637795276
0
LINE
8
BLACK
6
CONTINUOUS
10
0.2708624409448819
20
-0.4048647637795276
11
0.2708626377952756
21
-0.4050596062992126
0
LINE
8
BLACK
6
CONTINUOUS
10
0.2708626377952756
20
-0.4050596062992126
11
0.2709006692913386
21
-0.4052508267716535
0
LINE
8
BLACK
6
CONTINUOUS
10
0.2709006692913386
20
-0.4052508267716535
11
0.2709006692913386
21
-0.4146246456692913
0
LINE
8
BLACK
6
CONTINUOUS
10
0.2709006692913386
20
-0.4146246456692913
11
0.2708626377952756
21
-0.4148158267716535
0
LINE
8
BLACK
6
CONTINUOUS
10
0.2708626377952756
20
-0.4148158267716535
11
0.2708624409448819
21
-0.4150107086614173
0
LINE
8
BLACK
6
CONTINUOUS
10
0.2708624409448819
20
-0.4150107086614173
11
0.2693625984251968
21
-0.4225097637795275
0
LINE
8
BLACK
6
CONTINUOUS
10
0.2693625984251968
20
-0.4225097637795275
11
0.2692931496062992
21
-0.422676811023622
0
LINE
8
BLACK
6
CONTINUOUS
10
0.2692931496062992
20
-0.422676811023622
11
0.2692600393700788
21
-0.4228548031496063
0
LINE
8
BLACK
6
CONTINUOUS
10
0.2692600393700788
20
-0.4228548031496063
11
0.2677602362204725
21
-0.4266042913385827
0
LINE
8
BLACK
6
CONTINUOUS
10
0.2677602362204725
20
-0.4266042913385827
11
0.267602716535433
21
-0.4268463385826772
0
LINE
8
BLACK
6
CONTINUOUS
10
0.267602716535433
20
-0.4268463385826772
11
0.2674696850393701
21
-0.4271029133858268
0
LINE
8
BLACK
6
CONTINUOUS
10
0.2674696850393701
20
-0.4271029133858268
11
0.2659698818897638
21
-0.428977716535433
0
LINE
8
BLACK
6
CONTINUOUS
10
0.2659698818897638
20
-0.428977716535433
11
0.265716968503937
21
-0.4291905905511811
0
LINE
8
BLACK
6
CONTINUOUS
10
0.265716968503937
20
-0.4291905905511811
11
0.2654760236220473
21
-0.4294173228346457
0
LINE
8
BLACK
6
CONTINUOUS
10
0.2654760236220473
20
-0.4294173228346457
11
0.2624763779527559
21
-0.4312920866141732
0
LINE
8
BLACK
6
CONTINUOUS
10
0.2624763779527559
20
-0.4312920866141732
11
0.2622499212598425
21
-0.431377874015748
0
LINE
8
BLACK
6
CONTINUOUS
10
0.2622499212598425
20
-0.431377874015748
11
0.2621863779527559
21
-0.4314414566929134
0
LINE
8
BLACK
6
CONTINUOUS
10
0.2621863779527559
20
-0.4314414566929134
11
0.2619670866141732
21
-0.4314850393700787
0
LINE
8
BLACK
6
CONTINUOUS
10
0.2619670866141732
20
-0.4314850393700787
11
0.2617581496062992
21
-0.431564251968504
0
LINE
8
BLACK
6
CONTINUOUS
10
0.2617581496062992
20
-0.431564251968504
11
0.2616705905511811
21
-0.4315440157480315
0
LINE
8
BLACK
6
CONTINUOUS
10
0.2616705905511811
20
-0.4315440157480315
11
0.2614330708661417
21
-0.4315912992125984
0
LINE
8
BLACK
6
CONTINUOUS
10
0.2614330708661417
20
-0.4315912992125984
11
0.2584334645669291
21
-0.4315912992125984
0
LINE
8
BLACK
6
CONTINUOUS
10
0.2584334645669291
20
-0.4315912992125984
11
0.2581959842519685
21
-0.4315440551181102
0
LINE
8
BLACK
6
CONTINUOUS
10
0.2581959842519685
20
-0.4315440551181102
11
0.2581083858267716
21
-0.4315642913385827
0
LINE
8
BLACK
6
CONTINUOUS
10
0.2581083858267716
20
-0.4315642913385827
11
0.2578992519685039
21
-0.4314850393700787
0
LINE
8
BLACK
6
CONTINUOUS
10
0.2578992519685039
20
-0.4314850393700787
11
0.257680157480315
21
-0.4314414566929134
0
LINE
8
BLACK
6
CONTINUOUS
10
0.257680157480315
20
-0.4314414566929134
11
0.2576165748031496
21
-0.431377874015748
0
LINE
8
BLACK
6
CONTINUOUS
10
0.2576165748031496
20
-0.431377874015748
11
0.257390157480315
21
-0.4312920866141732
0
LINE
8
BLACK
6
CONTINUOUS
10
0.257390157480315
20
-0.4312920866141732
11
0.2543905118110236
21
-0.4294173228346457
0
LINE
8
BLACK
6
CONTINUOUS
10
0.2543905118110236
20
-0.4294173228346457
11
0.2541495275590551
21
-0.4291905905511811
0
LINE
8
BLACK
6
CONTINUOUS
10
0.2541495275590551
20
-0.4291905905511811
11
0.2538966535433071
21
-0.428977716535433
0
LINE
8
BLACK
6
CONTINUOUS
10
0.2538966535433071
20
-0.428977716535433
11
0.2523968503937008
21
-0.4271029133858268
0
LINE
8
BLACK
6
CONTINUOUS
10
0.2523968503937008
20
-0.4271029133858268
11
0.2522637795275591
21
-0.4268463385826772
0
LINE
8
BLACK
6
CONTINUOUS
10
0.2522637795275591
20
-0.4268463385826772
11
0.2521062992125984
21
-0.4266042913385827
0
LINE
8
BLACK
6
CONTINUOUS
10
0.2521062992125984
20
-0.4266042913385827
11
0.2506064960629921
21
-0.4228547637795276
0
LINE
8
BLACK
6
CONTINUOUS
10
0.2506064960629921
20
-0.4228547637795276
11
0.2505733464566929
21
-0.4226768897637795
0
LINE
8
BLACK
6
CONTINUOUS
10
0.2505733464566929
20
-0.4226768897637795
11
0.250503937007874
21
-0.4225097637795275
0
LINE
8
BLACK
6
CONTINUOUS
10
0.250503937007874
20
-0.4225097637795275
11
0.2490041338582677
21
-0.4150107086614173
0
LINE
8
BLACK
6
CONTINUOUS
10
0.2490041338582677
20
-0.4150107086614173
11
0.2490038976377953
21
-0.4148158267716535
0
LINE
8
BLACK
6
CONTINUOUS
10
0.2490038976377953
20
-0.4148158267716535
11
0.248965905511811
21
-0.4146246456692913
0
LINE
8
BLACK
6
CONTINUOUS
10
0.248965905511811
20
-0.4146246456692913
11
0.248965905511811
21
-0.4052508267716535
0
LINE
8
BLACK
6
CONTINUOUS
10
0.248965905511811
20
-0.4052508267716535
11
0.2490038976377953
21
-0.4050596062992126
0
LINE
8
BLACK
6
CONTINUOUS
10
0.2490038976377953
20
-0.4050596062992126
11
0.2490041338582677
21
-0.4048647637795276
0
LINE
8
BLACK
6
CONTINUOUS
10
0.2490041338582677
20
-0.4048647637795276
11
0.250503937007874
21
-0.3973657086614173
0
LINE
8
BLACK
6
CONTINUOUS
10
0.250503937007874
20
-0.3973657086614173
11
0.2505733464566929
21
-0.3971985433070866
0
LINE
8
BLACK
6
CONTINUOUS
10
0.2505733464566929
20
-0.3971985433070866
11
0.2506064960629921
21
-0.3970207086614173
0
LINE
8
BLACK
6
CONTINUOUS
10
0.2506064960629921
20
-0.3970207086614173
11
0.2521062992125984
21
-0.3932711811023622
0
LINE
8
BLACK
6
CONTINUOUS
10
0.2521062992125984
20
-0.3932711811023622
11
0.2522637795275591
21
-0.3930291338582677
0
LINE
8
BLACK
6
CONTINUOUS
10
0.2522637795275591
20
-0.3930291338582677
11
0.2523968503937008
21
-0.3927725196850393
0
LINE
8
BLACK
6
CONTINUOUS
10
0.2523968503937008
20
-0.3927725196850393
11
0.2538966929133858
21
-0.3908977559055118
0
LINE
8
BLACK
6
CONTINUOUS
10
0.2538966929133858
20
-0.3908977559055118
11
0.2541495669291339
21
-0.390684842519685
0
LINE
8
BLACK
6
CONTINUOUS
10
0.2541495669291339
20
-0.390684842519685
11
0.2543905118110236
21
-0.390458188976378
0
LINE
8
BLACK
6
CONTINUOUS
10
0.2543905118110236
20
-0.390458188976378
11
0.257390157480315
21
-0.3885834251968504
0
LINE
8
BLACK
6
CONTINUOUS
10
0.257390157480315
20
-0.3885834251968504
11
0.2576165748031496
21
-0.3884975984251968
0
LINE
8
BLACK
6
CONTINUOUS
10
0.2576165748031496
20
-0.3884975984251968
11
0.257680157480315
21
-0.3884340551181102
0
LINE
8
BLACK
6
CONTINUOUS
10
0.257680157480315
20
-0.3884340551181102
11
0.2578992519685039
21
-0.3883904330708661
0
LINE
8
BLACK
6
CONTINUOUS
10
0.2578992519685039
20
-0.3883904330708661
11
0.2581083858267716
21
-0.3883112204724409
0
LINE
8
BLACK
6
CONTINUOUS
10
0.2581083858267716
20
-0.3883112204724409
11
0.2581959842519685
21
-0.3883314173228347
0
LINE
8
BLACK
6
CONTINUOUS
10
0.2581959842519685
20
-0.3883314173228347
11
0.2584334645669291
21
-0.3882842125984252
0
LINE
8
BLACK
6
CONTINUOUS
10
0.2584334645669291
20
-0.3882842125984252
11
0.2614330708661417
21
-0.3882842125984252
0
LINE
8
BLACK
6
CONTINUOUS
10
0.2614330708661417
20
-0.3882842125984252
11
0.2616705905511811
21
-0.3883314566929134
0
LINE
8
BLACK
6
CONTINUOUS
10
0.2567614960629921
20
-0.3936190157480315
11
0.2556533464566929
21
-0.3950041732283465
0
LINE
8
BLACK
6
CONTINUOUS
10
0.2556533464566929
20
-0.3950041732283465
11
0.2543290157480315
21
-0.3983150393700787
0
LINE
8
BLACK
6
CONTINUOUS
10
0.2543290157480315
20
-0.3983150393700787
11
0.2529029133858268
21
-0.4054457086614173
0
LINE
8
BLACK
6
CONTINUOUS
10
0.2529029133858268
20
-0.4054457086614173
11
0.2529029133858268
21
-0.4144297244094488
0
LINE
8
BLACK
6
CONTINUOUS
10
0.2529029133858268
20
-0.4144297244094488
11
0.2543290157480315
21
-0.4215603937007874
0
LINE
8
BLACK
6
CONTINUOUS
10
0.2543290157480315
20
-0.4215603937007874
11
0.2556533858267717
21
-0.4248713385826772
0
LINE
8
BLACK
6
CONTINUOUS
10
0.2556533858267717
20
-0.4248713385826772
11
0.2567614566929134
21
-0.4262564566929134
0
LINE
8
BLACK
6
CONTINUOUS
10
0.2567614566929134
20
-0.4262564566929134
11
0.258998031496063
21
-0.4276542913385827
0
LINE
8
BLACK
6
CONTINUOUS
10
0.258998031496063
20
-0.4276542913385827
11
0.2608685039370079
21
-0.4276542913385827
0
LINE
8
BLACK
6
CONTINUOUS
10
0.2608685039370079
20
-0.4276542913385827
11
0.2631050393700787
21
-0.4262564566929134
0
LINE
8
BLACK
6
CONTINUOUS
10
0.2631050393700787
20
-0.4262564566929134
11
0.2642131102362205
21
-0.4248712992125984
0
LINE
8
BLACK
6
CONTINUOUS
10
0.2642131102362205
20
-0.4248712992125984
11
0.2655374803149606
21
-0.4215603937007874
0
LINE
8
BLACK
6
CONTINUOUS
10
0.2655374803149606
20
-0.4215603937007874
11
0.2669636614173228
21
-0.4144296850393701
0
LINE
8
BLACK
6
CONTINUOUS
10
0.2669636614173228
20
-0.4144296850393701
11
0.2669636614173228
21
-0.4054457480314961
0
LINE
8
BLACK
6
CONTINUOUS
10
0.2669636614173228
20
-0.4054457480314961
11
0.2655374803149606
21
-0.3983150393700787
0
LINE
8
BLACK
6
CONTINUOUS
10
0.2655374803149606
20
-0.3983150393700787
11
0.2642131102362205
21
-0.3950041338582677
0
LINE
8
BLACK
6
CONTINUOUS
10
0.2642131102362205
20
-0.3950041338582677
11
0.263105
21
-0.3936190157480315
0
LINE
8
BLACK
6
CONTINUOUS
10
0.263105
20
-0.3936190157480315
11
0.2608685039370079
21
-0.392221220472441
0
LINE
8
BLACK
6
CONTINUOUS
10
0.2608685039370079
20
-0.392221220472441
11
0.258998031496063
21
-0.392221220472441
0
LINE
8
BLACK
6
CONTINUOUS
10
0.258998031496063
20
-0.392221220472441
11
0.2567614960629921
21
-0.3936190157480315
0
LINE
8
BLACK
6
CONTINUOUS
10
0.3236787007874016
20
-0.3884340551181102
11
0.3247440551181102
21
-0.3894994094488189
0
LINE
8
BLACK
6
CONTINUOUS
10
0.3247440551181102
20
-0.3894994094488189
11
0.3248938976377952
21
-0.3902527165354331
0
LINE
8
BLACK
6
CONTINUOUS
10
0.3248938976377952
20
-0.3902527165354331
11
0.3248938976377952
21
-0.4296227952755906
0
LINE
8
BLACK
6
CONTINUOUS
10
0.3248938976377952
20
-0.4296227952755906
11
0.3247440551181102
21
-0.4303761023622047
0
LINE
8
BLACK
6
CONTINUOUS
10
0.3247440551181102
20
-0.4303761023622047
11
0.3236787007874016
21
-0.4314414566929134
0
LINE
8
BLACK
6
CONTINUOUS
10
0.3236787007874016
20
-0.4314414566929134
11
0.3229253937007874
21
-0.4315912992125984
0
LINE
8
BLACK
6
CONTINUOUS
10
0.3229253937007874
20
-0.4315912992125984
11
0.3154263385826772
21
-0.4315912992125984
0
LINE
8
BLACK
6
CONTINUOUS
10
0.3154263385826772
20
-0.4315912992125984
11
0.3154235433070866
21
-0.4315907480314961
0
LINE
8
BLACK
6
CONTINUOUS
10
0.3154235433070866
20
-0.4315907480314961
11
0.3154222440944882
21
-0.4315912992125984
0
LINE
8
BLACK
6
CONTINUOUS
10
0.3154222440944882
20
-0.4315912992125984
11
0.3150476771653543
21
-0.4315159842519685
0
LINE
8
BLACK
6
CONTINUOUS
10
0.3150476771653543
20
-0.4315159842519685
11
0.314673031496063
21
-0.4314414566929134
0
LINE
8
BLACK
6
CONTINUOUS
10
0.314673031496063
20
-0.4314414566929134
11
0.3146720078740157
21
-0.4314404330708662
0
LINE
8
BLACK
6
CONTINUOUS
10
0.3146720078740157
20
-0.4314404330708662
11
0.3146692519685039
21
-0.4314398818897638
0
LINE
8
BLACK
6
CONTINUOUS
10
0.3146692519685039
20
-0.4314398818897638
11
0.3101697637795275
21
-0.4295651181102362
0
LINE
8
BLACK
6
CONTINUOUS
10
0.3101697637795275
20
-0.4295651181102362
11
0.3100423228346457
21
-0.4294795669291339
0
LINE
8
BLACK
6
CONTINUOUS
10
0.3100423228346457
20
-0.4294795669291339
11
0.3099773228346457
21
-0.4294723622047244
0
LINE
8
BLACK
6
CONTINUOUS
10
0.3099773228346457
20
-0.4294723622047244
11
0.3097637401574803
21
-0.4292925590551181
0
LINE
8
BLACK
6
CONTINUOUS
10
0.3097637401574803
20
-0.4292925590551181
11
0.3095320472440945
21
-0.4291370472440945
0
LINE
8
BLACK
6
CONTINUOUS
10
0.3095320472440945
20
-0.4291370472440945
11
0.309507125984252
21
-0.4290765354330708
0
LINE
8
BLACK
6
CONTINUOUS
10
0.309507125984252
20
-0.4290765354330708
11
0.3093897637795275
21
-0.4289777559055118
0
LINE
8
BLACK
6
CONTINUOUS
10
0.3093897637795275
20
-0.4289777559055118
11
0.3063901181102362
21
-0.4252281496062992
0
LINE
8
BLACK
6
CONTINUOUS
10
0.3063901181102362
20
-0.4252281496062992
11
0.3062570866141732
21
-0.4249716535433071
0
LINE
8
BLACK
6
CONTINUOUS
10
0.3062570866141732
20
-0.4249716535433071
11
0.3060995669291339
21
-0.4247295275590551
0
LINE
8
BLACK
6
CONTINUOUS
10
0.3060995669291339
20
-0.4247295275590551
11
0.3045997637795276
21
-0.42098
0
LINE
8
BLACK
6
CONTINUOUS
10
0.3045997637795276
20
-0.42098
11
0.3045666141732283
21
-0.4208020866141732
0
LINE
8
BLACK
6
CONTINUOUS
10
0.3045666141732283
20
-0.4208020866141732
11
0.3044972047244094
21
-0.420635
0
LINE
8
BLACK
6
CONTINUOUS
10
0.3044972047244094
20
-0.420635
11
0.3029973622047244
21
-0.4131359448818898
0
LINE
8
BLACK
6
CONTINUOUS
10
0.3029973622047244
20
-0.4131359448818898
11
0.3029971259842519
21
-0.412941062992126
0
LINE
8
BLACK
6
CONTINUOUS
10
0.3029971259842519
20
-0.412941062992126
11
0.3029591338582677
21
-0.4127498818897637
0
LINE
8
BLACK
6
CONTINUOUS
10
0.3029591338582677
20
-0.4127498818897637
11
0.3029591338582677
21
-0.4071255905511811
0
LINE
8
BLACK
6
CONTINUOUS
10
0.3029591338582677
20
-0.4071255905511811
11
0.3029971259842519
21
-0.4069343700787402
0
LINE
8
BLACK
6
CONTINUOUS
10
0.3029971259842519
20
-0.4069343700787402
11
0.3029973622047244
21
-0.4067395275590551
0
LINE
8
BLACK
6
CONTINUOUS
10
0.3029973622047244
20
-0.4067395275590551
11
0.3044972047244094
21
-0.3992404724409448
0
LINE
8
BLACK
6
CONTINUOUS
10
0.3044972047244094
20
-0.3992404724409448
11
0.3045666141732283
21
-0.3990733464566929
0
LINE
8
BLACK
6
CONTINUOUS
10
0.3045666141732283
20
-0.3990733464566929
11
0.3045997637795276
21
-0.3988954724409449
0
LINE
8
BLACK
6
CONTINUOUS
10
0.3045997637795276
20
-0.3988954724409449
11
0.3060995669291339
21
-0.3951459448818898
0
LINE
8
BLACK
6
CONTINUOUS
10
0.3060995669291339
20
-0.3951459448818898
11
0.3062570472440945
21
-0.3949038976377953
0
LINE
8
BLACK
6
CONTINUOUS
10
0.3062570472440945
20
-0.3949038976377953
11
0.3063901181102362
21
-0.3946472834645669
0
LINE
8
BLACK
6
CONTINUOUS
10
0.3063901181102362
20
-0.3946472834645669
11
0.3093897637795275
21
-0.3908977559055118
0
LINE
8
BLACK
6
CONTINUOUS
10
0.3093897637795275
20
-0.3908977559055118
11
0.309507125984252
21
-0.390798937007874
0
LINE
8
BLACK
6
CONTINUOUS
10
0.309507125984252
20
-0.390798937007874
11
0.3095320472440945
21
-0.3907384645669291
0
LINE
8
BLACK
6
CONTINUOUS
10
0.3095320472440945
20
-0.3907384645669291
11
0.3097637401574803
21
-0.3905829133858267
0
LINE
8
BLACK
6
CONTINUOUS
10
0.3097637401574803
20
-0.3905829133858267
11
0.3099773228346457
21
-0.3904031496062992
0
LINE
8
BLACK
6
CONTINUOUS
10
0.3099773228346457
20
-0.3904031496062992
11
0.3100423228346457
21
-0.390395905511811
0
LINE
8
BLACK
6
CONTINUOUS
10
0.3100423228346457
20
-0.390395905511811
11
0.3101697637795275
21
-0.3903103937007874
0
LINE
8
BLACK
6
CONTINUOUS
10
0.3101697637795275
20
-0.3903103937007874
11
0.3146692519685039
21
-0.3884356299212599
0
LINE
8
BLACK
6
CONTINUOUS
10
0.3146692519685039
20
-0.3884356299212599
11
0.3146720078740157
21
-0.3884350393700787
0
LINE
8
BLACK
6
CONTINUOUS
10
0.3146720078740157
20
-0.3884350393700787
11
0.314673031496063
21
-0.3884340551181102
0
LINE
8
BLACK
6
CONTINUOUS
10
0.314673031496063
20
-0.3884340551181102
11
0.3150476771653543
21
-0.3883594881889764
0
LINE
8
BLACK
6
CONTINUOUS
10
0.3150476771653543
20
-0.3883594881889764
11
0.3154222440944882
21
-0.3882842125984252
0
LINE
8
BLACK
6
CONTINUOUS
10
0.3154222440944882
20
-0.3882842125984252
11
0.3154235433070866
21
-0.3882847244094488
0
LINE
8
BLACK
6
CONTINUOUS
10
0.3154235433070866
20
-0.3882847244094488
11
0.3154263385826772
21
-0.3882842125984252
0
LINE
8
BLACK
6
CONTINUOUS
10
0.3154263385826772
20
-0.3882842125984252
11
0.3229253937007874
21
-0.3882842125984252
0
LINE
8
BLACK
6
CONTINUOUS
10
0.3229253937007874
20
-0.3882842125984252
11
0.3236787007874016
21
-0.3884340551181102
0
LINE
8
BLACK
6
CONTINUOUS
10
0.3121492125984252
20
-0.3937507086614173
11
0.3096466141732284
21
-0.396878937007874
0
LINE
8
BLACK
6
CONTINUOUS
10
0.3096466141732284
20
-0.396878937007874
11
0.3083222834645669
21
-0.4001898031496063
0
LINE
8
BLACK
6
CONTINUOUS
10
0.3083222834645669
20
-0.4001898031496063
11
0.3068961417322835
21
-0.4073205118110236
0
LINE
8
BLACK
6
CONTINUOUS
10
0.3068961417322835
20
-0.4073205118110236
11
0.3068961417322835
21
-0.4125549212598425
0
LINE
8
BLACK
6
CONTINUOUS
10
0.3068961417322835
20
-0.4125549212598425
11
0.3083222834645669
21
-0.4196856299212599
0
LINE
8
BLACK
6
CONTINUOUS
10
0.3083222834645669
20
-0.4196856299212599
11
0.3096466535433071
21
-0.4229965748031496
0
LINE
8
BLACK
6
CONTINUOUS
10
0.3096466535433071
20
-0.4229965748031496
11
0.3121491732283465
21
-0.4261247637795276
0
LINE
8
BLACK
6
CONTINUOUS
10
0.3121491732283465
20
-0.4261247637795276
11
0.3158200787401575
21
-0.4276542913385827
0
LINE
8
BLACK
6
CONTINUOUS
10
0.3158200787401575
20
-0.4276542913385827
11
0.3209568897637795
21
-0.4276542913385827
0
LINE
8
BLACK
6
CONTINUOUS
10
0.3209568897637795
20
-0.4276542913385827
11
0.3209568897637795
21
-0.392221220472441
0
LINE
8
BLACK
6
CONTINUOUS
10
0.3209568897637795
20
-0.392221220472441
11
0.3158200787401575
21
-0.392221220472441
0
LINE
8
BLACK
6
CONTINUOUS
10
0.3158200787401575
20
-0.392221220472441
11
0.3121492125984252
21
-0.3937507086614173
0
LINE
8
BLACK
6
CONTINUOUS
10
0.3566746062992126
20
-0.3884340551181102
11
0.3577399606299212
21
-0.3894994094488189
0
LINE
8
BLACK
6
CONTINUOUS
10
0.3577399606299212
20
-0.3894994094488189
11
0.3577399606299212
21
-0.3910060236220472
0
LINE
8
BLACK
6
CONTINUOUS
10
0.3577399606299212
20
-0.3910060236220472
11
0.3566746062992126
21
-0.3920713779527559
0
LINE
8
BLACK
6
CONTINUOUS
10
0.3566746062992126
20
-0.3920713779527559
11
0.3559212992125984
21
-0.392221220472441
0
LINE
8
BLACK
6
CONTINUOUS
10
0.3559212992125984
20
-0.392221220472441
11
0.3402045669291339
21
-0.392221220472441
0
LINE
8
BLACK
6
CONTINUOUS
10
0.3402045669291339
20
-0.392221220472441
11
0.3485350787401575
21
-0.404121968503937
0
LINE
8
BLACK
6
CONTINUOUS
10
0.3485350787401575
20
-0.404121968503937
11
0.348668188976378
21
-0.4044246456692913
0
LINE
8
BLACK
6
CONTINUOUS
10
0.348668188976378
20
-0.4044246456692913
11
0.348741062992126
21
-0.4044975196850394
0
LINE
8
BLACK
6
CONTINUOUS
10
0.348741062992126
20
-0.4044975196850394
11
0.348741062992126
21
-0.4045903149606299
0
LINE
8
BLACK
6
CONTINUOUS
10
0.348741062992126
20
-0.4045903149606299
11
0.3488442913385827
21
-0.4048250393700787
0
LINE
8
BLACK
6
CONTINUOUS
10
0.3488442913385827
20
-0.4048250393700787
11
0.348741062992126
21
-0.4054100393700787
0
LINE
8
BLACK
6
CONTINUOUS
10
0.348741062992126
20
-0.4054100393700787
11
0.348741062992126
21
-0.4060041338582677
0
LINE
8
BLACK
6
CONTINUOUS
10
0.348741062992126
20
-0.4060041338582677
11
0.3486137401574803
21
-0.4061314173228346
0
LINE
8
BLACK
6
CONTINUOUS
10
0.3486137401574803
20
-0.4061314173228346
11
0.3485824803149606
21
-0.4063087401574803
0
LINE
8
BLACK
6
CONTINUOUS
10
0.3485824803149606
20
-0.4063087401574803
11
0.3480957480314961
21
-0.4066494094488189
0
LINE
8
BLACK
6
CONTINUOUS
10
0.3480957480314961
20
-0.4066494094488189
11
0.3476757086614173
21
-0.4070694881889764
0
LINE
8
BLACK
6
CONTINUOUS
10
0.3476757086614173
20
-0.4070694881889764
11
0.3474241732283465
21
-0.4071194881889764
0
LINE
8
BLACK
6
CONTINUOUS
10
0.3474241732283465
20
-0.4071194881889764
11
0.3473481889763779
21
-0.4071727165354331
0
LINE
8
BLACK
6
CONTINUOUS
10
0.3473481889763779
20
-0.4071727165354331
11
0.3472467322834645
21
-0.4071548031496063
0
LINE
8
BLACK
6
CONTINUOUS
10
0.3472467322834645
20
-0.4071548031496063
11
0.3469224015748031
21
-0.4072193307086614
0
LINE
8
BLACK
6
CONTINUOUS
10
0.3469224015748031
20
-0.4072193307086614
11
0.3429875590551181
21
-0.4072193307086614
0
LINE
8
BLACK
6
CONTINUOUS
10
0.3429875590551181
20
-0.4072193307086614
11
0.3407510236220472
21
-0.408617125984252
0
LINE
8
BLACK
6
CONTINUOUS
10
0.3407510236220472
20
-0.408617125984252
11
0.339642874015748
21
-0.4100022834645669
0
LINE
8
BLACK
6
CONTINUOUS
10
0.339642874015748
20
-0.4100022834645669
11
0.3383922440944882
21
-0.4131289763779528
0
LINE
8
BLACK
6
CONTINUOUS
10
0.3383922440944882
20
-0.4131289763779528
11
0.3383922440944882
21
-0.4217445669291339
0
LINE
8
BLACK
6
CONTINUOUS
10
0.3383922440944882
20
-0.4217445669291339
11
0.3396429133858268
21
-0.4248713385826772
0
LINE
8
BLACK
6
CONTINUOUS
10
0.3396429133858268
20
-0.4248713385826772
11
0.3407509842519685
21
-0.4262564566929134
0
LINE
8
BLACK
6
CONTINUOUS
10
0.3407509842519685
20
-0.4262564566929134
11
0.3429875590551181
21
-0.4276542913385827
0
LINE
8
BLACK
6
CONTINUOUS
10
0.3429875590551181
20
-0.4276542913385827
11
0.3508572834645669
21
-0.4276542913385827
0
LINE
8
BLACK
6
CONTINUOUS
10
0.3508572834645669
20
-0.4276542913385827
11
0.3530938188976378
21
-0.4262564566929134
0
LINE
8
BLACK
6
CONTINUOUS
10
0.3530938188976378
20
-0.4262564566929134
11
0.3543841338582677
21
-0.4246435433070866
0
LINE
8
BLACK
6
CONTINUOUS
10
0.3543841338582677
20
-0.4246435433070866
11
0.3549717322834646
21
-0.4241488976377953
0
LINE
8
BLACK
6
CONTINUOUS
10
0.3549717322834646
20
-0.4241488976377953
11
0.3564691732283464
21
-0.4239824803149606
0
LINE
8
BLACK
6
CONTINUOUS
10
0.3564691732283464
20
-0.4239824803149606
11
0.3576456299212598
21
-0.4249236614173229
0
LINE
8
BLACK
6
CONTINUOUS
10
0.3576456299212598
20
-0.4249236614173229
11
0.3578120472440945
21
-0.426421062992126
0
LINE
8
BLACK
6
CONTINUOUS
10
0.3578120472440945
20
-0.426421062992126
11
0.3574584645669291
21
-0.4271029133858268
0
LINE
8
BLACK
6
CONTINUOUS
10
0.3574584645669291
20
-0.4271029133858268
11
0.3559586614173229
21
-0.428977716535433
0
LINE
8
BLACK
6
CONTINUOUS
10
0.3559586614173229
20
-0.428977716535433
11
0.3557057480314961
21
-0.4291905905511811
0
LINE
8
BLACK
6
CONTINUOUS
10
0.3557057480314961
20
-0.4291905905511811
11
0.3554648031496063
21
-0.4294173228346457
0
LINE
8
BLACK
6
CONTINUOUS
10
0.3554648031496063
20
-0.4294173228346457
11
0.3524651574803149
21
-0.4312920866141732
0
LINE
8
BLACK
6
CONTINUOUS
10
0.3524651574803149
20
-0.4312920866141732
11
0.3522387007874015
21
-0.431377874015748
0
LINE
8
BLACK
6
CONTINUOUS
10
0.3522387007874015
20
-0.431377874015748
11
0.352175157480315
21
-0.4314414566929134
0
LINE
8
BLACK
6
CONTINUOUS
10
0.352175157480315
20
-0.4314414566929134
11
0.3519558661417323
21
-0.4314850393700787
0
LINE
8
BLACK
6
CONTINUOUS
10
0.3519558661417323
20
-0.4314850393700787
11
0.3517469291338582
21
-0.431564251968504
0
LINE
8
BLACK
6
CONTINUOUS
10
0.3517469291338582
20
-0.431564251968504
11
0.3516593700787402
21
-0.4315440157480315
0
LINE
8
BLACK
6
CONTINUOUS
10
0.3516593700787402
20
-0.4315440157480315
11
0.3514218503937008
21
-0.4315912992125984
0
LINE
8
BLACK
6
CONTINUOUS
10
0.3514218503937008
20
-0.4315912992125984
11
0.3424229921259843
21
-0.4315912992125984
0
LINE
8
BLACK
6
CONTINUOUS
10
0.3424229921259843
20
-0.4315912992125984
11
0.3421855118110236
21
-0.4315440551181102
0
LINE
8
BLACK
6
CONTINUOUS
10
0.3421855118110236
20
-0.4315440551181102
11
0.3420979133858268
21
-0.4315642913385827
0
LINE
8
BLACK
6
CONTINUOUS
10
0.3420979133858268
20
-0.4315642913385827
11
0.341888779527559
21
-0.4314850393700787
0
LINE
8
BLACK
6
CONTINUOUS
10
0.341888779527559
20
-0.4314850393700787
11
0.3416696850393701
21
-0.4314414566929134
0
LINE
8
BLACK
6
CONTINUOUS
10
0.3416696850393701
20
-0.4314414566929134
11
0.3416061023622047
21
-0.431377874015748
0
LINE
8
BLACK
6
CONTINUOUS
10
0.3416061023622047
20
-0.431377874015748
11
0.3413796850393701
21
-0.4312920866141732
0
LINE
8
BLACK
6
CONTINUOUS
10
0.3413796850393701
20
-0.4312920866141732
11
0.3383800393700787
21
-0.4294173228346457
0
LINE
8
BLACK
6
CONTINUOUS
10
0.3383800393700787
20
-0.4294173228346457
11
0.3381390551181102
21
-0.4291905905511811
0
LINE
8
BLACK
6
CONTINUOUS
10
0.3381390551181102
20
-0.4291905905511811
11
0.3378861811023622
21
-0.428977716535433
0
LINE
8
BLACK
6
CONTINUOUS
10
0.3378861811023622
20
-0.428977716535433
11
0.3363863779527559
21
-0.4271029133858268
0
LINE
8
BLACK
6
CONTINUOUS
10
0.3363863779527559
20
-0.4271029133858268
11
0.3362533070866142
21
-0.4268463385826772
0
LINE
8
BLACK
6
CONTINUOUS
10
0.3362533070866142
20
-0.4268463385826772
11
0.3360958267716536
21
-0.4266042913385827
0
LINE
8
BLACK
6
CONTINUOUS
10
0.3360958267716536
20
-0.4266042913385827
11
0.3345960236220472
21
-0.4228547637795276
0
LINE
8
BLACK
6
CONTINUOUS
10
0.3345960236220472
20
-0.4228547637795276
11
0.3345279133858268
21
-0.4224892125984252
0
LINE
8
BLACK
6
CONTINUOUS
10
0.3345279133858268
20
-0.4224892125984252
11
0.3344552362204724
21
-0.4221237007874016
0
LINE
8
BLACK
6
CONTINUOUS
10
0.3344552362204724
20
-0.4221237007874016
11
0.3344552362204724
21
-0.4127498818897637
0
LINE
8
BLACK
6
CONTINUOUS
10
0.3344552362204724
20
-0.4127498818897637
11
0.3345279133858268
21
-0.4123843307086614
0
LINE
8
BLACK
6
CONTINUOUS
10
0.3345279133858268
20
-0.4123843307086614
11
0.3345960236220472
21
-0.4120188188976378
0
LINE
8
BLACK
6
CONTINUOUS
10
0.3345960236220472
20
-0.4120188188976378
11
0.3360958267716536
21
-0.4082692913385826
0
LINE
8
BLACK
6
CONTINUOUS
10
0.3360958267716536
20
-0.4082692913385826
11
0.3362533070866142
21
-0.4080272440944882
0
LINE
8
BLACK
6
CONTINUOUS
10
0.3362533070866142
20
-0.4080272440944882
11
0.3363863779527559
21
-0.4077706299212598
0
LINE
8
BLACK
6
CONTINUOUS
10
0.3363863779527559
20
-0.4077706299212598
11
0.3378862204724409
21
-0.4058958661417323
0
LINE
8
BLACK
6
CONTINUOUS
10
0.3378862204724409
20
-0.4058958661417323
11
0.338139094488189
21
-0.4056829527559055
0
LINE
8
BLACK
6
CONTINUOUS
10
0.338139094488189
20
-0.4056829527559055
11
0.3383800393700787
21
-0.4054562992125984
0
LINE
8
BLACK
6
CONTINUOUS
10
0.3383800393700787
20
-0.4054562992125984
11
0.3413796850393701
21
-0.4035815354330708
0
LINE
8
BLACK
6
CONTINUOUS
10
0.3413796850393701
20
-0.4035815354330708
11
0.3416061023622047
21
-0.4034957086614173
0
LINE
8
BLACK
6
CONTINUOUS
10
0.3416061023622047
20
-0.4034957086614173
11
0.3416696850393701
21
-0.4034321653543307
0
LINE
8
BLACK
6
CONTINUOUS
10
0.3416696850393701
20
-0.4034321653543307
11
0.341888779527559
21
-0.4033885433070866
0
LINE
8
BLACK
6
CONTINUOUS
10
0.341888779527559
20
-0.4033885433070866
11
0.3420979133858268
21
-0.4033093307086614
0
LINE
8
BLACK
6
CONTINUOUS
10
0.3420979133858268
20
-0.4033093307086614
11
0.3421855118110236
21
-0.4033295275590551
0
LINE
8
BLACK
6
CONTINUOUS
10
0.3421855118110236
20
-0.4033295275590551
11
0.3424229921259843
21
-0.4032823228346457
0
LINE
8
BLACK
6
CONTINUOUS
10
0.3424229921259843
20
-0.4032823228346457
11
0.3431415748031496
21
-0.4032823228346457
0
LINE
8
BLACK
6
CONTINUOUS
10
0.3431415748031496
20
-0.4032823228346457
11
0.334811062992126
21
-0.3913815748031496
0
LINE
8
BLACK
6
CONTINUOUS
10
0.334811062992126
20
-0.3913815748031496
11
0.3346779133858268
21
-0.3910788582677165
0
LINE
8
BLACK
6
CONTINUOUS
10
0.3346779133858268
20
-0.3910788582677165
11
0.3346050787401575
21
-0.3910060236220472
0
LINE
8
BLACK
6
CONTINUOUS
10
0.3346050787401575
20
-0.3910060236220472
11
0.3346050787401575
21
-0.3909131889763779
0
LINE
8
BLACK
6
CONTINUOUS
10
0.3346050787401575
20
-0.3909131889763779
11
0.3345018503937008
21
-0.3906785039370079
0
LINE
8
BLACK
6
CONTINUOUS
10
0.3345018503937008
20
-0.3906785039370079
11
0.3346050787401575
21
-0.3900934645669291
0
LINE
8
BLACK
6
CONTINUOUS
10
0.3346050787401575
20
-0.3900934645669291
11
0.3346050787401575
21
-0.3894994094488189
0
LINE
8
BLACK
6
CONTINUOUS
10
0.3346050787401575
20
-0.3894994094488189
11
0.3347323622047244
21
-0.3893720866141732
0
LINE
8
BLACK
6
CONTINUOUS
10
0.3347323622047244
20
-0.3893720866141732
11
0.3347636614173228
21
-0.3891948031496063
0
LINE
8
BLACK
6
CONTINUOUS
10
0.3347636614173228
20
-0.3891948031496063
11
0.3352503543307087
21
-0.388854094488189
0
LINE
8
BLACK
6
CONTINUOUS
10
0.3352503543307087
20
-0.388854094488189
11
0.3356704330708661
21
-0.3884340551181102
0
LINE
8
BLACK
6
CONTINUOUS
10
0.3356704330708661
20
-0.3884340551181102
11
0.3359219291338583
21
-0.3883840157480315
0
LINE
8
BLACK
6
CONTINUOUS
10
0.3359219291338583
20
-0.3883840157480315
11
0.3359979527559055
21
-0.3883308267716535
0
LINE
8
BLACK
6
CONTINUOUS
10
0.3359979527559055
20
-0.3883308267716535
11
0.3360993700787401
21
-0.3883487007874016
0
LINE
8
BLACK
6
CONTINUOUS
10
0.3360993700787401
20
-0.3883487007874016
11
0.3364237401574803
21
-0.3882842125984252
0
LINE
8
BLACK
6
CONTINUOUS
10
0.3364237401574803
20
-0.3882842125984252
11
0.3559212992125984
21
-0.3882842125984252
0
LINE
8
BLACK
6
CONTINUOUS
10
0.3559212992125984
20
-0.3882842125984252
11
0.3566746062992126
21
-0.3884340551181102
0
LINE
8
BLACK
6
CONTINUOUS
10
0.4026529921259843
20
-0.3883314566929134
11
0.4027405511811024
21
-0.3883112598425197
0
LINE
8
BLACK
6
CONTINUOUS
10
0.4027405511811024
20
-0.3883112598425197
11
0.4029494881889764
21
-0.3883904330708661
0
LINE
8
BLACK
6
CONTINUOUS
10
0.4029494881889764
20
-0.3883904330708661
11
0.403168779527559
21
-0.3884340551181102
0
LINE
8
BLACK
6
CONTINUOUS
10
0.403168779527559
20
-0.3884340551181102
11
0.4032323228346457
21
-0.3884975984251968
0
LINE
8
BLACK
6
CONTINUOUS
10
0.4032323228346457
20
-0.3884975984251968
11
0.403458779527559
21
-0.3885834251968504
0
LINE
8
BLACK
6
CONTINUOUS
10
0.403458779527559
20
-0.3885834251968504
11
0.4064584251968504
21
-0.390458188976378
0
LINE
8
BLACK
6
CONTINUOUS
10
0.4064584251968504
20
-0.390458188976378
11
0.4066991338582677
21
-0.3906846850393701
0
LINE
8
BLACK
6
CONTINUOUS
10
0.4066991338582677
20
-0.3906846850393701
11
0.4069522834645669
21
-0.3908977559055118
0
LINE
8
BLACK
6
CONTINUOUS
10
0.4069522834645669
20
-0.3908977559055118
11
0.4084520866141732
21
-0.3927725196850393
0
LINE
8
BLACK
6
CONTINUOUS
10
0.4084520866141732
20
-0.3927725196850393
11
0.4085851181102362
21
-0.3930291338582677
0
LINE
8
BLACK
6
CONTINUOUS
10
0.4085851181102362
20
-0.3930291338582677
11
0.4087426377952756
21
-0.3932711811023622
0
LINE
8
BLACK
6
CONTINUOUS
10
0.4087426377952756
20
-0.3932711811023622
11
0.4102424409448819
21
-0.3970206692913386
0
LINE
8
BLACK
6
CONTINUOUS
10
0.4102424409448819
20
-0.3970206692913386
11
0.4102755511811024
21
-0.3971986220472441
0
LINE
8
BLACK
6
CONTINUOUS
10
0.4102755511811024
20
-0.3971986220472441
11
0.410345
21
-0.3973657086614173
0
LINE
8
BLACK
6
CONTINUOUS
10
0.410345
20
-0.3973657086614173
11
0.411844842519685
21
-0.4048647637795276
0
LINE
8
BLACK
6
CONTINUOUS
10
0.411844842519685
20
-0.4048647637795276
11
0.4118450393700787
21
-0.4050596062992126
0
LINE
8
BLACK
6
CONTINUOUS
10
0.4118450393700787
20
-0.4050596062992126
11
0.4118830708661417
21
-0.4052508267716535
0
LINE
8
BLACK
6
CONTINUOUS
10
0.4118830708661417
20
-0.4052508267716535
11
0.4118830708661417
21
-0.4146246456692913
0
LINE
8
BLACK
6
CONTINUOUS
10
0.4118830708661417
20
-0.4146246456692913
11
0.4118450393700787
21
-0.4148158267716535
0
LINE
8
BLACK
6
CONTINUOUS
10
0.4118450393700787
20
-0.4148158267716535
11
0.411844842519685
21
-0.4150107086614173
0
LINE
8
BLACK
6
CONTINUOUS
10
0.411844842519685
20
-0.4150107086614173
11
0.410345
21
-0.4225097637795275
0
LINE
8
BLACK
6
CONTINUOUS
10
0.410345
20
-0.4225097637795275
11
0.4102755511811024
21
-0.422676811023622
0
LINE
8
BLACK
6
CONTINUOUS
10
0.4102755511811024
20
-0.422676811023622
11
0.4102424409448819
21
-0.4228548031496063
0
LINE
8
BLACK
6
CONTINUOUS
10
0.4102424409448819
20
-0.4228548031496063
11
0.4087426377952756
21
-0.4266042913385827
0
LINE
8
BLACK
6
CONTINUOUS
10
0.4087426377952756
20
-0.4266042913385827
11
0.4085851181102362
21
-0.4268463385826772
0
LINE
8
BLACK
6
CONTINUOUS
10
0.4085851181102362
20
-0.4268463385826772
11
0.4084520866141732
21
-0.4271029133858268
0
LINE
8
BLACK
6
CONTINUOUS
10
0.4084520866141732
20
-0.4271029133858268
11
0.4069522834645669
21
-0.428977716535433
0
LINE
8
BLACK
6
CONTINUOUS
10
0.4069522834645669
20
-0.428977716535433
11
0.4066993700787401
21
-0.4291905905511811
0
LINE
8
BLACK
6
CONTINUOUS
10
0.4066993700787401
20
-0.4291905905511811
11
0.4064584251968504
21
-0.4294173228346457
0
LINE
8
BLACK
6
CONTINUOUS
10
0.4064584251968504
20
-0.4294173228346457
11
0.403458779527559
21
-0.4312920866141732
0
LINE
8
BLACK
6
CONTINUOUS
10
0.403458779527559
20
-0.4312920866141732
11
0.4032323228346457
21
-0.431377874015748
0
LINE
8
BLACK
6
CONTINUOUS
10
0.4032323228346457
20
-0.431377874015748
11
0.403168779527559
21
-0.4314414566929134
0
LINE
8
BLACK
6
CONTINUOUS
10
0.403168779527559
20
-0.4314414566929134
11
0.4029494881889764
21
-0.4314850393700787
0
LINE
8
BLACK
6
CONTINUOUS
10
0.4029494881889764
20
-0.4314850393700787
11
0.4027405511811024
21
-0.431564251968504
0
LINE
8
BLACK
6
CONTINUOUS
10
0.4027405511811024
20
-0.431564251968504
11
0.4026529921259843
21
-0.4315440157480315
0
LINE
8
BLACK
6
CONTINUOUS
10
0.4026529921259843
20
-0.4315440157480315
11
0.4024154724409449
21
-0.4315912992125984
0
LINE
8
BLACK
6
CONTINUOUS
10
0.4024154724409449
20
-0.4315912992125984
11
0.3994158661417323
21
-0.4315912992125984
0
LINE
8
BLACK
6
CONTINUOUS
10
0.3994158661417323
20
-0.4315912992125984
11
0.3991783858267716
21
-0.4315440551181102
0
LINE
8
BLACK
6
CONTINUOUS
10
0.3991783858267716
20
-0.4315440551181102
11
0.3990907874015748
21
-0.4315642913385827
0
LINE
8
BLACK
6
CONTINUOUS
10
0.3990907874015748
20
-0.4315642913385827
11
0.3988816535433071
21
-0.4314850393700787
0
LINE
8
BLACK
6
CONTINUOUS
10
0.3988816535433071
20
-0.4314850393700787
11
0.3986625590551181
21
-0.4314414566929134
0
LINE
8
BLACK
6
CONTINUOUS
10
0.3986625590551181
20
-0.4314414566929134
11
0.3985989763779528
21
-0.431377874015748
0
LINE
8
BLACK
6
CONTINUOUS
10
0.3985989763779528
20
-0.431377874015748
11
0.3983725590551181
21
-0.4312920866141732
0
LINE
8
BLACK
6
CONTINUOUS
10
0.3983725590551181
20
-0.4312920866141732
11
0.3953729133858268
21
-0.4294173228346457
0
LINE
8
BLACK
6
CONTINUOUS
10
0.3953729133858268
20
-0.4294173228346457
11
0.3951319291338583
21
-0.4291905905511811
0
LINE
8
BLACK
6
CONTINUOUS
10
0.3951319291338583
20
-0.4291905905511811
11
0.3948790551181102
21
-0.428977716535433
0
LINE
8
BLACK
6
CONTINUOUS
10
0.3948790551181102
20
-0.428977716535433
11
0.3933792519685039
21
-0.4271029133858268
0
LINE
8
BLACK
6
CONTINUOUS
10
0.3933792519685039
20
-0.4271029133858268
11
0.3932461811023622
21
-0.4268463385826772
0
LINE
8
BLACK
6
CONTINUOUS
10
0.3932461811023622
20
-0.4268463385826772
11
0.3930887007874015
21
-0.4266042913385827
0
LINE
8
BLACK
6
CONTINUOUS
10
0.3930887007874015
20
-0.4266042913385827
11
0.3915888976377953
21
-0.4228547637795276
0
LINE
8
BLACK
6
CONTINUOUS
10
0.3915888976377953
20
-0.4228547637795276
11
0.3915557480314961
21
-0.4226768897637795
0
LINE
8
BLACK
6
CONTINUOUS
10
0.3915557480314961
20
-0.4226768897637795
11
0.3914863385826772
21
-0.4225097637795275
0
LINE
8
BLACK
6
CONTINUOUS
10
0.3914863385826772
20
-0.4225097637795275
11
0.3899865354330709
21
-0.4150107086614173
0
LINE
8
BLACK
6
CONTINUOUS
10
0.3899865354330709
20
-0.4150107086614173
11
0.3899862992125984
21
-0.4148158267716535
0
LINE
8
BLACK
6
CONTINUOUS
10
0.3899862992125984
20
-0.4148158267716535
11
0.3899483070866142
21
-0.4146246456692913
0
LINE
8
BLACK
6
CONTINUOUS
10
0.3899483070866142
20
-0.4146246456692913
11
0.3899483070866142
21
-0.4052508267716535
0
LINE
8
BLACK
6
CONTINUOUS
10
0.3899483070866142
20
-0.4052508267716535
11
0.3899862992125984
21
-0.4050596062992126
0
LINE
8
BLACK
6
CONTINUOUS
10
0.3899862992125984
20
-0.4050596062992126
11
0.3899865354330709
21
-0.4048647637795276
0
LINE
8
BLACK
6
CONTINUOUS
10
0.3899865354330709
20
-0.4048647637795276
11
0.3914863385826772
21
-0.3973657086614173
0
LINE
8
BLACK
6
CONTINUOUS
10
0.3914863385826772
20
-0.3973657086614173
11
0.3915557480314961
21
-0.3971985433070866
0
LINE
8
BLACK
6
CONTINUOUS
10
0.3915557480314961
20
-0.3971985433070866
11
0.3915888976377953
21
-0.3970207086614173
0
LINE
8
BLACK
6
CONTINUOUS
10
0.3915888976377953
20
-0.3970207086614173
11
0.3930887007874015
21
-0.3932711811023622
0
LINE
8
BLACK
6
CONTINUOUS
10
0.3930887007874015
20
-0.3932711811023622
11
0.3932461811023622
21
-0.3930291338582677
0
LINE
8
BLACK
6
CONTINUOUS
10
0.3932461811023622
20
-0.3930291338582677
11
0.3933792519685039
21
-0.3927725196850393
0
LINE
8
BLACK
6
CONTINUOUS
10
0.3933792519685039
20
-0.3927725196850393
11
0.394879094488189
21
-0.3908977559055118
0
LINE
8
BLACK
6
CONTINUOUS
10
0.394879094488189
20
-0.3908977559055118
11
0.395131968503937
21
-0.390684842519685
0
LINE
8
BLACK
6
CONTINUOUS
10
0.395131968503937
20
-0.390684842519685
11
0.3953729133858268
21
-0.390458188976378
0
LINE
8
BLACK
6
CONTINUOUS
10
0.3953729133858268
20
-0.390458188976378
11
0.3983725590551181
21
-0.3885834251968504
0
LINE
8
BLACK
6
CONTINUOUS
10
0.3983725590551181
20
-0.3885834251968504
11
0.3985989763779528
21
-0.3884975984251968
0
LINE
8
BLACK
6
CONTINUOUS
10
0.3985989763779528
20
-0.3884975984251968
11
0.3986625590551181
21
-0.3884340551181102
0
LINE
8
BLACK
6
CONTINUOUS
10
0.3986625590551181
20
-0.3884340551181102
11
0.3988816535433071
21
-0.3883904330708661
0
LINE
8
BLACK
6
CONTINUOUS
10
0.3988816535433071
20
-0.3883904330708661
11
0.3990907874015748
21
-0.3883112204724409
0
LINE
8
BLACK
6
CONTINUOUS
10
0.3990907874015748
20
-0.3883112204724409
11
0.3991783858267716
21
-0.3883314173228347
0
LINE
8
BLACK
6
CONTINUOUS
10
0.3991783858267716
20
-0.3883314173228347
11
0.3994158661417323
21
-0.3882842125984252
0
LINE
8
BLACK
6
CONTINUOUS
10
0.3994158661417323
20
-0.3882842125984252
11
0.4024154724409449
21
-0.3882842125984252
0
LINE
8
BLACK
6
CONTINUOUS
10
0.4024154724409449
20
-0.3882842125984252
11
0.4026529921259843
21
-0.3883314566929134
0
LINE
8
BLACK
6
CONTINUOUS
10
0.3977438976377953
20
-0.3936190157480315
11
0.396635748031496
21
-0.3950041732283465
0
LINE
8
BLACK
6
CONTINUOUS
10
0.396635748031496
20
-0.3950041732283465
11
0.3953114173228346
21
-0.3983150393700787
0
LINE
8
BLACK
6
CONTINUOUS
10
0.3953114173228346
20
-0.3983150393700787
11
0.3938853149606299
21
-0.4054457086614173
0
LINE
8
BLACK
6
CONTINUOUS
10
0.3938853149606299
20
-0.4054457086614173
11
0.3938853149606299
21
-0.4144297244094488
0
LINE
8
BLACK
6
CONTINUOUS
10
0.3938853149606299
20
-0.4144297244094488
11
0.3953114173228346
21
-0.4215603937007874
0
LINE
8
BLACK
6
CONTINUOUS
10
0.3953114173228346
20
-0.4215603937007874
11
0.3966357874015748
21
-0.4248713385826772
0
LINE
8
BLACK
6
CONTINUOUS
10
0.3966357874015748
20
-0.4248713385826772
11
0.3977438582677165
21
-0.4262564566929134
0
LINE
8
BLACK
6
CONTINUOUS
10
0.3977438582677165
20
-0.4262564566929134
11
0.3999804330708661
21
-0.4276542913385827
0
LINE
8
BLACK
6
CONTINUOUS
10
0.3999804330708661
20
-0.4276542913385827
11
0.401850905511811
21
-0.4276542913385827
0
LINE
8
BLACK
6
CONTINUOUS
10
0.401850905511811
20
-0.4276542913385827
11
0.4040874409448819
21
-0.4262564566929134
0
LINE
8
BLACK
6
CONTINUOUS
10
0.4040874409448819
20
-0.4262564566929134
11
0.4051955118110236
21
-0.4248712992125984
0
LINE
8
BLACK
6
CONTINUOUS
10
0.4051955118110236
20
-0.4248712992125984
11
0.4065198818897638
21
-0.4215603937007874
0
LINE
8
BLACK
6
CONTINUOUS
10
0.4065198818897638
20
-0.4215603937007874
11
0.407946062992126
21
-0.4144296850393701
0
LINE
8
BLACK
6
CONTINUOUS
10
0.407946062992126
20
-0.4144296850393701
11
0.407946062992126
21
-0.4054457480314961
0
LINE
8
BLACK
6
CONTINUOUS
10
0.407946062992126
20
-0.4054457480314961
11
0.4065198818897638
21
-0.3983150393700787
0
LINE
8
BLACK
6
CONTINUOUS
10
0.4065198818897638
20
-0.3983150393700787
11
0.4051955118110236
21
-0.3950041338582677
0
LINE
8
BLACK
6
CONTINUOUS
10
0.4051955118110236
20
-0.3950041338582677
11
0.4040874015748032
21
-0.3936190157480315
0
LINE
8
BLACK
6
CONTINUOUS
10
0.4040874015748032
20
-0.3936190157480315
11
0.401850905511811
21
-0.392221220472441
0
LINE
8
BLACK
6
CONTINUOUS
10
0.401850905511811
20
-0.392221220472441
11
0.3999804330708661
21
-0.392221220472441
0
LINE
8
BLACK
6
CONTINUOUS
10
0.3999804330708661
20
-0.392221220472441
11
0.3977438976377953
21
-0.3936190157480315
0
LINE
8
BLACK
6
CONTINUOUS
10
0.2420413385826772
20
-0.4022372047244094
11
0.2423763385826772
21
-0.4037061417322835
0
LINE
8
BLACK
6
CONTINUOUS
10
0.2423763385826772
20
-0.4037061417322835
11
0.2421023228346457
21
-0.4044236614173228
0
LINE
8
BLACK
6
CONTINUOUS
10
0.2421023228346457
20
-0.4044236614173228
11
0.234511811023622
21
-0.4164994094488189
0
LINE
8
BLACK
6
CONTINUOUS
10
0.234511811023622
20
-0.4164994094488189
11
0.2421023228346457
21
-0.4285751968503937
0
LINE
8
BLACK
6
CONTINUOUS
10
0.2421023228346457
20
-0.4285751968503937
11
0.2423763385826772
21
-0.429292716535433
0
LINE
8
BLACK
6
CONTINUOUS
10
0.2423763385826772
20
-0.429292716535433
11
0.2420413385826772
21
-0.4307616535433071
0
LINE
8
BLACK
6
CONTINUOUS
10
0.2420413385826772
20
-0.4307616535433071
11
0.2407657874015748
21
-0.4315634251968504
0
LINE
8
BLACK
6
CONTINUOUS
10
0.2407657874015748
20
-0.4315634251968504
11
0.2392968503937008
21
-0.4312284251968504
0
LINE
8
BLACK
6
CONTINUOUS
10
0.2392968503937008
20
-0.4312284251968504
11
0.238769094488189
21
-0.4306703937007874
0
LINE
8
BLACK
6
CONTINUOUS
10
0.238769094488189
20
-0.4306703937007874
11
0.2321867322834646
21
-0.4201984251968504
0
LINE
8
BLACK
6
CONTINUOUS
10
0.2321867322834646
20
-0.4201984251968504
11
0.2256043700787402
21
-0.4306703937007874
0
LINE
8
BLACK
6
CONTINUOUS
10
0.2256043700787402
20
-0.4306703937007874
11
0.2250766141732283
21
-0.4312284251968504
0
LINE
8
BLACK
6
CONTINUOUS
10
0.2250766141732283
20
-0.4312284251968504
11
0.2236076771653543
21
-0.4315634251968504
0
LINE
8
BLACK
6
CONTINUOUS
10
0.2236076771653543
20
-0.4315634251968504
11
0.222332125984252
21
-0.4307616535433071
0
LINE
8
BLACK
6
CONTINUOUS
10
0.222332125984252
20
-0.4307616535433071
11
0.221997125984252
21
-0.429292716535433
0
LINE
8
BLACK
6
CONTINUOUS
10
0.221997125984252
20
-0.429292716535433
11
0.2222711417322835
21
-0.4285751968503937
0
LINE
8
BLACK
6
CONTINUOUS
10
0.2222711417322835
20
-0.4285751968503937
11
0.2298616141732283
21
-0.4164994094488189
0
LINE
8
BLACK
6
CONTINUOUS
10
0.2298616141732283
20
-0.4164994094488189
11
0.2222711417322835
21
-0.4044236614173228
0
LINE
8
BLACK
6
CONTINUOUS
10
0.2222711417322835
20
-0.4044236614173228
11
0.221997125984252
21
-0.4037061417322835
0
LINE
8
BLACK
6
CONTINUOUS
10
0.221997125984252
20
-0.4037061417322835
11
0.222332125984252
21
-0.4022372047244094
0
LINE
8
BLACK
6
CONTINUOUS
10
0.222332125984252
20
-0.4022372047244094
11
0.2236076771653543
21
-0.4014354330708662
0
LINE
8
BLACK
6
CONTINUOUS
10
0.2236076771653543
20
-0.4014354330708662
11
0.2250766141732283
21
-0.4017704330708661
0
LINE
8
BLACK
6
CONTINUOUS
10
0.2250766141732283
20
-0.4017704330708661
11
0.2256043700787402
21
-0.4023284645669291
0
LINE
8
BLACK
6
CONTINUOUS
10
0.2256043700787402
20
-0.4023284645669291
11
0.2321867322834646
21
-0.4128003937007874
0
LINE
8
BLACK
6
CONTINUOUS
10
0.2321867322834646
20
-0.4128003937007874
11
0.238769094488189
21
-0.4023284645669291
0
LINE
8
BLACK
6
CONTINUOUS
10
0.238769094488189
20
-0.4023284645669291
11
0.2392968503937008
21
-0.4017704330708661
0
LINE
8
BLACK
6
CONTINUOUS
10
0.2392968503937008
20
-0.4017704330708661
11
0.2407657874015748
21
-0.4014354330708662
0
LINE
8
BLACK
6
CONTINUOUS
10
0.2407657874015748
20
-0.4014354330708662
11
0.2420413385826772
21
-0.4022372047244094
0
LINE
8
BLACK
6
CONTINUOUS
10
0.3830237401574803
20
-0.4022372047244094
11
0.3833587401574803
21
-0.4037061417322835
0
LINE
8
BLACK
6
CONTINUOUS
10
0.3833587401574803
20
-0.4037061417322835
11
0.3830847244094488
21
-0.4044236614173228
0
LINE
8
BLACK
6
CONTINUOUS
10
0.3830847244094488
20
-0.4044236614173228
11
0.3754942125984252
21
-0.4164994094488189
0
LINE
8
BLACK
6
CONTINUOUS
10
0.3754942125984252
20
-0.4164994094488189
11
0.3830847244094488
21
-0.4285751968503937
0
LINE
8
BLACK
6
CONTINUOUS
10
0.3830847244094488
20
-0.4285751968503937
11
0.3833587401574803
21
-0.429292716535433
0
LINE
8
BLACK
6
CONTINUOUS
10
0.3833587401574803
20
-0.429292716535433
11
0.3830237401574803
21
-0.4307616535433071
0
LINE
8
BLACK
6
CONTINUOUS
10
0.3830237401574803
20
-0.4307616535433071
11
0.381748188976378
21
-0.4315634251968504
0
LINE
8
BLACK
6
CONTINUOUS
10
0.381748188976378
20
-0.4315634251968504
11
0.3802792519685039
21
-0.4312284251968504
0
LINE
8
BLACK
6
CONTINUOUS
10
0.3802792519685039
20
-0.4312284251968504
11
0.3797514960629921
21
-0.4306703937007874
0
LINE
8
BLACK
6
CONTINUOUS
10
0.3797514960629921
20
-0.4306703937007874
11
0.3731691338582677
21
-0.4201984251968504
0
LINE
8
BLACK
6
CONTINUOUS
10
0.3731691338582677
20
-0.4201984251968504
11
0.3665867716535433
21
-0.4306703937007874
0
LINE
8
BLACK
6
CONTINUOUS
10
0.3665867716535433
20
-0.4306703937007874
11
0.3660590157480315
21
-0.4312284251968504
0
LINE
8
BLACK
6
CONTINUOUS
10
0.3660590157480315
20
-0.4312284251968504
11
0.3645900787401575
21
-0.4315634251968504
0
LINE
8
BLACK
6
CONTINUOUS
10
0.3645900787401575
20
-0.4315634251968504
11
0.3633145275590551
21
-0.4307616535433071
0
LINE
8
BLACK
6
CONTINUOUS
10
0.3633145275590551
20
-0.4307616535433071
11
0.3629795275590551
21
-0.429292716535433
0
LINE
8
BLACK
6
CONTINUOUS
10
0.3629795275590551
20
-0.429292716535433
11
0.3632535433070866
21
-0.4285751968503937
0
LINE
8
BLACK
6
CONTINUOUS
10
0.3632535433070866
20
-0.4285751968503937
11
0.3708440157480315
21
-0.4164994094488189
0
LINE
8
BLACK
6
CONTINUOUS
10
0.3708440157480315
20
-0.4164994094488189
11
0.3632535433070866
21
-0.4044236614173228
0
LINE
8
BLACK
6
CONTINUOUS
10
0.3632535433070866
20
-0.4044236614173228
11
0.3629795275590551
21
-0.4037061417322835
0
LINE
8
BLACK
6
CONTINUOUS
10
0.3629795275590551
20
-0.4037061417322835
11
0.3633145275590551
21
-0.4022372047244094
0
LINE
8
BLACK
6
CONTINUOUS
10
0.3633145275590551
20
-0.4022372047244094
11
0.3645900787401575
21
-0.4014354330708662
0
LINE
8
BLACK
6
CONTINUOUS
10
0.3645900787401575
20
-0.4014354330708662
11
0.3660590157480315
21
-0.4017704330708661
0
LINE
8
BLACK
6
CONTINUOUS
10
0.3660590157480315
20
-0.4017704330708661
11
0.3665867716535433
21
-0.4023284645669291
0
LINE
8
BLACK
6
CONTINUOUS
10
0.3665867716535433
20
-0.4023284645669291
11
0.3731691338582677
21
-0.4128003937007874
0
LINE
8
BLACK
6
CONTINUOUS
10
0.3731691338582677
20
-0.4128003937007874
11
0.3797514960629921
21
-0.4023284645669291
0
LINE
8
BLACK
6
CONTINUOUS
10
0.3797514960629921
20
-0.4023284645669291
11
0.3802792519685039
21
-0.4017704330708661
0
LINE
8
BLACK
6
CONTINUOUS
10
0.3802792519685039
20
-0.4017704330708661
11
0.381748188976378
21
-0.4014354330708662
0
LINE
8
BLACK
6
CONTINUOUS
10
0.381748188976378
20
-0.4014354330708662
11
0.3830237401574803
21
-0.4022372047244094
0
LINE
8
BLACK
6
CONTINUOUS
10
0.2618120078740158
20
-0.3428963385826772
11
0.2630904330708662
21
-0.3441747637795275
0
LINE
8
BLACK
6
CONTINUOUS
10
0.2630904330708662
20
-0.3441747637795275
11
0.2630904330708662
21
-0.3459827165354331
0
LINE
8
BLACK
6
CONTINUOUS
10
0.2630904330708662
20
-0.3459827165354331
11
0.2618120078740158
21
-0.3472611417322835
0
LINE
8
BLACK
6
CONTINUOUS
10
0.2618120078740158
20
-0.3472611417322835
11
0.260908031496063
21
-0.3474409448818898
0
LINE
8
BLACK
6
CONTINUOUS
10
0.260908031496063
20
-0.3474409448818898
11
0.2430289763779528
21
-0.3474409448818898
0
LINE
8
BLACK
6
CONTINUOUS
10
0.2430289763779528
20
-0.3474409448818898
11
0.242125
21
-0.3472611417322835
0
LINE
8
BLACK
6
CONTINUOUS
10
0.242125
20
-0.3472611417322835
11
0.2408465748031496
21
-0.3459827165354331
0
LINE
8
BLACK
6
CONTINUOUS
10
0.2408465748031496
20
-0.3459827165354331
11
0.2408465748031496
21
-0.3441747637795275
0
LINE
8
BLACK
6
CONTINUOUS
10
0.2408465748031496
20
-0.3441747637795275
11
0.242125
21
-0.3428963385826772
0
LINE
8
BLACK
6
CONTINUOUS
10
0.242125
20
-0.3428963385826772
11
0.2430289763779528
21
-0.3427165354330708
0
LINE
8
BLACK
6
CONTINUOUS
10
0.2430289763779528
20
-0.3427165354330708
11
0.260908031496063
21
-0.3427165354330708
0
LINE
8
BLACK
6
CONTINUOUS
10
0.260908031496063
20
-0.3427165354330708
11
0.2618120078740158
21
-0.3428963385826772
0
LINE
8
BLACK
6
CONTINUOUS
10
0.3383712992125984
20
-0.28941968503937
11
0.3384692913385827
21
-0.2894602755905512
0
LINE
8
BLACK
6
CONTINUOUS
10
0.3384692913385827
20
-0.2894602755905512
11
0.3385751181102362
21
-0.2894677952755905
0
LINE
8
BLACK
6
CONTINUOUS
10
0.3385751181102362
20
-0.2894677952755905
11
0.3391157480314961
21
-0.2896746850393701
0
LINE
8
BLACK
6
CONTINUOUS
10
0.3391157480314961
20
-0.2896746850393701
11
0.3428652755905512
21
-0.2915494488188976
0
LINE
8
BLACK
6
CONTINUOUS
10
0.3428652755905512
20
-0.2915494488188976
11
0.3431132677165354
21
-0.2917055118110236
0
LINE
8
BLACK
6
CONTINUOUS
10
0.3431132677165354
20
-0.2917055118110236
11
0.3431852362204724
21
-0.2917353543307086
0
LINE
8
BLACK
6
CONTINUOUS
10
0.3431852362204724
20
-0.2917353543307086
11
0.3432661811023622
21
-0.291801811023622
0
LINE
8
BLACK
6
CONTINUOUS
10
0.3432661811023622
20
-0.291801811023622
11
0.343355157480315
21
-0.2918577952755905
0
LINE
8
BLACK
6
CONTINUOUS
10
0.343355157480315
20
-0.2918577952755905
11
0.3434062992125984
21
-0.2919167716535433
0
LINE
8
BLACK
6
CONTINUOUS
10
0.3434062992125984
20
-0.2919167716535433
11
0.3436326771653543
21
-0.2921025590551181
0
LINE
8
BLACK
6
CONTINUOUS
10
0.3436326771653543
20
-0.2921025590551181
11
0.3455074409448819
21
-0.2939773228346457
0
LINE
8
BLACK
6
CONTINUOUS
10
0.3455074409448819
20
-0.2939773228346457
11
0.3455087401574803
21
-0.2939788976377953
0
LINE
8
BLACK
6
CONTINUOUS
10
0.3455087401574803
20
-0.2939788976377953
11
0.3455096062992126
21
-0.2939794881889763
0
LINE
8
BLACK
6
CONTINUOUS
10
0.3455096062992126
20
-0.2939794881889763
11
0.3456979133858268
21
-0.2942094488188977
0
LINE
8
BLACK
6
CONTINUOUS
10
0.3456979133858268
20
-0.2942094488188977
11
0.3458746456692913
21
-0.2944247637795275
0
LINE
8
BLACK
6
CONTINUOUS
10
0.3458746456692913
20
-0.2944247637795275
11
0.345875
21
-0.2944256299212598
0
LINE
8
BLACK
6
CONTINUOUS
10
0.345875
20
-0.2944256299212598
11
0.3458763779527559
21
-0.2944273228346457
0
LINE
8
BLACK
6
CONTINUOUS
10
0.3458763779527559
20
-0.2944273228346457
11
0.349625905511811
21
-0.3000516535433071
0
LINE
8
BLACK
6
CONTINUOUS
10
0.349625905511811
20
-0.3000516535433071
11
0.3497953543307086
21
-0.3003695275590551
0
LINE
8
BLACK
6
CONTINUOUS
10
0.3497953543307086
20
-0.3003695275590551
11
0.3498388976377952
21
-0.3004282677165354
0
LINE
8
BLACK
6
CONTINUOUS
10
0.3498388976377952
20
-0.3004282677165354
11
0.3498636614173228
21
-0.3004976377952756
0
LINE
8
BLACK
6
CONTINUOUS
10
0.3498636614173228
20
-0.3004976377952756
11
0.3498982283464567
21
-0.3005624409448819
0
LINE
8
BLACK
6
CONTINUOUS
10
0.3498982283464567
20
-0.3005624409448819
11
0.3499123228346457
21
-0.3006338582677165
0
LINE
8
BLACK
6
CONTINUOUS
10
0.3499123228346457
20
-0.3006338582677165
11
0.3500336614173228
21
-0.3009733858267716
0
LINE
8
BLACK
6
CONTINUOUS
10
0.3500336614173228
20
-0.3009733858267716
11
0.3519084251968504
21
-0.3084724409448819
0
LINE
8
BLACK
6
CONTINUOUS
10
0.3519084251968504
20
-0.3084724409448819
11
0.3519231889763779
21
-0.3085722834645669
0
LINE
8
BLACK
6
CONTINUOUS
10
0.3519231889763779
20
-0.3085722834645669
11
0.351939842519685
21
-0.3086125196850394
0
LINE
8
BLACK
6
CONTINUOUS
10
0.351939842519685
20
-0.3086125196850394
11
0.3519611811023622
21
-0.3088295275590551
0
LINE
8
BLACK
6
CONTINUOUS
10
0.3519611811023622
20
-0.3088295275590551
11
0.3519930708661417
21
-0.3090450393700787
0
LINE
8
BLACK
6
CONTINUOUS
10
0.3519930708661417
20
-0.3090450393700787
11
0.3519866535433071
21
-0.309088031496063
0
LINE
8
BLACK
6
CONTINUOUS
10
0.3519866535433071
20
-0.309088031496063
11
0.3519965748031496
21
-0.3091885826771654
0
LINE
8
BLACK
6
CONTINUOUS
10
0.3519965748031496
20
-0.3091885826771654
11
0.3519965748031496
21
-0.3241866929133858
0
LINE
8
BLACK
6
CONTINUOUS
10
0.3519965748031496
20
-0.3241866929133858
11
0.351939842519685
21
-0.3247627559055118
0
LINE
8
BLACK
6
CONTINUOUS
10
0.351939842519685
20
-0.3247627559055118
11
0.3518992519685039
21
-0.3248607086614173
0
LINE
8
BLACK
6
CONTINUOUS
10
0.3518992519685039
20
-0.3248607086614173
11
0.3518917322834645
21
-0.3249666141732284
0
LINE
8
BLACK
6
CONTINUOUS
10
0.3518917322834645
20
-0.3249666141732284
11
0.351684842519685
21
-0.3255072047244094
0
LINE
8
BLACK
6
CONTINUOUS
10
0.351684842519685
20
-0.3255072047244094
11
0.3498100787401575
21
-0.3292567322834646
0
LINE
8
BLACK
6
CONTINUOUS
10
0.3498100787401575
20
-0.3292567322834646
11
0.3496540157480315
21
-0.3295046062992126
0
LINE
8
BLACK
6
CONTINUOUS
10
0.3496540157480315
20
-0.3295046062992126
11
0.3496242125984252
21
-0.3295766535433071
0
LINE
8
BLACK
6
CONTINUOUS
10
0.3496242125984252
20
-0.3295766535433071
11
0.3495576771653543
21
-0.3296576771653543
0
LINE
8
BLACK
6
CONTINUOUS
10
0.3495576771653543
20
-0.3296576771653543
11
0.3495017322834645
21
-0.3297466141732283
0
LINE
8
BLACK
6
CONTINUOUS
10
0.3495017322834645
20
-0.3297466141732283
11
0.3494427165354331
21
-0.3297977559055118
0
LINE
8
BLACK
6
CONTINUOUS
10
0.3494427165354331
20
-0.3297977559055118
11
0.349256968503937
21
-0.3300241338582677
0
LINE
8
BLACK
6
CONTINUOUS
10
0.349256968503937
20
-0.3300241338582677
11
0.3473822440944882
21
-0.3318988976377953
0
LINE
8
BLACK
6
CONTINUOUS
10
0.3473822440944882
20
-0.3318988976377953
11
0.3471558661417323
21
-0.3320846456692914
0
LINE
8
BLACK
6
CONTINUOUS
10
0.3471558661417323
20
-0.3320846456692914
11
0.3471046850393701
21
-0.3321437007874016
0
LINE
8
BLACK
6
CONTINUOUS
10
0.3471046850393701
20
-0.3321437007874016
11
0.3470157086614173
21
-0.3321996850393701
0
LINE
8
BLACK
6
CONTINUOUS
10
0.3470157086614173
20
-0.3321996850393701
11
0.3469347637795275
21
-0.3322661417322835
0
LINE
8
BLACK
6
CONTINUOUS
10
0.3469347637795275
20
-0.3322661417322835
11
0.3468627952755906
21
-0.3322959448818897
0
LINE
8
BLACK
6
CONTINUOUS
10
0.3468627952755906
20
-0.3322959448818897
11
0.3466148031496063
21
-0.3324520472440945
0
LINE
8
BLACK
6
CONTINUOUS
10
0.3466148031496063
20
-0.3324520472440945
11
0.3428652755905512
21
-0.3343268110236221
0
LINE
8
BLACK
6
CONTINUOUS
10
0.3428652755905512
20
-0.3343268110236221
11
0.3423246456692913
21
-0.3345337007874016
0
LINE
8
BLACK
6
CONTINUOUS
10
0.3423246456692913
20
-0.3345337007874016
11
0.3422188188976378
21
-0.3345411811023622
0
LINE
8
BLACK
6
CONTINUOUS
10
0.3422188188976378
20
-0.3345411811023622
11
0.3421208267716535
21
-0.3345818110236221
0
LINE
8
BLACK
6
CONTINUOUS
10
0.3421208267716535
20
-0.3345818110236221
11
0.3415447637795275
21
-0.3346385433070866
0
LINE
8
BLACK
6
CONTINUOUS
10
0.3415447637795275
20
-0.3346385433070866
11
0.3340457086614173
21
-0.3346385433070866
0
LINE
8
BLACK
6
CONTINUOUS
10
0.3340457086614173
20
-0.3346385433070866
11
0.3334696456692913
21
-0.3345818110236221
0
LINE
8
BLACK
6
CONTINUOUS
10
0.3334696456692913
20
-0.3345818110236221
11
0.3333716535433071
21
-0.3345412204724409
0
LINE
8
BLACK
6
CONTINUOUS
10
0.3333716535433071
20
-0.3345412204724409
11
0.3332657874015748
21
-0.3345337007874016
0
LINE
8
BLACK
6
CONTINUOUS
10
0.3332657874015748
20
-0.3345337007874016
11
0.3327251968503937
21
-0.3343268110236221
0
LINE
8
BLACK
6
CONTINUOUS
10
0.3327251968503937
20
-0.3343268110236221
11
0.3289756692913386
21
-0.3324520472440945
0
LINE
8
BLACK
6
CONTINUOUS
10
0.3289756692913386
20
-0.3324520472440945
11
0.3287276377952756
21
-0.3322959448818897
0
LINE
8
BLACK
6
CONTINUOUS
10
0.3287276377952756
20
-0.3322959448818897
11
0.3286557086614173
21
-0.3322661417322835
0
LINE
8
BLACK
6
CONTINUOUS
10
0.3286557086614173
20
-0.3322661417322835
11
0.3285747244094488
21
-0.3321996850393701
0
LINE
8
BLACK
6
CONTINUOUS
10
0.3285747244094488
20
-0.3321996850393701
11
0.3284857874015748
21
-0.3321437007874016
0
LINE
8
BLACK
6
CONTINUOUS
10
0.3284857874015748
20
-0.3321437007874016
11
0.3284345669291339
21
-0.3320846456692914
0
LINE
8
BLACK
6
CONTINUOUS
10
0.3284345669291339
20
-0.3320846456692914
11
0.3282082283464567
21
-0.3318988976377953
0
LINE
8
BLACK
6
CONTINUOUS
10
0.3282082283464567
20
-0.3318988976377953
11
0.3263334645669291
21
-0.330024094488189
0
LINE
8
BLACK
6
CONTINUOUS
10
0.3263334645669291
20
-0.330024094488189
11
0.3261477165354331
21
-0.3297977559055118
0
LINE
8
BLACK
6
CONTINUOUS
10
0.3261477165354331
20
-0.3297977559055118
11
0.3260887401574803
21
-0.3297466141732283
0
LINE
8
BLACK
6
CONTINUOUS
10
0.3260887401574803
20
-0.3297466141732283
11
0.3260327559055118
21
-0.3296576771653543
0
LINE
8
BLACK
6
CONTINUOUS
10
0.3260327559055118
20
-0.3296576771653543
11
0.3259662598425197
21
-0.3295766535433071
0
LINE
8
BLACK
6
CONTINUOUS
10
0.3259662598425197
20
-0.3295766535433071
11
0.3259364173228346
21
-0.3295046062992126
0
LINE
8
BLACK
6
CONTINUOUS
10
0.3259364173228346
20
-0.3295046062992126
11
0.3257803937007874
21
-0.3292567322834646
0
LINE
8
BLACK
6
CONTINUOUS
10
0.3257803937007874
20
-0.3292567322834646
11
0.3239056299212598
21
-0.3255072047244094
0
LINE
8
BLACK
6
CONTINUOUS
10
0.3239056299212598
20
-0.3255072047244094
11
0.3236987401574803
21
-0.3249665748031496
0
LINE
8
BLACK
6
CONTINUOUS
10
0.3236987401574803
20
-0.3249665748031496
11
0.3236912204724409
21
-0.3248607480314961
0
LINE
8
BLACK
6
CONTINUOUS
10
0.3236912204724409
20
-0.3248607480314961
11
0.3236506299212598
21
-0.3247627559055118
0
LINE
8
BLACK
6
CONTINUOUS
10
0.3236506299212598
20
-0.3247627559055118
11
0.3235938976377953
21
-0.3241866929133858
0
LINE
8
BLACK
6
CONTINUOUS
10
0.3235938976377953
20
-0.3241866929133858
11
0.3235938976377953
21
-0.314812874015748
0
LINE
8
BLACK
6
CONTINUOUS
10
0.3235938976377953
20
-0.314812874015748
11
0.3236506299212598
21
-0.3142368110236221
0
LINE
8
BLACK
6
CONTINUOUS
10
0.3236506299212598
20
-0.3142368110236221
11
0.3236912204724409
21
-0.314138779527559
0
LINE
8
BLACK
6
CONTINUOUS
10
0.3236912204724409
20
-0.314138779527559
11
0.3236987401574803
21
-0.3140329921259842
0
LINE
8
BLACK
6
CONTINUOUS
10
0.3236987401574803
20
-0.3140329921259842
11
0.3239056299212598
21
-0.3134923622047244
0
LINE
8
BLACK
6
CONTINUOUS
10
0.3239056299212598
20
-0.3134923622047244
11
0.3257803937007874
21
-0.3097428346456693
0
LINE
8
BLACK
6
CONTINUOUS
10
0.3257803937007874
20
-0.3097428346456693
11
0.3259364566929134
21
-0.3094948031496063
0
LINE
8
BLACK
6
CONTINUOUS
10
0.3259364566929134
20
-0.3094948031496063
11
0.3259662992125984
21
-0.309422874015748
0
LINE
8
BLACK
6
CONTINUOUS
10
0.3259662992125984
20
-0.309422874015748
11
0.3260327559055118
21
-0.3093418897637795
0
LINE
8
BLACK
6
CONTINUOUS
10
0.3260327559055118
20
-0.3093418897637795
11
0.3260887401574803
21
-0.3092529527559055
0
LINE
8
BLACK
6
CONTINUOUS
10
0.3260887401574803
20
-0.3092529527559055
11
0.3261477165354331
21
-0.3092017716535433
0
LINE
8
BLACK
6
CONTINUOUS
10
0.3261477165354331
20
-0.3092017716535433
11
0.3263335039370079
21
-0.3089754330708661
0
LINE
8
BLACK
6
CONTINUOUS
10
0.3263335039370079
20
-0.3089754330708661
11
0.3282082677165354
21
-0.3071006692913386
0
LINE
8
BLACK
6
CONTINUOUS
10
0.3282082677165354
20
-0.3071006692913386
11
0.3284346062992126
21
-0.3069148818897638
0
LINE
8
BLACK
6
CONTINUOUS
10
0.3284346062992126
20
-0.3069148818897638
11
0.3284857874015748
21
-0.306855905511811
0
LINE
8
BLACK
6
CONTINUOUS
10
0.3284857874015748
20
-0.306855905511811
11
0.3285747244094488
21
-0.3067999212598425
0
LINE
8
BLACK
6
CONTINUOUS
10
0.3285747244094488
20
-0.3067999212598425
11
0.3286557086614173
21
-0.3067334645669291
0
LINE
8
BLACK
6
CONTINUOUS
10
0.3286557086614173
20
-0.3067334645669291
11
0.3287276377952756
21
-0.3067036220472441
0
LINE
8
BLACK
6
CONTINUOUS
10
0.3287276377952756
20
-0.3067036220472441
11
0.3289756692913386
21
-0.3065475590551181
0
LINE
8
BLACK
6
CONTINUOUS
10
0.3289756692913386
20
-0.3065475590551181
11
0.3327251968503937
21
-0.3046727952755905
0
LINE
8
BLACK
6
CONTINUOUS
10
0.3327251968503937
20
-0.3046727952755905
11
0.3332657874015748
21
-0.304465905511811
0
LINE
8
BLACK
6
CONTINUOUS
10
0.3332657874015748
20
-0.304465905511811
11
0.3333716535433071
21
-0.3044583464566929
0
LINE
8
BLACK
6
CONTINUOUS
10
0.3333716535433071
20
-0.3044583464566929
11
0.3334696456692913
21
-0.3044177952755905
0
LINE
8
BLACK
6
CONTINUOUS
10
0.3334696456692913
20
-0.3044177952755905
11
0.3340457086614173
21
-0.304361062992126
0
LINE
8
BLACK
6
CONTINUOUS
10
0.3340457086614173
20
-0.304361062992126
11
0.3415447637795275
21
-0.304361062992126
0
LINE
8
BLACK
6
CONTINUOUS
10
0.3415447637795275
20
-0.304361062992126
11
0.3421208267716535
21
-0.3044177952755905
0
LINE
8
BLACK
6
CONTINUOUS
10
0.3421208267716535
20
-0.3044177952755905
11
0.3422188188976378
21
-0.3044583858267716
0
LINE
8
BLACK
6
CONTINUOUS
10
0.3422188188976378
20
-0.3044583858267716
11
0.3423246456692913
21
-0.304465905511811
0
LINE
8
BLACK
6
CONTINUOUS
10
0.3423246456692913
20
-0.304465905511811
11
0.3428652755905512
21
-0.3046727952755905
0
LINE
8
BLACK
6
CONTINUOUS
10
0.3428652755905512
20
-0.3046727952755905
11
0.3451577952755905
21
-0.3058190551181103
0
LINE
8
BLACK
6
CONTINUOUS
10
0.3451577952755905
20
-0.3058190551181103
11
0.3444285039370079
21
-0.3029018897637795
0
LINE
8
BLACK
6
CONTINUOUS
10
0.3444285039370079
20
-0.3029018897637795
11
0.3411248031496063
21
-0.2979463385826772
0
LINE
8
BLACK
6
CONTINUOUS
10
0.3411248031496063
20
-0.2979463385826772
11
0.3397956692913386
21
-0.2966172047244094
0
LINE
8
BLACK
6
CONTINUOUS
10
0.3397956692913386
20
-0.2966172047244094
11
0.3370981889763779
21
-0.2952684645669291
0
LINE
8
BLACK
6
CONTINUOUS
10
0.3370981889763779
20
-0.2952684645669291
11
0.3302961811023622
21
-0.2952684645669291
0
LINE
8
BLACK
6
CONTINUOUS
10
0.3302961811023622
20
-0.2952684645669291
11
0.3297201181102362
21
-0.2952117322834645
0
LINE
8
BLACK
6
CONTINUOUS
10
0.3297201181102362
20
-0.2952117322834645
11
0.3286557086614173
21
-0.2947708267716536
0
LINE
8
BLACK
6
CONTINUOUS
10
0.3286557086614173
20
-0.2947708267716536
11
0.327841062992126
21
-0.2939561811023622
0
LINE
8
BLACK
6
CONTINUOUS
10
0.327841062992126
20
-0.2939561811023622
11
0.327400157480315
21
-0.2928917716535433
0
LINE
8
BLACK
6
CONTINUOUS
10
0.327400157480315
20
-0.2928917716535433
11
0.327400157480315
21
-0.2917396456692913
0
LINE
8
BLACK
6
CONTINUOUS
10
0.327400157480315
20
-0.2917396456692913
11
0.327841062992126
21
-0.2906752362204724
0
LINE
8
BLACK
6
CONTINUOUS
10
0.327841062992126
20
-0.2906752362204724
11
0.3286557086614173
21
-0.2898605905511811
0
LINE
8
BLACK
6
CONTINUOUS
10
0.3286557086614173
20
-0.2898605905511811
11
0.3297201181102362
21
-0.28941968503937
0
LINE
8
BLACK
6
CONTINUOUS
10
0.3297201181102362
20
-0.28941968503937
11
0.3302961811023622
21
-0.2893629527559055
0
LINE
8
BLACK
6
CONTINUOUS
10
0.3302961811023622
20
-0.2893629527559055
11
0.3377952362204724
21
-0.2893629527559055
0
LINE
8
BLACK
6
CONTINUOUS
10
0.3377952362204724
20
-0.2893629527559055
11
0.3383712992125984
21
-0.28941968503937
0
LINE
8
BLACK
6
CONTINUOUS
10
0.3320452755905512
20
-0.3116153149606299
11
0.3308481496062992
21
-0.3128124409448819
0
LINE
8
BLACK
6
CONTINUOUS
10
0.3308481496062992
20
-0.3128124409448819
11
0.3294994094488189
21
-0.3155099212598425
0
LINE
8
BLACK
6
CONTINUOUS
10
0.3294994094488189
20
-0.3155099212598425
11
0.3294994094488189
21
-0.3234896456692913
0
LINE
8
BLACK
6
CONTINUOUS
10
0.3294994094488189
20
-0.3234896456692913
11
0.3308481496062992
21
-0.326187125984252
0
LINE
8
BLACK
6
CONTINUOUS
10
0.3308481496062992
20
-0.326187125984252
11
0.3320452755905512
21
-0.3273842913385827
0
LINE
8
BLACK
6
CONTINUOUS
10
0.3320452755905512
20
-0.3273842913385827
11
0.3347427559055118
21
-0.328733031496063
0
LINE
8
BLACK
6
CONTINUOUS
10
0.3347427559055118
20
-0.328733031496063
11
0.3408477165354331
21
-0.328733031496063
0
LINE
8
BLACK
6
CONTINUOUS
10
0.3408477165354331
20
-0.328733031496063
11
0.3435451574803149
21
-0.3273842913385827
0
LINE
8
BLACK
6
CONTINUOUS
10
0.3435451574803149
20
-0.3273842913385827
11
0.3447422834645669
21
-0.326187125984252
0
LINE
8
BLACK
6
CONTINUOUS
10
0.3447422834645669
20
-0.326187125984252
11
0.346091062992126
21
-0.3234896456692913
0
LINE
8
BLACK
6
CONTINUOUS
10
0.346091062992126
20
-0.3234896456692913
11
0.346091062992126
21
-0.3155099212598425
0
LINE
8
BLACK
6
CONTINUOUS
10
0.346091062992126
20
-0.3155099212598425
11
0.3447423228346457
21
-0.3128124409448819
0
LINE
8
BLACK
6
CONTINUOUS
10
0.3447423228346457
20
-0.3128124409448819
11
0.3435451968503937
21
-0.3116153149606299
0
LINE
8
BLACK
6
CONTINUOUS
10
0.3435451968503937
20
-0.3116153149606299
11
0.3408477165354331
21
-0.3102665748031496
0
LINE
8
BLACK
6
CONTINUOUS
10
0.3408477165354331
20
-0.3102665748031496
11
0.3347427559055118
21
-0.3102665748031496
0
LINE
8
BLACK
6
CONTINUOUS
10
0.3347427559055118
20
-0.3102665748031496
11
0.3320452755905512
21
-0.3116153149606299
0
LINE
8
BLACK
6
CONTINUOUS
10
0.3871151968503937
20
-0.28941968503937
11
0.3881796062992126
21
-0.2898605905511811
0
LINE
8
BLACK
6
CONTINUOUS
10
0.3881796062992126
20
-0.2898605905511811
11
0.3889942519685039
21
-0.2906752362204724
0
LINE
8
BLACK
6
CONTINUOUS
10
0.3889942519685039
20
-0.2906752362204724
11
0.3894351574803149
21
-0.2917396456692913
0
LINE
8
BLACK
6
CONTINUOUS
10
0.3894351574803149
20
-0.2917396456692913
11
0.3894918897637795
21
-0.2923157086614173
0
LINE
8
BLACK
6
CONTINUOUS
10
0.3894918897637795
20
-0.2923157086614173
11
0.3894918897637795
21
-0.3316857874015748
0
LINE
8
BLACK
6
CONTINUOUS
10
0.3894918897637795
20
-0.3316857874015748
11
0.3894351574803149
21
-0.3322618503937008
0
LINE
8
BLACK
6
CONTINUOUS
10
0.3894351574803149
20
-0.3322618503937008
11
0.3889942519685039
21
-0.3333262598425197
0
LINE
8
BLACK
6
CONTINUOUS
10
0.3889942519685039
20
-0.3333262598425197
11
0.3881796062992126
21
-0.334140905511811
0
LINE
8
BLACK
6
CONTINUOUS
10
0.3881796062992126
20
-0.334140905511811
11
0.3871151968503937
21
-0.3345818110236221
0
LINE
8
BLACK
6
CONTINUOUS
10
0.3871151968503937
20
-0.3345818110236221
11
0.3859630708661417
21
-0.3345818110236221
0
LINE
8
BLACK
6
CONTINUOUS
10
0.3859630708661417
20
-0.3345818110236221
11
0.3848986614173228
21
-0.334140905511811
0
LINE
8
BLACK
6
CONTINUOUS
10
0.3848986614173228
20
-0.334140905511811
11
0.3840840157480315
21
-0.3333262598425197
0
LINE
8
BLACK
6
CONTINUOUS
10
0.3840840157480315
20
-0.3333262598425197
11
0.3836431102362204
21
-0.3322618503937008
0
LINE
8
BLACK
6
CONTINUOUS
10
0.3836431102362204
20
-0.3322618503937008
11
0.3835863779527559
21
-0.3316857874015748
0
LINE
8
BLACK
6
CONTINUOUS
10
0.3835863779527559
20
-0.3316857874015748
11
0.3835863779527559
21
-0.3158908661417323
0
LINE
8
BLACK
6
CONTINUOUS
10
0.3835863779527559
20
-0.3158908661417323
11
0.3787026771653543
21
-0.3158908661417323
0
LINE
8
BLACK
6
CONTINUOUS
10
0.3787026771653543
20
-0.3158908661417323
11
0.3664609448818897
21
-0.333379094488189
0
LINE
8
BLACK
6
CONTINUOUS
10
0.3664609448818897
20
-0.333379094488189
11
0.3660841338582677
21
-0.3338184645669292
0
LINE
8
BLACK
6
CONTINUOUS
10
0.3660841338582677
20
-0.3338184645669292
11
0.3651125196850394
21
-0.3344376377952756
0
LINE
8
BLACK
6
CONTINUOUS
10
0.3651125196850394
20
-0.3344376377952756
11
0.3639779921259843
21
-0.3346378346456693
0
LINE
8
BLACK
6
CONTINUOUS
10
0.3639779921259843
20
-0.3346378346456693
11
0.3628531496062992
21
-0.3343886614173228
0
LINE
8
BLACK
6
CONTINUOUS
10
0.3628531496062992
20
-0.3343886614173228
11
0.3619092913385827
21
-0.3337279527559055
0
LINE
8
BLACK
6
CONTINUOUS
10
0.3619092913385827
20
-0.3337279527559055
11
0.3612901181102362
21
-0.3327563385826772
0
LINE
8
BLACK
6
CONTINUOUS
10
0.3612901181102362
20
-0.3327563385826772
11
0.3610899212598425
21
-0.331621811023622
0
LINE
8
BLACK
6
CONTINUOUS
10
0.3610899212598425
20
-0.331621811023622
11
0.361339094488189
21
-0.330496968503937
0
LINE
8
BLACK
6
CONTINUOUS
10
0.361339094488189
20
-0.330496968503937
11
0.3616229921259843
21
-0.3299924803149606
0
LINE
8
BLACK
6
CONTINUOUS
10
0.3616229921259843
20
-0.3299924803149606
11
0.3714971259842519
21
-0.3158865354330709
0
LINE
8
BLACK
6
CONTINUOUS
10
0.3714971259842519
20
-0.3158865354330709
11
0.3709649606299212
21
-0.3158341338582677
0
LINE
8
BLACK
6
CONTINUOUS
10
0.3709649606299212
20
-0.3158341338582677
11
0.370866968503937
21
-0.3157935433070866
0
LINE
8
BLACK
6
CONTINUOUS
10
0.370866968503937
20
-0.3157935433070866
11
0.3707611023622047
21
-0.3157860236220472
0
LINE
8
BLACK
6
CONTINUOUS
10
0.3707611023622047
20
-0.3157860236220472
11
0.3702205118110236
21
-0.3155791338582677
0
LINE
8
BLACK
6
CONTINUOUS
10
0.3702205118110236
20
-0.3155791338582677
11
0.3664709842519685
21
-0.3137043700787401
0
LINE
8
BLACK
6
CONTINUOUS
10
0.3664709842519685
20
-0.3137043700787401
11
0.3662229527559055
21
-0.3135482677165354
0
LINE
8
BLACK
6
CONTINUOUS
10
0.3662229527559055
20
-0.3135482677165354
11
0.3661510236220472
21
-0.3135184645669291
0
LINE
8
BLACK
6
CONTINUOUS
10
0.3661510236220472
20
-0.3135184645669291
11
0.3660700393700788
21
-0.313451968503937
0
LINE
8
BLACK
6
CONTINUOUS
10
0.3660700393700788
20
-0.313451968503937
11
0.3659811023622047
21
-0.3133960236220472
0
LINE
8
BLACK
6
CONTINUOUS
10
0.3659811023622047
20
-0.3133960236220472
11
0.3659299212598425
21
-0.3133370078740157
0
LINE
8
BLACK
6
CONTINUOUS
10
0.3659299212598425
20
-0.3133370078740157
11
0.3657035826771654
21
-0.3131512598425197
0
LINE
8
BLACK
6
CONTINUOUS
10
0.3657035826771654
20
-0.3131512598425197
11
0.3638288188976378
21
-0.3112764960629921
0
LINE
8
BLACK
6
CONTINUOUS
10
0.3638288188976378
20
-0.3112764960629921
11
0.363643031496063
21
-0.3110501181102362
0
LINE
8
BLACK
6
CONTINUOUS
10
0.363643031496063
20
-0.3110501181102362
11
0.3635840551181102
21
-0.3109989763779528
0
LINE
8
BLACK
6
CONTINUOUS
10
0.3635840551181102
20
-0.3109989763779528
11
0.3635280708661418
21
-0.31091
0
LINE
8
BLACK
6
CONTINUOUS
10
0.3635280708661418
20
-0.31091
11
0.3634616141732284
21
-0.3108290551181102
0
LINE
8
BLACK
6
CONTINUOUS
10
0.3634616141732284
20
-0.3108290551181102
11
0.3634317716535433
21
-0.3107570866141732
0
LINE
8
BLACK
6
CONTINUOUS
10
0.3634317716535433
20
-0.3107570866141732
11
0.3632757086614173
21
-0.310509094488189
0
LINE
8
BLACK
6
CONTINUOUS
10
0.3632757086614173
20
-0.310509094488189
11
0.3614009448818897
21
-0.3067595669291339
0
LINE
8
BLACK
6
CONTINUOUS
10
0.3614009448818897
20
-0.3067595669291339
11
0.3611940551181102
21
-0.306218937007874
0
LINE
8
BLACK
6
CONTINUOUS
10
0.3611940551181102
20
-0.306218937007874
11
0.3611865354330708
21
-0.3061131102362205
0
LINE
8
BLACK
6
CONTINUOUS
10
0.3611865354330708
20
-0.3061131102362205
11
0.3611459448818898
21
-0.3060151181102362
0
LINE
8
BLACK
6
CONTINUOUS
10
0.3611459448818898
20
-0.3060151181102362
11
0.3610892125984252
21
-0.3054390551181102
0
LINE
8
BLACK
6
CONTINUOUS
10
0.3610892125984252
20
-0.3054390551181102
11
0.3610892125984252
21
-0.2998147637795275
0
LINE
8
BLACK
6
CONTINUOUS
10
0.3610892125984252
20
-0.2998147637795275
11
0.3611459448818898
21
-0.2992387007874016
0
LINE
8
BLACK
6
CONTINUOUS
10
0.3611459448818898
20
-0.2992387007874016
11
0.3611865354330708
21
-0.2991406692913386
0
LINE
8
BLACK
6
CONTINUOUS
10
0.3611865354330708
20
-0.2991406692913386
11
0.3611940551181102
21
-0.2990348818897638
0
LINE
8
BLACK
6
CONTINUOUS
10
0.3611940551181102
20
-0.2990348818897638
11
0.3614009448818897
21
-0.2984942519685039
0
LINE
8
BLACK
6
CONTINUOUS
10
0.3614009448818897
20
-0.2984942519685039
11
0.3632757086614173
21
-0.2947447244094488
0
LINE
8
BLACK
6
CONTINUOUS
10
0.3632757086614173
20
-0.2947447244094488
11
0.3634317716535433
21
-0.2944966929133858
0
LINE
8
BLACK
6
CONTINUOUS
10
0.3634317716535433
20
-0.2944966929133858
11
0.3634616141732284
21
-0.2944247637795275
0
LINE
8
BLACK
6
CONTINUOUS
10
0.3634616141732284
20
-0.2944247637795275
11
0.3635280708661418
21
-0.294343779527559
0
LINE
8
BLACK
6
CONTINUOUS
10
0.3635280708661418
20
-0.294343779527559
11
0.3635840551181102
21
-0.294254842519685
0
LINE
8
BLACK
6
CONTINUOUS
10
0.3635840551181102
20
-0.294254842519685
11
0.363643031496063
21
-0.2942036614173228
0
LINE
8
BLACK
6
CONTINUOUS
10
0.363643031496063
20
-0.2942036614173228
11
0.3638288188976378
21
-0.2939773228346457
0
LINE
8
BLACK
6
CONTINUOUS
10
0.3638288188976378
20
-0.2939773228346457
11
0.3657035826771654
21
-0.2921025590551181
0
LINE
8
BLACK
6
CONTINUOUS
10
0.3657035826771654
20
-0.2921025590551181
11
0.3659299212598425
21
-0.2919167716535433
0
LINE
8
BLACK
6
CONTINUOUS
10
0.3659299212598425
20
-0.2919167716535433
11
0.3659811023622047
21
-0.2918577952755905
0
LINE
8
BLACK
6
CONTINUOUS
10
0.3659811023622047
20
-0.2918577952755905
11
0.3660700393700788
21
-0.291801811023622
0
LINE
8
BLACK
6
CONTINUOUS
10
0.3660700393700788
20
-0.291801811023622
11
0.3661510236220472
21
-0.2917353543307086
0
LINE
8
BLACK
6
CONTINUOUS
10
0.3661510236220472
20
-0.2917353543307086
11
0.3662229527559055
21
-0.2917055118110236
0
LINE
8
BLACK
6
CONTINUOUS
10
0.3662229527559055
20
-0.2917055118110236
11
0.3664709842519685
21
-0.2915494488188976
0
LINE
8
BLACK
6
CONTINUOUS
10
0.3664709842519685
20
-0.2915494488188976
11
0.3702205118110236
21
-0.2896746850393701
0
LINE
8
BLACK
6
CONTINUOUS
10
0.3702205118110236
20
-0.2896746850393701
11
0.3707611023622047
21
-0.2894677952755905
0
LINE
8
BLACK
6
CONTINUOUS
10
0.3707611023622047
20
-0.2894677952755905
11
0.370866968503937
21
-0.2894602362204725
0
LINE
8
BLACK
6
CONTINUOUS
10
0.370866968503937
20
-0.2894602362204725
11
0.3709649606299212
21
-0.28941968503937
0
LINE
8
BLACK
6
CONTINUOUS
10
0.3709649606299212
20
-0.28941968503937
11
0.3715410236220472
21
-0.2893629527559055
0
LINE
8
BLACK
6
CONTINUOUS
10
0.3715410236220472
20
-0.2893629527559055
11
0.3865391338582677
21
-0.2893629527559055
0
LINE
8
BLACK
6
CONTINUOUS
10
0.3865391338582677
20
-0.2893629527559055
11
0.3871151968503937
21
-0.28941968503937
0
LINE
8
BLACK
6
CONTINUOUS
10
0.3695405905511811
20
-0.2966172047244094
11
0.3683434645669291
21
-0.2978143307086614
0
LINE
8
BLACK
6
CONTINUOUS
10
0.3683434645669291
20
-0.2978143307086614
11
0.3669947244094488
21
-0.3005118110236221
0
LINE
8
BLACK
6
CONTINUOUS
10
0.3669947244094488
20
-0.3005118110236221
11
0.3669947244094488
21
-0.3047420078740157
0
LINE
8
BLACK
6
CONTINUOUS
10
0.3669947244094488
20
-0.3047420078740157
11
0.3683434645669291
21
-0.3074394881889764
0
LINE
8
BLACK
6
CONTINUOUS
10
0.3683434645669291
20
-0.3074394881889764
11
0.3695405905511811
21
-0.3086366141732284
0
LINE
8
BLACK
6
CONTINUOUS
10
0.3695405905511811
20
-0.3086366141732284
11
0.3722380708661417
21
-0.3099853543307087
0
LINE
8
BLACK
6
CONTINUOUS
10
0.3722380708661417
20
-0.3099853543307087
11
0.3835863779527559
21
-0.3099853543307087
0
LINE
8
BLACK
6
CONTINUOUS
10
0.3835863779527559
20
-0.3099853543307087
11
0.3835863779527559
21
-0.2952684645669291
0
LINE
8
BLACK
6
CONTINUOUS
10
0.3835863779527559
20
-0.2952684645669291
11
0.3722380708661417
21
-0.2952684645669291
0
LINE
8
BLACK
6
CONTINUOUS
10
0.3722380708661417
20
-0.2952684645669291
11
0.3695405905511811
21
-0.2966172047244094
0
LINE
8
BLACK
6
CONTINUOUS
10
-0.4213344488188976
20
-0.279555157480315
11
-0.4202690944881889
21
-0.2806205118110236
0
LINE
8
BLACK
6
CONTINUOUS
10
-0.4202690944881889
20
-0.2806205118110236
11
-0.4201192519685039
21
-0.2813738188976378
0
LINE
8
BLACK
6
CONTINUOUS
10
-0.4201192519685039
20
-0.2813738188976378
11
-0.4201192519685039
21
-0.3128698818897638
0
LINE
8
BLACK
6
CONTINUOUS
10
-0.4201192519685039
20
-0.3128698818897638
11
-0.4202690944881889
21
-0.3136231889763779
0
LINE
8
BLACK
6
CONTINUOUS
10
-0.4202690944881889
20
-0.3136231889763779
11
-0.4213344488188976
21
-0.3146885433070866
0
LINE
8
BLACK
6
CONTINUOUS
10
-0.4213344488188976
20
-0.3146885433070866
11
-0.4220877559055118
21
-0.3148383858267716
0
LINE
8
BLACK
6
CONTINUOUS
10
-0.4220877559055118
20
-0.3148383858267716
11
-0.4295868110236221
21
-0.3148383858267716
0
LINE
8
BLACK
6
CONTINUOUS
10
-0.4295868110236221
20
-0.3148383858267716
11
-0.4298963779527559
21
-0.314776811023622
0
LINE
8
BLACK
6
CONTINUOUS
10
-0.4298963779527559
20
-0.314776811023622
11
-0.4302092913385827
21
-0.3147373622047244
0
LINE
8
BLACK
6
CONTINUOUS
10
-0.4302092913385827
20
-0.3147373622047244
11
-0.4347087401574803
21
-0.3132375590551181
0
LINE
8
BLACK
6
CONTINUOUS
10
-0.4347087401574803
20
-0.3132375590551181
11
-0.4347943700787402
21
-0.3131887401574803
0
LINE
8
BLACK
6
CONTINUOUS
10
-0.4347943700787402
20
-0.3131887401574803
11
-0.4348395669291338
21
-0.3131887401574803
0
LINE
8
BLACK
6
CONTINUOUS
10
-0.4348395669291338
20
-0.3131887401574803
11
-0.4351018110236221
21
-0.3130135039370079
0
LINE
8
BLACK
6
CONTINUOUS
10
-0.4351018110236221
20
-0.3130135039370079
11
-0.4353760236220472
21
-0.3128572047244094
0
LINE
8
BLACK
6
CONTINUOUS
10
-0.4353760236220472
20
-0.3128572047244094
11
-0.4353962598425197
21
-0.3128167322834646
0
LINE
8
BLACK
6
CONTINUOUS
10
-0.4353962598425197
20
-0.3128167322834646
11
-0.435478188976378
21
-0.3127620078740158
0
LINE
8
BLACK
6
CONTINUOUS
10
-0.435478188976378
20
-0.3127620078740158
11
-0.4384778346456693
21
-0.3097623622047244
0
LINE
8
BLACK
6
CONTINUOUS
10
-0.4384778346456693
20
-0.3097623622047244
11
-0.438653188976378
21
-0.3094999212598425
0
LINE
8
BLACK
6
CONTINUOUS
10
-0.438653188976378
20
-0.3094999212598425
11
-0.4388465354330708
21
-0.3092507874015748
0
LINE
8
BLACK
6
CONTINUOUS
10
-0.4388465354330708
20
-0.3092507874015748
11
-0.4403463385826771
21
-0.3062511811023622
0
LINE
8
BLACK
6
CONTINUOUS
10
-0.4403463385826771
20
-0.3062511811023622
11
-0.4404033070866142
21
-0.3060432283464567
0
LINE
8
BLACK
6
CONTINUOUS
10
-0.4404033070866142
20
-0.3060432283464567
11
-0.4404953937007874
21
-0.3058482677165354
0
LINE
8
BLACK
6
CONTINUOUS
10
-0.4404953937007874
20
-0.3058482677165354
11
-0.4419952362204724
21
-0.2998490157480315
0
LINE
8
BLACK
6
CONTINUOUS
10
-0.4419952362204724
20
-0.2998490157480315
11
-0.442006968503937
21
-0.2996081496062992
0
LINE
8
BLACK
6
CONTINUOUS
10
-0.442006968503937
20
-0.2996081496062992
11
-0.4420540157480315
21
-0.2993715748031496
0
LINE
8
BLACK
6
CONTINUOUS
10
-0.4420540157480315
20
-0.2993715748031496
11
-0.4420540157480315
21
-0.2948721259842519
0
LINE
8
BLACK
6
CONTINUOUS
10
-0.4420540157480315
20
-0.2948721259842519
11
-0.442006968503937
21
-0.2946355118110236
0
LINE
8
BLACK
6
CONTINUOUS
10
-0.442006968503937
20
-0.2946355118110236
11
-0.4419952362204724
21
-0.2943946850393701
0
LINE
8
BLACK
6
CONTINUOUS
10
-0.4419952362204724
20
-0.2943946850393701
11
-0.4404953937007874
21
-0.2883954330708661
0
LINE
8
BLACK
6
CONTINUOUS
10
-0.4404953937007874
20
-0.2883954330708661
11
-0.4404032677165354
21
-0.2882003543307087
0
LINE
8
BLACK
6
CONTINUOUS
10
-0.4404032677165354
20
-0.2882003543307087
11
-0.4403463385826771
21
-0.2879925590551181
0
LINE
8
BLACK
6
CONTINUOUS
10
-0.4403463385826771
20
-0.2879925590551181
11
-0.4388465354330708
21
-0.284992874015748
0
LINE
8
BLACK
6
CONTINUOUS
10
-0.4388465354330708
20
-0.284992874015748
11
-0.4386531102362204
21
-0.2847435826771654
0
LINE
8
BLACK
6
CONTINUOUS
10
-0.4386531102362204
20
-0.2847435826771654
11
-0.4384777952755906
21
-0.2844812992125984
0
LINE
8
BLACK
6
CONTINUOUS
10
-0.4384777952755906
20
-0.2844812992125984
11
-0.435478188976378
21
-0.2814816929133858
0
LINE
8
BLACK
6
CONTINUOUS
10
-0.435478188976378
20
-0.2814816929133858
11
-0.4353962598425197
21
-0.2814269291338583
0
LINE
8
BLACK
6
CONTINUOUS
10
-0.4353962598425197
20
-0.2814269291338583
11
-0.4353760236220472
21
-0.2813864960629921
0
LINE
8
BLACK
6
CONTINUOUS
10
-0.4353760236220472
20
-0.2813864960629921
11
-0.4351018110236221
21
-0.2812301574803149
0
LINE
8
BLACK
6
CONTINUOUS
10
-0.4351018110236221
20
-0.2812301574803149
11
-0.4348395669291338
21
-0.2810549606299212
0
LINE
8
BLACK
6
CONTINUOUS
10
-0.4348395669291338
20
-0.2810549606299212
11
-0.4347943700787402
21
-0.2810549606299212
0
LINE
8
BLACK
6
CONTINUOUS
10
-0.4347943700787402
20
-0.2810549606299212
11
-0.4347087401574803
21
-0.2810061417322834
0
LINE
8
BLACK
6
CONTINUOUS
10
-0.4347087401574803
20
-0.2810061417322834
11
-0.4302092913385827
21
-0.2795063385826771
0
LINE
8
BLACK
6
CONTINUOUS
10
-0.4302092913385827
20
-0.2795063385826771
11
-0.4298963779527559
21
-0.2794668503937008
0
LINE
8
BLACK
6
CONTINUOUS
10
-0.4298963779527559
20
-0.2794668503937008
11
-0.4295868110236221
21
-0.2794053149606299
0
LINE
8
BLACK
6
CONTINUOUS
10
-0.4295868110236221
20
-0.2794053149606299
11
-0.4220877559055118
21
-0.2794053149606299
0
LINE
8
BLACK
6
CONTINUOUS
10
-0.4220877559055118
20
-0.2794053149606299
11
-0.4213344488188976
21
-0.279555157480315
0
LINE
8
BLACK
6
CONTINUOUS
10
-0.4330229527559055
20
-0.2845941338582677
11
-0.435468031496063
21
-0.2870392125984252
0
LINE
8
BLACK
6
CONTINUOUS
10
-0.435468031496063
20
-0.2870392125984252
11
-0.4367283464566929
21
-0.289559842519685
0
LINE
8
BLACK
6
CONTINUOUS
10
-0.4367283464566929
20
-0.289559842519685
11
-0.4381170078740158
21
-0.2951144488188976
0
LINE
8
BLACK
6
CONTINUOUS
10
-0.4381170078740158
20
-0.2951144488188976
11
-0.4381170078740158
21
-0.2991292125984252
0
LINE
8
BLACK
6
CONTINUOUS
10
-0.4381170078740158
20
-0.2991292125984252
11
-0.4367283858267716
21
-0.3046837401574803
0
LINE
8
BLACK
6
CONTINUOUS
10
-0.4367283858267716
20
-0.3046837401574803
11
-0.4354680708661417
21
-0.3072043307086614
0
LINE
8
BLACK
6
CONTINUOUS
10
-0.4354680708661417
20
-0.3072043307086614
11
-0.433022874015748
21
-0.3096495669291339
0
LINE
8
BLACK
6
CONTINUOUS
10
-0.433022874015748
20
-0.3096495669291339
11
-0.4292674015748031
21
-0.3109013779527559
0
LINE
8
BLACK
6
CONTINUOUS
10
-0.4292674015748031
20
-0.3109013779527559
11
-0.4240562598425197
21
-0.3109013779527559
0
LINE
8
BLACK
6
CONTINUOUS
10
-0.4240562598425197
20
-0.3109013779527559
11
-0.4240562598425197
21
-0.2833423228346457
0
LINE
8
BLACK
6
CONTINUOUS
10
-0.4240562598425197
20
-0.2833423228346457
11
-0.4292674015748031
21
-0.2833423228346457
0
LINE
8
BLACK
6
CONTINUOUS
10
-0.4292674015748031
20
-0.2833423228346457
11
-0.4330229527559055
21
-0.2845941338582677
0
LINE
8
BLACK
6
CONTINUOUS
10
-0.3662851574803149
20
-0.2794668503937008
11
-0.3659722047244094
21
-0.2795063385826771
0
LINE
8
BLACK
6
CONTINUOUS
10
-0.3659722047244094
20
-0.2795063385826771
11
-0.3614727559055118
21
-0.2810061417322834
0
LINE
8
BLACK
6
CONTINUOUS
10
-0.3614727559055118
20
-0.2810061417322834
11
-0.3613871259842519
21
-0.2810549606299212
0
LINE
8
BLACK
6
CONTINUOUS
10
-0.3613871259842519
20
-0.2810549606299212
11
-0.3613419291338583
21
-0.2810549606299212
0
LINE
8
BLACK
6
CONTINUOUS
10
-0.3613419291338583
20
-0.2810549606299212
11
-0.3610797244094488
21
-0.2812301574803149
0
LINE
8
BLACK
6
CONTINUOUS
10
-0.3610797244094488
20
-0.2812301574803149
11
-0.3608054724409449
21
-0.2813864960629921
0
LINE
8
BLACK
6
CONTINUOUS
10
-0.3608054724409449
20
-0.2813864960629921
11
-0.3607852755905512
21
-0.2814269291338583
0
LINE
8
BLACK
6
CONTINUOUS
10
-0.3607852755905512
20
-0.2814269291338583
11
-0.3607033070866142
21
-0.2814816929133858
0
LINE
8
BLACK
6
CONTINUOUS
10
-0.3607033070866142
20
-0.2814816929133858
11
-0.3577037007874015
21
-0.2844812992125984
0
LINE
8
BLACK
6
CONTINUOUS
10
-0.3577037007874015
20
-0.2844812992125984
11
-0.3575283464566929
21
-0.2847437401574803
0
LINE
8
BLACK
6
CONTINUOUS
10
-0.3575283464566929
20
-0.2847437401574803
11
-0.3573349606299213
21
-0.2849929133858268
0
LINE
8
BLACK
6
CONTINUOUS
10
-0.3573349606299213
20
-0.2849929133858268
11
-0.3558351181102362
21
-0.2879925590551181
0
LINE
8
BLACK
6
CONTINUOUS
10
-0.3558351181102362
20
-0.2879925590551181
11
-0.3557781889763779
21
-0.2882005118110236
0
LINE
8
BLACK
6
CONTINUOUS
10
-0.3557781889763779
20
-0.2882005118110236
11
-0.3556861023622047
21
-0.2883954330708661
0
LINE
8
BLACK
6
CONTINUOUS
10
-0.3556861023622047
20
-0.2883954330708661
11
-0.3541862598425197
21
-0.2943946850393701
0
LINE
8
BLACK
6
CONTINUOUS
10
-0.3541862598425197
20
-0.2943946850393701
11
-0.3541745669291338
21
-0.2946355118110236
0
LINE
8
BLACK
6
CONTINUOUS
10
-0.3541745669291338
20
-0.2946355118110236
11
-0.3541274803149606
21
-0.2948721259842519
0
LINE
8
BLACK
6
CONTINUOUS
10
-0.3541274803149606
20
-0.2948721259842519
11
-0.3541274803149606
21
-0.2993715748031496
0
LINE
8
BLACK
6
CONTINUOUS
10
-0.3541274803149606
20
-0.2993715748031496
11
-0.3541745669291338
21
-0.2996081496062992
0
LINE
8
BLACK
6
CONTINUOUS
10
-0.3541745669291338
20
-0.2996081496062992
11
-0.3541862598425197
21
-0.2998490157480315
0
LINE
8
BLACK
6
CONTINUOUS
10
-0.3541862598425197
20
-0.2998490157480315
11
-0.3556861023622047
21
-0.3058482677165354
0
LINE
8
BLACK
6
CONTINUOUS
10
-0.3556861023622047
20
-0.3058482677165354
11
-0.3557782283464567
21
-0.3060432283464567
0
LINE
8
BLACK
6
CONTINUOUS
10
-0.3557782283464567
20
-0.3060432283464567
11
-0.355835157480315
21
-0.3062511811023622
0
LINE
8
BLACK
6
CONTINUOUS
10
-0.355835157480315
20
-0.3062511811023622
11
-0.3573349606299213
21
-0.3092507874015748
0
LINE
8
BLACK
6
CONTINUOUS
10
-0.3573349606299213
20
-0.3092507874015748
11
-0.3575283464566929
21
-0.3094999212598425
0
LINE
8
BLACK
6
CONTINUOUS
10
-0.3575283464566929
20
-0.3094999212598425
11
-0.3577036614173228
21
-0.3097623622047244
0
LINE
8
BLACK
6
CONTINUOUS
10
-0.3577036614173228
20
-0.3097623622047244
11
-0.3607032677165354
21
-0.3127620078740158
0
LINE
8
BLACK
6
CONTINUOUS
10
-0.3607032677165354
20
-0.3127620078740158
11
-0.3607852755905512
21
-0.3128167716535433
0
LINE
8
BLACK
6
CONTINUOUS
10
-0.3607852755905512
20
-0.3128167716535433
11
-0.3608054724409449
21
-0.3128572047244094
0
LINE
8
BLACK
6
CONTINUOUS
10
-0.3608054724409449
20
-0.3128572047244094
11
-0.3610794488188976
21
-0.3130133464566929
0
LINE
8
BLACK
6
CONTINUOUS
10
-0.3610794488188976
20
-0.3130133464566929
11
-0.3613418897637795
21
-0.3131887401574803
0
LINE
8
BLACK
6
CONTINUOUS
10
-0.3613418897637795
20
-0.3131887401574803
11
-0.3613871259842519
21
-0.3131887401574803
0
LINE
8
BLACK
6
CONTINUOUS
10
-0.3613871259842519
20
-0.3131887401574803
11
-0.3614727559055118
21
-0.3132375590551181
0
LINE
8
BLACK
6
CONTINUOUS
10
-0.3614727559055118
20
-0.3132375590551181
11
-0.3659722047244094
21
-0.3147373622047244
0
LINE
8
BLACK
6
CONTINUOUS
10
-0.3659722047244094
20
-0.3147373622047244
11
-0.3662851574803149
21
-0.314776811023622
0
LINE
8
BLACK
6
CONTINUOUS
10
-0.3662851574803149
20
-0.314776811023622
11
-0.3665946850393701
21
-0.3148383858267716
0
LINE
8
BLACK
6
CONTINUOUS
10
-0.3665946850393701
20
-0.3148383858267716
11
-0.3695943307086614
21
-0.3148383858267716
0
LINE
8
BLACK
6
CONTINUOUS
10
-0.3695943307086614
20
-0.3148383858267716
11
-0.3699038976377952
21
-0.314776811023622
0
LINE
8
BLACK
6
CONTINUOUS
10
-0.3699038976377952
20
-0.314776811023622
11
-0.370216811023622
21
-0.3147373622047244
0
LINE
8
BLACK
6
CONTINUOUS
10
-0.370216811023622
20
-0.3147373622047244
11
-0.374716220472441
21
-0.3132375590551181
0
LINE
8
BLACK
6
CONTINUOUS
10
-0.374716220472441
20
-0.3132375590551181
11
-0.3748018503937008
21
-0.3131887401574803
0
LINE
8
BLACK
6
CONTINUOUS
10
-0.3748018503937008
20
-0.3131887401574803
11
-0.3748470472440945
21
-0.3131887401574803
0
LINE
8
BLACK
6
CONTINUOUS
10
-0.3748470472440945
20
-0.3131887401574803
11
-0.3751092913385827
21
-0.3130135039370079
0
LINE
8
BLACK
6
CONTINUOUS
10
-0.3751092913385827
20
-0.3130135039370079
11
-0.3753835039370079
21
-0.3128572047244094
0
LINE
8
BLACK
6
CONTINUOUS
10
-0.3753835039370079
20
-0.3128572047244094
11
-0.3754037401574803
21
-0.3128167322834646
0
LINE
8
BLACK
6
CONTINUOUS
10
-0.3754037401574803
20
-0.3128167322834646
11
-0.3754856692913386
21
-0.3127620078740158
0
LINE
8
BLACK
6
CONTINUOUS
10
-0.3754856692913386
20
-0.3127620078740158
11
-0.3769855118110236
21
-0.3112621653543307
0
LINE
8
BLACK
6
CONTINUOUS
10
-0.3769855118110236
20
-0.3112621653543307
11
-0.3774122440944882
21
-0.3106235433070866
0
LINE
8
BLACK
6
CONTINUOUS
10
-0.3774122440944882
20
-0.3106235433070866
11
-0.3775620866141732
21
-0.3098702362204724
0
LINE
8
BLACK
6
CONTINUOUS
10
-0.3775620866141732
20
-0.3098702362204724
11
-0.3775620866141732
21
-0.2993715748031496
0
LINE
8
BLACK
6
CONTINUOUS
10
-0.3775620866141732
20
-0.2993715748031496
11
-0.3774122440944882
21
-0.2986182677165354
0
LINE
8
BLACK
6
CONTINUOUS
10
-0.3774122440944882
20
-0.2986182677165354
11
-0.3763468897637795
21
-0.2975529133858268
0
LINE
8
BLACK
6
CONTINUOUS
10
-0.3763468897637795
20
-0.2975529133858268
11
-0.3755935826771654
21
-0.2974030708661417
0
LINE
8
BLACK
6
CONTINUOUS
10
-0.3755935826771654
20
-0.2974030708661417
11
-0.3695943307086614
21
-0.2974030708661417
0
LINE
8
BLACK
6
CONTINUOUS
10
-0.3695943307086614
20
-0.2974030708661417
11
-0.3688410236220472
21
-0.2975529133858268
0
LINE
8
BLACK
6
CONTINUOUS
10
-0.3688410236220472
20
-0.2975529133858268
11
-0.3677756692913386
21
-0.2986182677165354
0
LINE
8
BLACK
6
CONTINUOUS
10
-0.3677756692913386
20
-0.2986182677165354
11
-0.3677756692913386
21
-0.3001248818897638
0
LINE
8
BLACK
6
CONTINUOUS
10
-0.3677756692913386
20
-0.3001248818897638
11
-0.3688410236220472
21
-0.3011902362204724
0
LINE
8
BLACK
6
CONTINUOUS
10
-0.3688410236220472
20
-0.3011902362204724
11
-0.3695943307086614
21
-0.3013400787401574
0
LINE
8
BLACK
6
CONTINUOUS
10
-0.3695943307086614
20
-0.3013400787401574
11
-0.3736250787401575
21
-0.3013400787401574
0
LINE
8
BLACK
6
CONTINUOUS
10
-0.3736250787401575
20
-0.3013400787401574
11
-0.3736250787401575
21
-0.3090548818897638
0
LINE
8
BLACK
6
CONTINUOUS
10
-0.3736250787401575
20
-0.3090548818897638
11
-0.3730304330708661
21
-0.3096495275590551
0
LINE
8
BLACK
6
CONTINUOUS
10
-0.3730304330708661
20
-0.3096495275590551
11
-0.3692749212598425
21
-0.3109013779527559
0
LINE
8
BLACK
6
CONTINUOUS
10
-0.3692749212598425
20
-0.3109013779527559
11
-0.366914094488189
21
-0.3109013779527559
0
LINE
8
BLACK
6
CONTINUOUS
10
-0.366914094488189
20
-0.3109013779527559
11
-0.3631586220472441
21
-0.3096495275590551
0
LINE
8
BLACK
6
CONTINUOUS
10
-0.3631586220472441
20
-0.3096495275590551
11
-0.3607134645669291
21
-0.3072044094488189
0
LINE
8
BLACK
6
CONTINUOUS
10
-0.3607134645669291
20
-0.3072044094488189
11
-0.3594531496062992
21
-0.3046837401574803
0
LINE
8
BLACK
6
CONTINUOUS
10
-0.3594531496062992
20
-0.3046837401574803
11
-0.3580644881889763
21
-0.2991292125984252
0
LINE
8
BLACK
6
CONTINUOUS
10
-0.3580644881889763
20
-0.2991292125984252
11
-0.3580644881889763
21
-0.2951144488188976
0
LINE
8
BLACK
6
CONTINUOUS
10
-0.3580644881889763
20
-0.2951144488188976
11
-0.359453188976378
21
-0.2895598818897638
0
LINE
8
BLACK
6
CONTINUOUS
10
-0.359453188976378
20
-0.2895598818897638
11
-0.3607134645669291
21
-0.2870392519685039
0
LINE
8
BLACK
6
CONTINUOUS
10
-0.3607134645669291
20
-0.2870392519685039
11
-0.3631585826771653
21
-0.2845941338582677
0
LINE
8
BLACK
6
CONTINUOUS
10
-0.3631585826771653
20
-0.2845941338582677
11
-0.366914094488189
21
-0.2833423228346457
0
LINE
8
BLACK
6
CONTINUOUS
10
-0.366914094488189
20
-0.2833423228346457
11
-0.3706294488188976
21
-0.2833423228346457
0
LINE
8
BLACK
6
CONTINUOUS
10
-0.3706294488188976
20
-0.2833423228346457
11
-0.3732133858267717
21
-0.2846342913385826
0
LINE
8
BLACK
6
CONTINUOUS
10
-0.3732133858267717
20
-0.2846342913385826
11
-0.3739541732283465
21
-0.2848371653543307
0
LINE
8
BLACK
6
CONTINUOUS
10
-0.3739541732283465
20
-0.2848371653543307
11
-0.3753835039370079
21
-0.2843607480314961
0
LINE
8
BLACK
6
CONTINUOUS
10
-0.3753835039370079
20
-0.2843607480314961
11
-0.3760572834645669
21
-0.2830131889763779
0
LINE
8
BLACK
6
CONTINUOUS
10
-0.3760572834645669
20
-0.2830131889763779
11
-0.3755808661417323
21
-0.2815838582677165
0
LINE
8
BLACK
6
CONTINUOUS
10
-0.3755808661417323
20
-0.2815838582677165
11
-0.374974094488189
21
-0.2811129527559055
0
LINE
8
BLACK
6
CONTINUOUS
10
-0.374974094488189
20
-0.2811129527559055
11
-0.3719744881889764
21
-0.2796131496062992
0
LINE
8
BLACK
6
CONTINUOUS
10
-0.3719744881889764
20
-0.2796131496062992
11
-0.3718794094488189
21
-0.2795870866141732
0
LINE
8
BLACK
6
CONTINUOUS
10
-0.3718794094488189
20
-0.2795870866141732
11
-0.3718474409448819
21
-0.279555157480315
0
LINE
8
BLACK
6
CONTINUOUS
10
-0.3718474409448819
20
-0.279555157480315
11
-0.3715379527559055
21
-0.2794935826771653
0
LINE
8
BLACK
6
CONTINUOUS
10
-0.3715379527559055
20
-0.2794935826771653
11
-0.3712337007874016
21
-0.2794102755905511
0
LINE
8
BLACK
6
CONTINUOUS
10
-0.3712337007874016
20
-0.2794102755905511
11
-0.3711908661417323
21
-0.2794245275590551
0
LINE
8
BLACK
6
CONTINUOUS
10
-0.3711908661417323
20
-0.2794245275590551
11
-0.3710941338582677
21
-0.2794053149606299
0
LINE
8
BLACK
6
CONTINUOUS
10
-0.3710941338582677
20
-0.2794053149606299
11
-0.3665946850393701
21
-0.2794053149606299
0
LINE
8
BLACK
6
CONTINUOUS
10
-0.3665946850393701
20
-0.2794053149606299
11
-0.3662851574803149
21
-0.2794668503937008
0
LINE
8
BLACK
6
CONTINUOUS
10
-0.2743528346456693
20
-0.279555157480315
11
-0.2732874803149606
21
-0.2806205118110236
0
LINE
8
BLACK
6
CONTINUOUS
10
-0.2732874803149606
20
-0.2806205118110236
11
-0.2731376377952756
21
-0.2813738188976378
0
LINE
8
BLACK
6
CONTINUOUS
10
-0.2731376377952756
20
-0.2813738188976378
11
-0.2731376377952756
21
-0.3128698818897638
0
LINE
8
BLACK
6
CONTINUOUS
10
-0.2731376377952756
20
-0.3128698818897638
11
-0.2732874803149606
21
-0.3136231889763779
0
LINE
8
BLACK
6
CONTINUOUS
10
-0.2732874803149606
20
-0.3136231889763779
11
-0.2743528346456693
21
-0.3146885433070866
0
LINE
8
BLACK
6
CONTINUOUS
10
-0.2743528346456693
20
-0.3146885433070866
11
-0.2751061417322835
21
-0.3148383858267716
0
LINE
8
BLACK
6
CONTINUOUS
10
-0.2751061417322835
20
-0.3148383858267716
11
-0.2826051968503937
21
-0.3148383858267716
0
LINE
8
BLACK
6
CONTINUOUS
10
-0.2826051968503937
20
-0.3148383858267716
11
-0.2829147637795276
21
-0.314776811023622
0
LINE
8
BLACK
6
CONTINUOUS
10
-0.2829147637795276
20
-0.314776811023622
11
-0.2832276771653543
21
-0.3147373622047244
0
LINE
8
BLACK
6
CONTINUOUS
10
-0.2832276771653543
20
-0.3147373622047244
11
-0.287727125984252
21
-0.3132375590551181
0
LINE
8
BLACK
6
CONTINUOUS
10
-0.287727125984252
20
-0.3132375590551181
11
-0.2878127559055118
21
-0.3131887401574803
0
LINE
8
BLACK
6
CONTINUOUS
10
-0.2878127559055118
20
-0.3131887401574803
11
-0.2878579527559055
21
-0.3131887401574803
0
LINE
8
BLACK
6
CONTINUOUS
10
-0.2878579527559055
20
-0.3131887401574803
11
-0.2881201968503937
21
-0.3130135039370079
0
LINE
8
BLACK
6
CONTINUOUS
10
-0.2881201968503937
20
-0.3130135039370079
11
-0.2883944094488189
21
-0.3128572047244094
0
LINE
8
BLACK
6
CONTINUOUS
10
-0.2883944094488189
20
-0.3128572047244094
11
-0.2884146456692913
21
-0.3128167322834646
0
LINE
8
BLACK
6
CONTINUOUS
10
-0.2884146456692913
20
-0.3128167322834646
11
-0.2884965748031496
21
-0.3127620078740158
0
LINE
8
BLACK
6
CONTINUOUS
10
-0.2884965748031496
20
-0.3127620078740158
11
-0.2914962204724409
21
-0.3097623622047244
0
LINE
8
BLACK
6
CONTINUOUS
10
-0.2914962204724409
20
-0.3097623622047244
11
-0.2916715748031496
21
-0.3094999212598425
0
LINE
8
BLACK
6
CONTINUOUS
10
-0.2916715748031496
20
-0.3094999212598425
11
-0.2918649212598425
21
-0.3092507874015748
0
LINE
8
BLACK
6
CONTINUOUS
10
-0.2918649212598425
20
-0.3092507874015748
11
-0.2933647244094488
21
-0.3062511811023622
0
LINE
8
BLACK
6
CONTINUOUS
10
-0.2933647244094488
20
-0.3062511811023622
11
-0.2934216929133858
21
-0.3060432283464567
0
LINE
8
BLACK
6
CONTINUOUS
10
-0.2934216929133858
20
-0.3060432283464567
11
-0.293513779527559
21
-0.3058482677165354
0
LINE
8
BLACK
6
CONTINUOUS
10
-0.293513779527559
20
-0.3058482677165354
11
-0.2950136220472441
21
-0.2998490157480315
0
LINE
8
BLACK
6
CONTINUOUS
10
-0.2950136220472441
20
-0.2998490157480315
11
-0.2950253543307086
21
-0.2996081496062992
0
LINE
8
BLACK
6
CONTINUOUS
10
-0.2950253543307086
20
-0.2996081496062992
11
-0.2950724015748031
21
-0.2993715748031496
0
LINE
8
BLACK
6
CONTINUOUS
10
-0.2950724015748031
20
-0.2993715748031496
11
-0.2950724015748031
21
-0.2948721259842519
0
LINE
8
BLACK
6
CONTINUOUS
10
-0.2950724015748031
20
-0.2948721259842519
11
-0.2950253543307086
21
-0.2946355118110236
0
LINE
8
BLACK
6
CONTINUOUS
10
-0.2950253543307086
20
-0.2946355118110236
11
-0.2950136220472441
21
-0.2943946850393701
0
LINE
8
BLACK
6
CONTINUOUS
10
-0.2950136220472441
20
-0.2943946850393701
11
-0.293513779527559
21
-0.2883954330708661
0
LINE
8
BLACK
6
CONTINUOUS
10
-0.293513779527559
20
-0.2883954330708661
11
-0.2934216535433071
21
-0.2882003543307087
0
LINE
8
BLACK
6
CONTINUOUS
10
-0.2934216535433071
20
-0.2882003543307087
11
-0.2933647244094488
21
-0.2879925590551181
0
LINE
8
BLACK
6
CONTINUOUS
10
-0.2933647244094488
20
-0.2879925590551181
11
-0.2918649212598425
21
-0.284992874015748
0
LINE
8
BLACK
6
CONTINUOUS
10
-0.2918649212598425
20
-0.284992874015748
11
-0.2916714960629921
21
-0.2847435826771654
0
LINE
8
BLACK
6
CONTINUOUS
10
-0.2916714960629921
20
-0.2847435826771654
11
-0.2914961811023622
21
-0.2844812992125984
0
LINE
8
BLACK
6
CONTINUOUS
10
-0.2914961811023622
20
-0.2844812992125984
11
-0.2884965748031496
21
-0.2814816929133858
0
LINE
8
BLACK
6
CONTINUOUS
10
-0.2884965748031496
20
-0.2814816929133858
11
-0.2884146456692913
21
-0.2814269291338583
0
LINE
8
BLACK
6
CONTINUOUS
10
-0.2884146456692913
20
-0.2814269291338583
11
-0.2883944094488189
21
-0.2813864960629921
0
LINE
8
BLACK
6
CONTINUOUS
10
-0.2883944094488189
20
-0.2813864960629921
11
-0.2881201968503937
21
-0.2812301574803149
0
LINE
8
BLACK
6
CONTINUOUS
10
-0.2881201968503937
20
-0.2812301574803149
11
-0.2878579527559055
21
-0.2810549606299212
0
LINE
8
BLACK
6
CONTINUOUS
10
-0.2878579527559055
20
-0.2810549606299212
11
-0.2878127559055118
21
-0.2810549606299212
0
LINE
8
BLACK
6
CONTINUOUS
10
-0.2878127559055118
20
-0.2810549606299212
11
-0.287727125984252
21
-0.2810061417322834
0
LINE
8
BLACK
6
CONTINUOUS
10
-0.287727125984252
20
-0.2810061417322834
11
-0.2832276771653543
21
-0.2795063385826771
0
LINE
8
BLACK
6
CONTINUOUS
10
-0.2832276771653543
20
-0.2795063385826771
11
-0.2829147637795276
21
-0.2794668503937008
0
LINE
8
BLACK
6
CONTINUOUS
10
-0.2829147637795276
20
-0.2794668503937008
11
-0.2826051968503937
21
-0.2794053149606299
0
LINE
8
BLACK
6
CONTINUOUS
10
-0.2826051968503937
20
-0.2794053149606299
11
-0.2751061417322835
21
-0.2794053149606299
0
LINE
8
BLACK
6
CONTINUOUS
10
-0.2751061417322835
20
-0.2794053149606299
11
-0.2743528346456693
21
-0.279555157480315
0
LINE
8
BLACK
6
CONTINUOUS
10
-0.2860413385826772
20
-0.2845941338582677
11
-0.2884864173228346
21
-0.2870392125984252
0
LINE
8
BLACK
6
CONTINUOUS
10
-0.2884864173228346
20
-0.2870392125984252
11
-0.2897467322834645
21
-0.289559842519685
0
LINE
8
BLACK
6
CONTINUOUS
10
-0.2897467322834645
20
-0.289559842519685
11
-0.2911353937007874
21
-0.2951144488188976
0
LINE
8
BLACK
6
CONTINUOUS
10
-0.2911353937007874
20
-0.2951144488188976
11
-0.2911353937007874
21
-0.2991292125984252
0
LINE
8
BLACK
6
CONTINUOUS
10
-0.2911353937007874
20
-0.2991292125984252
11
-0.2897467716535433
21
-0.3046837401574803
0
LINE
8
BLACK
6
CONTINUOUS
10
-0.2897467716535433
20
-0.3046837401574803
11
-0.2884864566929134
21
-0.3072043307086614
0
LINE
8
BLACK
6
CONTINUOUS
10
-0.2884864566929134
20
-0.3072043307086614
11
-0.2860412598425197
21
-0.3096495669291339
0
LINE
8
BLACK
6
CONTINUOUS
10
-0.2860412598425197
20
-0.3096495669291339
11
-0.2822857874015748
21
-0.3109013779527559
0
LINE
8
BLACK
6
CONTINUOUS
10
-0.2822857874015748
20
-0.3109013779527559
11
-0.2770746456692914
21
-0.3109013779527559
0
LINE
8
BLACK
6
CONTINUOUS
10
-0.2770746456692914
20
-0.3109013779527559
11
-0.2770746456692914
21
-0.2833423228346457
0
LINE
8
BLACK
6
CONTINUOUS
10
-0.2770746456692914
20
-0.2833423228346457
11
-0.2822857874015748
21
-0.2833423228346457
0
LINE
8
BLACK
6
CONTINUOUS
10
-0.2822857874015748
20
-0.2833423228346457
11
-0.2860413385826772
21
-0.2845941338582677
0
LINE
8
BLACK
6
CONTINUOUS
10
-0.2495125984251969
20
-0.2794245275590551
11
-0.2494697244094488
21
-0.2794102755905511
0
LINE
8
BLACK
6
CONTINUOUS
10
-0.2494697244094488
20
-0.2794102755905511
11
-0.2491655118110236
21
-0.2794935826771653
0
LINE
8
BLACK
6
CONTINUOUS
10
-0.2491655118110236
20
-0.2794935826771653
11
-0.2488559842519685
21
-0.279555157480315
0
LINE
8
BLACK
6
CONTINUOUS
10
-0.2488559842519685
20
-0.279555157480315
11
-0.2488240551181102
21
-0.2795870866141732
0
LINE
8
BLACK
6
CONTINUOUS
10
-0.2488240551181102
20
-0.2795870866141732
11
-0.248728937007874
21
-0.2796131496062992
0
LINE
8
BLACK
6
CONTINUOUS
10
-0.248728937007874
20
-0.2796131496062992
11
-0.2457293307086614
21
-0.2811129527559055
0
LINE
8
BLACK
6
CONTINUOUS
10
-0.2457293307086614
20
-0.2811129527559055
11
-0.2454799606299213
21
-0.2813064566929134
0
LINE
8
BLACK
6
CONTINUOUS
10
-0.2454799606299213
20
-0.2813064566929134
11
-0.2452177559055118
21
-0.2814816929133858
0
LINE
8
BLACK
6
CONTINUOUS
10
-0.2452177559055118
20
-0.2814816929133858
11
-0.2437179527559055
21
-0.2829814566929134
0
LINE
8
BLACK
6
CONTINUOUS
10
-0.2437179527559055
20
-0.2829814566929134
11
-0.2435425984251968
21
-0.2832438976377953
0
LINE
8
BLACK
6
CONTINUOUS
10
-0.2435425984251968
20
-0.2832438976377953
11
-0.2433492125984252
21
-0.2834930708661417
0
LINE
8
BLACK
6
CONTINUOUS
10
-0.2433492125984252
20
-0.2834930708661417
11
-0.2418493700787402
21
-0.2864927165354331
0
LINE
8
BLACK
6
CONTINUOUS
10
-0.2418493700787402
20
-0.2864927165354331
11
-0.2418233464566929
21
-0.2865877952755905
0
LINE
8
BLACK
6
CONTINUOUS
10
-0.2418233464566929
20
-0.2865877952755905
11
-0.2417913779527559
21
-0.2866197637795275
0
LINE
8
BLACK
6
CONTINUOUS
10
-0.2417913779527559
20
-0.2866197637795275
11
-0.241729842519685
21
-0.2869292519685039
0
LINE
8
BLACK
6
CONTINUOUS
10
-0.241729842519685
20
-0.2869292519685039
11
-0.2416464960629921
21
-0.2872335039370079
0
LINE
8
BLACK
6
CONTINUOUS
10
-0.2416464960629921
20
-0.2872335039370079
11
-0.2416607874015748
21
-0.2872763385826771
0
LINE
8
BLACK
6
CONTINUOUS
10
-0.2416607874015748
20
-0.2872763385826771
11
-0.2416415354330708
21
-0.2873730708661417
0
LINE
8
BLACK
6
CONTINUOUS
10
-0.2416415354330708
20
-0.2873730708661417
11
-0.2416415354330708
21
-0.2903726771653543
0
LINE
8
BLACK
6
CONTINUOUS
10
-0.2416415354330708
20
-0.2903726771653543
11
-0.2416607874015748
21
-0.2904693700787401
0
LINE
8
BLACK
6
CONTINUOUS
10
-0.2416607874015748
20
-0.2904693700787401
11
-0.2416464960629921
21
-0.2905122440944882
0
LINE
8
BLACK
6
CONTINUOUS
10
-0.2416464960629921
20
-0.2905122440944882
11
-0.241729842519685
21
-0.2908164566929134
0
LINE
8
BLACK
6
CONTINUOUS
10
-0.241729842519685
20
-0.2908164566929134
11
-0.2417913779527559
21
-0.2911259842519685
0
LINE
8
BLACK
6
CONTINUOUS
10
-0.2417913779527559
20
-0.2911259842519685
11
-0.2418233464566929
21
-0.2911579133858267
0
LINE
8
BLACK
6
CONTINUOUS
10
-0.2418233464566929
20
-0.2911579133858267
11
-0.2418493700787402
21
-0.291253031496063
0
LINE
8
BLACK
6
CONTINUOUS
10
-0.2418493700787402
20
-0.291253031496063
11
-0.2433492125984252
21
-0.2942526771653543
0
LINE
8
BLACK
6
CONTINUOUS
10
-0.2433492125984252
20
-0.2942526771653543
11
-0.2435425984251968
21
-0.2945018110236221
0
LINE
8
BLACK
6
CONTINUOUS
10
-0.2435425984251968
20
-0.2945018110236221
11
-0.2437179527559055
21
-0.2947642913385827
0
LINE
8
BLACK
6
CONTINUOUS
10
-0.2437179527559055
20
-0.2947642913385827
11
-0.2452177559055118
21
-0.2962640551181102
0
LINE
8
BLACK
6
CONTINUOUS
10
-0.2452177559055118
20
-0.2962640551181102
11
-0.2454799606299213
21
-0.2964392519685039
0
LINE
8
BLACK
6
CONTINUOUS
10
-0.2454799606299213
20
-0.2964392519685039
11
-0.2457293307086614
21
-0.2966327952755906
0
LINE
8
BLACK
6
CONTINUOUS
10
-0.2457293307086614
20
-0.2966327952755906
11
-0.248728937007874
21
-0.2981325984251968
0
LINE
8
BLACK
6
CONTINUOUS
10
-0.248728937007874
20
-0.2981325984251968
11
-0.2489368897637795
21
-0.2981895275590551
0
LINE
8
BLACK
6
CONTINUOUS
10
-0.2489368897637795
20
-0.2981895275590551
11
-0.2491318503937008
21
-0.2982816535433071
0
LINE
8
BLACK
6
CONTINUOUS
10
-0.2491318503937008
20
-0.2982816535433071
11
-0.2549214960629921
21
-0.2997290157480315
0
LINE
8
BLACK
6
CONTINUOUS
10
-0.2549214960629921
20
-0.2997290157480315
11
-0.257442125984252
21
-0.3009893700787402
0
LINE
8
BLACK
6
CONTINUOUS
10
-0.257442125984252
20
-0.3009893700787402
11
-0.2584901968503937
21
-0.3020374015748031
0
LINE
8
BLACK
6
CONTINUOUS
10
-0.2584901968503937
20
-0.3020374015748031
11
-0.2596392913385827
21
-0.3043356692913386
0
LINE
8
BLACK
6
CONTINUOUS
10
-0.2596392913385827
20
-0.3043356692913386
11
-0.2596392913385827
21
-0.3064059448818898
0
LINE
8
BLACK
6
CONTINUOUS
10
-0.2596392913385827
20
-0.3064059448818898
11
-0.2584901968503937
21
-0.3087041338582677
0
LINE
8
BLACK
6
CONTINUOUS
10
-0.2584901968503937
20
-0.3087041338582677
11
-0.2574420472440945
21
-0.3097522834645669
0
LINE
8
BLACK
6
CONTINUOUS
10
-0.2574420472440945
20
-0.3097522834645669
11
-0.2551438582677165
21
-0.3109013779527559
0
LINE
8
BLACK
6
CONTINUOUS
10
-0.2551438582677165
20
-0.3109013779527559
11
-0.2484288976377953
21
-0.3109013779527559
0
LINE
8
BLACK
6
CONTINUOUS
10
-0.2484288976377953
20
-0.3109013779527559
11
-0.2442325196850394
21
-0.3095025984251968
0
LINE
8
BLACK
6
CONTINUOUS
10
-0.2442325196850394
20
-0.3095025984251968
11
-0.2434705118110236
21
-0.3094065354330708
0
LINE
8
BLACK
6
CONTINUOUS
10
-0.2434705118110236
20
-0.3094065354330708
11
-0.2421229133858268
21
-0.3100803149606299
0
LINE
8
BLACK
6
CONTINUOUS
10
-0.2421229133858268
20
-0.3100803149606299
11
-0.2416464960629921
21
-0.3115096062992126
0
LINE
8
BLACK
6
CONTINUOUS
10
-0.2416464960629921
20
-0.3115096062992126
11
-0.2423202755905512
21
-0.3128572047244094
0
LINE
8
BLACK
6
CONTINUOUS
10
-0.2423202755905512
20
-0.3128572047244094
11
-0.2429875590551181
21
-0.3132375590551181
0
LINE
8
BLACK
6
CONTINUOUS
10
-0.2429875590551181
20
-0.3132375590551181
11
-0.2474870078740157
21
-0.3147373622047244
0
LINE
8
BLACK
6
CONTINUOUS
10
-0.2474870078740157
20
-0.3147373622047244
11
-0.2477999606299213
21
-0.314776811023622
0
LINE
8
BLACK
6
CONTINUOUS
10
-0.2477999606299213
20
-0.314776811023622
11
-0.2481094881889764
21
-0.3148383858267716
0
LINE
8
BLACK
6
CONTINUOUS
10
-0.2481094881889764
20
-0.3148383858267716
11
-0.2556085433070866
21
-0.3148383858267716
0
LINE
8
BLACK
6
CONTINUOUS
10
-0.2556085433070866
20
-0.3148383858267716
11
-0.2557052755905512
21
-0.3148191338582677
0
LINE
8
BLACK
6
CONTINUOUS
10
-0.2557052755905512
20
-0.3148191338582677
11
-0.2557480708661417
21
-0.3148334251968504
0
LINE
8
BLACK
6
CONTINUOUS
10
-0.2557480708661417
20
-0.3148334251968504
11
-0.2560524015748031
21
-0.3147500787401575
0
LINE
8
BLACK
6
CONTINUOUS
10
-0.2560524015748031
20
-0.3147500787401575
11
-0.2563618503937008
21
-0.3146885433070866
0
LINE
8
BLACK
6
CONTINUOUS
10
-0.2563618503937008
20
-0.3146885433070866
11
-0.256393779527559
21
-0.3146566141732283
0
LINE
8
BLACK
6
CONTINUOUS
10
-0.256393779527559
20
-0.3146566141732283
11
-0.2564888582677165
21
-0.3146305905511811
0
LINE
8
BLACK
6
CONTINUOUS
10
-0.2564888582677165
20
-0.3146305905511811
11
-0.2594885039370078
21
-0.313130748031496
0
LINE
8
BLACK
6
CONTINUOUS
10
-0.2594885039370078
20
-0.313130748031496
11
-0.2597375590551181
21
-0.3129374409448819
0
LINE
8
BLACK
6
CONTINUOUS
10
-0.2597375590551181
20
-0.3129374409448819
11
-0.260000157480315
21
-0.3127620078740158
0
LINE
8
BLACK
6
CONTINUOUS
10
-0.260000157480315
20
-0.3127620078740158
11
-0.2614999606299213
21
-0.3112621653543307
0
LINE
8
BLACK
6
CONTINUOUS
10
-0.2614999606299213
20
-0.3112621653543307
11
-0.2616753149606299
21
-0.3109997244094488
0
LINE
8
BLACK
6
CONTINUOUS
10
-0.2616753149606299
20
-0.3109997244094488
11
-0.2618686614173228
21
-0.3107505905511811
0
LINE
8
BLACK
6
CONTINUOUS
10
-0.2618686614173228
20
-0.3107505905511811
11
-0.2633684645669291
21
-0.3077509842519685
0
LINE
8
BLACK
6
CONTINUOUS
10
-0.2633684645669291
20
-0.3077509842519685
11
-0.2633945275590551
21
-0.3076558661417323
0
LINE
8
BLACK
6
CONTINUOUS
10
-0.2633945275590551
20
-0.3076558661417323
11
-0.2634264566929134
21
-0.307623937007874
0
LINE
8
BLACK
6
CONTINUOUS
10
-0.2634264566929134
20
-0.307623937007874
11
-0.263488031496063
21
-0.3073144094488189
0
LINE
8
BLACK
6
CONTINUOUS
10
-0.263488031496063
20
-0.3073144094488189
11
-0.2635713385826772
21
-0.3070101968503937
0
LINE
8
BLACK
6
CONTINUOUS
10
-0.2635713385826772
20
-0.3070101968503937
11
-0.2635570866141732
21
-0.3069673228346457
0
LINE
8
BLACK
6
CONTINUOUS
10
-0.2635570866141732
20
-0.3069673228346457
11
-0.2635762992125984
21
-0.3068706299212599
0
LINE
8
BLACK
6
CONTINUOUS
10
-0.2635762992125984
20
-0.3068706299212599
11
-0.2635762992125984
21
-0.3038709842519685
0
LINE
8
BLACK
6
CONTINUOUS
10
-0.2635762992125984
20
-0.3038709842519685
11
-0.2635570866141732
21
-0.3037742519685039
0
LINE
8
BLACK
6
CONTINUOUS
10
-0.2635570866141732
20
-0.3037742519685039
11
-0.2635713385826772
21
-0.3037314173228347
0
LINE
8
BLACK
6
CONTINUOUS
10
-0.2635713385826772
20
-0.3037314173228347
11
-0.263488031496063
21
-0.3034271653543307
0
LINE
8
BLACK
6
CONTINUOUS
10
-0.263488031496063
20
-0.3034271653543307
11
-0.2634264566929134
21
-0.3031176771653543
0
LINE
8
BLACK
6
CONTINUOUS
10
-0.2634264566929134
20
-0.3031176771653543
11
-0.2633945275590551
21
-0.3030857086614173
0
LINE
8
BLACK
6
CONTINUOUS
10
-0.2633945275590551
20
-0.3030857086614173
11
-0.2633684645669291
21
-0.3029906299212599
0
LINE
8
BLACK
6
CONTINUOUS
10
-0.2633684645669291
20
-0.3029906299212599
11
-0.2618686614173228
21
-0.2999910236220472
0
LINE
8
BLACK
6
CONTINUOUS
10
-0.2618686614173228
20
-0.2999910236220472
11
-0.2616751574803149
21
-0.2997416141732284
0
LINE
8
BLACK
6
CONTINUOUS
10
-0.2616751574803149
20
-0.2997416141732284
11
-0.2614999212598425
21
-0.2994794488188977
0
LINE
8
BLACK
6
CONTINUOUS
10
-0.2614999212598425
20
-0.2994794488188977
11
-0.260000157480315
21
-0.2979796456692913
0
LINE
8
BLACK
6
CONTINUOUS
10
-0.260000157480315
20
-0.2979796456692913
11
-0.259737716535433
21
-0.2978042519685039
0
LINE
8
BLACK
6
CONTINUOUS
10
-0.259737716535433
20
-0.2978042519685039
11
-0.2594885433070866
21
-0.297610905511811
0
LINE
8
BLACK
6
CONTINUOUS
10
-0.2594885433070866
20
-0.297610905511811
11
-0.2564888976377953
21
-0.296111062992126
0
LINE
8
BLACK
6
CONTINUOUS
10
-0.2564888976377953
20
-0.296111062992126
11
-0.2562809842519685
21
-0.296054094488189
0
LINE
8
BLACK
6
CONTINUOUS
10
-0.2562809842519685
20
-0.296054094488189
11
-0.2560859842519685
21
-0.2959620078740157
0
LINE
8
BLACK
6
CONTINUOUS
10
-0.2560859842519685
20
-0.2959620078740157
11
-0.2502963779527559
21
-0.2945146062992126
0
LINE
8
BLACK
6
CONTINUOUS
10
-0.2502963779527559
20
-0.2945146062992126
11
-0.247775748031496
21
-0.2932542913385827
0
LINE
8
BLACK
6
CONTINUOUS
10
-0.247775748031496
20
-0.2932542913385827
11
-0.2467277165354331
21
-0.2922062204724409
0
LINE
8
BLACK
6
CONTINUOUS
10
-0.2467277165354331
20
-0.2922062204724409
11
-0.2455785433070866
21
-0.2899079527559055
0
LINE
8
BLACK
6
CONTINUOUS
10
-0.2455785433070866
20
-0.2899079527559055
11
-0.2455785433070866
21
-0.2878377559055118
0
LINE
8
BLACK
6
CONTINUOUS
10
-0.2455785433070866
20
-0.2878377559055118
11
-0.2467277165354331
21
-0.2855394881889764
0
LINE
8
BLACK
6
CONTINUOUS
10
-0.2467277165354331
20
-0.2855394881889764
11
-0.247775748031496
21
-0.2844914173228346
0
LINE
8
BLACK
6
CONTINUOUS
10
-0.247775748031496
20
-0.2844914173228346
11
-0.2500739763779528
21
-0.2833423228346457
0
LINE
8
BLACK
6
CONTINUOUS
10
-0.2500739763779528
20
-0.2833423228346457
11
-0.2567889763779527
21
-0.2833423228346457
0
LINE
8
BLACK
6
CONTINUOUS
10
-0.2567889763779527
20
-0.2833423228346457
11
-0.2609853149606299
21
-0.2847411023622047
0
LINE
8
BLACK
6
CONTINUOUS
10
-0.2609853149606299
20
-0.2847411023622047
11
-0.2617473228346457
21
-0.2848371653543307
0
LINE
8
BLACK
6
CONTINUOUS
10
-0.2617473228346457
20
-0.2848371653543307
11
-0.2630949212598425
21
-0.2841633858267716
0
LINE
8
BLACK
6
CONTINUOUS
10
-0.2630949212598425
20
-0.2841633858267716
11
-0.2635713385826772
21
-0.282734094488189
0
LINE
8
BLACK
6
CONTINUOUS
10
-0.2635713385826772
20
-0.282734094488189
11
-0.2628975590551181
21
-0.2813864960629921
0
LINE
8
BLACK
6
CONTINUOUS
10
-0.2628975590551181
20
-0.2813864960629921
11
-0.2622302755905512
21
-0.2810061417322834
0
LINE
8
BLACK
6
CONTINUOUS
10
-0.2622302755905512
20
-0.2810061417322834
11
-0.2577308661417323
21
-0.2795063385826771
0
LINE
8
BLACK
6
CONTINUOUS
10
-0.2577308661417323
20
-0.2795063385826771
11
-0.2574179527559055
21
-0.2794668503937008
0
LINE
8
BLACK
6
CONTINUOUS
10
-0.2574179527559055
20
-0.2794668503937008
11
-0.2571083858267716
21
-0.2794053149606299
0
LINE
8
BLACK
6
CONTINUOUS
10
-0.2571083858267716
20
-0.2794053149606299
11
-0.2496092913385827
21
-0.2794053149606299
0
LINE
8
BLACK
6
CONTINUOUS
10
-0.2496092913385827
20
-0.2794053149606299
11
-0.2495125984251969
21
-0.2794245275590551
0
LINE
8
BLACK
6
CONTINUOUS
10
-0.1873636614173228
20
-0.279555157480315
11
-0.1862983070866142
21
-0.2806205118110236
0
LINE
8
BLACK
6
CONTINUOUS
10
-0.1862983070866142
20
-0.2806205118110236
11
-0.1862983070866142
21
-0.2821271259842519
0
LINE
8
BLACK
6
CONTINUOUS
10
-0.1862983070866142
20
-0.2821271259842519
11
-0.1873636614173228
21
-0.2831924803149606
0
LINE
8
BLACK
6
CONTINUOUS
10
-0.1873636614173228
20
-0.2831924803149606
11
-0.188116968503937
21
-0.2833423228346457
0
LINE
8
BLACK
6
CONTINUOUS
10
-0.188116968503937
20
-0.2833423228346457
11
-0.2032764173228346
21
-0.2833423228346457
0
LINE
8
BLACK
6
CONTINUOUS
10
-0.2032764173228346
20
-0.2833423228346457
11
-0.1956344094488189
21
-0.292076062992126
0
LINE
8
BLACK
6
CONTINUOUS
10
-0.1956344094488189
20
-0.292076062992126
11
-0.1953550393700787
21
-0.2925611811023622
0
LINE
8
BLACK
6
CONTINUOUS
10
-0.1953550393700787
20
-0.2925611811023622
11
-0.1952972047244095
21
-0.2926190157480315
0
LINE
8
BLACK
6
CONTINUOUS
10
-0.1952972047244095
20
-0.2926190157480315
11
-0.1952972047244095
21
-0.2926615748031496
0
LINE
8
BLACK
6
CONTINUOUS
10
-0.1952972047244095
20
-0.2926615748031496
11
-0.1952511023622047
21
-0.2927416535433071
0
LINE
8
BLACK
6
CONTINUOUS
10
-0.1952511023622047
20
-0.2927416535433071
11
-0.1952972047244095
21
-0.2934330708661417
0
LINE
8
BLACK
6
CONTINUOUS
10
-0.1952972047244095
20
-0.2934330708661417
11
-0.1952972047244095
21
-0.2941256299212598
0
LINE
8
BLACK
6
CONTINUOUS
10
-0.1952972047244095
20
-0.2941256299212598
11
-0.1953466929133858
21
-0.2941750787401575
0
LINE
8
BLACK
6
CONTINUOUS
10
-0.1953466929133858
20
-0.2941750787401575
11
-0.1953513385826772
21
-0.2942449606299212
0
LINE
8
BLACK
6
CONTINUOUS
10
-0.1953513385826772
20
-0.2942449606299212
11
-0.1958729133858268
21
-0.2947013385826772
0
LINE
8
BLACK
6
CONTINUOUS
10
-0.1958729133858268
20
-0.2947013385826772
11
-0.1963625590551181
21
-0.2951909842519685
0
LINE
8
BLACK
6
CONTINUOUS
10
-0.1963625590551181
20
-0.2951909842519685
11
-0.1964531102362205
21
-0.2952089763779527
0
LINE
8
BLACK
6
CONTINUOUS
10
-0.1964531102362205
20
-0.2952089763779527
11
-0.1964851968503937
21
-0.2952370866141732
0
LINE
8
BLACK
6
CONTINUOUS
10
-0.1964851968503937
20
-0.2952370866141732
11
-0.196566968503937
21
-0.2952316141732284
0
LINE
8
BLACK
6
CONTINUOUS
10
-0.196566968503937
20
-0.2952316141732284
11
-0.1971158661417323
21
-0.2953408267716535
0
LINE
8
BLACK
6
CONTINUOUS
10
-0.1971158661417323
20
-0.2953408267716535
11
-0.2011505905511811
21
-0.2953408267716535
0
LINE
8
BLACK
6
CONTINUOUS
10
-0.2011505905511811
20
-0.2953408267716535
11
-0.2034488188976378
21
-0.2964898818897638
0
LINE
8
BLACK
6
CONTINUOUS
10
-0.2034488188976378
20
-0.2964898818897638
11
-0.2044968897637795
21
-0.2975379133858267
0
LINE
8
BLACK
6
CONTINUOUS
10
-0.2044968897637795
20
-0.2975379133858267
11
-0.2056460236220472
21
-0.299836220472441
0
LINE
8
BLACK
6
CONTINUOUS
10
-0.2056460236220472
20
-0.299836220472441
11
-0.2056460236220472
21
-0.3064059448818898
0
LINE
8
BLACK
6
CONTINUOUS
10
-0.2056460236220472
20
-0.3064059448818898
11
-0.2044969291338583
21
-0.3087041338582677
0
LINE
8
BLACK
6
CONTINUOUS
10
-0.2044969291338583
20
-0.3087041338582677
11
-0.203448779527559
21
-0.3097522834645669
0
LINE
8
BLACK
6
CONTINUOUS
10
-0.203448779527559
20
-0.3097522834645669
11
-0.2011505905511811
21
-0.3109013779527559
0
LINE
8
BLACK
6
CONTINUOUS
10
-0.2011505905511811
20
-0.3109013779527559
11
-0.193081062992126
21
-0.3109013779527559
0
LINE
8
BLACK
6
CONTINUOUS
10
-0.193081062992126
20
-0.3109013779527559
11
-0.190782874015748
21
-0.3097522440944882
0
LINE
8
BLACK
6
CONTINUOUS
10
-0.190782874015748
20
-0.3097522440944882
11
-0.189508937007874
21
-0.3084783070866142
0
LINE
8
BLACK
6
CONTINUOUS
10
-0.189508937007874
20
-0.3084783070866142
11
-0.1888703149606299
21
-0.3080516141732283
0
LINE
8
BLACK
6
CONTINUOUS
10
-0.1888703149606299
20
-0.3080516141732283
11
-0.1873636614173228
21
-0.3080515748031496
0
LINE
8
BLACK
6
CONTINUOUS
10
-0.1873636614173228
20
-0.3080515748031496
11
-0.1862983464566929
21
-0.3091168897637795
0
LINE
8
BLACK
6
CONTINUOUS
10
-0.1862983464566929
20
-0.3091168897637795
11
-0.1862983070866142
21
-0.3106235433070866
0
LINE
8
BLACK
6
CONTINUOUS
10
-0.1862983070866142
20
-0.3106235433070866
11
-0.186725
21
-0.3112621653543307
0
LINE
8
BLACK
6
CONTINUOUS
10
-0.186725
20
-0.3112621653543307
11
-0.1882248031496063
21
-0.3127620078740158
0
LINE
8
BLACK
6
CONTINUOUS
10
-0.1882248031496063
20
-0.3127620078740158
11
-0.1884874015748031
21
-0.3129374409448819
0
LINE
8
BLACK
6
CONTINUOUS
10
-0.1884874015748031
20
-0.3129374409448819
11
-0.1887364173228346
21
-0.313130748031496
0
LINE
8
BLACK
6
CONTINUOUS
10
-0.1887364173228346
20
-0.313130748031496
11
-0.1917361023622047
21
-0.3146305511811023
0
LINE
8
BLACK
6
CONTINUOUS
10
-0.1917361023622047
20
-0.3146305511811023
11
-0.1918311811023622
21
-0.3146565748031496
0
LINE
8
BLACK
6
CONTINUOUS
10
-0.1918311811023622
20
-0.3146565748031496
11
-0.1918631102362205
21
-0.3146885433070866
0
LINE
8
BLACK
6
CONTINUOUS
10
-0.1918631102362205
20
-0.3146885433070866
11
-0.1921727952755906
21
-0.3147501181102362
0
LINE
8
BLACK
6
CONTINUOUS
10
-0.1921727952755906
20
-0.3147501181102362
11
-0.1924768897637795
21
-0.3148334251968504
0
LINE
8
BLACK
6
CONTINUOUS
10
-0.1924768897637795
20
-0.3148334251968504
11
-0.1925197244094488
21
-0.3148191338582677
0
LINE
8
BLACK
6
CONTINUOUS
10
-0.1925197244094488
20
-0.3148191338582677
11
-0.1926164173228346
21
-0.3148383858267716
0
LINE
8
BLACK
6
CONTINUOUS
10
-0.1926164173228346
20
-0.3148383858267716
11
-0.2016152755905512
21
-0.3148383858267716
0
LINE
8
BLACK
6
CONTINUOUS
10
-0.2016152755905512
20
-0.3148383858267716
11
-0.2017120078740157
21
-0.3148191338582677
0
LINE
8
BLACK
6
CONTINUOUS
10
-0.2017120078740157
20
-0.3148191338582677
11
-0.2017548031496063
21
-0.3148334251968504
0
LINE
8
BLACK
6
CONTINUOUS
10
-0.2017548031496063
20
-0.3148334251968504
11
-0.2020591338582677
21
-0.3147500787401575
0
LINE
8
BLACK
6
CONTINUOUS
10
-0.2020591338582677
20
-0.3147500787401575
11
-0.2023685826771653
21
-0.3146885433070866
0
LINE
8
BLACK
6
CONTINUOUS
10
-0.2023685826771653
20
-0.3146885433070866
11
-0.2024005118110236
21
-0.3146566141732283
0
LINE
8
BLACK
6
CONTINUOUS
10
-0.2024005118110236
20
-0.3146566141732283
11
-0.2024955905511811
21
-0.3146305905511811
0
LINE
8
BLACK
6
CONTINUOUS
10
-0.2024955905511811
20
-0.3146305905511811
11
-0.2054952362204724
21
-0.313130748031496
0
LINE
8
BLACK
6
CONTINUOUS
10
-0.2054952362204724
20
-0.313130748031496
11
-0.2057442913385827
21
-0.3129374409448819
0
LINE
8
BLACK
6
CONTINUOUS
10
-0.2057442913385827
20
-0.3129374409448819
11
-0.2060068897637795
21
-0.3127620078740158
0
LINE
8
BLACK
6
CONTINUOUS
10
-0.2060068897637795
20
-0.3127620078740158
11
-0.2075066929133858
21
-0.3112621653543307
0
LINE
8
BLACK
6
CONTINUOUS
10
-0.2075066929133858
20
-0.3112621653543307
11
-0.2076820472440945
21
-0.3109997244094488
0
LINE
8
BLACK
6
CONTINUOUS
10
-0.2076820472440945
20
-0.3109997244094488
11
-0.2078753937007874
21
-0.3107505905511811
0
LINE
8
BLACK
6
CONTINUOUS
10
-0.2078753937007874
20
-0.3107505905511811
11
-0.2093751968503937
21
-0.3077509842519685
0
LINE
8
BLACK
6
CONTINUOUS
10
-0.2093751968503937
20
-0.3077509842519685
11
-0.2094012598425197
21
-0.3076558661417323
0
LINE
8
BLACK
6
CONTINUOUS
10
-0.2094012598425197
20
-0.3076558661417323
11
-0.2094331889763779
21
-0.307623937007874
0
LINE
8
BLACK
6
CONTINUOUS
10
-0.2094331889763779
20
-0.307623937007874
11
-0.2094947637795276
21
-0.3073144094488189
0
LINE
8
BLACK
6
CONTINUOUS
10
-0.2094947637795276
20
-0.3073144094488189
11
-0.2095780708661417
21
-0.3070101968503937
0
LINE
8
BLACK
6
CONTINUOUS
10
-0.2095780708661417
20
-0.3070101968503937
11
-0.2095638188976378
21
-0.3069673228346457
0
LINE
8
BLACK
6
CONTINUOUS
10
-0.2095638188976378
20
-0.3069673228346457
11
-0.209583031496063
21
-0.3068706299212599
0
LINE
8
BLACK
6
CONTINUOUS
10
-0.209583031496063
20
-0.3068706299212599
11
-0.209583031496063
21
-0.2993715748031496
0
LINE
8
BLACK
6
CONTINUOUS
10
-0.209583031496063
20
-0.2993715748031496
11
-0.2095638188976378
21
-0.2992748425196851
0
LINE
8
BLACK
6
CONTINUOUS
10
-0.2095638188976378
20
-0.2992748425196851
11
-0.2095780708661417
21
-0.2992320472440945
0
LINE
8
BLACK
6
CONTINUOUS
10
-0.2095780708661417
20
-0.2992320472440945
11
-0.2094948031496063
21
-0.2989279133858267
0
LINE
8
BLACK
6
CONTINUOUS
10
-0.2094948031496063
20
-0.2989279133858267
11
-0.2094331889763779
21
-0.2986182677165354
0
LINE
8
BLACK
6
CONTINUOUS
10
-0.2094331889763779
20
-0.2986182677165354
11
-0.2094012598425197
21
-0.2985862992125984
0
LINE
8
BLACK
6
CONTINUOUS
10
-0.2094012598425197
20
-0.2985862992125984
11
-0.2093751968503937
21
-0.2984912598425197
0
LINE
8
BLACK
6
CONTINUOUS
10
-0.2093751968503937
20
-0.2984912598425197
11
-0.2078753937007874
21
-0.2954915748031496
0
LINE
8
BLACK
6
CONTINUOUS
10
-0.2078753937007874
20
-0.2954915748031496
11
-0.207681968503937
21
-0.2952422834645669
0
LINE
8
BLACK
6
CONTINUOUS
10
-0.207681968503937
20
-0.2952422834645669
11
-0.2075066535433071
21
-0.29498
0
LINE
8
BLACK
6
CONTINUOUS
10
-0.2075066535433071
20
-0.29498
11
-0.2060068897637795
21
-0.2934801968503937
0
LINE
8
BLACK
6
CONTINUOUS
10
-0.2060068897637795
20
-0.2934801968503937
11
-0.2057441338582677
21
-0.2933046062992126
0
LINE
8
BLACK
6
CONTINUOUS
10
-0.2057441338582677
20
-0.2933046062992126
11
-0.2054952362204724
21
-0.2931114566929134
0
LINE
8
BLACK
6
CONTINUOUS
10
-0.2054952362204724
20
-0.2931114566929134
11
-0.2024955905511811
21
-0.2916116141732283
0
LINE
8
BLACK
6
CONTINUOUS
10
-0.2024955905511811
20
-0.2916116141732283
11
-0.2024005118110236
21
-0.2915855511811024
0
LINE
8
BLACK
6
CONTINUOUS
10
-0.2024005118110236
20
-0.2915855511811024
11
-0.2023685826771653
21
-0.2915536614173228
0
LINE
8
BLACK
6
CONTINUOUS
10
-0.2023685826771653
20
-0.2915536614173228
11
-0.2020591338582677
21
-0.2914920866141732
0
LINE
8
BLACK
6
CONTINUOUS
10
-0.2020591338582677
20
-0.2914920866141732
11
-0.2017548031496063
21
-0.2914087795275591
0
LINE
8
BLACK
6
CONTINUOUS
10
-0.2017548031496063
20
-0.2914087795275591
11
-0.2017120078740157
21
-0.291423031496063
0
LINE
8
BLACK
6
CONTINUOUS
10
-0.2017120078740157
20
-0.291423031496063
11
-0.2016152755905512
21
-0.2914038188976378
0
LINE
8
BLACK
6
CONTINUOUS
10
-0.2016152755905512
20
-0.2914038188976378
11
-0.2014540157480315
21
-0.2914038188976378
0
LINE
8
BLACK
6
CONTINUOUS
10
-0.2014540157480315
20
-0.2914038188976378
11
-0.2090959842519685
21
-0.2826700787401575
0
LINE
8
BLACK
6
CONTINUOUS
10
-0.2090959842519685
20
-0.2826700787401575
11
-0.2093753149606299
21
-0.282185
0
LINE
8
BLACK
6
CONTINUOUS
10
-0.2093753149606299
20
-0.282185
11
-0.2094331889763779
21
-0.2821271259842519
0
LINE
8
BLACK
6
CONTINUOUS
10
-0.2094331889763779
20
-0.2821271259842519
11
-0.2094331889763779
21
-0.2820844488188976
0
LINE
8
BLACK
6
CONTINUOUS
10
-0.2094331889763779
20
-0.2820844488188976
11
-0.2094792519685039
21
-0.2820044881889764
0
LINE
8
BLACK
6
CONTINUOUS
10
-0.2094792519685039
20
-0.2820044881889764
11
-0.2094331889763779
21
-0.2813133464566929
0
LINE
8
BLACK
6
CONTINUOUS
10
-0.2094331889763779
20
-0.2813133464566929
11
-0.2094331889763779
21
-0.2806205118110236
0
LINE
8
BLACK
6
CONTINUOUS
10
-0.2094331889763779
20
-0.2806205118110236
11
-0.2093837401574803
21
-0.2805710236220472
0
LINE
8
BLACK
6
CONTINUOUS
10
-0.2093837401574803
20
-0.2805710236220472
11
-0.2093790551181102
21
-0.2805011811023622
0
LINE
8
BLACK
6
CONTINUOUS
10
-0.2093790551181102
20
-0.2805011811023622
11
-0.2088576377952756
21
-0.2800449212598425
0
LINE
8
BLACK
6
CONTINUOUS
10
-0.2088576377952756
20
-0.2800449212598425
11
-0.2083678346456693
21
-0.279555157480315
0
LINE
8
BLACK
6
CONTINUOUS
10
-0.2083678346456693
20
-0.279555157480315
11
-0.2082772834645669
21
-0.279537125984252
0
LINE
8
BLACK
6
CONTINUOUS
10
-0.2082772834645669
20
-0.279537125984252
11
-0.2082451968503937
21
-0.2795090944881889
0
LINE
8
BLACK
6
CONTINUOUS
10
-0.2082451968503937
20
-0.2795090944881889
11
-0.2081636220472441
21
-0.2795145275590551
0
LINE
8
BLACK
6
CONTINUOUS
10
-0.2081636220472441
20
-0.2795145275590551
11
-0.2076145275590551
21
-0.2794053149606299
0
LINE
8
BLACK
6
CONTINUOUS
10
-0.2076145275590551
20
-0.2794053149606299
11
-0.188116968503937
21
-0.2794053149606299
0
LINE
8
BLACK
6
CONTINUOUS
10
-0.188116968503937
20
-0.2794053149606299
11
-0.1873636614173228
21
-0.279555157480315
0
LINE
8
BLACK
6
CONTINUOUS
10
-0.1333703937007874
20
-0.279555157480315
11
-0.1323050393700787
21
-0.2806205118110236
0
LINE
8
BLACK
6
CONTINUOUS
10
-0.1323050393700787
20
-0.2806205118110236
11
-0.1323050393700787
21
-0.2821271259842519
0
LINE
8
BLACK
6
CONTINUOUS
10
-0.1323050393700787
20
-0.2821271259842519
11
-0.1333703937007874
21
-0.2831924803149606
0
LINE
8
BLACK
6
CONTINUOUS
10
-0.1333703937007874
20
-0.2831924803149606
11
-0.1341237007874016
21
-0.2833423228346457
0
LINE
8
BLACK
6
CONTINUOUS
10
-0.1341237007874016
20
-0.2833423228346457
11
-0.1492831496062992
21
-0.2833423228346457
0
LINE
8
BLACK
6
CONTINUOUS
10
-0.1492831496062992
20
-0.2833423228346457
11
-0.1416411417322835
21
-0.292076062992126
0
LINE
8
BLACK
6
CONTINUOUS
10
-0.1416411417322835
20
-0.292076062992126
11
-0.1413617716535433
21
-0.2925611811023622
0
LINE
8
BLACK
6
CONTINUOUS
10
-0.1413617716535433
20
-0.2925611811023622
11
-0.141303937007874
21
-0.2926190157480315
0
LINE
8
BLACK
6
CONTINUOUS
10
-0.141303937007874
20
-0.2926190157480315
11
-0.141303937007874
21
-0.2926615748031496
0
LINE
8
BLACK
6
CONTINUOUS
10
-0.141303937007874
20
-0.2926615748031496
11
-0.1412578346456693
21
-0.2927416535433071
0
LINE
8
BLACK
6
CONTINUOUS
10
-0.1412578346456693
20
-0.2927416535433071
11
-0.141303937007874
21
-0.2934330708661417
0
LINE
8
BLACK
6
CONTINUOUS
10
-0.141303937007874
20
-0.2934330708661417
11
-0.141303937007874
21
-0.2941256299212598
0
LINE
8
BLACK
6
CONTINUOUS
10
-0.141303937007874
20
-0.2941256299212598
11
-0.1413534251968504
21
-0.2941750787401575
0
LINE
8
BLACK
6
CONTINUOUS
10
-0.1413534251968504
20
-0.2941750787401575
11
-0.1413580708661417
21
-0.2942449606299212
0
LINE
8
BLACK
6
CONTINUOUS
10
-0.1413580708661417
20
-0.2942449606299212
11
-0.1418796456692913
21
-0.2947013385826772
0
LINE
8
BLACK
6
CONTINUOUS
10
-0.1418796456692913
20
-0.2947013385826772
11
-0.1423692913385827
21
-0.2951909842519685
0
LINE
8
BLACK
6
CONTINUOUS
10
-0.1423692913385827
20
-0.2951909842519685
11
-0.142459842519685
21
-0.2952089763779527
0
LINE
8
BLACK
6
CONTINUOUS
10
-0.142459842519685
20
-0.2952089763779527
11
-0.1424919291338583
21
-0.2952370866141732
0
LINE
8
BLACK
6
CONTINUOUS
10
-0.1424919291338583
20
-0.2952370866141732
11
-0.1425737007874016
21
-0.2952316141732284
0
LINE
8
BLACK
6
CONTINUOUS
10
-0.1425737007874016
20
-0.2952316141732284
11
-0.1431225984251968
21
-0.2953408267716535
0
LINE
8
BLACK
6
CONTINUOUS
10
-0.1431225984251968
20
-0.2953408267716535
11
-0.1471573228346457
21
-0.2953408267716535
0
LINE
8
BLACK
6
CONTINUOUS
10
-0.1471573228346457
20
-0.2953408267716535
11
-0.1494555511811023
21
-0.2964898818897638
0
LINE
8
BLACK
6
CONTINUOUS
10
-0.1494555511811023
20
-0.2964898818897638
11
-0.1505036220472441
21
-0.2975379133858267
0
LINE
8
BLACK
6
CONTINUOUS
10
-0.1505036220472441
20
-0.2975379133858267
11
-0.1516527559055118
21
-0.299836220472441
0
LINE
8
BLACK
6
CONTINUOUS
10
-0.1516527559055118
20
-0.299836220472441
11
-0.1516527559055118
21
-0.3064059448818898
0
LINE
8
BLACK
6
CONTINUOUS
10
-0.1516527559055118
20
-0.3064059448818898
11
-0.1505036614173228
21
-0.3087041338582677
0
LINE
8
BLACK
6
CONTINUOUS
10
-0.1505036614173228
20
-0.3087041338582677
11
-0.1494555118110236
21
-0.3097522834645669
0
LINE
8
BLACK
6
CONTINUOUS
10
-0.1494555118110236
20
-0.3097522834645669
11
-0.1471573228346457
21
-0.3109013779527559
0
LINE
8
BLACK
6
CONTINUOUS
10
-0.1471573228346457
20
-0.3109013779527559
11
-0.1390877952755905
21
-0.3109013779527559
0
LINE
8
BLACK
6
CONTINUOUS
10
-0.1390877952755905
20
-0.3109013779527559
11
-0.1367896062992126
21
-0.3097522440944882
0
LINE
8
BLACK
6
CONTINUOUS
10
-0.1367896062992126
20
-0.3097522440944882
11
-0.1355156692913386
21
-0.3084783070866142
0
LINE
8
BLACK
6
CONTINUOUS
10
-0.1355156692913386
20
-0.3084783070866142
11
-0.1348770472440945
21
-0.3080516141732283
0
LINE
8
BLACK
6
CONTINUOUS
10
-0.1348770472440945
20
-0.3080516141732283
11
-0.1333703937007874
21
-0.3080515748031496
0
LINE
8
BLACK
6
CONTINUOUS
10
-0.1333703937007874
20
-0.3080515748031496
11
-0.1323050787401575
21
-0.3091168897637795
0
LINE
8
BLACK
6
CONTINUOUS
10
-0.1323050787401575
20
-0.3091168897637795
11
-0.1323050393700787
21
-0.3106235433070866
0
LINE
8
BLACK
6
CONTINUOUS
10
-0.1323050393700787
20
-0.3106235433070866
11
-0.1327317322834646
21
-0.3112621653543307
0
LINE
8
BLACK
6
CONTINUOUS
10
-0.1327317322834646
20
-0.3112621653543307
11
-0.1342315354330709
21
-0.3127620078740158
0
LINE
8
BLACK
6
CONTINUOUS
10
-0.1342315354330709
20
-0.3127620078740158
11
-0.1344941338582677
21
-0.3129374409448819
0
LINE
8
BLACK
6
CONTINUOUS
10
-0.1344941338582677
20
-0.3129374409448819
11
-0.1347431496062992
21
-0.313130748031496
0
LINE
8
BLACK
6
CONTINUOUS
10
-0.1347431496062992
20
-0.313130748031496
11
-0.1377428346456693
21
-0.3146305511811023
0
LINE
8
BLACK
6
CONTINUOUS
10
-0.1377428346456693
20
-0.3146305511811023
11
-0.1378379133858268
21
-0.3146565748031496
0
LINE
8
BLACK
6
CONTINUOUS
10
-0.1378379133858268
20
-0.3146565748031496
11
-0.137869842519685
21
-0.3146885433070866
0
LINE
8
BLACK
6
CONTINUOUS
10
-0.137869842519685
20
-0.3146885433070866
11
-0.1381795275590551
21
-0.3147501181102362
0
LINE
8
BLACK
6
CONTINUOUS
10
-0.1381795275590551
20
-0.3147501181102362
11
-0.1384836220472441
21
-0.3148334251968504
0
LINE
8
BLACK
6
CONTINUOUS
10
-0.1384836220472441
20
-0.3148334251968504
11
-0.1385264566929134
21
-0.3148191338582677
0
LINE
8
BLACK
6
CONTINUOUS
10
-0.1385264566929134
20
-0.3148191338582677
11
-0.1386231496062992
21
-0.3148383858267716
0
LINE
8
BLACK
6
CONTINUOUS
10
-0.1386231496062992
20
-0.3148383858267716
11
-0.1476220078740157
21
-0.3148383858267716
0
LINE
8
BLACK
6
CONTINUOUS
10
-0.1476220078740157
20
-0.3148383858267716
11
-0.1477187401574803
21
-0.3148191338582677
0
LINE
8
BLACK
6
CONTINUOUS
10
-0.1477187401574803
20
-0.3148191338582677
11
-0.1477615354330709
21
-0.3148334251968504
0
LINE
8
BLACK
6
CONTINUOUS
10
-0.1477615354330709
20
-0.3148334251968504
11
-0.1480658661417323
21
-0.3147500787401575
0
LINE
8
BLACK
6
CONTINUOUS
10
-0.1480658661417323
20
-0.3147500787401575
11
-0.1483753149606299
21
-0.3146885433070866
0
LINE
8
BLACK
6
CONTINUOUS
10
-0.1483753149606299
20
-0.3146885433070866
11
-0.1484072440944882
21
-0.3146566141732283
0
LINE
8
BLACK
6
CONTINUOUS
10
-0.1484072440944882
20
-0.3146566141732283
11
-0.1485023228346457
21
-0.3146305905511811
0
LINE
8
BLACK
6
CONTINUOUS
10
-0.1485023228346457
20
-0.3146305905511811
11
-0.151501968503937
21
-0.313130748031496
0
LINE
8
BLACK
6
CONTINUOUS
10
-0.151501968503937
20
-0.313130748031496
11
-0.1517510236220472
21
-0.3129374409448819
0
LINE
8
BLACK
6
CONTINUOUS
10
-0.1517510236220472
20
-0.3129374409448819
11
-0.1520136220472441
21
-0.3127620078740158
0
LINE
8
BLACK
6
CONTINUOUS
10
-0.1520136220472441
20
-0.3127620078740158
11
-0.1535134251968504
21
-0.3112621653543307
0
LINE
8
BLACK
6
CONTINUOUS
10
-0.1535134251968504
20
-0.3112621653543307
11
-0.153688779527559
21
-0.3109997244094488
0
LINE
8
BLACK
6
CONTINUOUS
10
-0.153688779527559
20
-0.3109997244094488
11
-0.153882125984252
21
-0.3107505905511811
0
LINE
8
BLACK
6
CONTINUOUS
10
-0.153882125984252
20
-0.3107505905511811
11
-0.1553819291338583
21
-0.3077509842519685
0
LINE
8
BLACK
6
CONTINUOUS
10
-0.1553819291338583
20
-0.3077509842519685
11
-0.1554079921259842
21
-0.3076558661417323
0
LINE
8
BLACK
6
CONTINUOUS
10
-0.1554079921259842
20
-0.3076558661417323
11
-0.1554399212598425
21
-0.307623937007874
0
LINE
8
BLACK
6
CONTINUOUS
10
-0.1554399212598425
20
-0.307623937007874
11
-0.1555014960629921
21
-0.3073144094488189
0
LINE
8
BLACK
6
CONTINUOUS
10
-0.1555014960629921
20
-0.3073144094488189
11
-0.1555848031496063
21
-0.3070101968503937
0
LINE
8
BLACK
6
CONTINUOUS
10
-0.1555848031496063
20
-0.3070101968503937
11
-0.1555705511811024
21
-0.3069673228346457
0
LINE
8
BLACK
6
CONTINUOUS
10
-0.1555705511811024
20
-0.3069673228346457
11
-0.1555897637795275
21
-0.3068706299212599
0
LINE
8
BLACK
6
CONTINUOUS
10
-0.1555897637795275
20
-0.3068706299212599
11
-0.1555897637795275
21
-0.2993715748031496
0
LINE
8
BLACK
6
CONTINUOUS
10
-0.1555897637795275
20
-0.2993715748031496
11
-0.1555705511811024
21
-0.2992748425196851
0
LINE
8
BLACK
6
CONTINUOUS
10
-0.1555705511811024
20
-0.2992748425196851
11
-0.1555848031496063
21
-0.2992320472440945
0
LINE
8
BLACK
6
CONTINUOUS
10
-0.1555848031496063
20
-0.2992320472440945
11
-0.1555015354330709
21
-0.2989279133858267
0
LINE
8
BLACK
6
CONTINUOUS
10
-0.1555015354330709
20
-0.2989279133858267
11
-0.1554399212598425
21
-0.2986182677165354
0
LINE
8
BLACK
6
CONTINUOUS
10
-0.1554399212598425
20
-0.2986182677165354
11
-0.1554079921259842
21
-0.2985862992125984
0
LINE
8
BLACK
6
CONTINUOUS
10
-0.1554079921259842
20
-0.2985862992125984
11
-0.1553819291338583
21
-0.2984912598425197
0
LINE
8
BLACK
6
CONTINUOUS
10
-0.1553819291338583
20
-0.2984912598425197
11
-0.153882125984252
21
-0.2954915748031496
0
LINE
8
BLACK
6
CONTINUOUS
10
-0.153882125984252
20
-0.2954915748031496
11
-0.1536887007874016
21
-0.2952422834645669
0
LINE
8
BLACK
6
CONTINUOUS
10
-0.1536887007874016
20
-0.2952422834645669
11
-0.1535133858267717
21
-0.29498
0
LINE
8
BLACK
6
CONTINUOUS
10
-0.1535133858267717
20
-0.29498
11
-0.1520136220472441
21
-0.2934801968503937
0
LINE
8
BLACK
6
CONTINUOUS
10
-0.1520136220472441
20
-0.2934801968503937
11
-0.1517508661417323
21
-0.2933046062992126
0
LINE
8
BLACK
6
CONTINUOUS
10
-0.1517508661417323
20
-0.2933046062992126
11
-0.151501968503937
21
-0.2931114566929134
0
LINE
8
BLACK
6
CONTINUOUS
10
-0.151501968503937
20
-0.2931114566929134
11
-0.1485023228346457
21
-0.2916116141732283
0
LINE
8
BLACK
6
CONTINUOUS
10
-0.1485023228346457
20
-0.2916116141732283
11
-0.1484072440944882
21
-0.2915855511811024
0
LINE
8
BLACK
6
CONTINUOUS
10
-0.1484072440944882
20
-0.2915855511811024
11
-0.1483753149606299
21
-0.2915536614173228
0
LINE
8
BLACK
6
CONTINUOUS
10
-0.1483753149606299
20
-0.2915536614173228
11
-0.1480658661417323
21
-0.2914920866141732
0
LINE
8
BLACK
6
CONTINUOUS
10
-0.1480658661417323
20
-0.2914920866141732
11
-0.1477615354330709
21
-0.2914087795275591
0
LINE
8
BLACK
6
CONTINUOUS
10
-0.1477615354330709
20
-0.2914087795275591
11
-0.1477187401574803
21
-0.291423031496063
0
LINE
8
BLACK
6
CONTINUOUS
10
-0.1477187401574803
20
-0.291423031496063
11
-0.1476220078740157
21
-0.2914038188976378
0
LINE
8
BLACK
6
CONTINUOUS
10
-0.1476220078740157
20
-0.2914038188976378
11
-0.1474607480314961
21
-0.2914038188976378
0
LINE
8
BLACK
6
CONTINUOUS
10
-0.1474607480314961
20
-0.2914038188976378
11
-0.1551027165354331
21
-0.2826700787401575
0
LINE
8
BLACK
6
CONTINUOUS
10
-0.1551027165354331
20
-0.2826700787401575
11
-0.1553820472440945
21
-0.282185
0
LINE
8
BLACK
6
CONTINUOUS
10
-0.1553820472440945
20
-0.282185
11
-0.1554399212598425
21
-0.2821271259842519
0
LINE
8
BLACK
6
CONTINUOUS
10
-0.1554399212598425
20
-0.2821271259842519
11
-0.1554399212598425
21
-0.2820844488188976
0
LINE
8
BLACK
6
CONTINUOUS
10
-0.1554399212598425
20
-0.2820844488188976
11
-0.1554859842519685
21
-0.2820044881889764
0
LINE
8
BLACK
6
CONTINUOUS
10
-0.1554859842519685
20
-0.2820044881889764
11
-0.1554399212598425
21
-0.2813133464566929
0
LINE
8
BLACK
6
CONTINUOUS
10
-0.1554399212598425
20
-0.2813133464566929
11
-0.1554399212598425
21
-0.2806205118110236
0
LINE
8
BLACK
6
CONTINUOUS
10
-0.1554399212598425
20
-0.2806205118110236
11
-0.1553904724409449
21
-0.2805710236220472
0
LINE
8
BLACK
6
CONTINUOUS
10
-0.1553904724409449
20
-0.2805710236220472
11
-0.1553857874015748
21
-0.2805011811023622
0
LINE
8
BLACK
6
CONTINUOUS
10
-0.1553857874015748
20
-0.2805011811023622
11
-0.1548643700787402
21
-0.2800449212598425
0
LINE
8
BLACK
6
CONTINUOUS
10
-0.1548643700787402
20
-0.2800449212598425
11
-0.1543745669291338
21
-0.279555157480315
0
LINE
8
BLACK
6
CONTINUOUS
10
-0.1543745669291338
20
-0.279555157480315
11
-0.1542840157480315
21
-0.279537125984252
0
LINE
8
BLACK
6
CONTINUOUS
10
-0.1542840157480315
20
-0.279537125984252
11
-0.1542519291338583
21
-0.2795090944881889
0
LINE
8
BLACK
6
CONTINUOUS
10
-0.1542519291338583
20
-0.2795090944881889
11
-0.1541703543307087
21
-0.2795145275590551
0
LINE
8
BLACK
6
CONTINUOUS
10
-0.1541703543307087
20
-0.2795145275590551
11
-0.1536212598425197
21
-0.2794053149606299
0
LINE
8
BLACK
6
CONTINUOUS
10
-0.1536212598425197
20
-0.2794053149606299
11
-0.1341237007874016
21
-0.2794053149606299
0
LINE
8
BLACK
6
CONTINUOUS
10
-0.1341237007874016
20
-0.2794053149606299
11
-0.1333703937007874
21
-0.279555157480315
0
LINE
8
BLACK
6
CONTINUOUS
10
-0.0858108661417323
20
-0.2806205118110236
11
-0.0856610236220472
21
-0.2813738188976378
0
LINE
8
BLACK
6
CONTINUOUS
10
-0.0856610236220472
20
-0.2813738188976378
11
-0.0856610236220472
21
-0.3128698818897638
0
LINE
8
BLACK
6
CONTINUOUS
10
-0.0856610236220472
20
-0.3128698818897638
11
-0.0858108661417323
21
-0.3136231889763779
0
LINE
8
BLACK
6
CONTINUOUS
10
-0.0858108661417323
20
-0.3136231889763779
11
-0.0868762204724409
21
-0.3146885433070866
0
LINE
8
BLACK
6
CONTINUOUS
10
-0.0868762204724409
20
-0.3146885433070866
11
-0.0876295275590551
21
-0.3148383858267716
0
LINE
8
BLACK
6
CONTINUOUS
10
-0.0876295275590551
20
-0.3148383858267716
11
-0.1026276377952756
21
-0.3148383858267716
0
LINE
8
BLACK
6
CONTINUOUS
10
-0.1026276377952756
20
-0.3148383858267716
11
-0.1033809448818898
21
-0.3146885433070866
0
LINE
8
BLACK
6
CONTINUOUS
10
-0.1033809448818898
20
-0.3146885433070866
11
-0.1044462992125984
21
-0.3136231889763779
0
LINE
8
BLACK
6
CONTINUOUS
10
-0.1044462992125984
20
-0.3136231889763779
11
-0.1044462992125984
21
-0.3121165748031496
0
LINE
8
BLACK
6
CONTINUOUS
10
-0.1044462992125984
20
-0.3121165748031496
11
-0.1033809448818898
21
-0.3110512204724409
0
LINE
8
BLACK
6
CONTINUOUS
10
-0.1033809448818898
20
-0.3110512204724409
11
-0.1026276377952756
21
-0.3109013779527559
0
LINE
8
BLACK
6
CONTINUOUS
10
-0.1026276377952756
20
-0.3109013779527559
11
-0.089598031496063
21
-0.3109013779527559
0
LINE
8
BLACK
6
CONTINUOUS
10
-0.089598031496063
20
-0.3109013779527559
11
-0.089598031496063
21
-0.2813738188976378
0
LINE
8
BLACK
6
CONTINUOUS
10
-0.089598031496063
20
-0.2813738188976378
11
-0.0894481889763779
21
-0.2806205118110236
0
LINE
8
BLACK
6
CONTINUOUS
10
-0.0894481889763779
20
-0.2806205118110236
11
-0.0883828346456693
21
-0.279555157480315
0
LINE
8
BLACK
6
CONTINUOUS
10
-0.0883828346456693
20
-0.279555157480315
11
-0.0868762204724409
21
-0.279555157480315
0
LINE
8
BLACK
6
CONTINUOUS
10
-0.0868762204724409
20
-0.279555157480315
11
-0.0858108661417323
21
-0.2806205118110236
0
LINE
8
BLACK
6
CONTINUOUS
10
-0.0648227952755906
20
-0.2794668503937008
11
-0.064509842519685
21
-0.2795063385826771
0
LINE
8
BLACK
6
CONTINUOUS
10
-0.064509842519685
20
-0.2795063385826771
11
-0.0600103937007874
21
-0.2810061417322834
0
LINE
8
BLACK
6
CONTINUOUS
10
-0.0600103937007874
20
-0.2810061417322834
11
-0.0599247637795276
21
-0.2810549606299212
0
LINE
8
BLACK
6
CONTINUOUS
10
-0.0599247637795276
20
-0.2810549606299212
11
-0.0598795669291339
21
-0.2810549606299212
0
LINE
8
BLACK
6
CONTINUOUS
10
-0.0598795669291339
20
-0.2810549606299212
11
-0.0596173622047244
21
-0.2812301574803149
0
LINE
8
BLACK
6
CONTINUOUS
10
-0.0596173622047244
20
-0.2812301574803149
11
-0.0593431102362205
21
-0.2813864960629921
0
LINE
8
BLACK
6
CONTINUOUS
10
-0.0593431102362205
20
-0.2813864960629921
11
-0.0593229133858268
21
-0.2814269291338583
0
LINE
8
BLACK
6
CONTINUOUS
10
-0.0593229133858268
20
-0.2814269291338583
11
-0.0592409448818898
21
-0.2814816929133858
0
LINE
8
BLACK
6
CONTINUOUS
10
-0.0592409448818898
20
-0.2814816929133858
11
-0.0562413385826772
21
-0.2844812992125984
0
LINE
8
BLACK
6
CONTINUOUS
10
-0.0562413385826772
20
-0.2844812992125984
11
-0.0560659842519685
21
-0.2847437401574803
0
LINE
8
BLACK
6
CONTINUOUS
10
-0.0560659842519685
20
-0.2847437401574803
11
-0.0558725984251969
21
-0.2849929133858268
0
LINE
8
BLACK
6
CONTINUOUS
10
-0.0558725984251969
20
-0.2849929133858268
11
-0.0543727559055118
21
-0.2879925590551181
0
LINE
8
BLACK
6
CONTINUOUS
10
-0.0543727559055118
20
-0.2879925590551181
11
-0.0543158267716535
21
-0.2882005118110236
0
LINE
8
BLACK
6
CONTINUOUS
10
-0.0543158267716535
20
-0.2882005118110236
11
-0.0542237401574803
21
-0.2883954330708661
0
LINE
8
BLACK
6
CONTINUOUS
10
-0.0542237401574803
20
-0.2883954330708661
11
-0.0527238976377953
21
-0.2943946850393701
0
LINE
8
BLACK
6
CONTINUOUS
10
-0.0527238976377953
20
-0.2943946850393701
11
-0.0527122047244094
21
-0.2946355118110236
0
LINE
8
BLACK
6
CONTINUOUS
10
-0.0527122047244094
20
-0.2946355118110236
11
-0.0526651181102362
21
-0.2948721259842519
0
LINE
8
BLACK
6
CONTINUOUS
10
-0.0526651181102362
20
-0.2948721259842519
11
-0.0526651181102362
21
-0.2993715748031496
0
LINE
8
BLACK
6
CONTINUOUS
10
-0.0526651181102362
20
-0.2993715748031496
11
-0.0527122047244094
21
-0.2996081496062992
0
LINE
8
BLACK
6
CONTINUOUS
10
-0.0527122047244094
20
-0.2996081496062992
11
-0.0527238976377953
21
-0.2998490157480315
0
LINE
8
BLACK
6
CONTINUOUS
10
-0.0527238976377953
20
-0.2998490157480315
11
-0.0542237401574803
21
-0.3058482677165354
0
LINE
8
BLACK
6
CONTINUOUS
10
-0.0542237401574803
20
-0.3058482677165354
11
-0.0543158661417323
21
-0.3060432283464567
0
LINE
8
BLACK
6
CONTINUOUS
10
-0.0543158661417323
20
-0.3060432283464567
11
-0.0543727952755906
21
-0.3062511811023622
0
LINE
8
BLACK
6
CONTINUOUS
10
-0.0543727952755906
20
-0.3062511811023622
11
-0.0558725984251969
21
-0.3092507874015748
0
LINE
8
BLACK
6
CONTINUOUS
10
-0.0558725984251969
20
-0.3092507874015748
11
-0.0560659842519685
21
-0.3094999212598425
0
LINE
8
BLACK
6
CONTINUOUS
10
-0.0560659842519685
20
-0.3094999212598425
11
-0.0562412992125984
21
-0.3097623622047244
0
LINE
8
BLACK
6
CONTINUOUS
10
-0.0562412992125984
20
-0.3097623622047244
11
-0.059240905511811
21
-0.3127620078740158
0
LINE
8
BLACK
6
CONTINUOUS
10
-0.059240905511811
20
-0.3127620078740158
11
-0.0593229133858268
21
-0.3128167716535433
0
LINE
8
BLACK
6
CONTINUOUS
10
-0.0593229133858268
20
-0.3128167716535433
11
-0.0593431102362205
21
-0.3128572047244094
0
LINE
8
BLACK
6
CONTINUOUS
10
-0.0593431102362205
20
-0.3128572047244094
11
-0.0596170866141732
21
-0.3130133464566929
0
LINE
8
BLACK
6
CONTINUOUS
10
-0.0596170866141732
20
-0.3130133464566929
11
-0.0598795275590551
21
-0.3131887401574803
0
LINE
8
BLACK
6
CONTINUOUS
10
-0.0598795275590551
20
-0.3131887401574803
11
-0.0599247637795276
21
-0.3131887401574803
0
LINE
8
BLACK
6
CONTINUOUS
10
-0.0599247637795276
20
-0.3131887401574803
11
-0.0600103937007874
21
-0.3132375590551181
0
LINE
8
BLACK
6
CONTINUOUS
10
-0.0600103937007874
20
-0.3132375590551181
11
-0.064509842519685
21
-0.3147373622047244
0
LINE
8
BLACK
6
CONTINUOUS
10
-0.064509842519685
20
-0.3147373622047244
11
-0.0648227952755906
21
-0.314776811023622
0
LINE
8
BLACK
6
CONTINUOUS
10
-0.0648227952755906
20
-0.314776811023622
11
-0.0651323228346457
21
-0.3148383858267716
0
LINE
8
BLACK
6
CONTINUOUS
10
-0.0651323228346457
20
-0.3148383858267716
11
-0.068131968503937
21
-0.3148383858267716
0
LINE
8
BLACK
6
CONTINUOUS
10
-0.068131968503937
20
-0.3148383858267716
11
-0.0684415354330709
21
-0.314776811023622
0
LINE
8
BLACK
6
CONTINUOUS
10
-0.0684415354330709
20
-0.314776811023622
11
-0.0687544488188976
21
-0.3147373622047244
0
LINE
8
BLACK
6
CONTINUOUS
10
-0.0687544488188976
20
-0.3147373622047244
11
-0.0732538582677165
21
-0.3132375590551181
0
LINE
8
BLACK
6
CONTINUOUS
10
-0.0732538582677165
20
-0.3132375590551181
11
-0.0733394881889764
21
-0.3131887401574803
0
LINE
8
BLACK
6
CONTINUOUS
10
-0.0733394881889764
20
-0.3131887401574803
11
-0.0733846850393701
21
-0.3131887401574803
0
LINE
8
BLACK
6
CONTINUOUS
10
-0.0733846850393701
20
-0.3131887401574803
11
-0.0736469291338583
21
-0.3130135039370079
0
LINE
8
BLACK
6
CONTINUOUS
10
-0.0736469291338583
20
-0.3130135039370079
11
-0.0739211417322835
21
-0.3128572047244094
0
LINE
8
BLACK
6
CONTINUOUS
10
-0.0739211417322835
20
-0.3128572047244094
11
-0.0739413779527559
21
-0.3128167322834646
0
LINE
8
BLACK
6
CONTINUOUS
10
-0.0739413779527559
20
-0.3128167322834646
11
-0.0740233070866142
21
-0.3127620078740158
0
LINE
8
BLACK
6
CONTINUOUS
10
-0.0740233070866142
20
-0.3127620078740158
11
-0.0755231496062992
21
-0.3112621653543307
0
LINE
8
BLACK
6
CONTINUOUS
10
-0.0755231496062992
20
-0.3112621653543307
11
-0.0759498818897638
21
-0.3106235433070866
0
LINE
8
BLACK
6
CONTINUOUS
10
-0.0759498818897638
20
-0.3106235433070866
11
-0.0759498818897638
21
-0.3091169291338582
0
LINE
8
BLACK
6
CONTINUOUS
10
-0.0759498818897638
20
-0.3091169291338582
11
-0.0748845275590551
21
-0.3080515748031496
0
LINE
8
BLACK
6
CONTINUOUS
10
-0.0748845275590551
20
-0.3080515748031496
11
-0.0733779133858268
21
-0.3080515748031496
0
LINE
8
BLACK
6
CONTINUOUS
10
-0.0733779133858268
20
-0.3080515748031496
11
-0.0727392913385827
21
-0.3084783070866142
0
LINE
8
BLACK
6
CONTINUOUS
10
-0.0727392913385827
20
-0.3084783070866142
11
-0.0715680708661417
21
-0.3096495275590551
0
LINE
8
BLACK
6
CONTINUOUS
10
-0.0715680708661417
20
-0.3096495275590551
11
-0.0678125590551181
21
-0.3109013779527559
0
LINE
8
BLACK
6
CONTINUOUS
10
-0.0678125590551181
20
-0.3109013779527559
11
-0.0654517322834646
21
-0.3109013779527559
0
LINE
8
BLACK
6
CONTINUOUS
10
-0.0654517322834646
20
-0.3109013779527559
11
-0.0616962598425197
21
-0.3096495275590551
0
LINE
8
BLACK
6
CONTINUOUS
10
-0.0616962598425197
20
-0.3096495275590551
11
-0.0592511023622047
21
-0.3072044094488189
0
LINE
8
BLACK
6
CONTINUOUS
10
-0.0592511023622047
20
-0.3072044094488189
11
-0.0579907874015748
21
-0.3046837401574803
0
LINE
8
BLACK
6
CONTINUOUS
10
-0.0579907874015748
20
-0.3046837401574803
11
-0.056602125984252
21
-0.2991292125984252
0
LINE
8
BLACK
6
CONTINUOUS
10
-0.056602125984252
20
-0.2991292125984252
11
-0.056602125984252
21
-0.2951144488188976
0
LINE
8
BLACK
6
CONTINUOUS
10
-0.056602125984252
20
-0.2951144488188976
11
-0.0579908267716535
21
-0.2895598818897638
0
LINE
8
BLACK
6
CONTINUOUS
10
-0.0579908267716535
20
-0.2895598818897638
11
-0.0592511023622047
21
-0.2870392519685039
0
LINE
8
BLACK
6
CONTINUOUS
10
-0.0592511023622047
20
-0.2870392519685039
11
-0.0616962204724409
21
-0.2845941338582677
0
LINE
8
BLACK
6
CONTINUOUS
10
-0.0616962204724409
20
-0.2845941338582677
11
-0.0654517322834646
21
-0.2833423228346457
0
LINE
8
BLACK
6
CONTINUOUS
10
-0.0654517322834646
20
-0.2833423228346457
11
-0.0678125590551181
21
-0.2833423228346457
0
LINE
8
BLACK
6
CONTINUOUS
10
-0.0678125590551181
20
-0.2833423228346457
11
-0.071568031496063
21
-0.2845941338582677
0
LINE
8
BLACK
6
CONTINUOUS
10
-0.071568031496063
20
-0.2845941338582677
11
-0.0727392913385827
21
-0.2857653937007874
0
LINE
8
BLACK
6
CONTINUOUS
10
-0.0727392913385827
20
-0.2857653937007874
11
-0.0733779133858268
21
-0.2861920866141732
0
LINE
8
BLACK
6
CONTINUOUS
10
-0.0733779133858268
20
-0.2861920866141732
11
-0.0748845669291339
21
-0.2861920866141732
0
LINE
8
BLACK
6
CONTINUOUS
10
-0.0748845669291339
20
-0.2861920866141732
11
-0.0759498818897638
21
-0.2851267322834646
0
LINE
8
BLACK
6
CONTINUOUS
10
-0.0759498818897638
20
-0.2851267322834646
11
-0.0759498818897638
21
-0.2836200787401575
0
LINE
8
BLACK
6
CONTINUOUS
10
-0.0759498818897638
20
-0.2836200787401575
11
-0.0755231496062992
21
-0.2829814566929134
0
LINE
8
BLACK
6
CONTINUOUS
10
-0.0755231496062992
20
-0.2829814566929134
11
-0.0740233070866142
21
-0.2814816535433071
0
LINE
8
BLACK
6
CONTINUOUS
10
-0.0740233070866142
20
-0.2814816535433071
11
-0.0739413385826772
21
-0.2814268503937008
0
LINE
8
BLACK
6
CONTINUOUS
10
-0.0739413385826772
20
-0.2814268503937008
11
-0.0739211417322835
21
-0.2813864960629921
0
LINE
8
BLACK
6
CONTINUOUS
10
-0.0739211417322835
20
-0.2813864960629921
11
-0.073647125984252
21
-0.2812302755905512
0
LINE
8
BLACK
6
CONTINUOUS
10
-0.073647125984252
20
-0.2812302755905512
11
-0.0733846850393701
21
-0.2810549606299212
0
LINE
8
BLACK
6
CONTINUOUS
10
-0.0733846850393701
20
-0.2810549606299212
11
-0.0733395275590551
21
-0.2810549606299212
0
LINE
8
BLACK
6
CONTINUOUS
10
-0.0733395275590551
20
-0.2810549606299212
11
-0.0732538582677165
21
-0.2810061417322834
0
LINE
8
BLACK
6
CONTINUOUS
10
-0.0732538582677165
20
-0.2810061417322834
11
-0.0687544488188976
21
-0.2795063385826771
0
LINE
8
BLACK
6
CONTINUOUS
10
-0.0687544488188976
20
-0.2795063385826771
11
-0.0684415354330709
21
-0.2794668503937008
0
LINE
8
BLACK
6
CONTINUOUS
10
-0.0684415354330709
20
-0.2794668503937008
11
-0.068131968503937
21
-0.2794053149606299
0
LINE
8
BLACK
6
CONTINUOUS
10
-0.068131968503937
20
-0.2794053149606299
11
-0.0651323228346457
21
-0.2794053149606299
0
LINE
8
BLACK
6
CONTINUOUS
10
-0.0651323228346457
20
-0.2794053149606299
11
-0.0648227952755906
21
-0.2794668503937008
0
LINE
8
BLACK
6
CONTINUOUS
10
-0.0305399212598425
20
-0.2794245275590551
11
-0.0304970472440945
21
-0.2794102755905511
0
LINE
8
BLACK
6
CONTINUOUS
10
-0.0304970472440945
20
-0.2794102755905511
11
-0.0301928346456693
21
-0.2794935826771653
0
LINE
8
BLACK
6
CONTINUOUS
10
-0.0301928346456693
20
-0.2794935826771653
11
-0.0298833070866142
21
-0.279555157480315
0
LINE
8
BLACK
6
CONTINUOUS
10
-0.0298833070866142
20
-0.279555157480315
11
-0.0298513779527559
21
-0.2795870866141732
0
LINE
8
BLACK
6
CONTINUOUS
10
-0.0298513779527559
20
-0.2795870866141732
11
-0.0297562598425197
21
-0.2796131496062992
0
LINE
8
BLACK
6
CONTINUOUS
10
-0.0297562598425197
20
-0.2796131496062992
11
-0.0267566535433071
21
-0.2811129527559055
0
LINE
8
BLACK
6
CONTINUOUS
10
-0.0267566535433071
20
-0.2811129527559055
11
-0.0265072834645669
21
-0.2813064566929134
0
LINE
8
BLACK
6
CONTINUOUS
10
-0.0265072834645669
20
-0.2813064566929134
11
-0.0262450787401575
21
-0.2814816929133858
0
LINE
8
BLACK
6
CONTINUOUS
10
-0.0262450787401575
20
-0.2814816929133858
11
-0.0247452755905512
21
-0.2829814566929134
0
LINE
8
BLACK
6
CONTINUOUS
10
-0.0247452755905512
20
-0.2829814566929134
11
-0.0245699212598425
21
-0.2832438976377953
0
LINE
8
BLACK
6
CONTINUOUS
10
-0.0245699212598425
20
-0.2832438976377953
11
-0.0243765354330709
21
-0.2834930708661417
0
LINE
8
BLACK
6
CONTINUOUS
10
-0.0243765354330709
20
-0.2834930708661417
11
-0.0228766929133858
21
-0.2864927165354331
0
LINE
8
BLACK
6
CONTINUOUS
10
-0.0228766929133858
20
-0.2864927165354331
11
-0.0228506692913386
21
-0.2865877952755905
0
LINE
8
BLACK
6
CONTINUOUS
10
-0.0228506692913386
20
-0.2865877952755905
11
-0.0228187007874016
21
-0.2866197637795275
0
LINE
8
BLACK
6
CONTINUOUS
10
-0.0228187007874016
20
-0.2866197637795275
11
-0.0227571653543307
21
-0.2869292519685039
0
LINE
8
BLACK
6
CONTINUOUS
10
-0.0227571653543307
20
-0.2869292519685039
11
-0.0226738188976378
21
-0.2872335039370079
0
LINE
8
BLACK
6
CONTINUOUS
10
-0.0226738188976378
20
-0.2872335039370079
11
-0.0226881102362205
21
-0.2872763385826771
0
LINE
8
BLACK
6
CONTINUOUS
10
-0.0226881102362205
20
-0.2872763385826771
11
-0.0226688582677165
21
-0.2873730708661417
0
LINE
8
BLACK
6
CONTINUOUS
10
-0.0226688582677165
20
-0.2873730708661417
11
-0.0226688582677165
21
-0.2903726771653543
0
LINE
8
BLACK
6
CONTINUOUS
10
-0.0226688582677165
20
-0.2903726771653543
11
-0.0226881102362205
21
-0.2904693700787401
0
LINE
8
BLACK
6
CONTINUOUS
10
-0.0226881102362205
20
-0.2904693700787401
11
-0.0226738188976378
21
-0.2905122440944882
0
LINE
8
BLACK
6
CONTINUOUS
10
-0.0226738188976378
20
-0.2905122440944882
11
-0.0227571653543307
21
-0.2908164566929134
0
LINE
8
BLACK
6
CONTINUOUS
10
-0.0227571653543307
20
-0.2908164566929134
11
-0.0228187007874016
21
-0.2911259842519685
0
LINE
8
BLACK
6
CONTINUOUS
10
-0.0228187007874016
20
-0.2911259842519685
11
-0.0228506692913386
21
-0.2911579133858267
0
LINE
8
BLACK
6
CONTINUOUS
10
-0.0228506692913386
20
-0.2911579133858267
11
-0.0228766929133858
21
-0.291253031496063
0
LINE
8
BLACK
6
CONTINUOUS
10
-0.0228766929133858
20
-0.291253031496063
11
-0.0243765354330709
21
-0.2942526771653543
0
LINE
8
BLACK
6
CONTINUOUS
10
-0.0243765354330709
20
-0.2942526771653543
11
-0.0245699212598425
21
-0.2945018110236221
0
LINE
8
BLACK
6
CONTINUOUS
10
-0.0245699212598425
20
-0.2945018110236221
11
-0.0247452755905512
21
-0.2947642913385827
0
LINE
8
BLACK
6
CONTINUOUS
10
-0.0247452755905512
20
-0.2947642913385827
11
-0.0262450787401575
21
-0.2962640551181102
0
LINE
8
BLACK
6
CONTINUOUS
10
-0.0262450787401575
20
-0.2962640551181102
11
-0.0265072834645669
21
-0.2964392519685039
0
LINE
8
BLACK
6
CONTINUOUS
10
-0.0265072834645669
20
-0.2964392519685039
11
-0.0267566535433071
21
-0.2966327952755906
0
LINE
8
BLACK
6
CONTINUOUS
10
-0.0267566535433071
20
-0.2966327952755906
11
-0.0297562598425197
21
-0.2981325984251968
0
LINE
8
BLACK
6
CONTINUOUS
10
-0.0297562598425197
20
-0.2981325984251968
11
-0.0299642125984252
21
-0.2981895275590551
0
LINE
8
BLACK
6
CONTINUOUS
10
-0.0299642125984252
20
-0.2981895275590551
11
-0.0301591732283465
21
-0.2982816535433071
0
LINE
8
BLACK
6
CONTINUOUS
10
-0.0301591732283465
20
-0.2982816535433071
11
-0.0359488188976378
21
-0.2997290157480315
0
LINE
8
BLACK
6
CONTINUOUS
10
-0.0359488188976378
20
-0.2997290157480315
11
-0.0384694488188976
21
-0.3009893700787402
0
LINE
8
BLACK
6
CONTINUOUS
10
-0.0384694488188976
20
-0.3009893700787402
11
-0.0395175196850394
21
-0.3020374015748031
0
LINE
8
BLACK
6
CONTINUOUS
10
-0.0395175196850394
20
-0.3020374015748031
11
-0.0406666141732283
21
-0.3043356692913386
0
LINE
8
BLACK
6
CONTINUOUS
10
-0.0406666141732283
20
-0.3043356692913386
11
-0.0406666141732283
21
-0.3064059448818898
0
LINE
8
BLACK
6
CONTINUOUS
10
-0.0406666141732283
20
-0.3064059448818898
11
-0.0395175196850394
21
-0.3087041338582677
0
LINE
8
BLACK
6
CONTINUOUS
10
-0.0395175196850394
20
-0.3087041338582677
11
-0.0384693700787402
21
-0.3097522834645669
0
LINE
8
BLACK
6
CONTINUOUS
10
-0.0384693700787402
20
-0.3097522834645669
11
-0.0361711811023622
21
-0.3109013779527559
0
LINE
8
BLACK
6
CONTINUOUS
10
-0.0361711811023622
20
-0.3109013779527559
11
-0.0294562204724409
21
-0.3109013779527559
0
LINE
8
BLACK
6
CONTINUOUS
10
-0.0294562204724409
20
-0.3109013779527559
11
-0.025259842519685
21
-0.3095025984251968
0
LINE
8
BLACK
6
CONTINUOUS
10
-0.025259842519685
20
-0.3095025984251968
11
-0.0244978346456693
21
-0.3094065354330708
0
LINE
8
BLACK
6
CONTINUOUS
10
-0.0244978346456693
20
-0.3094065354330708
11
-0.0231502362204724
21
-0.3100803149606299
0
LINE
8
BLACK
6
CONTINUOUS
10
-0.0231502362204724
20
-0.3100803149606299
11
-0.0226738188976378
21
-0.3115096062992126
0
LINE
8
BLACK
6
CONTINUOUS
10
-0.0226738188976378
20
-0.3115096062992126
11
-0.0233475984251969
21
-0.3128572047244094
0
LINE
8
BLACK
6
CONTINUOUS
10
-0.0233475984251969
20
-0.3128572047244094
11
-0.0240148818897638
21
-0.3132375590551181
0
LINE
8
BLACK
6
CONTINUOUS
10
-0.0240148818897638
20
-0.3132375590551181
11
-0.0285143307086614
21
-0.3147373622047244
0
LINE
8
BLACK
6
CONTINUOUS
10
-0.0285143307086614
20
-0.3147373622047244
11
-0.0288272834645669
21
-0.314776811023622
0
LINE
8
BLACK
6
CONTINUOUS
10
-0.0288272834645669
20
-0.314776811023622
11
-0.029136811023622
21
-0.3148383858267716
0
LINE
8
BLACK
6
CONTINUOUS
10
-0.029136811023622
20
-0.3148383858267716
11
-0.0366358661417323
21
-0.3148383858267716
0
LINE
8
BLACK
6
CONTINUOUS
10
-0.0366358661417323
20
-0.3148383858267716
11
-0.0367325984251968
21
-0.3148191338582677
0
LINE
8
BLACK
6
CONTINUOUS
10
-0.0367325984251968
20
-0.3148191338582677
11
-0.0367753937007874
21
-0.3148334251968504
0
LINE
8
BLACK
6
CONTINUOUS
10
-0.0367753937007874
20
-0.3148334251968504
11
-0.0370797244094488
21
-0.3147500787401575
0
LINE
8
BLACK
6
CONTINUOUS
10
-0.0370797244094488
20
-0.3147500787401575
11
-0.0373891732283465
21
-0.3146885433070866
0
LINE
8
BLACK
6
CONTINUOUS
10
-0.0373891732283465
20
-0.3146885433070866
11
-0.0374211023622047
21
-0.3146566141732283
0
LINE
8
BLACK
6
CONTINUOUS
10
-0.0374211023622047
20
-0.3146566141732283
11
-0.0375161811023622
21
-0.3146305905511811
0
LINE
8
BLACK
6
CONTINUOUS
10
-0.0375161811023622
20
-0.3146305905511811
11
-0.0405158267716535
21
-0.313130748031496
0
LINE
8
BLACK
6
CONTINUOUS
10
-0.0405158267716535
20
-0.313130748031496
11
-0.0407648818897638
21
-0.3129374409448819
0
LINE
8
BLACK
6
CONTINUOUS
10
-0.0407648818897638
20
-0.3129374409448819
11
-0.0410274803149606
21
-0.3127620078740158
0
LINE
8
BLACK
6
CONTINUOUS
10
-0.0410274803149606
20
-0.3127620078740158
11
-0.0425272834645669
21
-0.3112621653543307
0
LINE
8
BLACK
6
CONTINUOUS
10
-0.0425272834645669
20
-0.3112621653543307
11
-0.0427026377952756
21
-0.3109997244094488
0
LINE
8
BLACK
6
CONTINUOUS
10
-0.0427026377952756
20
-0.3109997244094488
11
-0.0428959842519685
21
-0.3107505905511811
0
LINE
8
BLACK
6
CONTINUOUS
10
-0.0428959842519685
20
-0.3107505905511811
11
-0.0443957874015748
21
-0.3077509842519685
0
LINE
8
BLACK
6
CONTINUOUS
10
-0.0443957874015748
20
-0.3077509842519685
11
-0.0444218503937008
21
-0.3076558661417323
0
LINE
8
BLACK
6
CONTINUOUS
10
-0.0444218503937008
20
-0.3076558661417323
11
-0.0444537795275591
21
-0.307623937007874
0
LINE
8
BLACK
6
CONTINUOUS
10
-0.0444537795275591
20
-0.307623937007874
11
-0.0445153543307087
21
-0.3073144094488189
0
LINE
8
BLACK
6
CONTINUOUS
10
-0.0445153543307087
20
-0.3073144094488189
11
-0.0445986614173228
21
-0.3070101968503937
0
LINE
8
BLACK
6
CONTINUOUS
10
-0.0445986614173228
20
-0.3070101968503937
11
-0.0445844094488189
21
-0.3069673228346457
0
LINE
8
BLACK
6
CONTINUOUS
10
-0.0445844094488189
20
-0.3069673228346457
11
-0.0446036220472441
21
-0.3068706299212599
0
LINE
8
BLACK
6
CONTINUOUS
10
-0.0446036220472441
20
-0.3068706299212599
11
-0.0446036220472441
21
-0.3038709842519685
0
LINE
8
BLACK
6
CONTINUOUS
10
-0.0446036220472441
20
-0.3038709842519685
11
-0.0445844094488189
21
-0.3037742519685039
0
LINE
8
BLACK
6
CONTINUOUS
10
-0.0445844094488189
20
-0.3037742519685039
11
-0.0445986614173228
21
-0.3037314173228347
0
LINE
8
BLACK
6
CONTINUOUS
10
-0.0445986614173228
20
-0.3037314173228347
11
-0.0445153543307087
21
-0.3034271653543307
0
LINE
8
BLACK
6
CONTINUOUS
10
-0.0445153543307087
20
-0.3034271653543307
11
-0.0444537795275591
21
-0.3031176771653543
0
LINE
8
BLACK
6
CONTINUOUS
10
-0.0444537795275591
20
-0.3031176771653543
11
-0.0444218503937008
21
-0.3030857086614173
0
LINE
8
BLACK
6
CONTINUOUS
10
-0.0444218503937008
20
-0.3030857086614173
11
-0.0443957874015748
21
-0.3029906299212599
0
LINE
8
BLACK
6
CONTINUOUS
10
-0.0443957874015748
20
-0.3029906299212599
11
-0.0428959842519685
21
-0.2999910236220472
0
LINE
8
BLACK
6
CONTINUOUS
10
-0.0428959842519685
20
-0.2999910236220472
11
-0.0427024803149606
21
-0.2997416141732284
0
LINE
8
BLACK
6
CONTINUOUS
10
-0.0427024803149606
20
-0.2997416141732284
11
-0.0425272440944882
21
-0.2994794488188977
0
LINE
8
BLACK
6
CONTINUOUS
10
-0.0425272440944882
20
-0.2994794488188977
11
-0.0410274803149606
21
-0.2979796456692913
0
LINE
8
BLACK
6
CONTINUOUS
10
-0.0410274803149606
20
-0.2979796456692913
11
-0.0407650393700787
21
-0.2978042519685039
0
LINE
8
BLACK
6
CONTINUOUS
10
-0.0407650393700787
20
-0.2978042519685039
11
-0.0405158661417323
21
-0.297610905511811
0
LINE
8
BLACK
6
CONTINUOUS
10
-0.0405158661417323
20
-0.297610905511811
11
-0.0375162204724409
21
-0.296111062992126
0
LINE
8
BLACK
6
CONTINUOUS
10
-0.0375162204724409
20
-0.296111062992126
11
-0.0373083070866142
21
-0.296054094488189
0
LINE
8
BLACK
6
CONTINUOUS
10
-0.0373083070866142
20
-0.296054094488189
11
-0.0371133070866142
21
-0.2959620078740157
0
LINE
8
BLACK
6
CONTINUOUS
10
-0.0371133070866142
20
-0.2959620078740157
11
-0.0313237007874016
21
-0.2945146062992126
0
LINE
8
BLACK
6
CONTINUOUS
10
-0.0313237007874016
20
-0.2945146062992126
11
-0.0288030708661417
21
-0.2932542913385827
0
LINE
8
BLACK
6
CONTINUOUS
10
-0.0288030708661417
20
-0.2932542913385827
11
-0.0277550393700787
21
-0.2922062204724409
0
LINE
8
BLACK
6
CONTINUOUS
10
-0.0277550393700787
20
-0.2922062204724409
11
-0.0266058661417323
21
-0.2899079527559055
0
LINE
8
BLACK
6
CONTINUOUS
10
-0.0266058661417323
20
-0.2899079527559055
11
-0.0266058661417323
21
-0.2878377559055118
0
LINE
8
BLACK
6
CONTINUOUS
10
-0.0266058661417323
20
-0.2878377559055118
11
-0.0277550393700787
21
-0.2855394881889764
0
LINE
8
BLACK
6
CONTINUOUS
10
-0.0277550393700787
20
-0.2855394881889764
11
-0.0288030708661417
21
-0.2844914173228346
0
LINE
8
BLACK
6
CONTINUOUS
10
-0.0288030708661417
20
-0.2844914173228346
11
-0.0311012992125984
21
-0.2833423228346457
0
LINE
8
BLACK
6
CONTINUOUS
10
-0.0311012992125984
20
-0.2833423228346457
11
-0.0378162992125984
21
-0.2833423228346457
0
LINE
8
BLACK
6
CONTINUOUS
10
-0.0378162992125984
20
-0.2833423228346457
11
-0.0420126377952756
21
-0.2847411023622047
0
LINE
8
BLACK
6
CONTINUOUS
10
-0.0420126377952756
20
-0.2847411023622047
11
-0.0427746456692913
21
-0.2848371653543307
0
LINE
8
BLACK
6
CONTINUOUS
10
-0.0427746456692913
20
-0.2848371653543307
11
-0.0441222440944882
21
-0.2841633858267716
0
LINE
8
BLACK
6
CONTINUOUS
10
-0.0441222440944882
20
-0.2841633858267716
11
-0.0445986614173228
21
-0.282734094488189
0
LINE
8
BLACK
6
CONTINUOUS
10
-0.0445986614173228
20
-0.282734094488189
11
-0.0439248818897638
21
-0.2813864960629921
0
LINE
8
BLACK
6
CONTINUOUS
10
-0.0439248818897638
20
-0.2813864960629921
11
-0.0432575984251969
21
-0.2810061417322834
0
LINE
8
BLACK
6
CONTINUOUS
10
-0.0432575984251969
20
-0.2810061417322834
11
-0.0387581889763779
21
-0.2795063385826771
0
LINE
8
BLACK
6
CONTINUOUS
10
-0.0387581889763779
20
-0.2795063385826771
11
-0.0384452755905512
21
-0.2794668503937008
0
LINE
8
BLACK
6
CONTINUOUS
10
-0.0384452755905512
20
-0.2794668503937008
11
-0.0381357086614173
21
-0.2794053149606299
0
LINE
8
BLACK
6
CONTINUOUS
10
-0.0381357086614173
20
-0.2794053149606299
11
-0.0306366141732283
21
-0.2794053149606299
0
LINE
8
BLACK
6
CONTINUOUS
10
-0.0306366141732283
20
-0.2794053149606299
11
-0.0305399212598425
21
-0.2794245275590551
0
LINE
8
BLACK
6
CONTINUOUS
10
0.0301091732283465
20
-0.279555157480315
11
0.0311745275590551
21
-0.2806205118110236
0
LINE
8
BLACK
6
CONTINUOUS
10
0.0311745275590551
20
-0.2806205118110236
11
0.0313243700787402
21
-0.2813738188976378
0
LINE
8
BLACK
6
CONTINUOUS
10
0.0313243700787402
20
-0.2813738188976378
11
0.0313243700787402
21
-0.3128698818897638
0
LINE
8
BLACK
6
CONTINUOUS
10
0.0313243700787402
20
-0.3128698818897638
11
0.0311745275590551
21
-0.3136231889763779
0
LINE
8
BLACK
6
CONTINUOUS
10
0.0311745275590551
20
-0.3136231889763779
11
0.0301091732283465
21
-0.3146885433070866
0
LINE
8
BLACK
6
CONTINUOUS
10
0.0301091732283465
20
-0.3146885433070866
11
0.0293558661417323
21
-0.3148383858267716
0
LINE
8
BLACK
6
CONTINUOUS
10
0.0293558661417323
20
-0.3148383858267716
11
0.021856811023622
21
-0.3148383858267716
0
LINE
8
BLACK
6
CONTINUOUS
10
0.021856811023622
20
-0.3148383858267716
11
0.0215472440944882
21
-0.314776811023622
0
LINE
8
BLACK
6
CONTINUOUS
10
0.0215472440944882
20
-0.314776811023622
11
0.0212343307086614
21
-0.3147373622047244
0
LINE
8
BLACK
6
CONTINUOUS
10
0.0212343307086614
20
-0.3147373622047244
11
0.0167348818897638
21
-0.3132375590551181
0
LINE
8
BLACK
6
CONTINUOUS
10
0.0167348818897638
20
-0.3132375590551181
11
0.0166492519685039
21
-0.3131887401574803
0
LINE
8
BLACK
6
CONTINUOUS
10
0.0166492519685039
20
-0.3131887401574803
11
0.0166040551181102
21
-0.3131887401574803
0
LINE
8
BLACK
6
CONTINUOUS
10
0.0166040551181102
20
-0.3131887401574803
11
0.016341811023622
21
-0.3130135039370079
0
LINE
8
BLACK
6
CONTINUOUS
10
0.016341811023622
20
-0.3130135039370079
11
0.0160675984251968
21
-0.3128572047244094
0
LINE
8
BLACK
6
CONTINUOUS
10
0.0160675984251968
20
-0.3128572047244094
11
0.0160473622047244
21
-0.3128167322834646
0
LINE
8
BLACK
6
CONTINUOUS
10
0.0160473622047244
20
-0.3128167322834646
11
0.0159654330708661
21
-0.3127620078740158
0
LINE
8
BLACK
6
CONTINUOUS
10
0.0159654330708661
20
-0.3127620078740158
11
0.0129657874015748
21
-0.3097623622047244
0
LINE
8
BLACK
6
CONTINUOUS
10
0.0129657874015748
20
-0.3097623622047244
11
0.0127904330708661
21
-0.3094999212598425
0
LINE
8
BLACK
6
CONTINUOUS
10
0.0127904330708661
20
-0.3094999212598425
11
0.0125970866141732
21
-0.3092507874015748
0
LINE
8
BLACK
6
CONTINUOUS
10
0.0125970866141732
20
-0.3092507874015748
11
0.0110972834645669
21
-0.3062511811023622
0
LINE
8
BLACK
6
CONTINUOUS
10
0.0110972834645669
20
-0.3062511811023622
11
0.0110403149606299
21
-0.3060432283464567
0
LINE
8
BLACK
6
CONTINUOUS
10
0.0110403149606299
20
-0.3060432283464567
11
0.0109482283464567
21
-0.3058482677165354
0
LINE
8
BLACK
6
CONTINUOUS
10
0.0109482283464567
20
-0.3058482677165354
11
0.0094483858267717
21
-0.2998490157480315
0
LINE
8
BLACK
6
CONTINUOUS
10
0.0094483858267717
20
-0.2998490157480315
11
0.0094366535433071
21
-0.2996081496062992
0
LINE
8
BLACK
6
CONTINUOUS
10
0.0094366535433071
20
-0.2996081496062992
11
0.0093896062992126
21
-0.2993715748031496
0
LINE
8
BLACK
6
CONTINUOUS
10
0.0093896062992126
20
-0.2993715748031496
11
0.0093896062992126
21
-0.2948721259842519
0
LINE
8
BLACK
6
CONTINUOUS
10
0.0093896062992126
20
-0.2948721259842519
11
0.0094366535433071
21
-0.2946355118110236
0
LINE
8
BLACK
6
CONTINUOUS
10
0.0094366535433071
20
-0.2946355118110236
11
0.0094483858267717
21
-0.2943946850393701
0
LINE
8
BLACK
6
CONTINUOUS
10
0.0094483858267717
20
-0.2943946850393701
11
0.0109482283464567
21
-0.2883954330708661
0
LINE
8
BLACK
6
CONTINUOUS
10
0.0109482283464567
20
-0.2883954330708661
11
0.0110403543307087
21
-0.2882003543307087
0
LINE
8
BLACK
6
CONTINUOUS
10
0.0110403543307087
20
-0.2882003543307087
11
0.0110972834645669
21
-0.2879925590551181
0
LINE
8
BLACK
6
CONTINUOUS
10
0.0110972834645669
20
-0.2879925590551181
11
0.0125970866141732
21
-0.284992874015748
0
LINE
8
BLACK
6
CONTINUOUS
10
0.0125970866141732
20
-0.284992874015748
11
0.0127905118110236
21
-0.2847435826771654
0
LINE
8
BLACK
6
CONTINUOUS
10
0.0127905118110236
20
-0.2847435826771654
11
0.0129658267716535
21
-0.2844812992125984
0
LINE
8
BLACK
6
CONTINUOUS
10
0.0129658267716535
20
-0.2844812992125984
11
0.0159654330708661
21
-0.2814816929133858
0
LINE
8
BLACK
6
CONTINUOUS
10
0.0159654330708661
20
-0.2814816929133858
11
0.0160473622047244
21
-0.2814269291338583
0
LINE
8
BLACK
6
CONTINUOUS
10
0.0160473622047244
20
-0.2814269291338583
11
0.0160675984251968
21
-0.2813864960629921
0
LINE
8
BLACK
6
CONTINUOUS
10
0.0160675984251968
20
-0.2813864960629921
11
0.016341811023622
21
-0.2812301574803149
0
LINE
8
BLACK
6
CONTINUOUS
10
0.016341811023622
20
-0.2812301574803149
11
0.0166040551181102
21
-0.2810549606299212
0
LINE
8
BLACK
6
CONTINUOUS
10
0.0166040551181102
20
-0.2810549606299212
11
0.0166492519685039
21
-0.2810549606299212
0
LINE
8
BLACK
6
CONTINUOUS
10
0.0166492519685039
20
-0.2810549606299212
11
0.0167348818897638
21
-0.2810061417322834
0
LINE
8
BLACK
6
CONTINUOUS
10
0.0167348818897638
20
-0.2810061417322834
11
0.0212343307086614
21
-0.2795063385826771
0
LINE
8
BLACK
6
CONTINUOUS
10
0.0212343307086614
20
-0.2795063385826771
11
0.0215472440944882
21
-0.2794668503937008
0
LINE
8
BLACK
6
CONTINUOUS
10
0.0215472440944882
20
-0.2794668503937008
11
0.021856811023622
21
-0.2794053149606299
0
LINE
8
BLACK
6
CONTINUOUS
10
0.021856811023622
20
-0.2794053149606299
11
0.0293558661417323
21
-0.2794053149606299
0
LINE
8
BLACK
6
CONTINUOUS
10
0.0293558661417323
20
-0.2794053149606299
11
0.0301091732283465
21
-0.279555157480315
0
LINE
8
BLACK
6
CONTINUOUS
10
0.0184206692913386
20
-0.2845941338582677
11
0.0159755905511811
21
-0.2870392125984252
0
LINE
8
BLACK
6
CONTINUOUS
10
0.0159755905511811
20
-0.2870392125984252
11
0.0147152755905512
21
-0.289559842519685
0
LINE
8
BLACK
6
CONTINUOUS
10
0.0147152755905512
20
-0.289559842519685
11
0.0133266141732283
21
-0.2951144488188976
0
LINE
8
BLACK
6
CONTINUOUS
10
0.0133266141732283
20
-0.2951144488188976
11
0.0133266141732283
21
-0.2991292125984252
0
LINE
8
BLACK
6
CONTINUOUS
10
0.0133266141732283
20
-0.2991292125984252
11
0.0147152362204724
21
-0.3046837401574803
0
LINE
8
BLACK
6
CONTINUOUS
10
0.0147152362204724
20
-0.3046837401574803
11
0.0159755511811024
21
-0.3072043307086614
0
LINE
8
BLACK
6
CONTINUOUS
10
0.0159755511811024
20
-0.3072043307086614
11
0.0184207480314961
21
-0.3096495669291339
0
LINE
8
BLACK
6
CONTINUOUS
10
0.0184207480314961
20
-0.3096495669291339
11
0.0221762204724409
21
-0.3109013779527559
0
LINE
8
BLACK
6
CONTINUOUS
10
0.0221762204724409
20
-0.3109013779527559
11
0.0273873622047244
21
-0.3109013779527559
0
LINE
8
BLACK
6
CONTINUOUS
10
0.0273873622047244
20
-0.3109013779527559
11
0.0273873622047244
21
-0.2833423228346457
0
LINE
8
BLACK
6
CONTINUOUS
10
0.0273873622047244
20
-0.2833423228346457
11
0.0221762204724409
21
-0.2833423228346457
0
LINE
8
BLACK
6
CONTINUOUS
10
0.0221762204724409
20
-0.2833423228346457
11
0.0184206692913386
21
-0.2845941338582677
0
LINE
8
BLACK
6
CONTINUOUS
10
0.0851584645669291
20
-0.2794668503937008
11
0.0854714173228346
21
-0.2795063385826771
0
LINE
8
BLACK
6
CONTINUOUS
10
0.0854714173228346
20
-0.2795063385826771
11
0.0899708661417323
21
-0.2810061417322834
0
LINE
8
BLACK
6
CONTINUOUS
10
0.0899708661417323
20
-0.2810061417322834
11
0.0900564960629921
21
-0.2810549606299212
0
LINE
8
BLACK
6
CONTINUOUS
10
0.0900564960629921
20
-0.2810549606299212
11
0.0901016929133858
21
-0.2810549606299212
0
LINE
8
BLACK
6
CONTINUOUS
10
0.0901016929133858
20
-0.2810549606299212
11
0.0903638976377953
21
-0.2812301574803149
0
LINE
8
BLACK
6
CONTINUOUS
10
0.0903638976377953
20
-0.2812301574803149
11
0.0906381496062992
21
-0.2813864960629921
0
LINE
8
BLACK
6
CONTINUOUS
10
0.0906381496062992
20
-0.2813864960629921
11
0.0906583464566929
21
-0.2814269291338583
0
LINE
8
BLACK
6
CONTINUOUS
10
0.0906583464566929
20
-0.2814269291338583
11
0.0907403149606299
21
-0.2814816929133858
0
LINE
8
BLACK
6
CONTINUOUS
10
0.0907403149606299
20
-0.2814816929133858
11
0.0937399212598425
21
-0.2844812992125984
0
LINE
8
BLACK
6
CONTINUOUS
10
0.0937399212598425
20
-0.2844812992125984
11
0.0939152755905512
21
-0.2847437401574803
0
LINE
8
BLACK
6
CONTINUOUS
10
0.0939152755905512
20
-0.2847437401574803
11
0.0941086614173228
21
-0.2849929133858268
0
LINE
8
BLACK
6
CONTINUOUS
10
0.0941086614173228
20
-0.2849929133858268
11
0.0956085039370079
21
-0.2879925590551181
0
LINE
8
BLACK
6
CONTINUOUS
10
0.0956085039370079
20
-0.2879925590551181
11
0.0956654330708661
21
-0.2882005118110236
0
LINE
8
BLACK
6
CONTINUOUS
10
0.0956654330708661
20
-0.2882005118110236
11
0.0957575196850394
21
-0.2883954330708661
0
LINE
8
BLACK
6
CONTINUOUS
10
0.0957575196850394
20
-0.2883954330708661
11
0.0972573622047244
21
-0.2943946850393701
0
LINE
8
BLACK
6
CONTINUOUS
10
0.0972573622047244
20
-0.2943946850393701
11
0.0972690551181102
21
-0.2946355118110236
0
LINE
8
BLACK
6
CONTINUOUS
10
0.0972690551181102
20
-0.2946355118110236
11
0.0973161417322835
21
-0.2948721259842519
0
LINE
8
BLACK
6
CONTINUOUS
10
0.0973161417322835
20
-0.2948721259842519
11
0.0973161417322835
21
-0.2993715748031496
0
LINE
8
BLACK
6
CONTINUOUS
10
0.0973161417322835
20
-0.2993715748031496
11
0.0972690551181102
21
-0.2996081496062992
0
LINE
8
BLACK
6
CONTINUOUS
10
0.0972690551181102
20
-0.2996081496062992
11
0.0972573622047244
21
-0.2998490157480315
0
LINE
8
BLACK
6
CONTINUOUS
10
0.0972573622047244
20
-0.2998490157480315
11
0.0957575196850394
21
-0.3058482677165354
0
LINE
8
BLACK
6
CONTINUOUS
10
0.0957575196850394
20
-0.3058482677165354
11
0.0956653937007874
21
-0.3060432283464567
0
LINE
8
BLACK
6
CONTINUOUS
10
0.0956653937007874
20
-0.3060432283464567
11
0.0956084645669291
21
-0.3062511811023622
0
LINE
8
BLACK
6
CONTINUOUS
10
0.0956084645669291
20
-0.3062511811023622
11
0.0941086614173228
21
-0.3092507874015748
0
LINE
8
BLACK
6
CONTINUOUS
10
0.0941086614173228
20
-0.3092507874015748
11
0.0939152755905512
21
-0.3094999212598425
0
LINE
8
BLACK
6
CONTINUOUS
10
0.0939152755905512
20
-0.3094999212598425
11
0.0937399606299213
21
-0.3097623622047244
0
LINE
8
BLACK
6
CONTINUOUS
10
0.0937399606299213
20
-0.3097623622047244
11
0.0907403543307087
21
-0.3127620078740158
0
LINE
8
BLACK
6
CONTINUOUS
10
0.0907403543307087
20
-0.3127620078740158
11
0.0906583464566929
21
-0.3128167716535433
0
LINE
8
BLACK
6
CONTINUOUS
10
0.0906583464566929
20
-0.3128167716535433
11
0.0906381496062992
21
-0.3128572047244094
0
LINE
8
BLACK
6
CONTINUOUS
10
0.0906381496062992
20
-0.3128572047244094
11
0.0903641732283465
21
-0.3130133464566929
0
LINE
8
BLACK
6
CONTINUOUS
10
0.0903641732283465
20
-0.3130133464566929
11
0.0901017322834646
21
-0.3131887401574803
0
LINE
8
BLACK
6
CONTINUOUS
10
0.0901017322834646
20
-0.3131887401574803
11
0.0900564960629921
21
-0.3131887401574803
0
LINE
8
BLACK
6
CONTINUOUS
10
0.0900564960629921
20
-0.3131887401574803
11
0.0899708661417323
21
-0.3132375590551181
0
LINE
8
BLACK
6
CONTINUOUS
10
0.0899708661417323
20
-0.3132375590551181
11
0.0854714173228346
21
-0.3147373622047244
0
LINE
8
BLACK
6
CONTINUOUS
10
0.0854714173228346
20
-0.3147373622047244
11
0.0851584645669291
21
-0.314776811023622
0
LINE
8
BLACK
6
CONTINUOUS
10
0.0851584645669291
20
-0.314776811023622
11
0.084848937007874
21
-0.3148383858267716
0
LINE
8
BLACK
6
CONTINUOUS
10
0.084848937007874
20
-0.3148383858267716
11
0.0818492913385827
21
-0.3148383858267716
0
LINE
8
BLACK
6
CONTINUOUS
10
0.0818492913385827
20
-0.3148383858267716
11
0.0815397244094488
21
-0.314776811023622
0
LINE
8
BLACK
6
CONTINUOUS
10
0.0815397244094488
20
-0.314776811023622
11
0.081226811023622
21
-0.3147373622047244
0
LINE
8
BLACK
6
CONTINUOUS
10
0.081226811023622
20
-0.3147373622047244
11
0.0767274015748032
21
-0.3132375590551181
0
LINE
8
BLACK
6
CONTINUOUS
10
0.0767274015748032
20
-0.3132375590551181
11
0.0766417716535433
21
-0.3131887401574803
0
LINE
8
BLACK
6
CONTINUOUS
10
0.0766417716535433
20
-0.3131887401574803
11
0.0765965748031496
21
-0.3131887401574803
0
LINE
8
BLACK
6
CONTINUOUS
10
0.0765965748031496
20
-0.3131887401574803
11
0.0763343307086614
21
-0.3130135039370079
0
LINE
8
BLACK
6
CONTINUOUS
10
0.0763343307086614
20
-0.3130135039370079
11
0.0760601181102362
21
-0.3128572047244094
0
LINE
8
BLACK
6
CONTINUOUS
10
0.0760601181102362
20
-0.3128572047244094
11
0.0760398818897638
21
-0.3128167322834646
0
LINE
8
BLACK
6
CONTINUOUS
10
0.0760398818897638
20
-0.3128167322834646
11
0.0759579527559055
21
-0.3127620078740158
0
LINE
8
BLACK
6
CONTINUOUS
10
0.0759579527559055
20
-0.3127620078740158
11
0.0744581102362205
21
-0.3112621653543307
0
LINE
8
BLACK
6
CONTINUOUS
10
0.0744581102362205
20
-0.3112621653543307
11
0.0740313779527559
21
-0.3106235433070866
0
LINE
8
BLACK
6
CONTINUOUS
10
0.0740313779527559
20
-0.3106235433070866
11
0.0738815354330709
21
-0.3098702362204724
0
LINE
8
BLACK
6
CONTINUOUS
10
0.0738815354330709
20
-0.3098702362204724
11
0.0738815354330709
21
-0.2993715748031496
0
LINE
8
BLACK
6
CONTINUOUS
10
0.0738815354330709
20
-0.2993715748031496
11
0.0740313779527559
21
-0.2986182677165354
0
LINE
8
BLACK
6
CONTINUOUS
10
0.0740313779527559
20
-0.2986182677165354
11
0.0750967322834646
21
-0.2975529133858268
0
LINE
8
BLACK
6
CONTINUOUS
10
0.0750967322834646
20
-0.2975529133858268
11
0.0758500393700787
21
-0.2974030708661417
0
LINE
8
BLACK
6
CONTINUOUS
10
0.0758500393700787
20
-0.2974030708661417
11
0.0818492913385827
21
-0.2974030708661417
0
LINE
8
BLACK
6
CONTINUOUS
10
0.0818492913385827
20
-0.2974030708661417
11
0.0826025984251968
21
-0.2975529133858268
0
LINE
8
BLACK
6
CONTINUOUS
10
0.0826025984251968
20
-0.2975529133858268
11
0.0836679527559055
21
-0.2986182677165354
0
LINE
8
BLACK
6
CONTINUOUS
10
0.0836679527559055
20
-0.2986182677165354
11
0.0836679527559055
21
-0.3001248818897638
0
LINE
8
BLACK
6
CONTINUOUS
10
0.0836679527559055
20
-0.3001248818897638
11
0.0826025984251968
21
-0.3011902362204724
0
LINE
8
BLACK
6
CONTINUOUS
10
0.0826025984251968
20
-0.3011902362204724
11
0.0818492913385827
21
-0.3013400787401574
0
LINE
8
BLACK
6
CONTINUOUS
10
0.0818492913385827
20
-0.3013400787401574
11
0.0778185433070866
21
-0.3013400787401574
0
LINE
8
BLACK
6
CONTINUOUS
10
0.0778185433070866
20
-0.3013400787401574
11
0.0778185433070866
21
-0.3090548818897638
0
LINE
8
BLACK
6
CONTINUOUS
10
0.0778185433070866
20
-0.3090548818897638
11
0.0784131889763779
21
-0.3096495275590551
0
LINE
8
BLACK
6
CONTINUOUS
10
0.0784131889763779
20
-0.3096495275590551
11
0.0821687007874016
21
-0.3109013779527559
0
LINE
8
BLACK
6
CONTINUOUS
10
0.0821687007874016
20
-0.3109013779527559
11
0.0845295275590551
21
-0.3109013779527559
0
LINE
8
BLACK
6
CONTINUOUS
10
0.0845295275590551
20
-0.3109013779527559
11
0.088285
21
-0.3096495275590551
0
LINE
8
BLACK
6
CONTINUOUS
10
0.088285
20
-0.3096495275590551
11
0.090730157480315
21
-0.3072044094488189
0
LINE
8
BLACK
6
CONTINUOUS
10
0.090730157480315
20
-0.3072044094488189
11
0.0919904724409449
21
-0.3046837401574803
0
LINE
8
BLACK
6
CONTINUOUS
10
0.0919904724409449
20
-0.3046837401574803
11
0.0933791338582677
21
-0.2991292125984252
0
LINE
8
BLACK
6
CONTINUOUS
10
0.0933791338582677
20
-0.2991292125984252
11
0.0933791338582677
21
-0.2951144488188976
0
LINE
8
BLACK
6
CONTINUOUS
10
0.0933791338582677
20
-0.2951144488188976
11
0.0919904330708661
21
-0.2895598818897638
0
LINE
8
BLACK
6
CONTINUOUS
10
0.0919904330708661
20
-0.2895598818897638
11
0.090730157480315
21
-0.2870392519685039
0
LINE
8
BLACK
6
CONTINUOUS
10
0.090730157480315
20
-0.2870392519685039
11
0.0882850393700787
21
-0.2845941338582677
0
LINE
8
BLACK
6
CONTINUOUS
10
0.0882850393700787
20
-0.2845941338582677
11
0.0845295275590551
21
-0.2833423228346457
0
LINE
8
BLACK
6
CONTINUOUS
10
0.0845295275590551
20
-0.2833423228346457
11
0.0808141732283465
21
-0.2833423228346457
0
LINE
8
BLACK
6
CONTINUOUS
10
0.0808141732283465
20
-0.2833423228346457
11
0.0782302362204724
21
-0.2846342913385826
0
LINE
8
BLACK
6
CONTINUOUS
10
0.0782302362204724
20
-0.2846342913385826
11
0.0774894488188976
21
-0.2848371653543307
0
LINE
8
BLACK
6
CONTINUOUS
10
0.0774894488188976
20
-0.2848371653543307
11
0.0760601181102362
21
-0.2843607480314961
0
LINE
8
BLACK
6
CONTINUOUS
10
0.0760601181102362
20
-0.2843607480314961
11
0.0753863385826772
21
-0.2830131889763779
0
LINE
8
BLACK
6
CONTINUOUS
10
0.0753863385826772
20
-0.2830131889763779
11
0.0758627559055118
21
-0.2815838582677165
0
LINE
8
BLACK
6
CONTINUOUS
10
0.0758627559055118
20
-0.2815838582677165
11
0.0764695275590551
21
-0.2811129527559055
0
LINE
8
BLACK
6
CONTINUOUS
10
0.0764695275590551
20
-0.2811129527559055
11
0.0794691338582677
21
-0.2796131496062992
0
LINE
8
BLACK
6
CONTINUOUS
10
0.0794691338582677
20
-0.2796131496062992
11
0.0795642125984252
21
-0.2795870866141732
0
LINE
8
BLACK
6
CONTINUOUS
10
0.0795642125984252
20
-0.2795870866141732
11
0.0795961811023622
21
-0.279555157480315
0
LINE
8
BLACK
6
CONTINUOUS
10
0.0795961811023622
20
-0.279555157480315
11
0.0799056692913386
21
-0.2794935826771653
0
LINE
8
BLACK
6
CONTINUOUS
10
0.0799056692913386
20
-0.2794935826771653
11
0.0802099212598425
21
-0.2794102755905511
0
LINE
8
BLACK
6
CONTINUOUS
10
0.0802099212598425
20
-0.2794102755905511
11
0.0802527559055118
21
-0.2794245275590551
0
LINE
8
BLACK
6
CONTINUOUS
10
0.0802527559055118
20
-0.2794245275590551
11
0.0803494881889764
21
-0.2794053149606299
0
LINE
8
BLACK
6
CONTINUOUS
10
0.0803494881889764
20
-0.2794053149606299
11
0.084848937007874
21
-0.2794053149606299
0
LINE
8
BLACK
6
CONTINUOUS
10
0.084848937007874
20
-0.2794053149606299
11
0.0851584645669291
21
-0.2794668503937008
0
LINE
8
BLACK
6
CONTINUOUS
10
-0.1627988582677165
20
-0.2904131496062992
11
-0.1621538976377953
21
-0.2917747244094488
0
LINE
8
BLACK
6
CONTINUOUS
10
-0.1621538976377953
20
-0.2917747244094488
11
-0.1622661417322835
21
-0.2925345669291339
0
LINE
8
BLACK
6
CONTINUOUS
10
-0.1622661417322835
20
-0.2925345669291339
11
-0.1697651968503937
21
-0.313531968503937
0
LINE
8
BLACK
6
CONTINUOUS
10
-0.1697651968503937
20
-0.313531968503937
11
-0.1701596850393701
21
-0.3141909842519685
0
LINE
8
BLACK
6
CONTINUOUS
10
-0.1701596850393701
20
-0.3141909842519685
11
-0.1702535039370079
21
-0.3142353937007874
0
LINE
8
BLACK
6
CONTINUOUS
10
-0.1702535039370079
20
-0.3142353937007874
11
-0.1702979133858268
21
-0.3143292125984252
0
LINE
8
BLACK
6
CONTINUOUS
10
-0.1702979133858268
20
-0.3143292125984252
11
-0.1709221653543307
21
-0.314552125984252
0
LINE
8
BLACK
6
CONTINUOUS
10
-0.1709221653543307
20
-0.314552125984252
11
-0.1715212598425197
21
-0.3148359448818898
0
LINE
8
BLACK
6
CONTINUOUS
10
-0.1715212598425197
20
-0.3148359448818898
11
-0.1716190157480315
21
-0.3148010236220473
0
LINE
8
BLACK
6
CONTINUOUS
10
-0.1716190157480315
20
-0.3148010236220473
11
-0.1717167716535433
21
-0.3148359448818898
0
LINE
8
BLACK
6
CONTINUOUS
10
-0.1717167716535433
20
-0.3148359448818898
11
-0.172315905511811
21
-0.314552125984252
0
LINE
8
BLACK
6
CONTINUOUS
10
-0.172315905511811
20
-0.314552125984252
11
-0.1729401181102362
21
-0.3143292125984252
0
LINE
8
BLACK
6
CONTINUOUS
10
-0.1729401181102362
20
-0.3143292125984252
11
-0.1729845669291339
21
-0.3142353937007874
0
LINE
8
BLACK
6
CONTINUOUS
10
-0.1729845669291339
20
-0.3142353937007874
11
-0.1730783464566929
21
-0.3141909842519685
0
LINE
8
BLACK
6
CONTINUOUS
10
-0.1730783464566929
20
-0.3141909842519685
11
-0.1734728346456693
21
-0.313531968503937
0
LINE
8
BLACK
6
CONTINUOUS
10
-0.1734728346456693
20
-0.313531968503937
11
-0.1809719291338583
21
-0.2925345669291339
0
LINE
8
BLACK
6
CONTINUOUS
10
-0.1809719291338583
20
-0.2925345669291339
11
-0.1810841732283464
21
-0.2917747244094488
0
LINE
8
BLACK
6
CONTINUOUS
10
-0.1810841732283464
20
-0.2917747244094488
11
-0.1804392125984252
21
-0.2904131496062992
0
LINE
8
BLACK
6
CONTINUOUS
10
-0.1804392125984252
20
-0.2904131496062992
11
-0.1790203543307086
21
-0.2899064173228346
0
LINE
8
BLACK
6
CONTINUOUS
10
-0.1790203543307086
20
-0.2899064173228346
11
-0.177658779527559
21
-0.2905513779527559
0
LINE
8
BLACK
6
CONTINUOUS
10
-0.177658779527559
20
-0.2905513779527559
11
-0.1772642913385827
21
-0.2912103937007874
0
LINE
8
BLACK
6
CONTINUOUS
10
-0.1772642913385827
20
-0.2912103937007874
11
-0.1716190551181102
21
-0.3070170866141732
0
LINE
8
BLACK
6
CONTINUOUS
10
-0.1716190551181102
20
-0.3070170866141732
11
-0.165973779527559
21
-0.2912103937007874
0
LINE
8
BLACK
6
CONTINUOUS
10
-0.165973779527559
20
-0.2912103937007874
11
-0.1655792913385827
21
-0.2905513779527559
0
LINE
8
BLACK
6
CONTINUOUS
10
-0.1655792913385827
20
-0.2905513779527559
11
-0.1642177165354331
21
-0.2899064173228346
0
LINE
8
BLACK
6
CONTINUOUS
10
-0.1642177165354331
20
-0.2899064173228346
11
-0.1627988582677165
21
-0.2904131496062992
0
LINE
8
BLACK
6
CONTINUOUS
10
-0.3119038188976378
20
-0.2796892913385827
11
-0.3113116929133858
21
-0.2798866929133858
0
LINE
8
BLACK
6
CONTINUOUS
10
-0.3113116929133858
20
-0.2798866929133858
11
-0.3112459448818898
21
-0.2800182677165354
0
LINE
8
BLACK
6
CONTINUOUS
10
-0.3112459448818898
20
-0.2800182677165354
11
-0.3111143307086614
21
-0.2800840551181102
0
LINE
8
BLACK
6
CONTINUOUS
10
-0.3111143307086614
20
-0.2800840551181102
11
-0.3107339763779527
21
-0.2807513385826771
0
LINE
8
BLACK
6
CONTINUOUS
10
-0.3107339763779527
20
-0.2807513385826771
11
-0.3002352755905512
21
-0.3122473622047244
0
LINE
8
BLACK
6
CONTINUOUS
10
-0.3002352755905512
20
-0.3122473622047244
11
-0.3001392125984252
21
-0.3130094094488189
0
LINE
8
BLACK
6
CONTINUOUS
10
-0.3001392125984252
20
-0.3130094094488189
11
-0.3008129921259842
21
-0.3143570078740157
0
LINE
8
BLACK
6
CONTINUOUS
10
-0.3008129921259842
20
-0.3143570078740157
11
-0.3022422834645669
21
-0.3148334251968504
0
LINE
8
BLACK
6
CONTINUOUS
10
-0.3022422834645669
20
-0.3148334251968504
11
-0.3035898818897638
21
-0.3141596456692913
0
LINE
8
BLACK
6
CONTINUOUS
10
-0.3035898818897638
20
-0.3141596456692913
11
-0.3039702362204724
21
-0.3134923622047244
0
LINE
8
BLACK
6
CONTINUOUS
10
-0.3039702362204724
20
-0.3134923622047244
11
-0.3065211811023622
21
-0.3058394881889764
0
LINE
8
BLACK
6
CONTINUOUS
10
-0.3065211811023622
20
-0.3058394881889764
11
-0.3186816929133858
21
-0.3058394881889764
0
LINE
8
BLACK
6
CONTINUOUS
10
-0.3186816929133858
20
-0.3058394881889764
11
-0.3212326377952756
21
-0.3134923622047244
0
LINE
8
BLACK
6
CONTINUOUS
10
-0.3212326377952756
20
-0.3134923622047244
11
-0.3216129921259843
21
-0.3141596456692913
0
LINE
8
BLACK
6
CONTINUOUS
10
-0.3216129921259843
20
-0.3141596456692913
11
-0.3229605905511811
21
-0.3148334251968504
0
LINE
8
BLACK
6
CONTINUOUS
10
-0.3229605905511811
20
-0.3148334251968504
11
-0.3243898818897638
21
-0.3143570078740157
0
LINE
8
BLACK
6
CONTINUOUS
10
-0.3243898818897638
20
-0.3143570078740157
11
-0.3250636614173228
21
-0.3130094094488189
0
LINE
8
BLACK
6
CONTINUOUS
10
-0.3250636614173228
20
-0.3130094094488189
11
-0.3249675984251968
21
-0.3122474015748031
0
LINE
8
BLACK
6
CONTINUOUS
10
-0.3249675984251968
20
-0.3122474015748031
11
-0.314468937007874
21
-0.2807512992125984
0
LINE
8
BLACK
6
CONTINUOUS
10
-0.314468937007874
20
-0.2807512992125984
11
-0.3140885826771653
21
-0.2800840551181102
0
LINE
8
BLACK
6
CONTINUOUS
10
-0.3140885826771653
20
-0.2800840551181102
11
-0.3139570078740158
21
-0.2800182677165354
0
LINE
8
BLACK
6
CONTINUOUS
10
-0.3139570078740158
20
-0.2800182677165354
11
-0.3138912204724409
21
-0.2798866929133858
0
LINE
8
BLACK
6
CONTINUOUS
10
-0.3138912204724409
20
-0.2798866929133858
11
-0.3132991338582677
21
-0.2796892913385827
0
LINE
8
BLACK
6
CONTINUOUS
10
-0.3132991338582677
20
-0.2796892913385827
11
-0.3127409842519685
21
-0.2794102755905511
0
LINE
8
BLACK
6
CONTINUOUS
10
-0.3127409842519685
20
-0.2794102755905511
11
-0.3126014566929134
21
-0.2794567716535433
0
LINE
8
BLACK
6
CONTINUOUS
10
-0.3126014566929134
20
-0.2794567716535433
11
-0.3124619291338583
21
-0.2794102755905511
0
LINE
8
BLACK
6
CONTINUOUS
10
-0.3124619291338583
20
-0.2794102755905511
11
-0.3119038188976378
21
-0.2796892913385827
0
LINE
8
BLACK
6
CONTINUOUS
10
-0.3173693700787402
20
-0.3019024803149606
11
-0.3078335433070866
21
-0.3019024803149606
0
LINE
8
BLACK
6
CONTINUOUS
10
-0.3078335433070866
20
-0.3019024803149606
11
-0.3126014566929134
21
-0.2875987401574803
0
LINE
8
BLACK
6
CONTINUOUS
10
-0.3126014566929134
20
-0.2875987401574803
11
-0.3173693700787402
21
-0.3019024803149606
0
LINE
8
BLACK
6
CONTINUOUS
10
-0.3886088976377953
20
-0.279555157480315
11
-0.3883385826771654
21
-0.279555157480315
0
LINE
8
BLACK
6
CONTINUOUS
10
-0.3883385826771654
20
-0.279555157480315
11
-0.3879782283464567
21
-0.2799155118110236
0
LINE
8
BLACK
6
CONTINUOUS
10
-0.3879782283464567
20
-0.2799155118110236
11
-0.3875355118110236
21
-0.2801685039370079
0
LINE
8
BLACK
6
CONTINUOUS
10
-0.3875355118110236
20
-0.2801685039370079
11
-0.3874643700787401
21
-0.2804293700787401
0
LINE
8
BLACK
6
CONTINUOUS
10
-0.3874643700787401
20
-0.2804293700787401
11
-0.3872732283464567
21
-0.2806205118110236
0
LINE
8
BLACK
6
CONTINUOUS
10
-0.3872732283464567
20
-0.2806205118110236
11
-0.3871233858267716
21
-0.2813738188976378
0
LINE
8
BLACK
6
CONTINUOUS
10
-0.3871233858267716
20
-0.2813738188976378
11
-0.3871233858267716
21
-0.3128698818897638
0
LINE
8
BLACK
6
CONTINUOUS
10
-0.3871233858267716
20
-0.3128698818897638
11
-0.3872732283464567
21
-0.3136231889763779
0
LINE
8
BLACK
6
CONTINUOUS
10
-0.3872732283464567
20
-0.3136231889763779
11
-0.3883385826771654
21
-0.3146885433070866
0
LINE
8
BLACK
6
CONTINUOUS
10
-0.3883385826771654
20
-0.3146885433070866
11
-0.3898451968503937
21
-0.3146885433070866
0
LINE
8
BLACK
6
CONTINUOUS
10
-0.3898451968503937
20
-0.3146885433070866
11
-0.3909105511811024
21
-0.3136231889763779
0
LINE
8
BLACK
6
CONTINUOUS
10
-0.3909105511811024
20
-0.3136231889763779
11
-0.3910603937007874
21
-0.3128698818897638
0
LINE
8
BLACK
6
CONTINUOUS
10
-0.3910603937007874
20
-0.3128698818897638
11
-0.3910603937007874
21
-0.2887862992125984
0
LINE
8
BLACK
6
CONTINUOUS
10
-0.3910603937007874
20
-0.2887862992125984
11
-0.4053805118110236
21
-0.3138465354330708
0
LINE
8
BLACK
6
CONTINUOUS
10
-0.4053805118110236
20
-0.3138465354330708
11
-0.4058843700787402
21
-0.3144262598425197
0
LINE
8
BLACK
6
CONTINUOUS
10
-0.4058843700787402
20
-0.3144262598425197
11
-0.4061451968503937
21
-0.3144973622047244
0
LINE
8
BLACK
6
CONTINUOUS
10
-0.4061451968503937
20
-0.3144973622047244
11
-0.4063363385826771
21
-0.3146885433070866
0
LINE
8
BLACK
6
CONTINUOUS
10
-0.4063363385826771
20
-0.3146885433070866
11
-0.4068461023622047
21
-0.3146885433070866
0
LINE
8
BLACK
6
CONTINUOUS
10
-0.4068461023622047
20
-0.3146885433070866
11
-0.4073379133858268
21
-0.3148226771653543
0
LINE
8
BLACK
6
CONTINUOUS
10
-0.4073379133858268
20
-0.3148226771653543
11
-0.4075726377952756
21
-0.3146885433070866
0
LINE
8
BLACK
6
CONTINUOUS
10
-0.4075726377952756
20
-0.3146885433070866
11
-0.4078429527559055
21
-0.3146885433070866
0
LINE
8
BLACK
6
CONTINUOUS
10
-0.4078429527559055
20
-0.3146885433070866
11
-0.4082034251968504
21
-0.3143280708661417
0
LINE
8
BLACK
6
CONTINUOUS
10
-0.4082034251968504
20
-0.3143280708661417
11
-0.4086460236220472
21
-0.3140751574803149
0
LINE
8
BLACK
6
CONTINUOUS
10
-0.4086460236220472
20
-0.3140751574803149
11
-0.4087171653543307
21
-0.3138143307086614
0
LINE
8
BLACK
6
CONTINUOUS
10
-0.4087171653543307
20
-0.3138143307086614
11
-0.4089083070866142
21
-0.3136231889763779
0
LINE
8
BLACK
6
CONTINUOUS
10
-0.4089083070866142
20
-0.3136231889763779
11
-0.4090581496062992
21
-0.3128698818897638
0
LINE
8
BLACK
6
CONTINUOUS
10
-0.4090581496062992
20
-0.3128698818897638
11
-0.4090581496062992
21
-0.2813738188976378
0
LINE
8
BLACK
6
CONTINUOUS
10
-0.4090581496062992
20
-0.2813738188976378
11
-0.4089083070866142
21
-0.2806205118110236
0
LINE
8
BLACK
6
CONTINUOUS
10
-0.4089083070866142
20
-0.2806205118110236
11
-0.4078429527559055
21
-0.279555157480315
0
LINE
8
BLACK
6
CONTINUOUS
10
-0.4078429527559055
20
-0.279555157480315
11
-0.4063363385826771
21
-0.279555157480315
0
LINE
8
BLACK
6
CONTINUOUS
10
-0.4063363385826771
20
-0.279555157480315
11
-0.4052709842519685
21
-0.2806205118110236
0
LINE
8
BLACK
6
CONTINUOUS
10
-0.4052709842519685
20
-0.2806205118110236
11
-0.4051211417322835
21
-0.2813738188976378
0
LINE
8
BLACK
6
CONTINUOUS
10
-0.4051211417322835
20
-0.2813738188976378
11
-0.4051211417322835
21
-0.3054573622047244
0
LINE
8
BLACK
6
CONTINUOUS
10
-0.4051211417322835
20
-0.3054573622047244
11
-0.3908010236220472
21
-0.2803971653543307
0
LINE
8
BLACK
6
CONTINUOUS
10
-0.3908010236220472
20
-0.2803971653543307
11
-0.3902971653543307
21
-0.2798174409448819
0
LINE
8
BLACK
6
CONTINUOUS
10
-0.3902971653543307
20
-0.2798174409448819
11
-0.3900363779527559
21
-0.2797462992125984
0
LINE
8
BLACK
6
CONTINUOUS
10
-0.3900363779527559
20
-0.2797462992125984
11
-0.3898451968503937
21
-0.279555157480315
0
LINE
8
BLACK
6
CONTINUOUS
10
-0.3898451968503937
20
-0.279555157480315
11
-0.3893354330708662
21
-0.279555157480315
0
LINE
8
BLACK
6
CONTINUOUS
10
-0.3893354330708662
20
-0.279555157480315
11
-0.3888436220472441
21
-0.2794210236220472
0
LINE
8
BLACK
6
CONTINUOUS
10
-0.3888436220472441
20
-0.2794210236220472
11
-0.3886088976377953
21
-0.279555157480315
0
LINE
8
BLACK
6
CONTINUOUS
10
0.0628347244094488
20
-0.279555157480315
11
0.0631050393700787
21
-0.279555157480315
0
LINE
8
BLACK
6
CONTINUOUS
10
0.0631050393700787
20
-0.279555157480315
11
0.0634653937007874
21
-0.2799155118110236
0
LINE
8
BLACK
6
CONTINUOUS
10
0.0634653937007874
20
-0.2799155118110236
11
0.0639081102362205
21
-0.2801685039370079
0
LINE
8
BLACK
6
CONTINUOUS
10
0.0639081102362205
20
-0.2801685039370079
11
0.0639792519685039
21
-0.2804293700787401
0
LINE
8
BLACK
6
CONTINUOUS
10
0.0639792519685039
20
-0.2804293700787401
11
0.0641703937007874
21
-0.2806205118110236
0
LINE
8
BLACK
6
CONTINUOUS
10
0.0641703937007874
20
-0.2806205118110236
11
0.0643202362204724
21
-0.2813738188976378
0
LINE
8
BLACK
6
CONTINUOUS
10
0.0643202362204724
20
-0.2813738188976378
11
0.0643202362204724
21
-0.3128698818897638
0
LINE
8
BLACK
6
CONTINUOUS
10
0.0643202362204724
20
-0.3128698818897638
11
0.0641703937007874
21
-0.3136231889763779
0
LINE
8
BLACK
6
CONTINUOUS
10
0.0641703937007874
20
-0.3136231889763779
11
0.0631050393700787
21
-0.3146885433070866
0
LINE
8
BLACK
6
CONTINUOUS
10
0.0631050393700787
20
-0.3146885433070866
11
0.0615984251968504
21
-0.3146885433070866
0
LINE
8
BLACK
6
CONTINUOUS
10
0.0615984251968504
20
-0.3146885433070866
11
0.0605330708661417
21
-0.3136231889763779
0
LINE
8
BLACK
6
CONTINUOUS
10
0.0605330708661417
20
-0.3136231889763779
11
0.0603832283464567
21
-0.3128698818897638
0
LINE
8
BLACK
6
CONTINUOUS
10
0.0603832283464567
20
-0.3128698818897638
11
0.0603832283464567
21
-0.2887862992125984
0
LINE
8
BLACK
6
CONTINUOUS
10
0.0603832283464567
20
-0.2887862992125984
11
0.0460631102362205
21
-0.3138465354330708
0
LINE
8
BLACK
6
CONTINUOUS
10
0.0460631102362205
20
-0.3138465354330708
11
0.0455592519685039
21
-0.3144262598425197
0
LINE
8
BLACK
6
CONTINUOUS
10
0.0455592519685039
20
-0.3144262598425197
11
0.0452984251968504
21
-0.3144973622047244
0
LINE
8
BLACK
6
CONTINUOUS
10
0.0452984251968504
20
-0.3144973622047244
11
0.0451072834645669
21
-0.3146885433070866
0
LINE
8
BLACK
6
CONTINUOUS
10
0.0451072834645669
20
-0.3146885433070866
11
0.0445975196850394
21
-0.3146885433070866
0
LINE
8
BLACK
6
CONTINUOUS
10
0.0445975196850394
20
-0.3146885433070866
11
0.0441057086614173
21
-0.3148226771653543
0
LINE
8
BLACK
6
CONTINUOUS
10
0.0441057086614173
20
-0.3148226771653543
11
0.0438709842519685
21
-0.3146885433070866
0
LINE
8
BLACK
6
CONTINUOUS
10
0.0438709842519685
20
-0.3146885433070866
11
0.0436006692913386
21
-0.3146885433070866
0
LINE
8
BLACK
6
CONTINUOUS
10
0.0436006692913386
20
-0.3146885433070866
11
0.0432401968503937
21
-0.3143280708661417
0
LINE
8
BLACK
6
CONTINUOUS
10
0.0432401968503937
20
-0.3143280708661417
11
0.0427975984251968
21
-0.3140751574803149
0
LINE
8
BLACK
6
CONTINUOUS
10
0.0427975984251968
20
-0.3140751574803149
11
0.0427264566929134
21
-0.3138143307086614
0
LINE
8
BLACK
6
CONTINUOUS
10
0.0427264566929134
20
-0.3138143307086614
11
0.0425353149606299
21
-0.3136231889763779
0
LINE
8
BLACK
6
CONTINUOUS
10
0.0425353149606299
20
-0.3136231889763779
11
0.0423854724409449
21
-0.3128698818897638
0
LINE
8
BLACK
6
CONTINUOUS
10
0.0423854724409449
20
-0.3128698818897638
11
0.0423854724409449
21
-0.2813738188976378
0
LINE
8
BLACK
6
CONTINUOUS
10
0.0423854724409449
20
-0.2813738188976378
11
0.0425353149606299
21
-0.2806205118110236
0
LINE
8
BLACK
6
CONTINUOUS
10
0.0425353149606299
20
-0.2806205118110236
11
0.0436006692913386
21
-0.279555157480315
0
LINE
8
BLACK
6
CONTINUOUS
10
0.0436006692913386
20
-0.279555157480315
11
0.0451072834645669
21
-0.279555157480315
0
LINE
8
BLACK
6
CONTINUOUS
10
0.0451072834645669
20
-0.279555157480315
11
0.0461726377952756
21
-0.2806205118110236
0
LINE
8
BLACK
6
CONTINUOUS
10
0.0461726377952756
20
-0.2806205118110236
11
0.0463224803149606
21
-0.2813738188976378
0
LINE
8
BLACK
6
CONTINUOUS
10
0.0463224803149606
20
-0.2813738188976378
11
0.0463224803149606
21
-0.3054573622047244
0
LINE
8
BLACK
6
CONTINUOUS
10
0.0463224803149606
20
-0.3054573622047244
11
0.0606425984251968
21
-0.2803971653543307
0
LINE
8
BLACK
6
CONTINUOUS
10
0.0606425984251968
20
-0.2803971653543307
11
0.0611464566929134
21
-0.2798174409448819
0
LINE
8
BLACK
6
CONTINUOUS
10
0.0611464566929134
20
-0.2798174409448819
11
0.0614072440944882
21
-0.2797462992125984
0
LINE
8
BLACK
6
CONTINUOUS
10
0.0614072440944882
20
-0.2797462992125984
11
0.0615984251968504
21
-0.279555157480315
0
LINE
8
BLACK
6
CONTINUOUS
10
0.0615984251968504
20
-0.279555157480315
11
0.062108188976378
21
-0.279555157480315
0
LINE
8
BLACK
6
CONTINUOUS
10
0.062108188976378
20
-0.279555157480315
11
0.0626
21
-0.2794210236220472
0
LINE
8
BLACK
6
CONTINUOUS
10
0.0626
20
-0.2794210236220472
11
0.0628347244094488
21
-0.279555157480315
0
LINE
8
BLACK
6
CONTINUOUS
10
0.2618120078740158
20
-0.2850223228346457
11
0.2630904330708662
21
-0.2863007480314961
0
LINE
8
BLACK
6
CONTINUOUS
10
0.2630904330708662
20
-0.2863007480314961
11
0.2630904330708662
21
-0.2881087007874016
0
LINE
8
BLACK
6
CONTINUOUS
10
0.2630904330708662
20
-0.2881087007874016
11
0.2618120078740158
21
-0.289387125984252
0
LINE
8
BLACK
6
CONTINUOUS
10
0.2618120078740158
20
-0.289387125984252
11
0.260908031496063
21
-0.2895669291338583
0
LINE
8
BLACK
6
CONTINUOUS
10
0.260908031496063
20
-0.2895669291338583
11
0.2430289763779528
21
-0.2895669291338583
0
LINE
8
BLACK
6
CONTINUOUS
10
0.2430289763779528
20
-0.2895669291338583
11
0.242125
21
-0.289387125984252
0
LINE
8
BLACK
6
CONTINUOUS
10
0.242125
20
-0.289387125984252
11
0.2408465748031496
21
-0.2881087007874016
0
LINE
8
BLACK
6
CONTINUOUS
10
0.2408465748031496
20
-0.2881087007874016
11
0.2408465748031496
21
-0.2863007480314961
0
LINE
8
BLACK
6
CONTINUOUS
10
0.2408465748031496
20
-0.2863007480314961
11
0.242125
21
-0.2850223228346457
0
LINE
8
BLACK
6
CONTINUOUS
10
0.242125
20
-0.2850223228346457
11
0.2430289763779528
21
-0.2848425196850394
0
LINE
8
BLACK
6
CONTINUOUS
10
0.2430289763779528
20
-0.2848425196850394
11
0.260908031496063
21
-0.2848425196850394
0
LINE
8
BLACK
6
CONTINUOUS
10
0.260908031496063
20
-0.2848425196850394
11
0.2618120078740158
21
-0.2850223228346457
0
LINE
8
BLACK
6
CONTINUOUS
10
0.2674794094488189
20
-0.2233851181102362
11
0.2677923622047244
21
-0.2234246062992126
0
LINE
8
BLACK
6
CONTINUOUS
10
0.2677923622047244
20
-0.2234246062992126
11
0.2734166535433071
21
-0.2252993700787402
0
LINE
8
BLACK
6
CONTINUOUS
10
0.2734166535433071
20
-0.2252993700787402
11
0.2735022834645669
21
-0.225348188976378
0
LINE
8
BLACK
6
CONTINUOUS
10
0.2735022834645669
20
-0.225348188976378
11
0.2735474803149606
21
-0.225348188976378
0
LINE
8
BLACK
6
CONTINUOUS
10
0.2735474803149606
20
-0.225348188976378
11
0.273809842519685
21
-0.2255235039370079
0
LINE
8
BLACK
6
CONTINUOUS
10
0.273809842519685
20
-0.2255235039370079
11
0.2740838976377953
21
-0.2256797244094488
0
LINE
8
BLACK
6
CONTINUOUS
10
0.2740838976377953
20
-0.2256797244094488
11
0.274104094488189
21
-0.2257201181102362
0
LINE
8
BLACK
6
CONTINUOUS
10
0.274104094488189
20
-0.2257201181102362
11
0.2741861023622047
21
-0.2257749212598425
0
LINE
8
BLACK
6
CONTINUOUS
10
0.2741861023622047
20
-0.2257749212598425
11
0.2779356299212599
21
-0.2295244488188976
0
LINE
8
BLACK
6
CONTINUOUS
10
0.2779356299212599
20
-0.2295244488188976
11
0.2781108267716536
21
-0.2297866141732283
0
LINE
8
BLACK
6
CONTINUOUS
10
0.2781108267716536
20
-0.2297866141732283
11
0.2783043700787401
21
-0.2300360236220472
0
LINE
8
BLACK
6
CONTINUOUS
10
0.2783043700787401
20
-0.2300360236220472
11
0.2801791338582677
21
-0.2337855511811024
0
LINE
8
BLACK
6
CONTINUOUS
10
0.2801791338582677
20
-0.2337855511811024
11
0.280236062992126
21
-0.2339934645669291
0
LINE
8
BLACK
6
CONTINUOUS
10
0.280236062992126
20
-0.2339934645669291
11
0.280328188976378
21
-0.2341884645669291
0
LINE
8
BLACK
6
CONTINUOUS
10
0.280328188976378
20
-0.2341884645669291
11
0.2822029527559055
21
-0.2416875196850394
0
LINE
8
BLACK
6
CONTINUOUS
10
0.2822029527559055
20
-0.2416875196850394
11
0.2822146456692913
21
-0.2419283464566929
0
LINE
8
BLACK
6
CONTINUOUS
10
0.2822146456692913
20
-0.2419283464566929
11
0.2822617322834646
21
-0.2421649606299213
0
LINE
8
BLACK
6
CONTINUOUS
10
0.2822617322834646
20
-0.2421649606299213
11
0.2822617322834646
21
-0.2477892519685039
0
LINE
8
BLACK
6
CONTINUOUS
10
0.2822617322834646
20
-0.2477892519685039
11
0.2822146456692913
21
-0.2480258267716536
0
LINE
8
BLACK
6
CONTINUOUS
10
0.2822146456692913
20
-0.2480258267716536
11
0.2822029527559055
21
-0.2482666929133858
0
LINE
8
BLACK
6
CONTINUOUS
10
0.2822029527559055
20
-0.2482666929133858
11
0.280328188976378
21
-0.255765748031496
0
LINE
8
BLACK
6
CONTINUOUS
10
0.280328188976378
20
-0.255765748031496
11
0.280236062992126
21
-0.2559607086614173
0
LINE
8
BLACK
6
CONTINUOUS
10
0.280236062992126
20
-0.2559607086614173
11
0.2801791338582677
21
-0.2561686614173228
0
LINE
8
BLACK
6
CONTINUOUS
10
0.2801791338582677
20
-0.2561686614173228
11
0.2783043700787401
21
-0.259918188976378
0
LINE
8
BLACK
6
CONTINUOUS
10
0.2783043700787401
20
-0.259918188976378
11
0.2781109842519685
21
-0.2601673228346457
0
LINE
8
BLACK
6
CONTINUOUS
10
0.2781109842519685
20
-0.2601673228346457
11
0.2779356692913386
21
-0.2604297637795275
0
LINE
8
BLACK
6
CONTINUOUS
10
0.2779356692913386
20
-0.2604297637795275
11
0.2741861417322835
21
-0.2641793307086614
0
LINE
8
BLACK
6
CONTINUOUS
10
0.2741861417322835
20
-0.2641793307086614
11
0.2741040551181103
21
-0.2642341338582677
0
LINE
8
BLACK
6
CONTINUOUS
10
0.2741040551181103
20
-0.2642341338582677
11
0.2740838976377953
21
-0.2642745275590551
0
LINE
8
BLACK
6
CONTINUOUS
10
0.2740838976377953
20
-0.2642745275590551
11
0.2738101181102362
21
-0.2644305511811024
0
LINE
8
BLACK
6
CONTINUOUS
10
0.2738101181102362
20
-0.2644305511811024
11
0.2735475196850394
21
-0.264606062992126
0
LINE
8
BLACK
6
CONTINUOUS
10
0.2735475196850394
20
-0.264606062992126
11
0.2735022834645669
21
-0.264606062992126
0
LINE
8
BLACK
6
CONTINUOUS
10
0.2735022834645669
20
-0.264606062992126
11
0.2734166535433071
21
-0.2646548818897638
0
LINE
8
BLACK
6
CONTINUOUS
10
0.2734166535433071
20
-0.2646548818897638
11
0.2677923622047244
21
-0.2665296456692913
0
LINE
8
BLACK
6
CONTINUOUS
10
0.2677923622047244
20
-0.2665296456692913
11
0.2674794094488189
21
-0.266569094488189
0
LINE
8
BLACK
6
CONTINUOUS
10
0.2674794094488189
20
-0.266569094488189
11
0.2671698818897638
21
-0.2666306692913386
0
LINE
8
BLACK
6
CONTINUOUS
10
0.2671698818897638
20
-0.2666306692913386
11
0.2634203543307087
21
-0.2666306692913386
0
LINE
8
BLACK
6
CONTINUOUS
10
0.2634203543307087
20
-0.2666306692913386
11
0.2631108267716535
21
-0.266569094488189
0
LINE
8
BLACK
6
CONTINUOUS
10
0.2631108267716535
20
-0.266569094488189
11
0.2627978346456693
21
-0.2665296456692913
0
LINE
8
BLACK
6
CONTINUOUS
10
0.2627978346456693
20
-0.2665296456692913
11
0.2571735826771653
21
-0.2646548818897638
0
LINE
8
BLACK
6
CONTINUOUS
10
0.2571735826771653
20
-0.2646548818897638
11
0.2570879527559055
21
-0.264606062992126
0
LINE
8
BLACK
6
CONTINUOUS
10
0.2570879527559055
20
-0.264606062992126
11
0.2570427165354331
21
-0.264606062992126
0
LINE
8
BLACK
6
CONTINUOUS
10
0.2570427165354331
20
-0.264606062992126
11
0.2567802362204724
21
-0.2644306692913386
0
LINE
8
BLACK
6
CONTINUOUS
10
0.2567802362204724
20
-0.2644306692913386
11
0.2565062992125984
21
-0.2642745275590551
0
LINE
8
BLACK
6
CONTINUOUS
10
0.2565062992125984
20
-0.2642745275590551
11
0.256486062992126
21
-0.264234094488189
0
LINE
8
BLACK
6
CONTINUOUS
10
0.256486062992126
20
-0.264234094488189
11
0.256404094488189
21
-0.2641793307086614
0
LINE
8
BLACK
6
CONTINUOUS
10
0.256404094488189
20
-0.2641793307086614
11
0.2545293307086614
21
-0.2623045275590551
0
LINE
8
BLACK
6
CONTINUOUS
10
0.2545293307086614
20
-0.2623045275590551
11
0.2541026377952756
21
-0.261665905511811
0
LINE
8
BLACK
6
CONTINUOUS
10
0.2541026377952756
20
-0.261665905511811
11
0.2541026377952756
21
-0.2601592519685039
0
LINE
8
BLACK
6
CONTINUOUS
10
0.2541026377952756
20
-0.2601592519685039
11
0.2551679921259842
21
-0.259093937007874
0
LINE
8
BLACK
6
CONTINUOUS
10
0.2551679921259842
20
-0.259093937007874
11
0.2566746456692913
21
-0.259093937007874
0
LINE
8
BLACK
6
CONTINUOUS
10
0.2566746456692913
20
-0.259093937007874
11
0.2573132677165355
21
-0.2595206692913386
0
LINE
8
BLACK
6
CONTINUOUS
10
0.2573132677165355
20
-0.2595206692913386
11
0.2588594488188976
21
-0.2610668897637795
0
LINE
8
BLACK
6
CONTINUOUS
10
0.2588594488188976
20
-0.2610668897637795
11
0.2637397637795276
21
-0.2626936614173228
0
LINE
8
BLACK
6
CONTINUOUS
10
0.2637397637795276
20
-0.2626936614173228
11
0.2668504724409449
21
-0.2626936614173228
0
LINE
8
BLACK
6
CONTINUOUS
10
0.2668504724409449
20
-0.2626936614173228
11
0.2717307874015748
21
-0.2610668503937008
0
LINE
8
BLACK
6
CONTINUOUS
10
0.2717307874015748
20
-0.2610668503937008
11
0.2749258267716536
21
-0.2578718110236221
0
LINE
8
BLACK
6
CONTINUOUS
10
0.2749258267716536
20
-0.2578718110236221
11
0.2765611417322835
21
-0.2546011811023622
0
LINE
8
BLACK
6
CONTINUOUS
10
0.2765611417322835
20
-0.2546011811023622
11
0.2783247244094488
21
-0.2475469291338583
0
LINE
8
BLACK
6
CONTINUOUS
10
0.2783247244094488
20
-0.2475469291338583
11
0.2783247244094488
21
-0.2424072834645669
0
LINE
8
BLACK
6
CONTINUOUS
10
0.2783247244094488
20
-0.2424072834645669
11
0.2765611417322835
21
-0.2353529921259842
0
LINE
8
BLACK
6
CONTINUOUS
10
0.2765611417322835
20
-0.2353529921259842
11
0.2749258267716536
21
-0.2320823622047244
0
LINE
8
BLACK
6
CONTINUOUS
10
0.2749258267716536
20
-0.2320823622047244
11
0.2717308267716536
21
-0.2288873622047244
0
LINE
8
BLACK
6
CONTINUOUS
10
0.2717308267716536
20
-0.2288873622047244
11
0.2668504724409449
21
-0.2272605905511811
0
LINE
8
BLACK
6
CONTINUOUS
10
0.2668504724409449
20
-0.2272605905511811
11
0.2637397637795276
21
-0.2272605905511811
0
LINE
8
BLACK
6
CONTINUOUS
10
0.2637397637795276
20
-0.2272605905511811
11
0.2588594094488189
21
-0.2288873622047244
0
LINE
8
BLACK
6
CONTINUOUS
10
0.2588594094488189
20
-0.2288873622047244
11
0.2573132283464567
21
-0.2304335433070866
0
LINE
8
BLACK
6
CONTINUOUS
10
0.2573132283464567
20
-0.2304335433070866
11
0.2566746062992126
21
-0.2308602755905512
0
LINE
8
BLACK
6
CONTINUOUS
10
0.2566746062992126
20
-0.2308602755905512
11
0.2551679921259842
21
-0.2308602755905512
0
LINE
8
BLACK
6
CONTINUOUS
10
0.2551679921259842
20
-0.2308602755905512
11
0.2541026377952756
21
-0.2297949212598425
0
LINE
8
BLACK
6
CONTINUOUS
10
0.2541026377952756
20
-0.2297949212598425
11
0.2541026377952756
21
-0.2282883070866142
0
LINE
8
BLACK
6
CONTINUOUS
10
0.2541026377952756
20
-0.2282883070866142
11
0.2545293700787402
21
-0.2276496850393701
0
LINE
8
BLACK
6
CONTINUOUS
10
0.2545293700787402
20
-0.2276496850393701
11
0.256404094488189
21
-0.2257749212598425
0
LINE
8
BLACK
6
CONTINUOUS
10
0.256404094488189
20
-0.2257749212598425
11
0.256486062992126
21
-0.2257201181102362
0
LINE
8
BLACK
6
CONTINUOUS
10
0.256486062992126
20
-0.2257201181102362
11
0.2565062992125984
21
-0.2256797244094488
0
LINE
8
BLACK
6
CONTINUOUS
10
0.2565062992125984
20
-0.2256797244094488
11
0.2567802362204724
21
-0.2255235433070866
0
LINE
8
BLACK
6
CONTINUOUS
10
0.2567802362204724
20
-0.2255235433070866
11
0.2570427165354331
21
-0.225348188976378
0
LINE
8
BLACK
6
CONTINUOUS
10
0.2570427165354331
20
-0.225348188976378
11
0.2570879527559055
21
-0.225348188976378
0
LINE
8
BLACK
6
CONTINUOUS
10
0.2570879527559055
20
-0.225348188976378
11
0.2571735826771653
21
-0.2252993700787402
0
LINE
8
BLACK
6
CONTINUOUS
10
0.2571735826771653
20
-0.2252993700787402
11
0.2627978346456693
21
-0.2234246062992126
0
LINE
8
BLACK
6
CONTINUOUS
10
0.2627978346456693
20
-0.2234246062992126
11
0.2631108267716535
21
-0.2233851181102362
0
LINE
8
BLACK
6
CONTINUOUS
10
0.2631108267716535
20
-0.2233851181102362
11
0.2634203543307087
21
-0.2233235826771653
0
LINE
8
BLACK
6
CONTINUOUS
10
0.2634203543307087
20
-0.2233235826771653
11
0.2671698818897638
21
-0.2233235826771653
0
LINE
8
BLACK
6
CONTINUOUS
10
0.2671698818897638
20
-0.2233235826771653
11
0.2674794094488189
21
-0.2233851181102362
0
LINE
8
BLACK
6
CONTINUOUS
10
0.3204166141732284
20
-0.2234734251968504
11
0.321481968503937
21
-0.224538779527559
0
LINE
8
BLACK
6
CONTINUOUS
10
0.321481968503937
20
-0.224538779527559
11
0.321481968503937
21
-0.2260453937007874
0
LINE
8
BLACK
6
CONTINUOUS
10
0.321481968503937
20
-0.2260453937007874
11
0.3204166141732284
21
-0.2271107480314961
0
LINE
8
BLACK
6
CONTINUOUS
10
0.3204166141732284
20
-0.2271107480314961
11
0.3196633070866142
21
-0.2272605905511811
0
LINE
8
BLACK
6
CONTINUOUS
10
0.3196633070866142
20
-0.2272605905511811
11
0.2996294881889764
21
-0.2272605905511811
0
LINE
8
BLACK
6
CONTINUOUS
10
0.2996294881889764
20
-0.2272605905511811
11
0.3098961811023622
21
-0.238993937007874
0
LINE
8
BLACK
6
CONTINUOUS
10
0.3098961811023622
20
-0.238993937007874
11
0.3101754724409449
21
-0.2394789763779528
0
LINE
8
BLACK
6
CONTINUOUS
10
0.3101754724409449
20
-0.2394789763779528
11
0.3102333858267716
21
-0.2395368897637795
0
LINE
8
BLACK
6
CONTINUOUS
10
0.3102333858267716
20
-0.2395368897637795
11
0.3102333858267716
21
-0.2395795275590551
0
LINE
8
BLACK
6
CONTINUOUS
10
0.3102333858267716
20
-0.2395795275590551
11
0.3102794488188976
21
-0.2396595275590551
0
LINE
8
BLACK
6
CONTINUOUS
10
0.3102794488188976
20
-0.2396595275590551
11
0.3102333858267716
21
-0.2403506299212598
0
LINE
8
BLACK
6
CONTINUOUS
10
0.3102333858267716
20
-0.2403506299212598
11
0.3102333858267716
21
-0.2410435039370079
0
LINE
8
BLACK
6
CONTINUOUS
10
0.3102333858267716
20
-0.2410435039370079
11
0.3101838976377952
21
-0.2410929527559055
0
LINE
8
BLACK
6
CONTINUOUS
10
0.3101838976377952
20
-0.2410929527559055
11
0.3101792519685039
21
-0.2411628346456693
0
LINE
8
BLACK
6
CONTINUOUS
10
0.3101792519685039
20
-0.2411628346456693
11
0.3096577952755906
21
-0.2416190551181102
0
LINE
8
BLACK
6
CONTINUOUS
10
0.3096577952755906
20
-0.2416190551181102
11
0.309168031496063
21
-0.2421088582677165
0
LINE
8
BLACK
6
CONTINUOUS
10
0.309168031496063
20
-0.2421088582677165
11
0.3090774409448819
21
-0.2421268503937008
0
LINE
8
BLACK
6
CONTINUOUS
10
0.3090774409448819
20
-0.2421268503937008
11
0.3090453937007874
21
-0.2421549212598425
0
LINE
8
BLACK
6
CONTINUOUS
10
0.3090453937007874
20
-0.2421549212598425
11
0.308963779527559
21
-0.2421494488188976
0
LINE
8
BLACK
6
CONTINUOUS
10
0.308963779527559
20
-0.2421494488188976
11
0.3084147244094488
21
-0.2422587007874016
0
LINE
8
BLACK
6
CONTINUOUS
10
0.3084147244094488
20
-0.2422587007874016
11
0.303255157480315
21
-0.2422587007874016
0
LINE
8
BLACK
6
CONTINUOUS
10
0.303255157480315
20
-0.2422587007874016
11
0.300206968503937
21
-0.2437827559055118
0
LINE
8
BLACK
6
CONTINUOUS
10
0.300206968503937
20
-0.2437827559055118
11
0.298783937007874
21
-0.2452057480314961
0
LINE
8
BLACK
6
CONTINUOUS
10
0.298783937007874
20
-0.2452057480314961
11
0.2972598818897638
21
-0.248253937007874
0
LINE
8
BLACK
6
CONTINUOUS
10
0.2972598818897638
20
-0.248253937007874
11
0.2972598818897638
21
-0.2566983858267716
0
LINE
8
BLACK
6
CONTINUOUS
10
0.2972598818897638
20
-0.2566983858267716
11
0.298783937007874
21
-0.2597464960629921
0
LINE
8
BLACK
6
CONTINUOUS
10
0.298783937007874
20
-0.2597464960629921
11
0.3002070078740157
21
-0.2611696062992126
0
LINE
8
BLACK
6
CONTINUOUS
10
0.3002070078740157
20
-0.2611696062992126
11
0.303255157480315
21
-0.2626936614173228
0
LINE
8
BLACK
6
CONTINUOUS
10
0.303255157480315
20
-0.2626936614173228
11
0.3135743307086614
21
-0.2626936614173228
0
LINE
8
BLACK
6
CONTINUOUS
10
0.3135743307086614
20
-0.2626936614173228
11
0.3166224015748031
21
-0.2611696062992126
0
LINE
8
BLACK
6
CONTINUOUS
10
0.3166224015748031
20
-0.2611696062992126
11
0.3182713385826771
21
-0.2595206692913386
0
LINE
8
BLACK
6
CONTINUOUS
10
0.3182713385826771
20
-0.2595206692913386
11
0.3189099606299213
21
-0.259093937007874
0
LINE
8
BLACK
6
CONTINUOUS
10
0.3189099606299213
20
-0.259093937007874
11
0.3204166141732284
21
-0.259093937007874
0
LINE
8
BLACK
6
CONTINUOUS
10
0.3204166141732284
20
-0.259093937007874
11
0.321481968503937
21
-0.2601592519685039
0
LINE
8
BLACK
6
CONTINUOUS
10
0.321481968503937
20
-0.2601592519685039
11
0.321481968503937
21
-0.261665905511811
0
LINE
8
BLACK
6
CONTINUOUS
10
0.321481968503937
20
-0.261665905511811
11
0.3210552755905512
21
-0.2623045275590551
0
LINE
8
BLACK
6
CONTINUOUS
10
0.3210552755905512
20
-0.2623045275590551
11
0.3191805118110236
21
-0.2641793307086614
0
LINE
8
BLACK
6
CONTINUOUS
10
0.3191805118110236
20
-0.2641793307086614
11
0.3189179527559055
21
-0.2643547637795275
0
LINE
8
BLACK
6
CONTINUOUS
10
0.3189179527559055
20
-0.2643547637795275
11
0.3186688582677165
21
-0.2645481102362205
0
LINE
8
BLACK
6
CONTINUOUS
10
0.3186688582677165
20
-0.2645481102362205
11
0.3149193700787402
21
-0.2664228346456693
0
LINE
8
BLACK
6
CONTINUOUS
10
0.3149193700787402
20
-0.2664228346456693
11
0.3148242519685039
21
-0.2664488582677165
0
LINE
8
BLACK
6
CONTINUOUS
10
0.3148242519685039
20
-0.2664488582677165
11
0.3147923228346456
21
-0.2664808267716535
0
LINE
8
BLACK
6
CONTINUOUS
10
0.3147923228346456
20
-0.2664808267716535
11
0.3144827952755905
21
-0.2665423622047244
0
LINE
8
BLACK
6
CONTINUOUS
10
0.3144827952755905
20
-0.2665423622047244
11
0.3141785826771654
21
-0.2666257086614173
0
LINE
8
BLACK
6
CONTINUOUS
10
0.3141785826771654
20
-0.2666257086614173
11
0.3141357086614173
21
-0.2666114173228347
0
LINE
8
BLACK
6
CONTINUOUS
10
0.3141357086614173
20
-0.2666114173228347
11
0.3140390157480315
21
-0.2666306692913386
0
LINE
8
BLACK
6
CONTINUOUS
10
0.3140390157480315
20
-0.2666306692913386
11
0.3027904330708661
21
-0.2666306692913386
0
LINE
8
BLACK
6
CONTINUOUS
10
0.3027904330708661
20
-0.2666306692913386
11
0.3026937007874015
21
-0.2666114173228347
0
LINE
8
BLACK
6
CONTINUOUS
10
0.3026937007874015
20
-0.2666114173228347
11
0.3026508661417323
21
-0.2666257086614173
0
LINE
8
BLACK
6
CONTINUOUS
10
0.3026508661417323
20
-0.2666257086614173
11
0.3023466141732283
21
-0.2665423622047244
0
LINE
8
BLACK
6
CONTINUOUS
10
0.3023466141732283
20
-0.2665423622047244
11
0.302037125984252
21
-0.2664808267716535
0
LINE
8
BLACK
6
CONTINUOUS
10
0.302037125984252
20
-0.2664808267716535
11
0.302005157480315
21
-0.2664488582677165
0
LINE
8
BLACK
6
CONTINUOUS
10
0.302005157480315
20
-0.2664488582677165
11
0.3019100787401575
21
-0.2664228346456693
0
LINE
8
BLACK
6
CONTINUOUS
10
0.3019100787401575
20
-0.2664228346456693
11
0.2981605511811024
21
-0.2645480708661417
0
LINE
8
BLACK
6
CONTINUOUS
10
0.2981605511811024
20
-0.2645480708661417
11
0.2979113779527559
21
-0.2643546850393701
0
LINE
8
BLACK
6
CONTINUOUS
10
0.2979113779527559
20
-0.2643546850393701
11
0.297648937007874
21
-0.2641793307086614
0
LINE
8
BLACK
6
CONTINUOUS
10
0.297648937007874
20
-0.2641793307086614
11
0.2957741732283464
21
-0.2623045275590551
0
LINE
8
BLACK
6
CONTINUOUS
10
0.2957741732283464
20
-0.2623045275590551
11
0.295598779527559
21
-0.2620420472440945
0
LINE
8
BLACK
6
CONTINUOUS
10
0.295598779527559
20
-0.2620420472440945
11
0.2954054330708661
21
-0.2617929133858268
0
LINE
8
BLACK
6
CONTINUOUS
10
0.2954054330708661
20
-0.2617929133858268
11
0.2935307086614173
21
-0.2580434251968504
0
LINE
8
BLACK
6
CONTINUOUS
10
0.2935307086614173
20
-0.2580434251968504
11
0.2935046456692914
21
-0.2579483070866141
0
LINE
8
BLACK
6
CONTINUOUS
10
0.2935046456692914
20
-0.2579483070866141
11
0.2934727165354331
21
-0.2579163779527559
0
LINE
8
BLACK
6
CONTINUOUS
10
0.2934727165354331
20
-0.2579163779527559
11
0.2934111417322834
21
-0.2576068503937008
0
LINE
8
BLACK
6
CONTINUOUS
10
0.2934111417322834
20
-0.2576068503937008
11
0.2933278346456693
21
-0.2573026377952756
0
LINE
8
BLACK
6
CONTINUOUS
10
0.2933278346456693
20
-0.2573026377952756
11
0.2933420866141732
21
-0.2572597637795275
0
LINE
8
BLACK
6
CONTINUOUS
10
0.2933420866141732
20
-0.2572597637795275
11
0.293322874015748
21
-0.2571630708661417
0
LINE
8
BLACK
6
CONTINUOUS
10
0.293322874015748
20
-0.2571630708661417
11
0.293322874015748
21
-0.2477892519685039
0
LINE
8
BLACK
6
CONTINUOUS
10
0.293322874015748
20
-0.2477892519685039
11
0.2933420866141732
21
-0.2476925196850394
0
LINE
8
BLACK
6
CONTINUOUS
10
0.2933420866141732
20
-0.2476925196850394
11
0.2933278346456693
21
-0.2476496850393701
0
LINE
8
BLACK
6
CONTINUOUS
10
0.2933278346456693
20
-0.2476496850393701
11
0.2934111417322834
21
-0.2473454330708661
0
LINE
8
BLACK
6
CONTINUOUS
10
0.2934111417322834
20
-0.2473454330708661
11
0.2934727165354331
21
-0.2470359448818898
0
LINE
8
BLACK
6
CONTINUOUS
10
0.2934727165354331
20
-0.2470359448818898
11
0.2935046456692914
21
-0.2470039763779527
0
LINE
8
BLACK
6
CONTINUOUS
10
0.2935046456692914
20
-0.2470039763779527
11
0.2935307086614173
21
-0.2469088976377953
0
LINE
8
BLACK
6
CONTINUOUS
10
0.2935307086614173
20
-0.2469088976377953
11
0.2954054330708661
21
-0.2431594094488189
0
LINE
8
BLACK
6
CONTINUOUS
10
0.2954054330708661
20
-0.2431594094488189
11
0.295598937007874
21
-0.2429100393700787
0
LINE
8
BLACK
6
CONTINUOUS
10
0.295598937007874
20
-0.2429100393700787
11
0.2957742125984252
21
-0.2426477952755905
0
LINE
8
BLACK
6
CONTINUOUS
10
0.2957742125984252
20
-0.2426477952755905
11
0.297648937007874
21
-0.240773031496063
0
LINE
8
BLACK
6
CONTINUOUS
10
0.297648937007874
20
-0.240773031496063
11
0.2979113779527559
21
-0.2405976377952756
0
LINE
8
BLACK
6
CONTINUOUS
10
0.2979113779527559
20
-0.2405976377952756
11
0.2981605511811024
21
-0.2404042913385827
0
LINE
8
BLACK
6
CONTINUOUS
10
0.2981605511811024
20
-0.2404042913385827
11
0.3019100787401575
21
-0.2385295275590551
0
LINE
8
BLACK
6
CONTINUOUS
10
0.3019100787401575
20
-0.2385295275590551
11
0.302005157480315
21
-0.2385034645669291
0
LINE
8
BLACK
6
CONTINUOUS
10
0.302005157480315
20
-0.2385034645669291
11
0.302037125984252
21
-0.2384715354330709
0
LINE
8
BLACK
6
CONTINUOUS
10
0.302037125984252
20
-0.2384715354330709
11
0.3023466141732283
21
-0.2384099606299213
0
LINE
8
BLACK
6
CONTINUOUS
10
0.3023466141732283
20
-0.2384099606299213
11
0.3026508661417323
21
-0.2383266535433071
0
LINE
8
BLACK
6
CONTINUOUS
10
0.3026508661417323
20
-0.2383266535433071
11
0.3026937007874015
21
-0.238340905511811
0
LINE
8
BLACK
6
CONTINUOUS
10
0.3026937007874015
20
-0.238340905511811
11
0.3027904330708661
21
-0.2383216929133858
0
LINE
8
BLACK
6
CONTINUOUS
10
0.3027904330708661
20
-0.2383216929133858
11
0.3040766141732283
21
-0.2383216929133858
0
LINE
8
BLACK
6
CONTINUOUS
10
0.3040766141732283
20
-0.2383216929133858
11
0.2938099212598425
21
-0.2265883464566929
0
LINE
8
BLACK
6
CONTINUOUS
10
0.2938099212598425
20
-0.2265883464566929
11
0.2935305905511811
21
-0.2261032677165354
0
LINE
8
BLACK
6
CONTINUOUS
10
0.2935305905511811
20
-0.2261032677165354
11
0.2934727165354331
21
-0.2260453937007874
0
LINE
8
BLACK
6
CONTINUOUS
10
0.2934727165354331
20
-0.2260453937007874
11
0.2934727165354331
21
-0.2260027165354331
0
LINE
8
BLACK
6
CONTINUOUS
10
0.2934727165354331
20
-0.2260027165354331
11
0.2934266535433071
21
-0.2259227559055118
0
LINE
8
BLACK
6
CONTINUOUS
10
0.2934266535433071
20
-0.2259227559055118
11
0.2934727165354331
21
-0.2252316141732283
0
LINE
8
BLACK
6
CONTINUOUS
10
0.2934727165354331
20
-0.2252316141732283
11
0.2934727165354331
21
-0.224538779527559
0
LINE
8
BLACK
6
CONTINUOUS
10
0.2934727165354331
20
-0.224538779527559
11
0.2935221653543307
21
-0.2244892913385827
0
LINE
8
BLACK
6
CONTINUOUS
10
0.2935221653543307
20
-0.2244892913385827
11
0.2935268503937008
21
-0.2244194488188976
0
LINE
8
BLACK
6
CONTINUOUS
10
0.2935268503937008
20
-0.2244194488188976
11
0.2940482677165354
21
-0.223963188976378
0
LINE
8
BLACK
6
CONTINUOUS
10
0.2940482677165354
20
-0.223963188976378
11
0.2945380708661417
21
-0.2234734251968504
0
LINE
8
BLACK
6
CONTINUOUS
10
0.2945380708661417
20
-0.2234734251968504
11
0.2946286220472441
21
-0.2234553937007874
0
LINE
8
BLACK
6
CONTINUOUS
10
0.2946286220472441
20
-0.2234553937007874
11
0.2946607086614173
21
-0.2234273622047244
0
LINE
8
BLACK
6
CONTINUOUS
10
0.2946607086614173
20
-0.2234273622047244
11
0.2947422834645669
21
-0.2234327952755905
0
LINE
8
BLACK
6
CONTINUOUS
10
0.2947422834645669
20
-0.2234327952755905
11
0.2952913779527559
21
-0.2233235826771653
0
LINE
8
BLACK
6
CONTINUOUS
10
0.2952913779527559
20
-0.2233235826771653
11
0.3196633070866142
21
-0.2233235826771653
0
LINE
8
BLACK
6
CONTINUOUS
10
0.3196633070866142
20
-0.2233235826771653
11
0.3204166141732284
21
-0.2234734251968504
0
LINE
8
BLACK
6
CONTINUOUS
10
0.3778777559055118
20
-0.2233427952755905
11
0.3779206299212599
21
-0.2233285433070866
0
LINE
8
BLACK
6
CONTINUOUS
10
0.3779206299212599
20
-0.2233285433070866
11
0.378224842519685
21
-0.2234118503937008
0
LINE
8
BLACK
6
CONTINUOUS
10
0.378224842519685
20
-0.2234118503937008
11
0.3785343700787401
21
-0.2234734251968504
0
LINE
8
BLACK
6
CONTINUOUS
10
0.3785343700787401
20
-0.2234734251968504
11
0.3785662992125984
21
-0.2235053543307086
0
LINE
8
BLACK
6
CONTINUOUS
10
0.3785662992125984
20
-0.2235053543307086
11
0.3786614173228346
21
-0.2235314173228346
0
LINE
8
BLACK
6
CONTINUOUS
10
0.3786614173228346
20
-0.2235314173228346
11
0.382410905511811
21
-0.2254061417322835
0
LINE
8
BLACK
6
CONTINUOUS
10
0.382410905511811
20
-0.2254061417322835
11
0.3826602362204724
21
-0.2255996456692913
0
LINE
8
BLACK
6
CONTINUOUS
10
0.3826602362204724
20
-0.2255996456692913
11
0.3829225196850394
21
-0.2257749212598425
0
LINE
8
BLACK
6
CONTINUOUS
10
0.3829225196850394
20
-0.2257749212598425
11
0.3847972834645669
21
-0.2276496456692913
0
LINE
8
BLACK
6
CONTINUOUS
10
0.3847972834645669
20
-0.2276496456692913
11
0.3849726377952756
21
-0.2279120866141732
0
LINE
8
BLACK
6
CONTINUOUS
10
0.3849726377952756
20
-0.2279120866141732
11
0.3851660236220472
21
-0.2281612598425197
0
LINE
8
BLACK
6
CONTINUOUS
10
0.3851660236220472
20
-0.2281612598425197
11
0.3870407874015748
21
-0.2319107874015748
0
LINE
8
BLACK
6
CONTINUOUS
10
0.3870407874015748
20
-0.2319107874015748
11
0.3870977165354331
21
-0.2321187007874016
0
LINE
8
BLACK
6
CONTINUOUS
10
0.3870977165354331
20
-0.2321187007874016
11
0.387189842519685
21
-0.2323137007874016
0
LINE
8
BLACK
6
CONTINUOUS
10
0.387189842519685
20
-0.2323137007874016
11
0.3890646062992126
21
-0.2398127559055118
0
LINE
8
BLACK
6
CONTINUOUS
10
0.3890646062992126
20
-0.2398127559055118
11
0.3890762992125984
21
-0.2400535826771653
0
LINE
8
BLACK
6
CONTINUOUS
10
0.3890762992125984
20
-0.2400535826771653
11
0.3891233858267716
21
-0.2402901968503937
0
LINE
8
BLACK
6
CONTINUOUS
10
0.3891233858267716
20
-0.2402901968503937
11
0.3891233858267716
21
-0.2496640157480315
0
LINE
8
BLACK
6
CONTINUOUS
10
0.3891233858267716
20
-0.2496640157480315
11
0.3890762992125984
21
-0.2499005905511811
0
LINE
8
BLACK
6
CONTINUOUS
10
0.3890762992125984
20
-0.2499005905511811
11
0.3890646062992126
21
-0.2501414566929134
0
LINE
8
BLACK
6
CONTINUOUS
10
0.3890646062992126
20
-0.2501414566929134
11
0.387189842519685
21
-0.2576405118110236
0
LINE
8
BLACK
6
CONTINUOUS
10
0.387189842519685
20
-0.2576405118110236
11
0.3870977165354331
21
-0.2578354724409449
0
LINE
8
BLACK
6
CONTINUOUS
10
0.3870977165354331
20
-0.2578354724409449
11
0.3870407874015748
21
-0.2580434251968504
0
LINE
8
BLACK
6
CONTINUOUS
10
0.3870407874015748
20
-0.2580434251968504
11
0.3851660236220472
21
-0.2617929527559055
0
LINE
8
BLACK
6
CONTINUOUS
10
0.3851660236220472
20
-0.2617929527559055
11
0.3849726377952756
21
-0.2620420866141732
0
LINE
8
BLACK
6
CONTINUOUS
10
0.3849726377952756
20
-0.2620420866141732
11
0.3847973228346457
21
-0.2623045275590551
0
LINE
8
BLACK
6
CONTINUOUS
10
0.3847973228346457
20
-0.2623045275590551
11
0.3829225590551181
21
-0.2641793307086614
0
LINE
8
BLACK
6
CONTINUOUS
10
0.3829225590551181
20
-0.2641793307086614
11
0.38266
21
-0.2643547637795275
0
LINE
8
BLACK
6
CONTINUOUS
10
0.38266
20
-0.2643547637795275
11
0.382410905511811
21
-0.2645481102362205
0
LINE
8
BLACK
6
CONTINUOUS
10
0.382410905511811
20
-0.2645481102362205
11
0.3786614173228346
21
-0.2664228346456693
0
LINE
8
BLACK
6
CONTINUOUS
10
0.3786614173228346
20
-0.2664228346456693
11
0.3785662992125984
21
-0.2664488582677165
0
LINE
8
BLACK
6
CONTINUOUS
10
0.3785662992125984
20
-0.2664488582677165
11
0.3785343700787401
21
-0.2664808267716535
0
LINE
8
BLACK
6
CONTINUOUS
10
0.3785343700787401
20
-0.2664808267716535
11
0.378224842519685
21
-0.2665423622047244
0
LINE
8
BLACK
6
CONTINUOUS
10
0.378224842519685
20
-0.2665423622047244
11
0.3779206299212599
21
-0.2666257086614173
0
LINE
8
BLACK
6
CONTINUOUS
10
0.3779206299212599
20
-0.2666257086614173
11
0.3778777559055118
21
-0.2666114173228347
0
LINE
8
BLACK
6
CONTINUOUS
10
0.3778777559055118
20
-0.2666114173228347
11
0.377781062992126
21
-0.2666306692913386
0
LINE
8
BLACK
6
CONTINUOUS
10
0.377781062992126
20
-0.2666306692913386
11
0.3740315354330709
21
-0.2666306692913386
0
LINE
8
BLACK
6
CONTINUOUS
10
0.3740315354330709
20
-0.2666306692913386
11
0.3739348031496063
21
-0.2666114173228347
0
LINE
8
BLACK
6
CONTINUOUS
10
0.3739348031496063
20
-0.2666114173228347
11
0.373891968503937
21
-0.2666257086614173
0
LINE
8
BLACK
6
CONTINUOUS
10
0.373891968503937
20
-0.2666257086614173
11
0.373587716535433
21
-0.2665423622047244
0
LINE
8
BLACK
6
CONTINUOUS
10
0.373587716535433
20
-0.2665423622047244
11
0.3732782283464567
21
-0.2664808267716535
0
LINE
8
BLACK
6
CONTINUOUS
10
0.3732782283464567
20
-0.2664808267716535
11
0.3732462598425197
21
-0.2664488582677165
0
LINE
8
BLACK
6
CONTINUOUS
10
0.3732462598425197
20
-0.2664488582677165
11
0.3731511811023622
21
-0.2664228346456693
0
LINE
8
BLACK
6
CONTINUOUS
10
0.3731511811023622
20
-0.2664228346456693
11
0.3694016535433071
21
-0.2645480708661417
0
LINE
8
BLACK
6
CONTINUOUS
10
0.3694016535433071
20
-0.2645480708661417
11
0.3691524803149606
21
-0.2643546850393701
0
LINE
8
BLACK
6
CONTINUOUS
10
0.3691524803149606
20
-0.2643546850393701
11
0.3688900393700787
21
-0.2641793307086614
0
LINE
8
BLACK
6
CONTINUOUS
10
0.3688900393700787
20
-0.2641793307086614
11
0.3670152755905512
21
-0.2623045275590551
0
LINE
8
BLACK
6
CONTINUOUS
10
0.3670152755905512
20
-0.2623045275590551
11
0.3668398818897638
21
-0.2620420472440945
0
LINE
8
BLACK
6
CONTINUOUS
10
0.3668398818897638
20
-0.2620420472440945
11
0.3666465354330709
21
-0.2617929133858268
0
LINE
8
BLACK
6
CONTINUOUS
10
0.3666465354330709
20
-0.2617929133858268
11
0.3647718110236221
21
-0.2580434251968504
0
LINE
8
BLACK
6
CONTINUOUS
10
0.3647718110236221
20
-0.2580434251968504
11
0.3647148425196851
21
-0.2578354724409449
0
LINE
8
BLACK
6
CONTINUOUS
10
0.3647148425196851
20
-0.2578354724409449
11
0.3646227559055118
21
-0.2576405118110236
0
LINE
8
BLACK
6
CONTINUOUS
10
0.3646227559055118
20
-0.2576405118110236
11
0.3627479921259842
21
-0.2501414566929134
0
LINE
8
BLACK
6
CONTINUOUS
10
0.3627479921259842
20
-0.2501414566929134
11
0.3627362598425197
21
-0.2499005905511811
0
LINE
8
BLACK
6
CONTINUOUS
10
0.3627362598425197
20
-0.2499005905511811
11
0.3626892125984252
21
-0.2496640157480315
0
LINE
8
BLACK
6
CONTINUOUS
10
0.3626892125984252
20
-0.2496640157480315
11
0.3626892125984252
21
-0.2402901968503937
0
LINE
8
BLACK
6
CONTINUOUS
10
0.3626892125984252
20
-0.2402901968503937
11
0.3627362598425197
21
-0.2400535826771653
0
LINE
8
BLACK
6
CONTINUOUS
10
0.3627362598425197
20
-0.2400535826771653
11
0.3627479921259842
21
-0.2398127559055118
0
LINE
8
BLACK
6
CONTINUOUS
10
0.3627479921259842
20
-0.2398127559055118
11
0.3646227559055118
21
-0.2323137007874016
0
LINE
8
BLACK
6
CONTINUOUS
10
0.3646227559055118
20
-0.2323137007874016
11
0.3647148425196851
21
-0.2321187007874016
0
LINE
8
BLACK
6
CONTINUOUS
10
0.3647148425196851
20
-0.2321187007874016
11
0.3647718110236221
21
-0.2319107874015748
0
LINE
8
BLACK
6
CONTINUOUS
10
0.3647718110236221
20
-0.2319107874015748
11
0.3666465354330709
21
-0.2281612992125984
0
LINE
8
BLACK
6
CONTINUOUS
10
0.3666465354330709
20
-0.2281612992125984
11
0.3668400393700788
21
-0.2279119291338583
0
LINE
8
BLACK
6
CONTINUOUS
10
0.3668400393700788
20
-0.2279119291338583
11
0.3670153149606299
21
-0.2276496850393701
0
LINE
8
BLACK
6
CONTINUOUS
10
0.3670153149606299
20
-0.2276496850393701
11
0.3688900393700787
21
-0.2257749212598425
0
LINE
8
BLACK
6
CONTINUOUS
10
0.3688900393700787
20
-0.2257749212598425
11
0.3691524803149606
21
-0.2255995275590551
0
LINE
8
BLACK
6
CONTINUOUS
10
0.3691524803149606
20
-0.2255995275590551
11
0.3694016535433071
21
-0.2254061811023622
0
LINE
8
BLACK
6
CONTINUOUS
10
0.3694016535433071
20
-0.2254061811023622
11
0.3731511811023622
21
-0.2235314173228346
0
LINE
8
BLACK
6
CONTINUOUS
10
0.3731511811023622
20
-0.2235314173228346
11
0.3732462598425197
21
-0.2235053543307086
0
LINE
8
BLACK
6
CONTINUOUS
10
0.3732462598425197
20
-0.2235053543307086
11
0.3732782283464567
21
-0.2234734251968504
0
LINE
8
BLACK
6
CONTINUOUS
10
0.3732782283464567
20
-0.2234734251968504
11
0.373587716535433
21
-0.2234118503937008
0
LINE
8
BLACK
6
CONTINUOUS
10
0.373587716535433
20
-0.2234118503937008
11
0.373891968503937
21
-0.2233285433070866
0
LINE
8
BLACK
6
CONTINUOUS
10
0.373891968503937
20
-0.2233285433070866
11
0.3739348031496063
21
-0.2233427952755905
0
LINE
8
BLACK
6
CONTINUOUS
10
0.3739348031496063
20
-0.2233427952755905
11
0.3740315354330709
21
-0.2233235826771653
0
LINE
8
BLACK
6
CONTINUOUS
10
0.3740315354330709
20
-0.2233235826771653
11
0.377781062992126
21
-0.2233235826771653
0
LINE
8
BLACK
6
CONTINUOUS
10
0.377781062992126
20
-0.2233235826771653
11
0.3778777559055118
21
-0.2233427952755905
0
LINE
8
BLACK
6
CONTINUOUS
10
0.3714480708661417
20
-0.2287846456692913
11
0.3700250393700787
21
-0.2302076377952756
0
LINE
8
BLACK
6
CONTINUOUS
10
0.3700250393700787
20
-0.2302076377952756
11
0.3683898031496063
21
-0.233478188976378
0
LINE
8
BLACK
6
CONTINUOUS
10
0.3683898031496063
20
-0.233478188976378
11
0.3666262204724409
21
-0.2405325196850394
0
LINE
8
BLACK
6
CONTINUOUS
10
0.3666262204724409
20
-0.2405325196850394
11
0.3666262204724409
21
-0.2494216929133858
0
LINE
8
BLACK
6
CONTINUOUS
10
0.3666262204724409
20
-0.2494216929133858
11
0.3683898031496063
21
-0.2564760236220472
0
LINE
8
BLACK
6
CONTINUOUS
10
0.3683898031496063
20
-0.2564760236220472
11
0.3700250393700787
21
-0.2597464960629921
0
LINE
8
BLACK
6
CONTINUOUS
10
0.3700250393700787
20
-0.2597464960629921
11
0.3714481102362205
21
-0.2611696062992126
0
LINE
8
BLACK
6
CONTINUOUS
10
0.3714481102362205
20
-0.2611696062992126
11
0.3744962598425197
21
-0.2626936614173228
0
LINE
8
BLACK
6
CONTINUOUS
10
0.3744962598425197
20
-0.2626936614173228
11
0.3773163779527559
21
-0.2626936614173228
0
LINE
8
BLACK
6
CONTINUOUS
10
0.3773163779527559
20
-0.2626936614173228
11
0.3803644488188976
21
-0.2611696062992126
0
LINE
8
BLACK
6
CONTINUOUS
10
0.3803644488188976
20
-0.2611696062992126
11
0.3817875196850394
21
-0.2597464960629921
0
LINE
8
BLACK
6
CONTINUOUS
10
0.3817875196850394
20
-0.2597464960629921
11
0.3834227952755905
21
-0.2564759448818897
0
LINE
8
BLACK
6
CONTINUOUS
10
0.3834227952755905
20
-0.2564759448818897
11
0.3851863779527559
21
-0.2494216929133858
0
LINE
8
BLACK
6
CONTINUOUS
10
0.3851863779527559
20
-0.2494216929133858
11
0.3851863779527559
21
-0.2405325196850394
0
LINE
8
BLACK
6
CONTINUOUS
10
0.3851863779527559
20
-0.2405325196850394
11
0.3834227952755905
21
-0.2334782283464567
0
LINE
8
BLACK
6
CONTINUOUS
10
0.3834227952755905
20
-0.2334782283464567
11
0.3817875196850394
21
-0.2302076771653543
0
LINE
8
BLACK
6
CONTINUOUS
10
0.3817875196850394
20
-0.2302076771653543
11
0.3803645275590551
21
-0.2287846456692913
0
LINE
8
BLACK
6
CONTINUOUS
10
0.3803645275590551
20
-0.2287846456692913
11
0.3773163779527559
21
-0.2272605905511811
0
LINE
8
BLACK
6
CONTINUOUS
10
0.3773163779527559
20
-0.2272605905511811
11
0.3744962598425197
21
-0.2272605905511811
0
LINE
8
BLACK
6
CONTINUOUS
10
0.3744962598425197
20
-0.2272605905511811
11
0.3714480708661417
21
-0.2287846456692913
0
LINE
8
BLACK
6
CONTINUOUS
10
0.3532502755905512
20
-0.2374507874015748
11
0.3534298031496063
21
-0.2389466929133858
0
LINE
8
BLACK
6
CONTINUOUS
10
0.3534298031496063
20
-0.2389466929133858
11
0.3530822047244094
21
-0.2396316141732283
0
LINE
8
BLACK
6
CONTINUOUS
10
0.3530822047244094
20
-0.2396316141732283
11
0.3437265354330709
21
-0.251538779527559
0
LINE
8
BLACK
6
CONTINUOUS
10
0.3437265354330709
20
-0.251538779527559
11
0.3530822047244094
21
-0.2634459842519685
0
LINE
8
BLACK
6
CONTINUOUS
10
0.3530822047244094
20
-0.2634459842519685
11
0.3534298031496063
21
-0.264130905511811
0
LINE
8
BLACK
6
CONTINUOUS
10
0.3534298031496063
20
-0.264130905511811
11
0.3532502755905512
21
-0.2656268110236221
0
LINE
8
BLACK
6
CONTINUOUS
10
0.3532502755905512
20
-0.2656268110236221
11
0.3520655905511811
21
-0.2665576377952756
0
LINE
8
BLACK
6
CONTINUOUS
10
0.3520655905511811
20
-0.2665576377952756
11
0.3505696850393701
21
-0.2663781102362205
0
LINE
8
BLACK
6
CONTINUOUS
10
0.3505696850393701
20
-0.2663781102362205
11
0.3499864566929134
21
-0.2658783464566929
0
LINE
8
BLACK
6
CONTINUOUS
10
0.3499864566929134
20
-0.2658783464566929
11
0.3412231102362205
21
-0.254725
0
LINE
8
BLACK
6
CONTINUOUS
10
0.3412231102362205
20
-0.254725
11
0.3324598031496063
21
-0.2658783464566929
0
LINE
8
BLACK
6
CONTINUOUS
10
0.3324598031496063
20
-0.2658783464566929
11
0.3318765748031496
21
-0.2663781102362205
0
LINE
8
BLACK
6
CONTINUOUS
10
0.3318765748031496
20
-0.2663781102362205
11
0.3303806692913386
21
-0.2665576377952756
0
LINE
8
BLACK
6
CONTINUOUS
10
0.3303806692913386
20
-0.2665576377952756
11
0.3291959842519685
21
-0.2656268110236221
0
LINE
8
BLACK
6
CONTINUOUS
10
0.3291959842519685
20
-0.2656268110236221
11
0.3290164566929134
21
-0.264130905511811
0
LINE
8
BLACK
6
CONTINUOUS
10
0.3290164566929134
20
-0.264130905511811
11
0.3293640551181102
21
-0.2634459842519685
0
LINE
8
BLACK
6
CONTINUOUS
10
0.3293640551181102
20
-0.2634459842519685
11
0.3387196850393701
21
-0.251538779527559
0
LINE
8
BLACK
6
CONTINUOUS
10
0.3387196850393701
20
-0.251538779527559
11
0.3293640551181102
21
-0.2396316141732283
0
LINE
8
BLACK
6
CONTINUOUS
10
0.3293640551181102
20
-0.2396316141732283
11
0.3290164566929134
21
-0.2389466929133858
0
LINE
8
BLACK
6
CONTINUOUS
10
0.3290164566929134
20
-0.2389466929133858
11
0.3291959842519685
21
-0.2374507874015748
0
LINE
8
BLACK
6
CONTINUOUS
10
0.3291959842519685
20
-0.2374507874015748
11
0.3303806692913386
21
-0.2365199606299213
0
LINE
8
BLACK
6
CONTINUOUS
10
0.3303806692913386
20
-0.2365199606299213
11
0.3318765748031496
21
-0.2366994881889764
0
LINE
8
BLACK
6
CONTINUOUS
10
0.3318765748031496
20
-0.2366994881889764
11
0.3324598031496063
21
-0.2371992519685039
0
LINE
8
BLACK
6
CONTINUOUS
10
0.3324598031496063
20
-0.2371992519685039
11
0.3412231102362205
21
-0.2483525590551181
0
LINE
8
BLACK
6
CONTINUOUS
10
0.3412231102362205
20
-0.2483525590551181
11
0.3499864566929134
21
-0.2371992519685039
0
LINE
8
BLACK
6
CONTINUOUS
10
0.3499864566929134
20
-0.2371992519685039
11
0.3505696850393701
21
-0.2366994881889764
0
LINE
8
BLACK
6
CONTINUOUS
10
0.3505696850393701
20
-0.2366994881889764
11
0.3520655905511811
21
-0.2365199606299213
0
LINE
8
BLACK
6
CONTINUOUS
10
0.3520655905511811
20
-0.2365199606299213
11
0.3532502755905512
21
-0.2374507874015748
0
LINE
8
BLACK
6
CONTINUOUS
10
0.0348606692913386
20
-0.1277388582677165
11
0.036139094488189
21
-0.1290172834645669
0
LINE
8
BLACK
6
CONTINUOUS
10
0.036139094488189
20
-0.1290172834645669
11
0.036139094488189
21
-0.1308252362204724
0
LINE
8
BLACK
6
CONTINUOUS
10
0.036139094488189
20
-0.1308252362204724
11
0.0348606692913386
21
-0.1321036614173228
0
LINE
8
BLACK
6
CONTINUOUS
10
0.0348606692913386
20
-0.1321036614173228
11
0.0339566929133858
21
-0.1322834645669291
0
LINE
8
BLACK
6
CONTINUOUS
10
0.0339566929133858
20
-0.1322834645669291
11
-0.1156496062992126
21
-0.1322834645669291
0
LINE
8
BLACK
6
CONTINUOUS
10
-0.1156496062992126
20
-0.1322834645669291
11
-0.1156496062992126
21
-0.2062992125984252
0
LINE
8
BLACK
6
CONTINUOUS
10
-0.1156496062992126
20
-0.2062992125984252
11
0.0339566929133858
21
-0.2062992125984252
0
LINE
8
BLACK
6
CONTINUOUS
10
0.0339566929133858
20
-0.2062992125984252
11
0.0348606692913386
21
-0.2064790157480315
0
LINE
8
BLACK
6
CONTINUOUS
10
0.0348606692913386
20
-0.2064790157480315
11
0.036139094488189
21
-0.2077574409448819
0
LINE
8
BLACK
6
CONTINUOUS
10
0.036139094488189
20
-0.2077574409448819
11
0.036139094488189
21
-0.2095653937007874
0
LINE
8
BLACK
6
CONTINUOUS
10
0.036139094488189
20
-0.2095653937007874
11
0.0348606692913386
21
-0.2108438188976378
0
LINE
8
BLACK
6
CONTINUOUS
10
0.0348606692913386
20
-0.2108438188976378
11
0.0339566929133858
21
-0.2110236220472441
0
LINE
8
BLACK
6
CONTINUOUS
10
0.0339566929133858
20
-0.2110236220472441
11
-0.118011811023622
21
-0.2110236220472441
0
LINE
8
BLACK
6
CONTINUOUS
10
-0.118011811023622
20
-0.2110236220472441
11
-0.1189157874015748
21
-0.2108438188976378
0
LINE
8
BLACK
6
CONTINUOUS
10
-0.1189157874015748
20
-0.2108438188976378
11
-0.1201942125984252
21
-0.2095653937007874
0
LINE
8
BLACK
6
CONTINUOUS
10
-0.1201942125984252
20
-0.2095653937007874
11
-0.1203740157480315
21
-0.2086614173228346
0
LINE
8
BLACK
6
CONTINUOUS
10
-0.1203740157480315
20
-0.2086614173228346
11
-0.1203740157480315
21
-0.1299212598425197
0
LINE
8
BLACK
6
CONTINUOUS
10
-0.1203740157480315
20
-0.1299212598425197
11
-0.1201942125984252
21
-0.1290172834645669
0
LINE
8
BLACK
6
CONTINUOUS
10
-0.1201942125984252
20
-0.1290172834645669
11
-0.1189157874015748
21
-0.1277388582677165
0
LINE
8
BLACK
6
CONTINUOUS
10
-0.1189157874015748
20
-0.1277388582677165
11
-0.118011811023622
21
-0.1275590551181102
0
LINE
8
BLACK
6
CONTINUOUS
10
-0.118011811023622
20
-0.1275590551181102
11
0.0339566929133858
21
-0.1275590551181102
0
LINE
8
BLACK
6
CONTINUOUS
10
0.0339566929133858
20
-0.1275590551181102
11
0.0348606692913386
21
-0.1277388582677165
0
LINE
8
BLACK
6
CONTINUOUS
10
0.184624094488189
20
-0.1611551574803149
11
0.184773937007874
21
-0.1619084645669291
0
LINE
8
BLACK
6
CONTINUOUS
10
0.184773937007874
20
-0.1619084645669291
11
0.184773937007874
21
-0.1737214566929134
0
LINE
8
BLACK
6
CONTINUOUS
10
0.184773937007874
20
-0.1737214566929134
11
0.1856746062992126
21
-0.1732711417322835
0
LINE
8
BLACK
6
CONTINUOUS
10
0.1856746062992126
20
-0.1732711417322835
11
0.1857696850393701
21
-0.1732450787401575
0
LINE
8
BLACK
6
CONTINUOUS
10
0.1857696850393701
20
-0.1732450787401575
11
0.1858016535433071
21
-0.1732131496062992
0
LINE
8
BLACK
6
CONTINUOUS
10
0.1858016535433071
20
-0.1732131496062992
11
0.1861111417322835
21
-0.1731515748031496
0
LINE
8
BLACK
6
CONTINUOUS
10
0.1861111417322835
20
-0.1731515748031496
11
0.1864153937007874
21
-0.1730682677165354
0
LINE
8
BLACK
6
CONTINUOUS
10
0.1864153937007874
20
-0.1730682677165354
11
0.1864582283464567
21
-0.1730825196850394
0
LINE
8
BLACK
6
CONTINUOUS
10
0.1864582283464567
20
-0.1730825196850394
11
0.1865549606299212
21
-0.1730633070866142
0
LINE
8
BLACK
6
CONTINUOUS
10
0.1865549606299212
20
-0.1730633070866142
11
0.1940540157480315
21
-0.1730633070866142
0
LINE
8
BLACK
6
CONTINUOUS
10
0.1940540157480315
20
-0.1730633070866142
11
0.1941507086614173
21
-0.1730825196850394
0
LINE
8
BLACK
6
CONTINUOUS
10
0.1941507086614173
20
-0.1730825196850394
11
0.1941935826771654
21
-0.1730682677165354
0
LINE
8
BLACK
6
CONTINUOUS
10
0.1941935826771654
20
-0.1730682677165354
11
0.1944977952755906
21
-0.1731515748031496
0
LINE
8
BLACK
6
CONTINUOUS
10
0.1944977952755906
20
-0.1731515748031496
11
0.1948073228346457
21
-0.1732131496062992
0
LINE
8
BLACK
6
CONTINUOUS
10
0.1948073228346457
20
-0.1732131496062992
11
0.1948392519685039
21
-0.1732450787401575
0
LINE
8
BLACK
6
CONTINUOUS
10
0.1948392519685039
20
-0.1732450787401575
11
0.1949343700787401
21
-0.1732711417322835
0
LINE
8
BLACK
6
CONTINUOUS
10
0.1949343700787401
20
-0.1732711417322835
11
0.1986838582677165
21
-0.1751458661417323
0
LINE
8
BLACK
6
CONTINUOUS
10
0.1986838582677165
20
-0.1751458661417323
11
0.198933188976378
21
-0.1753393700787401
0
LINE
8
BLACK
6
CONTINUOUS
10
0.198933188976378
20
-0.1753393700787401
11
0.1991954724409449
21
-0.1755146456692913
0
LINE
8
BLACK
6
CONTINUOUS
10
0.1991954724409449
20
-0.1755146456692913
11
0.2010702362204724
21
-0.1773893700787401
0
LINE
8
BLACK
6
CONTINUOUS
10
0.2010702362204724
20
-0.1773893700787401
11
0.2012455905511811
21
-0.177651811023622
0
LINE
8
BLACK
6
CONTINUOUS
10
0.2012455905511811
20
-0.177651811023622
11
0.2014389763779527
21
-0.1779009842519685
0
LINE
8
BLACK
6
CONTINUOUS
10
0.2014389763779527
20
-0.1779009842519685
11
0.2033137401574803
21
-0.1816505118110236
0
LINE
8
BLACK
6
CONTINUOUS
10
0.2033137401574803
20
-0.1816505118110236
11
0.2033397637795276
21
-0.1817455905511811
0
LINE
8
BLACK
6
CONTINUOUS
10
0.2033397637795276
20
-0.1817455905511811
11
0.2033717322834646
21
-0.1817775590551181
0
LINE
8
BLACK
6
CONTINUOUS
10
0.2033717322834646
20
-0.1817775590551181
11
0.2034332677165354
21
-0.1820870472440945
0
LINE
8
BLACK
6
CONTINUOUS
10
0.2034332677165354
20
-0.1820870472440945
11
0.2035166141732283
21
-0.1823912992125984
0
LINE
8
BLACK
6
CONTINUOUS
10
0.2035166141732283
20
-0.1823912992125984
11
0.2035023228346457
21
-0.1824341338582677
0
LINE
8
BLACK
6
CONTINUOUS
10
0.2035023228346457
20
-0.1824341338582677
11
0.2035215748031496
21
-0.1825308661417323
0
LINE
8
BLACK
6
CONTINUOUS
10
0.2035215748031496
20
-0.1825308661417323
11
0.2035215748031496
21
-0.1937794488188976
0
LINE
8
BLACK
6
CONTINUOUS
10
0.2035215748031496
20
-0.1937794488188976
11
0.2035023228346457
21
-0.1938761417322835
0
LINE
8
BLACK
6
CONTINUOUS
10
0.2035023228346457
20
-0.1938761417322835
11
0.2035166141732283
21
-0.1939190157480315
0
LINE
8
BLACK
6
CONTINUOUS
10
0.2035166141732283
20
-0.1939190157480315
11
0.2034332677165354
21
-0.1942232283464567
0
LINE
8
BLACK
6
CONTINUOUS
10
0.2034332677165354
20
-0.1942232283464567
11
0.2033717322834646
21
-0.1945327559055118
0
LINE
8
BLACK
6
CONTINUOUS
10
0.2033717322834646
20
-0.1945327559055118
11
0.2033397637795276
21
-0.1945646850393701
0
LINE
8
BLACK
6
CONTINUOUS
10
0.2033397637795276
20
-0.1945646850393701
11
0.2033137401574803
21
-0.1946598031496063
0
LINE
8
BLACK
6
CONTINUOUS
10
0.2033137401574803
20
-0.1946598031496063
11
0.2014389763779527
21
-0.1984093307086614
0
LINE
8
BLACK
6
CONTINUOUS
10
0.2014389763779527
20
-0.1984093307086614
11
0.2012455905511811
21
-0.1986584645669291
0
LINE
8
BLACK
6
CONTINUOUS
10
0.2012455905511811
20
-0.1986584645669291
11
0.2010702755905512
21
-0.198920905511811
0
LINE
8
BLACK
6
CONTINUOUS
10
0.2010702755905512
20
-0.198920905511811
11
0.1991955118110236
21
-0.2007957086614173
0
LINE
8
BLACK
6
CONTINUOUS
10
0.1991955118110236
20
-0.2007957086614173
11
0.1989329527559055
21
-0.2009711417322834
0
LINE
8
BLACK
6
CONTINUOUS
10
0.1989329527559055
20
-0.2009711417322834
11
0.1986838582677165
21
-0.2011644881889764
0
LINE
8
BLACK
6
CONTINUOUS
10
0.1986838582677165
20
-0.2011644881889764
11
0.1949343700787401
21
-0.2030392125984252
0
LINE
8
BLACK
6
CONTINUOUS
10
0.1949343700787401
20
-0.2030392125984252
11
0.1948392519685039
21
-0.2030652362204724
0
LINE
8
BLACK
6
CONTINUOUS
10
0.1948392519685039
20
-0.2030652362204724
11
0.1948073228346457
21
-0.2030972047244095
0
LINE
8
BLACK
6
CONTINUOUS
10
0.1948073228346457
20
-0.2030972047244095
11
0.1944977952755906
21
-0.2031587401574803
0
LINE
8
BLACK
6
CONTINUOUS
10
0.1944977952755906
20
-0.2031587401574803
11
0.1941935826771654
21
-0.2032420866141732
0
LINE
8
BLACK
6
CONTINUOUS
10
0.1941935826771654
20
-0.2032420866141732
11
0.1941507086614173
21
-0.2032277952755905
0
LINE
8
BLACK
6
CONTINUOUS
10
0.1941507086614173
20
-0.2032277952755905
11
0.1940540157480315
21
-0.2032470472440945
0
LINE
8
BLACK
6
CONTINUOUS
10
0.1940540157480315
20
-0.2032470472440945
11
0.1865549606299212
21
-0.2032470472440945
0
LINE
8
BLACK
6
CONTINUOUS
10
0.1865549606299212
20
-0.2032470472440945
11
0.1864582283464567
21
-0.2032277952755905
0
LINE
8
BLACK
6
CONTINUOUS
10
0.1864582283464567
20
-0.2032277952755905
11
0.1864153937007874
21
-0.2032420866141732
0
LINE
8
BLACK
6
CONTINUOUS
10
0.1864153937007874
20
-0.2032420866141732
11
0.1861111417322835
21
-0.2031587401574803
0
LINE
8
BLACK
6
CONTINUOUS
10
0.1861111417322835
20
-0.2031587401574803
11
0.1858016535433071
21
-0.2030972047244095
0
LINE
8
BLACK
6
CONTINUOUS
10
0.1858016535433071
20
-0.2030972047244095
11
0.1857696850393701
21
-0.2030652362204724
0
LINE
8
BLACK
6
CONTINUOUS
10
0.1857696850393701
20
-0.2030652362204724
11
0.1856746062992126
21
-0.2030392125984252
0
LINE
8
BLACK
6
CONTINUOUS
10
0.1856746062992126
20
-0.2030392125984252
11
0.1843026771653543
21
-0.2023532283464567
0
LINE
8
BLACK
6
CONTINUOUS
10
0.1843026771653543
20
-0.2023532283464567
11
0.1835587401574803
21
-0.2030972047244095
0
LINE
8
BLACK
6
CONTINUOUS
10
0.1835587401574803
20
-0.2030972047244095
11
0.182052125984252
21
-0.2030972047244095
0
LINE
8
BLACK
6
CONTINUOUS
10
0.182052125984252
20
-0.2030972047244095
11
0.1809867716535433
21
-0.2020318503937008
0
LINE
8
BLACK
6
CONTINUOUS
10
0.1809867716535433
20
-0.2020318503937008
11
0.1808369291338583
21
-0.2012785433070866
0
LINE
8
BLACK
6
CONTINUOUS
10
0.1808369291338583
20
-0.2012785433070866
11
0.1808369291338583
21
-0.1619084645669291
0
LINE
8
BLACK
6
CONTINUOUS
10
0.1808369291338583
20
-0.1619084645669291
11
0.1809867716535433
21
-0.1611551574803149
0
LINE
8
BLACK
6
CONTINUOUS
10
0.1809867716535433
20
-0.1611551574803149
11
0.182052125984252
21
-0.1600898031496063
0
LINE
8
BLACK
6
CONTINUOUS
10
0.182052125984252
20
-0.1600898031496063
11
0.1835587401574803
21
-0.1600898031496063
0
LINE
8
BLACK
6
CONTINUOUS
10
0.1835587401574803
20
-0.1600898031496063
11
0.184624094488189
21
-0.1611551574803149
0
LINE
8
BLACK
6
CONTINUOUS
10
0.184773937007874
20
-0.1781231496062992
11
0.184773937007874
21
-0.1981871653543307
0
LINE
8
BLACK
6
CONTINUOUS
10
0.184773937007874
20
-0.1981871653543307
11
0.1870196850393701
21
-0.1993100393700787
0
LINE
8
BLACK
6
CONTINUOUS
10
0.1870196850393701
20
-0.1993100393700787
11
0.1935893307086614
21
-0.1993100393700787
0
LINE
8
BLACK
6
CONTINUOUS
10
0.1935893307086614
20
-0.1993100393700787
11
0.1966374015748031
21
-0.1977859842519685
0
LINE
8
BLACK
6
CONTINUOUS
10
0.1966374015748031
20
-0.1977859842519685
11
0.1980604724409449
21
-0.196362874015748
0
LINE
8
BLACK
6
CONTINUOUS
10
0.1980604724409449
20
-0.196362874015748
11
0.1995845669291338
21
-0.1933147244094488
0
LINE
8
BLACK
6
CONTINUOUS
10
0.1995845669291338
20
-0.1933147244094488
11
0.1995845669291338
21
-0.1829955511811024
0
LINE
8
BLACK
6
CONTINUOUS
10
0.1995845669291338
20
-0.1829955511811024
11
0.1980604724409449
21
-0.1799474015748032
0
LINE
8
BLACK
6
CONTINUOUS
10
0.1980604724409449
20
-0.1799474015748032
11
0.1966374803149606
21
-0.1785243700787401
0
LINE
8
BLACK
6
CONTINUOUS
10
0.1966374803149606
20
-0.1785243700787401
11
0.1935893307086614
21
-0.1770003149606299
0
LINE
8
BLACK
6
CONTINUOUS
10
0.1935893307086614
20
-0.1770003149606299
11
0.1870196850393701
21
-0.1770003149606299
0
LINE
8
BLACK
6
CONTINUOUS
10
0.1870196850393701
20
-0.1770003149606299
11
0.184773937007874
21
-0.1781231496062992
0
LINE
8
BLACK
6
CONTINUOUS
10
0.2202446456692913
20
-0.1611551574803149
11
0.2203944881889764
21
-0.1619084645669291
0
LINE
8
BLACK
6
CONTINUOUS
10
0.2203944881889764
20
-0.1619084645669291
11
0.2203944881889764
21
-0.1737214566929134
0
LINE
8
BLACK
6
CONTINUOUS
10
0.2203944881889764
20
-0.1737214566929134
11
0.2212951574803149
21
-0.1732711417322835
0
LINE
8
BLACK
6
CONTINUOUS
10
0.2212951574803149
20
-0.1732711417322835
11
0.2213902362204724
21
-0.1732450787401575
0
LINE
8
BLACK
6
CONTINUOUS
10
0.2213902362204724
20
-0.1732450787401575
11
0.2214222047244094
21
-0.1732131496062992
0
LINE
8
BLACK
6
CONTINUOUS
10
0.2214222047244094
20
-0.1732131496062992
11
0.2217316929133858
21
-0.1731515748031496
0
LINE
8
BLACK
6
CONTINUOUS
10
0.2217316929133858
20
-0.1731515748031496
11
0.2220359448818898
21
-0.1730682677165354
0
LINE
8
BLACK
6
CONTINUOUS
10
0.2220359448818898
20
-0.1730682677165354
11
0.2220787795275591
21
-0.1730825196850394
0
LINE
8
BLACK
6
CONTINUOUS
10
0.2220787795275591
20
-0.1730825196850394
11
0.2221755118110236
21
-0.1730633070866142
0
LINE
8
BLACK
6
CONTINUOUS
10
0.2221755118110236
20
-0.1730633070866142
11
0.2296745669291338
21
-0.1730633070866142
0
LINE
8
BLACK
6
CONTINUOUS
10
0.2296745669291338
20
-0.1730633070866142
11
0.2297712598425197
21
-0.1730825196850394
0
LINE
8
BLACK
6
CONTINUOUS
10
0.2297712598425197
20
-0.1730825196850394
11
0.2298141338582677
21
-0.1730682677165354
0
LINE
8
BLACK
6
CONTINUOUS
10
0.2298141338582677
20
-0.1730682677165354
11
0.2301183464566929
21
-0.1731515748031496
0
LINE
8
BLACK
6
CONTINUOUS
10
0.2301183464566929
20
-0.1731515748031496
11
0.230427874015748
21
-0.1732131496062992
0
LINE
8
BLACK
6
CONTINUOUS
10
0.230427874015748
20
-0.1732131496062992
11
0.2304598031496063
21
-0.1732450787401575
0
LINE
8
BLACK
6
CONTINUOUS
10
0.2304598031496063
20
-0.1732450787401575
11
0.2305549212598425
21
-0.1732711417322835
0
LINE
8
BLACK
6
CONTINUOUS
10
0.2305549212598425
20
-0.1732711417322835
11
0.2343044094488189
21
-0.1751458661417323
0
LINE
8
BLACK
6
CONTINUOUS
10
0.2343044094488189
20
-0.1751458661417323
11
0.2345537401574803
21
-0.1753393700787401
0
LINE
8
BLACK
6
CONTINUOUS
10
0.2345537401574803
20
-0.1753393700787401
11
0.2348160236220472
21
-0.1755146456692913
0
LINE
8
BLACK
6
CONTINUOUS
10
0.2348160236220472
20
-0.1755146456692913
11
0.2366907874015748
21
-0.1773893700787401
0
LINE
8
BLACK
6
CONTINUOUS
10
0.2366907874015748
20
-0.1773893700787401
11
0.2368661417322835
21
-0.177651811023622
0
LINE
8
BLACK
6
CONTINUOUS
10
0.2368661417322835
20
-0.177651811023622
11
0.2370595275590551
21
-0.1779009842519685
0
LINE
8
BLACK
6
CONTINUOUS
10
0.2370595275590551
20
-0.1779009842519685
11
0.2389342913385827
21
-0.1816505118110236
0
LINE
8
BLACK
6
CONTINUOUS
10
0.2389342913385827
20
-0.1816505118110236
11
0.2389603149606299
21
-0.1817455905511811
0
LINE
8
BLACK
6
CONTINUOUS
10
0.2389603149606299
20
-0.1817455905511811
11
0.2389922834645669
21
-0.1817775590551181
0
LINE
8
BLACK
6
CONTINUOUS
10
0.2389922834645669
20
-0.1817775590551181
11
0.2390538188976378
21
-0.1820870472440945
0
LINE
8
BLACK
6
CONTINUOUS
10
0.2390538188976378
20
-0.1820870472440945
11
0.2391371653543307
21
-0.1823912992125984
0
LINE
8
BLACK
6
CONTINUOUS
10
0.2391371653543307
20
-0.1823912992125984
11
0.239122874015748
21
-0.1824341338582677
0
LINE
8
BLACK
6
CONTINUOUS
10
0.239122874015748
20
-0.1824341338582677
11
0.239142125984252
21
-0.1825308661417323
0
LINE
8
BLACK
6
CONTINUOUS
10
0.239142125984252
20
-0.1825308661417323
11
0.239142125984252
21
-0.1937794488188976
0
LINE
8
BLACK
6
CONTINUOUS
10
0.239142125984252
20
-0.1937794488188976
11
0.239122874015748
21
-0.1938761417322835
0
LINE
8
BLACK
6
CONTINUOUS
10
0.239122874015748
20
-0.1938761417322835
11
0.2391371653543307
21
-0.1939190157480315
0
LINE
8
BLACK
6
CONTINUOUS
10
0.2391371653543307
20
-0.1939190157480315
11
0.2390538188976378
21
-0.1942232283464567
0
LINE
8
BLACK
6
CONTINUOUS
10
0.2390538188976378
20
-0.1942232283464567
11
0.2389922834645669
21
-0.1945327559055118
0
LINE
8
BLACK
6
CONTINUOUS
10
0.2389922834645669
20
-0.1945327559055118
11
0.2389603149606299
21
-0.1945646850393701
0
LINE
8
BLACK
6
CONTINUOUS
10
0.2389603149606299
20
-0.1945646850393701
11
0.2389342913385827
21
-0.1946598031496063
0
LINE
8
BLACK
6
CONTINUOUS
10
0.2389342913385827
20
-0.1946598031496063
11
0.2370595275590551
21
-0.1984093307086614
0
LINE
8
BLACK
6
CONTINUOUS
10
0.2370595275590551
20
-0.1984093307086614
11
0.2368661417322835
21
-0.1986584645669291
0
LINE
8
BLACK
6
CONTINUOUS
10
0.2368661417322835
20
-0.1986584645669291
11
0.2366908267716535
21
-0.198920905511811
0
LINE
8
BLACK
6
CONTINUOUS
10
0.2366908267716535
20
-0.198920905511811
11
0.234816062992126
21
-0.2007957086614173
0
LINE
8
BLACK
6
CONTINUOUS
10
0.234816062992126
20
-0.2007957086614173
11
0.2345535039370079
21
-0.2009711417322834
0
LINE
8
BLACK
6
CONTINUOUS
10
0.2345535039370079
20
-0.2009711417322834
11
0.2343044094488189
21
-0.2011644881889764
0
LINE
8
BLACK
6
CONTINUOUS
10
0.2343044094488189
20
-0.2011644881889764
11
0.2305549212598425
21
-0.2030392125984252
0
LINE
8
BLACK
6
CONTINUOUS
10
0.2305549212598425
20
-0.2030392125984252
11
0.2304598031496063
21
-0.2030652362204724
0
LINE
8
BLACK
6
CONTINUOUS
10
0.2304598031496063
20
-0.2030652362204724
11
0.230427874015748
21
-0.2030972047244095
0
LINE
8
BLACK
6
CONTINUOUS
10
0.230427874015748
20
-0.2030972047244095
11
0.2301183464566929
21
-0.2031587401574803
0
LINE
8
BLACK
6
CONTINUOUS
10
0.2301183464566929
20
-0.2031587401574803
11
0.2298141338582677
21
-0.2032420866141732
0
LINE
8
BLACK
6
CONTINUOUS
10
0.2298141338582677
20
-0.2032420866141732
11
0.2297712598425197
21
-0.2032277952755905
0
LINE
8
BLACK
6
CONTINUOUS
10
0.2297712598425197
20
-0.2032277952755905
11
0.2296745669291338
21
-0.2032470472440945
0
LINE
8
BLACK
6
CONTINUOUS
10
0.2296745669291338
20
-0.2032470472440945
11
0.2221755118110236
21
-0.2032470472440945
0
LINE
8
BLACK
6
CONTINUOUS
10
0.2221755118110236
20
-0.2032470472440945
11
0.2220787795275591
21
-0.2032277952755905
0
LINE
8
BLACK
6
CONTINUOUS
10
0.2220787795275591
20
-0.2032277952755905
11
0.2220359448818898
21
-0.2032420866141732
0
LINE
8
BLACK
6
CONTINUOUS
10
0.2220359448818898
20
-0.2032420866141732
11
0.2217316929133858
21
-0.2031587401574803
0
LINE
8
BLACK
6
CONTINUOUS
10
0.2217316929133858
20
-0.2031587401574803
11
0.2214222047244094
21
-0.2030972047244095
0
LINE
8
BLACK
6
CONTINUOUS
10
0.2214222047244094
20
-0.2030972047244095
11
0.2213902362204724
21
-0.2030652362204724
0
LINE
8
BLACK
6
CONTINUOUS
10
0.2213902362204724
20
-0.2030652362204724
11
0.2212951574803149
21
-0.2030392125984252
0
LINE
8
BLACK
6
CONTINUOUS
10
0.2212951574803149
20
-0.2030392125984252
11
0.2199232283464567
21
-0.2023532283464567
0
LINE
8
BLACK
6
CONTINUOUS
10
0.2199232283464567
20
-0.2023532283464567
11
0.2191792913385827
21
-0.2030972047244095
0
LINE
8
BLACK
6
CONTINUOUS
10
0.2191792913385827
20
-0.2030972047244095
11
0.2176726771653543
21
-0.2030972047244095
0
LINE
8
BLACK
6
CONTINUOUS
10
0.2176726771653543
20
-0.2030972047244095
11
0.2166073228346457
21
-0.2020318503937008
0
LINE
8
BLACK
6
CONTINUOUS
10
0.2166073228346457
20
-0.2020318503937008
11
0.2164574803149606
21
-0.2012785433070866
0
LINE
8
BLACK
6
CONTINUOUS
10
0.2164574803149606
20
-0.2012785433070866
11
0.2164574803149606
21
-0.1619084645669291
0
LINE
8
BLACK
6
CONTINUOUS
10
0.2164574803149606
20
-0.1619084645669291
11
0.2166073228346457
21
-0.1611551574803149
0
LINE
8
BLACK
6
CONTINUOUS
10
0.2166073228346457
20
-0.1611551574803149
11
0.2176726771653543
21
-0.1600898031496063
0
LINE
8
BLACK
6
CONTINUOUS
10
0.2176726771653543
20
-0.1600898031496063
11
0.2191792913385827
21
-0.1600898031496063
0
LINE
8
BLACK
6
CONTINUOUS
10
0.2191792913385827
20
-0.1600898031496063
11
0.2202446456692913
21
-0.1611551574803149
0
LINE
8
BLACK
6
CONTINUOUS
10
0.2203944881889764
20
-0.1781231496062992
11
0.2203944881889764
21
-0.1981871653543307
0
LINE
8
BLACK
6
CONTINUOUS
10
0.2203944881889764
20
-0.1981871653543307
11
0.2226402362204724
21
-0.1993100393700787
0
LINE
8
BLACK
6
CONTINUOUS
10
0.2226402362204724
20
-0.1993100393700787
11
0.2292098818897638
21
-0.1993100393700787
0
LINE
8
BLACK
6
CONTINUOUS
10
0.2292098818897638
20
-0.1993100393700787
11
0.2322579527559055
21
-0.1977859842519685
0
LINE
8
BLACK
6
CONTINUOUS
10
0.2322579527559055
20
-0.1977859842519685
11
0.2336810236220472
21
-0.196362874015748
0
LINE
8
BLACK
6
CONTINUOUS
10
0.2336810236220472
20
-0.196362874015748
11
0.2352051181102362
21
-0.1933147244094488
0
LINE
8
BLACK
6
CONTINUOUS
10
0.2352051181102362
20
-0.1933147244094488
11
0.2352051181102362
21
-0.1829955511811024
0
LINE
8
BLACK
6
CONTINUOUS
10
0.2352051181102362
20
-0.1829955511811024
11
0.2336810236220472
21
-0.1799474015748032
0
LINE
8
BLACK
6
CONTINUOUS
10
0.2336810236220472
20
-0.1799474015748032
11
0.232258031496063
21
-0.1785243700787401
0
LINE
8
BLACK
6
CONTINUOUS
10
0.232258031496063
20
-0.1785243700787401
11
0.2292098818897638
21
-0.1770003149606299
0
LINE
8
BLACK
6
CONTINUOUS
10
0.2292098818897638
20
-0.1770003149606299
11
0.2226402362204724
21
-0.1770003149606299
0
LINE
8
BLACK
6
CONTINUOUS
10
0.2226402362204724
20
-0.1770003149606299
11
0.2203944881889764
21
-0.1781231496062992
0
LINE
8
BLACK
6
CONTINUOUS
10
0.2672665748031496
20
-0.1730825196850394
11
0.2673094488188976
21
-0.1730682677165354
0
LINE
8
BLACK
6
CONTINUOUS
10
0.2673094488188976
20
-0.1730682677165354
11
0.2676136614173228
21
-0.1731515748031496
0
LINE
8
BLACK
6
CONTINUOUS
10
0.2676136614173228
20
-0.1731515748031496
11
0.267923188976378
21
-0.1732131496062992
0
LINE
8
BLACK
6
CONTINUOUS
10
0.267923188976378
20
-0.1732131496062992
11
0.2679551181102362
21
-0.1732450787401575
0
LINE
8
BLACK
6
CONTINUOUS
10
0.2679551181102362
20
-0.1732450787401575
11
0.2680502362204724
21
-0.1732711417322835
0
LINE
8
BLACK
6
CONTINUOUS
10
0.2680502362204724
20
-0.1732711417322835
11
0.2717997244094488
21
-0.1751458661417323
0
LINE
8
BLACK
6
CONTINUOUS
10
0.2717997244094488
20
-0.1751458661417323
11
0.2724064960629921
21
-0.175616811023622
0
LINE
8
BLACK
6
CONTINUOUS
10
0.2724064960629921
20
-0.175616811023622
11
0.2728829527559055
21
-0.1770461023622047
0
LINE
8
BLACK
6
CONTINUOUS
10
0.2728829527559055
20
-0.1770461023622047
11
0.2722091732283464
21
-0.1783936614173228
0
LINE
8
BLACK
6
CONTINUOUS
10
0.2722091732283464
20
-0.1783936614173228
11
0.270779842519685
21
-0.1788701181102362
0
LINE
8
BLACK
6
CONTINUOUS
10
0.270779842519685
20
-0.1788701181102362
11
0.2700390551181102
21
-0.1786672440944882
0
LINE
8
BLACK
6
CONTINUOUS
10
0.2700390551181102
20
-0.1786672440944882
11
0.2667051968503937
21
-0.1770003149606299
0
LINE
8
BLACK
6
CONTINUOUS
10
0.2667051968503937
20
-0.1770003149606299
11
0.2601355511811024
21
-0.1770003149606299
0
LINE
8
BLACK
6
CONTINUOUS
10
0.2601355511811024
20
-0.1770003149606299
11
0.2573885039370079
21
-0.1783737795275591
0
LINE
8
BLACK
6
CONTINUOUS
10
0.2573885039370079
20
-0.1783737795275591
11
0.2560150393700787
21
-0.1811207874015748
0
LINE
8
BLACK
6
CONTINUOUS
10
0.2560150393700787
20
-0.1811207874015748
11
0.2560150393700787
21
-0.1831890157480315
0
LINE
8
BLACK
6
CONTINUOUS
10
0.2560150393700787
20
-0.1831890157480315
11
0.2582607874015748
21
-0.1843118897637795
0
LINE
8
BLACK
6
CONTINUOUS
10
0.2582607874015748
20
-0.1843118897637795
11
0.2671698818897638
21
-0.1843118897637795
0
LINE
8
BLACK
6
CONTINUOUS
10
0.2671698818897638
20
-0.1843118897637795
11
0.2672665748031496
21
-0.1843311023622047
0
LINE
8
BLACK
6
CONTINUOUS
10
0.2672665748031496
20
-0.1843311023622047
11
0.2673094488188976
21
-0.1843168503937008
0
LINE
8
BLACK
6
CONTINUOUS
10
0.2673094488188976
20
-0.1843168503937008
11
0.2676136614173228
21
-0.184400157480315
0
LINE
8
BLACK
6
CONTINUOUS
10
0.2676136614173228
20
-0.184400157480315
11
0.267923188976378
21
-0.1844617322834646
0
LINE
8
BLACK
6
CONTINUOUS
10
0.267923188976378
20
-0.1844617322834646
11
0.2679551181102362
21
-0.1844936614173228
0
LINE
8
BLACK
6
CONTINUOUS
10
0.2679551181102362
20
-0.1844936614173228
11
0.2680502362204724
21
-0.1845197244094488
0
LINE
8
BLACK
6
CONTINUOUS
10
0.2680502362204724
20
-0.1845197244094488
11
0.2717997244094488
21
-0.1863944488188976
0
LINE
8
BLACK
6
CONTINUOUS
10
0.2717997244094488
20
-0.1863944488188976
11
0.2721093307086614
21
-0.1866347244094488
0
LINE
8
BLACK
6
CONTINUOUS
10
0.2721093307086614
20
-0.1866347244094488
11
0.2722091732283464
21
-0.186668031496063
0
LINE
8
BLACK
6
CONTINUOUS
10
0.2722091732283464
20
-0.186668031496063
11
0.2722954330708661
21
-0.1867791732283464
0
LINE
8
BLACK
6
CONTINUOUS
10
0.2722954330708661
20
-0.1867791732283464
11
0.2724064960629921
21
-0.1868653937007874
0
LINE
8
BLACK
6
CONTINUOUS
10
0.2724064960629921
20
-0.1868653937007874
11
0.2724397244094488
21
-0.1869651181102362
0
LINE
8
BLACK
6
CONTINUOUS
10
0.2724397244094488
20
-0.1869651181102362
11
0.2726800787401575
21
-0.1872748031496063
0
LINE
8
BLACK
6
CONTINUOUS
10
0.2726800787401575
20
-0.1872748031496063
11
0.274554842519685
21
-0.1910243307086614
0
LINE
8
BLACK
6
CONTINUOUS
10
0.274554842519685
20
-0.1910243307086614
11
0.2745808661417323
21
-0.1911194094488189
0
LINE
8
BLACK
6
CONTINUOUS
10
0.2745808661417323
20
-0.1911194094488189
11
0.2746128346456693
21
-0.1911513779527559
0
LINE
8
BLACK
6
CONTINUOUS
10
0.2746128346456693
20
-0.1911513779527559
11
0.2746743700787401
21
-0.1914608661417323
0
LINE
8
BLACK
6
CONTINUOUS
10
0.2746743700787401
20
-0.1914608661417323
11
0.2747577165354331
21
-0.1917651181102362
0
LINE
8
BLACK
6
CONTINUOUS
10
0.2747577165354331
20
-0.1917651181102362
11
0.2747434251968504
21
-0.1918079527559055
0
LINE
8
BLACK
6
CONTINUOUS
10
0.2747434251968504
20
-0.1918079527559055
11
0.2747626771653544
21
-0.1919046850393701
0
LINE
8
BLACK
6
CONTINUOUS
10
0.2747626771653544
20
-0.1919046850393701
11
0.2747626771653544
21
-0.1956542125984252
0
LINE
8
BLACK
6
CONTINUOUS
10
0.2747626771653544
20
-0.1956542125984252
11
0.2747434251968504
21
-0.195750905511811
0
LINE
8
BLACK
6
CONTINUOUS
10
0.2747434251968504
20
-0.195750905511811
11
0.2747577165354331
21
-0.1957937795275591
0
LINE
8
BLACK
6
CONTINUOUS
10
0.2747577165354331
20
-0.1957937795275591
11
0.2746743700787401
21
-0.1960979921259842
0
LINE
8
BLACK
6
CONTINUOUS
10
0.2746743700787401
20
-0.1960979921259842
11
0.2746128346456693
21
-0.1964075196850394
0
LINE
8
BLACK
6
CONTINUOUS
10
0.2746128346456693
20
-0.1964075196850394
11
0.2745808661417323
21
-0.1964394488188976
0
LINE
8
BLACK
6
CONTINUOUS
10
0.2745808661417323
20
-0.1964394488188976
11
0.274554842519685
21
-0.1965345669291338
0
LINE
8
BLACK
6
CONTINUOUS
10
0.274554842519685
20
-0.1965345669291338
11
0.2726800787401575
21
-0.200284094488189
0
LINE
8
BLACK
6
CONTINUOUS
10
0.2726800787401575
20
-0.200284094488189
11
0.2724397637795276
21
-0.2005937401574803
0
LINE
8
BLACK
6
CONTINUOUS
10
0.2724397637795276
20
-0.2005937401574803
11
0.2724064960629921
21
-0.2006935433070866
0
LINE
8
BLACK
6
CONTINUOUS
10
0.2724064960629921
20
-0.2006935433070866
11
0.2722953543307087
21
-0.2007797637795276
0
LINE
8
BLACK
6
CONTINUOUS
10
0.2722953543307087
20
-0.2007797637795276
11
0.2722091732283464
21
-0.2008908661417323
0
LINE
8
BLACK
6
CONTINUOUS
10
0.2722091732283464
20
-0.2008908661417323
11
0.2721094094488189
21
-0.200924094488189
0
LINE
8
BLACK
6
CONTINUOUS
10
0.2721094094488189
20
-0.200924094488189
11
0.2717997244094488
21
-0.2011644881889764
0
LINE
8
BLACK
6
CONTINUOUS
10
0.2717997244094488
20
-0.2011644881889764
11
0.2680502362204724
21
-0.2030392125984252
0
LINE
8
BLACK
6
CONTINUOUS
10
0.2680502362204724
20
-0.2030392125984252
11
0.2679551181102362
21
-0.2030652362204724
0
LINE
8
BLACK
6
CONTINUOUS
10
0.2679551181102362
20
-0.2030652362204724
11
0.267923188976378
21
-0.2030972047244095
0
LINE
8
BLACK
6
CONTINUOUS
10
0.267923188976378
20
-0.2030972047244095
11
0.2676136614173228
21
-0.2031587401574803
0
LINE
8
BLACK
6
CONTINUOUS
10
0.2676136614173228
20
-0.2031587401574803
11
0.2673094488188976
21
-0.2032420866141732
0
LINE
8
BLACK
6
CONTINUOUS
10
0.2673094488188976
20
-0.2032420866141732
11
0.2672665748031496
21
-0.2032277952755905
0
LINE
8
BLACK
6
CONTINUOUS
10
0.2672665748031496
20
-0.2032277952755905
11
0.2671698818897638
21
-0.2032470472440945
0
LINE
8
BLACK
6
CONTINUOUS
10
0.2671698818897638
20
-0.2032470472440945
11
0.257796062992126
21
-0.2032470472440945
0
LINE
8
BLACK
6
CONTINUOUS
10
0.257796062992126
20
-0.2032470472440945
11
0.2576993307086614
21
-0.2032277952755905
0
LINE
8
BLACK
6
CONTINUOUS
10
0.2576993307086614
20
-0.2032277952755905
11
0.2576564960629921
21
-0.2032420866141732
0
LINE
8
BLACK
6
CONTINUOUS
10
0.2576564960629921
20
-0.2032420866141732
11
0.2573522440944882
21
-0.2031587401574803
0
LINE
8
BLACK
6
CONTINUOUS
10
0.2573522440944882
20
-0.2031587401574803
11
0.2570427559055118
21
-0.2030972047244095
0
LINE
8
BLACK
6
CONTINUOUS
10
0.2570427559055118
20
-0.2030972047244095
11
0.2570107874015748
21
-0.2030652362204724
0
LINE
8
BLACK
6
CONTINUOUS
10
0.2570107874015748
20
-0.2030652362204724
11
0.2569157086614173
21
-0.2030392125984252
0
LINE
8
BLACK
6
CONTINUOUS
10
0.2569157086614173
20
-0.2030392125984252
11
0.255543779527559
21
-0.2023532283464567
0
LINE
8
BLACK
6
CONTINUOUS
10
0.255543779527559
20
-0.2023532283464567
11
0.254799842519685
21
-0.2030972047244095
0
LINE
8
BLACK
6
CONTINUOUS
10
0.254799842519685
20
-0.2030972047244095
11
0.2532932283464567
21
-0.2030972047244095
0
LINE
8
BLACK
6
CONTINUOUS
10
0.2532932283464567
20
-0.2030972047244095
11
0.252227874015748
21
-0.2020318503937008
0
LINE
8
BLACK
6
CONTINUOUS
10
0.252227874015748
20
-0.2020318503937008
11
0.252078031496063
21
-0.2012785433070866
0
LINE
8
BLACK
6
CONTINUOUS
10
0.252078031496063
20
-0.2012785433070866
11
0.252078031496063
21
-0.1806561023622047
0
LINE
8
BLACK
6
CONTINUOUS
10
0.252078031496063
20
-0.1806561023622047
11
0.2520972440944882
21
-0.1805593700787402
0
LINE
8
BLACK
6
CONTINUOUS
10
0.2520972440944882
20
-0.1805593700787402
11
0.2520829921259842
21
-0.1805165354330709
0
LINE
8
BLACK
6
CONTINUOUS
10
0.2520829921259842
20
-0.1805165354330709
11
0.2521662992125984
21
-0.1802122834645669
0
LINE
8
BLACK
6
CONTINUOUS
10
0.2521662992125984
20
-0.1802122834645669
11
0.252227874015748
21
-0.1799027952755906
0
LINE
8
BLACK
6
CONTINUOUS
10
0.252227874015748
20
-0.1799027952755906
11
0.2522598031496063
21
-0.1798708267716535
0
LINE
8
BLACK
6
CONTINUOUS
10
0.2522598031496063
20
-0.1798708267716535
11
0.2522858661417323
21
-0.1797757480314961
0
LINE
8
BLACK
6
CONTINUOUS
10
0.2522858661417323
20
-0.1797757480314961
11
0.2541605905511811
21
-0.1760262598425197
0
LINE
8
BLACK
6
CONTINUOUS
10
0.2541605905511811
20
-0.1760262598425197
11
0.2544008661417323
21
-0.1757166141732283
0
LINE
8
BLACK
6
CONTINUOUS
10
0.2544008661417323
20
-0.1757166141732283
11
0.2544341732283464
21
-0.175616811023622
0
LINE
8
BLACK
6
CONTINUOUS
10
0.2544341732283464
20
-0.175616811023622
11
0.2545453149606299
21
-0.1755305118110236
0
LINE
8
BLACK
6
CONTINUOUS
10
0.2545453149606299
20
-0.1755305118110236
11
0.2546315354330709
21
-0.1754194881889764
0
LINE
8
BLACK
6
CONTINUOUS
10
0.2546315354330709
20
-0.1754194881889764
11
0.2547312598425197
21
-0.1753862204724409
0
LINE
8
BLACK
6
CONTINUOUS
10
0.2547312598425197
20
-0.1753862204724409
11
0.2550409448818898
21
-0.175145905511811
0
LINE
8
BLACK
6
CONTINUOUS
10
0.2550409448818898
20
-0.175145905511811
11
0.2587904724409449
21
-0.1732711417322835
0
LINE
8
BLACK
6
CONTINUOUS
10
0.2587904724409449
20
-0.1732711417322835
11
0.2588855511811023
21
-0.1732450787401575
0
LINE
8
BLACK
6
CONTINUOUS
10
0.2588855511811023
20
-0.1732450787401575
11
0.2589175196850393
21
-0.1732131496062992
0
LINE
8
BLACK
6
CONTINUOUS
10
0.2589175196850393
20
-0.1732131496062992
11
0.2592270078740158
21
-0.1731515748031496
0
LINE
8
BLACK
6
CONTINUOUS
10
0.2592270078740158
20
-0.1731515748031496
11
0.2595312598425197
21
-0.1730682677165354
0
LINE
8
BLACK
6
CONTINUOUS
10
0.2595312598425197
20
-0.1730682677165354
11
0.259574094488189
21
-0.1730825196850394
0
LINE
8
BLACK
6
CONTINUOUS
10
0.259574094488189
20
-0.1730825196850394
11
0.2596708267716535
21
-0.1730633070866142
0
LINE
8
BLACK
6
CONTINUOUS
10
0.2596708267716535
20
-0.1730633070866142
11
0.2671698818897638
21
-0.1730633070866142
0
LINE
8
BLACK
6
CONTINUOUS
10
0.2671698818897638
20
-0.1730633070866142
11
0.2672665748031496
21
-0.1730825196850394
0
LINE
8
BLACK
6
CONTINUOUS
10
0.2560150393700787
20
-0.1981871653543307
11
0.2582607874015748
21
-0.1993100393700787
0
LINE
8
BLACK
6
CONTINUOUS
10
0.2582607874015748
20
-0.1993100393700787
11
0.2667051968503937
21
-0.1993100393700787
0
LINE
8
BLACK
6
CONTINUOUS
10
0.2667051968503937
20
-0.1993100393700787
11
0.2694521653543307
21
-0.1979365354330709
0
LINE
8
BLACK
6
CONTINUOUS
10
0.2694521653543307
20
-0.1979365354330709
11
0.2708256692913386
21
-0.1951894881889764
0
LINE
8
BLACK
6
CONTINUOUS
10
0.2708256692913386
20
-0.1951894881889764
11
0.2708256692913386
21
-0.1923693700787402
0
LINE
8
BLACK
6
CONTINUOUS
10
0.2708256692913386
20
-0.1923693700787402
11
0.2694521653543307
21
-0.1896223622047244
0
LINE
8
BLACK
6
CONTINUOUS
10
0.2694521653543307
20
-0.1896223622047244
11
0.2667051968503937
21
-0.1882488976377953
0
LINE
8
BLACK
6
CONTINUOUS
10
0.2667051968503937
20
-0.1882488976377953
11
0.257796062992126
21
-0.1882488976377953
0
LINE
8
BLACK
6
CONTINUOUS
10
0.257796062992126
20
-0.1882488976377953
11
0.2576993307086614
21
-0.1882296456692913
0
LINE
8
BLACK
6
CONTINUOUS
10
0.2576993307086614
20
-0.1882296456692913
11
0.2576564960629921
21
-0.188243937007874
0
LINE
8
BLACK
6
CONTINUOUS
10
0.2576564960629921
20
-0.188243937007874
11
0.2573522440944882
21
-0.1881605905511811
0
LINE
8
BLACK
6
CONTINUOUS
10
0.2573522440944882
20
-0.1881605905511811
11
0.2570427559055118
21
-0.1880990551181102
0
LINE
8
BLACK
6
CONTINUOUS
10
0.2570427559055118
20
-0.1880990551181102
11
0.2570107874015748
21
-0.1880670866141732
0
LINE
8
BLACK
6
CONTINUOUS
10
0.2570107874015748
20
-0.1880670866141732
11
0.2569157086614173
21
-0.188041062992126
0
LINE
8
BLACK
6
CONTINUOUS
10
0.2569157086614173
20
-0.188041062992126
11
0.2560150393700787
21
-0.1875907086614173
0
LINE
8
BLACK
6
CONTINUOUS
10
0.2560150393700787
20
-0.1875907086614173
11
0.2560150393700787
21
-0.1981871653543307
0
LINE
8
BLACK
6
CONTINUOUS
10
0.3382521653543307
20
-0.1740671653543307
11
0.3384316929133858
21
-0.1755630708661417
0
LINE
8
BLACK
6
CONTINUOUS
10
0.3384316929133858
20
-0.1755630708661417
11
0.338084094488189
21
-0.1762479921259842
0
LINE
8
BLACK
6
CONTINUOUS
10
0.338084094488189
20
-0.1762479921259842
11
0.3287284251968504
21
-0.1881551574803149
0
LINE
8
BLACK
6
CONTINUOUS
10
0.3287284251968504
20
-0.1881551574803149
11
0.338084094488189
21
-0.2000623622047244
0
LINE
8
BLACK
6
CONTINUOUS
10
0.338084094488189
20
-0.2000623622047244
11
0.3384316929133858
21
-0.2007472834645669
0
LINE
8
BLACK
6
CONTINUOUS
10
0.3384316929133858
20
-0.2007472834645669
11
0.3382521653543307
21
-0.2022431889763779
0
LINE
8
BLACK
6
CONTINUOUS
10
0.3382521653543307
20
-0.2022431889763779
11
0.3370674803149606
21
-0.2031740157480315
0
LINE
8
BLACK
6
CONTINUOUS
10
0.3370674803149606
20
-0.2031740157480315
11
0.3355715748031496
21
-0.2029944881889764
0
LINE
8
BLACK
6
CONTINUOUS
10
0.3355715748031496
20
-0.2029944881889764
11
0.3349883464566929
21
-0.2024947244094488
0
LINE
8
BLACK
6
CONTINUOUS
10
0.3349883464566929
20
-0.2024947244094488
11
0.326225
21
-0.1913413779527559
0
LINE
8
BLACK
6
CONTINUOUS
10
0.326225
20
-0.1913413779527559
11
0.3174616929133858
21
-0.2024947244094488
0
LINE
8
BLACK
6
CONTINUOUS
10
0.3174616929133858
20
-0.2024947244094488
11
0.3168784645669291
21
-0.2029944881889764
0
LINE
8
BLACK
6
CONTINUOUS
10
0.3168784645669291
20
-0.2029944881889764
11
0.3153825590551181
21
-0.2031740157480315
0
LINE
8
BLACK
6
CONTINUOUS
10
0.3153825590551181
20
-0.2031740157480315
11
0.314197874015748
21
-0.2022431889763779
0
LINE
8
BLACK
6
CONTINUOUS
10
0.314197874015748
20
-0.2022431889763779
11
0.3140183464566929
21
-0.2007472834645669
0
LINE
8
BLACK
6
CONTINUOUS
10
0.3140183464566929
20
-0.2007472834645669
11
0.3143659448818897
21
-0.2000623622047244
0
LINE
8
BLACK
6
CONTINUOUS
10
0.3143659448818897
20
-0.2000623622047244
11
0.3237215748031496
21
-0.1881551574803149
0
LINE
8
BLACK
6
CONTINUOUS
10
0.3237215748031496
20
-0.1881551574803149
11
0.3143659448818897
21
-0.1762479921259842
0
LINE
8
BLACK
6
CONTINUOUS
10
0.3143659448818897
20
-0.1762479921259842
11
0.3140183464566929
21
-0.1755630708661417
0
LINE
8
BLACK
6
CONTINUOUS
10
0.3140183464566929
20
-0.1755630708661417
11
0.314197874015748
21
-0.1740671653543307
0
LINE
8
BLACK
6
CONTINUOUS
10
0.314197874015748
20
-0.1740671653543307
11
0.3153825590551181
21
-0.1731363385826772
0
LINE
8
BLACK
6
CONTINUOUS
10
0.3153825590551181
20
-0.1731363385826772
11
0.3168784645669291
21
-0.1733158661417323
0
LINE
8
BLACK
6
CONTINUOUS
10
0.3168784645669291
20
-0.1733158661417323
11
0.3174616929133858
21
-0.1738156299212598
0
LINE
8
BLACK
6
CONTINUOUS
10
0.3174616929133858
20
-0.1738156299212598
11
0.326225
21
-0.184968937007874
0
LINE
8
BLACK
6
CONTINUOUS
10
0.326225
20
-0.184968937007874
11
0.3349883464566929
21
-0.1738156299212598
0
LINE
8
BLACK
6
CONTINUOUS
10
0.3349883464566929
20
-0.1738156299212598
11
0.3355715748031496
21
-0.1733158661417323
0
LINE
8
BLACK
6
CONTINUOUS
10
0.3355715748031496
20
-0.1733158661417323
11
0.3370674803149606
21
-0.1731363385826772
0
LINE
8
BLACK
6
CONTINUOUS
10
0.3370674803149606
20
-0.1731363385826772
11
0.3382521653543307
21
-0.1740671653543307
0
LINE
8
BLACK
6
CONTINUOUS
10
0.1566553937007874
20
-0.1730825196850394
11
0.1566982677165354
21
-0.1730682677165354
0
LINE
8
BLACK
6
CONTINUOUS
10
0.1566982677165354
20
-0.1730682677165354
11
0.1570024803149606
21
-0.1731515748031496
0
LINE
8
BLACK
6
CONTINUOUS
10
0.1570024803149606
20
-0.1731515748031496
11
0.1573120078740158
21
-0.1732131496062992
0
LINE
8
BLACK
6
CONTINUOUS
10
0.1573120078740158
20
-0.1732131496062992
11
0.157343937007874
21
-0.1732450787401575
0
LINE
8
BLACK
6
CONTINUOUS
10
0.157343937007874
20
-0.1732450787401575
11
0.1574390551181102
21
-0.1732711417322835
0
LINE
8
BLACK
6
CONTINUOUS
10
0.1574390551181102
20
-0.1732711417322835
11
0.1611885433070866
21
-0.1751458661417323
0
LINE
8
BLACK
6
CONTINUOUS
10
0.1611885433070866
20
-0.1751458661417323
11
0.161437874015748
21
-0.1753393700787401
0
LINE
8
BLACK
6
CONTINUOUS
10
0.161437874015748
20
-0.1753393700787401
11
0.161700157480315
21
-0.1755146456692913
0
LINE
8
BLACK
6
CONTINUOUS
10
0.161700157480315
20
-0.1755146456692913
11
0.1620892519685039
21
-0.1759037007874016
0
LINE
8
BLACK
6
CONTINUOUS
10
0.1620892519685039
20
-0.1759037007874016
11
0.1620892519685039
21
-0.175031811023622
0
LINE
8
BLACK
6
CONTINUOUS
10
0.1620892519685039
20
-0.175031811023622
11
0.162239094488189
21
-0.1742785039370079
0
LINE
8
BLACK
6
CONTINUOUS
10
0.162239094488189
20
-0.1742785039370079
11
0.1633044488188976
21
-0.1732131496062992
0
LINE
8
BLACK
6
CONTINUOUS
10
0.1633044488188976
20
-0.1732131496062992
11
0.164811062992126
21
-0.1732131496062992
0
LINE
8
BLACK
6
CONTINUOUS
10
0.164811062992126
20
-0.1732131496062992
11
0.1658764173228346
21
-0.1742785039370079
0
LINE
8
BLACK
6
CONTINUOUS
10
0.1658764173228346
20
-0.1742785039370079
11
0.1660262598425197
21
-0.175031811023622
0
LINE
8
BLACK
6
CONTINUOUS
10
0.1660262598425197
20
-0.175031811023622
11
0.1660262598425197
21
-0.2012785433070866
0
LINE
8
BLACK
6
CONTINUOUS
10
0.1660262598425197
20
-0.2012785433070866
11
0.1658764173228346
21
-0.2020318503937008
0
LINE
8
BLACK
6
CONTINUOUS
10
0.1658764173228346
20
-0.2020318503937008
11
0.164811062992126
21
-0.2030972047244095
0
LINE
8
BLACK
6
CONTINUOUS
10
0.164811062992126
20
-0.2030972047244095
11
0.1633044488188976
21
-0.2030972047244095
0
LINE
8
BLACK
6
CONTINUOUS
10
0.1633044488188976
20
-0.2030972047244095
11
0.162239094488189
21
-0.2020318503937008
0
LINE
8
BLACK
6
CONTINUOUS
10
0.162239094488189
20
-0.2020318503937008
11
0.1620892519685039
21
-0.2012785433070866
0
LINE
8
BLACK
6
CONTINUOUS
10
0.1620892519685039
20
-0.2012785433070866
11
0.1620892519685039
21
-0.1829955511811024
0
LINE
8
BLACK
6
CONTINUOUS
10
0.1620892519685039
20
-0.1829955511811024
11
0.160565157480315
21
-0.1799474015748032
0
LINE
8
BLACK
6
CONTINUOUS
10
0.160565157480315
20
-0.1799474015748032
11
0.1591421653543307
21
-0.1785243700787401
0
LINE
8
BLACK
6
CONTINUOUS
10
0.1591421653543307
20
-0.1785243700787401
11
0.1560940157480315
21
-0.1770003149606299
0
LINE
8
BLACK
6
CONTINUOUS
10
0.1560940157480315
20
-0.1770003149606299
11
0.1528091732283464
21
-0.1770003149606299
0
LINE
8
BLACK
6
CONTINUOUS
10
0.1528091732283464
20
-0.1770003149606299
11
0.1520558661417323
21
-0.1768504724409449
0
LINE
8
BLACK
6
CONTINUOUS
10
0.1520558661417323
20
-0.1768504724409449
11
0.1509905118110236
21
-0.1757851181102362
0
LINE
8
BLACK
6
CONTINUOUS
10
0.1509905118110236
20
-0.1757851181102362
11
0.1509905118110236
21
-0.1742785039370079
0
LINE
8
BLACK
6
CONTINUOUS
10
0.1509905118110236
20
-0.1742785039370079
11
0.1520558661417323
21
-0.1732131496062992
0
LINE
8
BLACK
6
CONTINUOUS
10
0.1520558661417323
20
-0.1732131496062992
11
0.1528091732283464
21
-0.1730633070866142
0
LINE
8
BLACK
6
CONTINUOUS
10
0.1528091732283464
20
-0.1730633070866142
11
0.1565587007874016
21
-0.1730633070866142
0
LINE
8
BLACK
6
CONTINUOUS
10
0.1565587007874016
20
-0.1730633070866142
11
0.1566553937007874
21
-0.1730825196850394
0
LINE
8
BLACK
6
CONTINUOUS
10
0.3533529921259843
20
-0.1742785039370079
11
0.3535028346456693
21
-0.175031811023622
0
LINE
8
BLACK
6
CONTINUOUS
10
0.3535028346456693
20
-0.175031811023622
11
0.3535028346456693
21
-0.2012785433070866
0
LINE
8
BLACK
6
CONTINUOUS
10
0.3535028346456693
20
-0.2012785433070866
11
0.3533529921259843
21
-0.2020318503937008
0
LINE
8
BLACK
6
CONTINUOUS
10
0.3533529921259843
20
-0.2020318503937008
11
0.3522876377952756
21
-0.2030972047244095
0
LINE
8
BLACK
6
CONTINUOUS
10
0.3522876377952756
20
-0.2030972047244095
11
0.3507810236220472
21
-0.2030972047244095
0
LINE
8
BLACK
6
CONTINUOUS
10
0.3507810236220472
20
-0.2030972047244095
11
0.3497156692913386
21
-0.2020318503937008
0
LINE
8
BLACK
6
CONTINUOUS
10
0.3497156692913386
20
-0.2020318503937008
11
0.3495658267716535
21
-0.2012785433070866
0
LINE
8
BLACK
6
CONTINUOUS
10
0.3495658267716535
20
-0.2012785433070866
11
0.3495658267716535
21
-0.175031811023622
0
LINE
8
BLACK
6
CONTINUOUS
10
0.3495658267716535
20
-0.175031811023622
11
0.3497156692913386
21
-0.1742785039370079
0
LINE
8
BLACK
6
CONTINUOUS
10
0.3497156692913386
20
-0.1742785039370079
11
0.3507810236220472
21
-0.1732131496062992
0
LINE
8
BLACK
6
CONTINUOUS
10
0.3507810236220472
20
-0.1732131496062992
11
0.3522876377952756
21
-0.1732131496062992
0
LINE
8
BLACK
6
CONTINUOUS
10
0.3522876377952756
20
-0.1732131496062992
11
0.3533529921259843
21
-0.1742785039370079
0
LINE
8
BLACK
6
CONTINUOUS
10
0.3860334251968504
20
-0.1600898031496063
11
0.3870987795275591
21
-0.1611551574803149
0
LINE
8
BLACK
6
CONTINUOUS
10
0.3870987795275591
20
-0.1611551574803149
11
0.3872486220472441
21
-0.1619084645669291
0
LINE
8
BLACK
6
CONTINUOUS
10
0.3872486220472441
20
-0.1619084645669291
11
0.3872486220472441
21
-0.2012785433070866
0
LINE
8
BLACK
6
CONTINUOUS
10
0.3872486220472441
20
-0.2012785433070866
11
0.3870987795275591
21
-0.2020318503937008
0
LINE
8
BLACK
6
CONTINUOUS
10
0.3870987795275591
20
-0.2020318503937008
11
0.3860334251968504
21
-0.2030972047244095
0
LINE
8
BLACK
6
CONTINUOUS
10
0.3860334251968504
20
-0.2030972047244095
11
0.384526811023622
21
-0.2030972047244095
0
LINE
8
BLACK
6
CONTINUOUS
10
0.384526811023622
20
-0.2030972047244095
11
0.3834614566929134
21
-0.2020318503937008
0
LINE
8
BLACK
6
CONTINUOUS
10
0.3834614566929134
20
-0.2020318503937008
11
0.3833116141732283
21
-0.2012785433070866
0
LINE
8
BLACK
6
CONTINUOUS
10
0.3833116141732283
20
-0.2012785433070866
11
0.3833116141732283
21
-0.1826246062992126
0
LINE
8
BLACK
6
CONTINUOUS
10
0.3833116141732283
20
-0.1826246062992126
11
0.3721567716535433
21
-0.1826246062992126
0
LINE
8
BLACK
6
CONTINUOUS
10
0.3721567716535433
20
-0.1826246062992126
11
0.3714034645669291
21
-0.1824747637795276
0
LINE
8
BLACK
6
CONTINUOUS
10
0.3714034645669291
20
-0.1824747637795276
11
0.3703381102362205
21
-0.1814094094488189
0
LINE
8
BLACK
6
CONTINUOUS
10
0.3703381102362205
20
-0.1814094094488189
11
0.3703381102362205
21
-0.1799027952755906
0
LINE
8
BLACK
6
CONTINUOUS
10
0.3703381102362205
20
-0.1799027952755906
11
0.3714034645669291
21
-0.1788374409448819
0
LINE
8
BLACK
6
CONTINUOUS
10
0.3714034645669291
20
-0.1788374409448819
11
0.3721567716535433
21
-0.1786875984251969
0
LINE
8
BLACK
6
CONTINUOUS
10
0.3721567716535433
20
-0.1786875984251969
11
0.3833116141732283
21
-0.1786875984251969
0
LINE
8
BLACK
6
CONTINUOUS
10
0.3833116141732283
20
-0.1786875984251969
11
0.3833116141732283
21
-0.163876968503937
0
LINE
8
BLACK
6
CONTINUOUS
10
0.3833116141732283
20
-0.163876968503937
11
0.3665324803149606
21
-0.163876968503937
0
LINE
8
BLACK
6
CONTINUOUS
10
0.3665324803149606
20
-0.163876968503937
11
0.3657791732283465
21
-0.163727125984252
0
LINE
8
BLACK
6
CONTINUOUS
10
0.3657791732283465
20
-0.163727125984252
11
0.3647138188976378
21
-0.1626617716535433
0
LINE
8
BLACK
6
CONTINUOUS
10
0.3647138188976378
20
-0.1626617716535433
11
0.3647138188976378
21
-0.1611551574803149
0
LINE
8
BLACK
6
CONTINUOUS
10
0.3647138188976378
20
-0.1611551574803149
11
0.3657791732283465
21
-0.1600898031496063
0
LINE
8
BLACK
6
CONTINUOUS
10
0.3657791732283465
20
-0.1600898031496063
11
0.3665324803149606
21
-0.1599399606299212
0
LINE
8
BLACK
6
CONTINUOUS
10
0.3665324803149606
20
-0.1599399606299212
11
0.3852801181102362
21
-0.1599399606299212
0
LINE
8
BLACK
6
CONTINUOUS
10
0.3852801181102362
20
-0.1599399606299212
11
0.3860334251968504
21
-0.1600898031496063
0
LINE
8
BLACK
6
CONTINUOUS
10
-0.1737209448818898
20
-0.1445377952755905
11
-0.1736229527559055
21
-0.1445783858267717
0
LINE
8
BLACK
6
CONTINUOUS
10
-0.1736229527559055
20
-0.1445783858267717
11
-0.173517125984252
21
-0.144585905511811
0
LINE
8
BLACK
6
CONTINUOUS
10
-0.173517125984252
20
-0.144585905511811
11
-0.1729764960629921
21
-0.1447927952755906
0
LINE
8
BLACK
6
CONTINUOUS
10
-0.1729764960629921
20
-0.1447927952755906
11
-0.169226968503937
21
-0.1466675590551181
0
LINE
8
BLACK
6
CONTINUOUS
10
-0.169226968503937
20
-0.1466675590551181
11
-0.1689789763779528
21
-0.1468236220472441
0
LINE
8
BLACK
6
CONTINUOUS
10
-0.1689789763779528
20
-0.1468236220472441
11
-0.1689070078740157
21
-0.1468534645669291
0
LINE
8
BLACK
6
CONTINUOUS
10
-0.1689070078740157
20
-0.1468534645669291
11
-0.168826062992126
21
-0.1469199212598425
0
LINE
8
BLACK
6
CONTINUOUS
10
-0.168826062992126
20
-0.1469199212598425
11
-0.1687370866141732
21
-0.146975905511811
0
LINE
8
BLACK
6
CONTINUOUS
10
-0.1687370866141732
20
-0.146975905511811
11
-0.1686859448818898
21
-0.1470348818897638
0
LINE
8
BLACK
6
CONTINUOUS
10
-0.1686859448818898
20
-0.1470348818897638
11
-0.1684595669291339
21
-0.1472206692913386
0
LINE
8
BLACK
6
CONTINUOUS
10
-0.1684595669291339
20
-0.1472206692913386
11
-0.1665848031496063
21
-0.1490954330708661
0
LINE
8
BLACK
6
CONTINUOUS
10
-0.1665848031496063
20
-0.1490954330708661
11
-0.1662175984251968
21
-0.149542874015748
0
LINE
8
BLACK
6
CONTINUOUS
10
-0.1662175984251968
20
-0.149542874015748
11
-0.1657766929133858
21
-0.1506072834645669
0
LINE
8
BLACK
6
CONTINUOUS
10
-0.1657766929133858
20
-0.1506072834645669
11
-0.1657766929133858
21
-0.1517593700787402
0
LINE
8
BLACK
6
CONTINUOUS
10
-0.1657766929133858
20
-0.1517593700787402
11
-0.1662175984251968
21
-0.152823779527559
0
LINE
8
BLACK
6
CONTINUOUS
10
-0.1662175984251968
20
-0.152823779527559
11
-0.1670322834645669
21
-0.1536384645669291
0
LINE
8
BLACK
6
CONTINUOUS
10
-0.1670322834645669
20
-0.1536384645669291
11
-0.1680966929133858
21
-0.1540793700787401
0
LINE
8
BLACK
6
CONTINUOUS
10
-0.1680966929133858
20
-0.1540793700787401
11
-0.169248779527559
21
-0.1540793700787401
0
LINE
8
BLACK
6
CONTINUOUS
10
-0.169248779527559
20
-0.1540793700787401
11
-0.170313188976378
21
-0.1536384645669291
0
LINE
8
BLACK
6
CONTINUOUS
10
-0.170313188976378
20
-0.1536384645669291
11
-0.1707606299212598
21
-0.1532712598425197
0
LINE
8
BLACK
6
CONTINUOUS
10
-0.1707606299212598
20
-0.1532712598425197
11
-0.1722965748031496
21
-0.1517353149606299
0
LINE
8
BLACK
6
CONTINUOUS
10
-0.1722965748031496
20
-0.1517353149606299
11
-0.1749940551181102
21
-0.1503865748031496
0
LINE
8
BLACK
6
CONTINUOUS
10
-0.1749940551181102
20
-0.1503865748031496
11
-0.1829737795275591
21
-0.1503865748031496
0
LINE
8
BLACK
6
CONTINUOUS
10
-0.1829737795275591
20
-0.1503865748031496
11
-0.1856712598425197
21
-0.1517353149606299
0
LINE
8
BLACK
6
CONTINUOUS
10
-0.1856712598425197
20
-0.1517353149606299
11
-0.1868683858267716
21
-0.1529324409448819
0
LINE
8
BLACK
6
CONTINUOUS
10
-0.1868683858267716
20
-0.1529324409448819
11
-0.188217125984252
21
-0.1556299212598425
0
LINE
8
BLACK
6
CONTINUOUS
10
-0.188217125984252
20
-0.1556299212598425
11
-0.188217125984252
21
-0.1582032283464567
0
LINE
8
BLACK
6
CONTINUOUS
10
-0.188217125984252
20
-0.1582032283464567
11
-0.1867143307086614
21
-0.1627116535433071
0
LINE
8
BLACK
6
CONTINUOUS
10
-0.1867143307086614
20
-0.1627116535433071
11
-0.1647100393700787
21
-0.1847159842519685
0
LINE
8
BLACK
6
CONTINUOUS
10
-0.1647100393700787
20
-0.1847159842519685
11
-0.1643427952755905
21
-0.1851634251968504
0
LINE
8
BLACK
6
CONTINUOUS
10
-0.1643427952755905
20
-0.1851634251968504
11
-0.1639019291338583
21
-0.186227874015748
0
LINE
8
BLACK
6
CONTINUOUS
10
-0.1639019291338583
20
-0.186227874015748
11
-0.1639019291338583
21
-0.1873799606299213
0
LINE
8
BLACK
6
CONTINUOUS
10
-0.1639019291338583
20
-0.1873799606299213
11
-0.1643428346456693
21
-0.1884443700787402
0
LINE
8
BLACK
6
CONTINUOUS
10
-0.1643428346456693
20
-0.1884443700787402
11
-0.1651574803149606
21
-0.1892590551181102
0
LINE
8
BLACK
6
CONTINUOUS
10
-0.1651574803149606
20
-0.1892590551181102
11
-0.165910157480315
21
-0.1895707874015748
0
LINE
8
BLACK
6
CONTINUOUS
10
-0.165910157480315
20
-0.1895707874015748
11
-0.1662218897637795
21
-0.1896999212598425
0
LINE
8
BLACK
6
CONTINUOUS
10
-0.1662218897637795
20
-0.1896999212598425
11
-0.1667979527559055
21
-0.1897566535433071
0
LINE
8
BLACK
6
CONTINUOUS
10
-0.1667979527559055
20
-0.1897566535433071
11
-0.1911698818897638
21
-0.1897566535433071
0
LINE
8
BLACK
6
CONTINUOUS
10
-0.1911698818897638
20
-0.1897566535433071
11
-0.1917459448818898
21
-0.1896999212598425
0
LINE
8
BLACK
6
CONTINUOUS
10
-0.1917459448818898
20
-0.1896999212598425
11
-0.1928103543307086
21
-0.1892590157480315
0
LINE
8
BLACK
6
CONTINUOUS
10
-0.1928103543307086
20
-0.1892590157480315
11
-0.193625
21
-0.1884443700787402
0
LINE
8
BLACK
6
CONTINUOUS
10
-0.193625
20
-0.1884443700787402
11
-0.194065905511811
21
-0.1873799606299213
0
LINE
8
BLACK
6
CONTINUOUS
10
-0.194065905511811
20
-0.1873799606299213
11
-0.194065905511811
21
-0.1862278346456693
0
LINE
8
BLACK
6
CONTINUOUS
10
-0.194065905511811
20
-0.1862278346456693
11
-0.193625
21
-0.1851634251968504
0
LINE
8
BLACK
6
CONTINUOUS
10
-0.193625
20
-0.1851634251968504
11
-0.1928103543307086
21
-0.184348779527559
0
LINE
8
BLACK
6
CONTINUOUS
10
-0.1928103543307086
20
-0.184348779527559
11
-0.1917459448818898
21
-0.183907874015748
0
LINE
8
BLACK
6
CONTINUOUS
10
-0.1917459448818898
20
-0.183907874015748
11
-0.1911698818897638
21
-0.1838511417322835
0
LINE
8
BLACK
6
CONTINUOUS
10
-0.1911698818897638
20
-0.1838511417322835
11
-0.1739265354330709
21
-0.1838511417322835
0
LINE
8
BLACK
6
CONTINUOUS
10
-0.1739265354330709
20
-0.1838511417322835
11
-0.191383031496063
21
-0.1663946062992126
0
LINE
8
BLACK
6
CONTINUOUS
10
-0.191383031496063
20
-0.1663946062992126
11
-0.1917502362204724
21
-0.1659471653543307
0
LINE
8
BLACK
6
CONTINUOUS
10
-0.1917502362204724
20
-0.1659471653543307
11
-0.1917908661417323
21
-0.165849094488189
0
LINE
8
BLACK
6
CONTINUOUS
10
-0.1917908661417323
20
-0.165849094488189
11
-0.1918603543307087
21
-0.1657689763779528
0
LINE
8
BLACK
6
CONTINUOUS
10
-0.1918603543307087
20
-0.1657689763779528
11
-0.1920963385826772
21
-0.1652404330708661
0
LINE
8
BLACK
6
CONTINUOUS
10
-0.1920963385826772
20
-0.1652404330708661
11
-0.1939711023622047
21
-0.1596161417322835
0
LINE
8
BLACK
6
CONTINUOUS
10
-0.1939711023622047
20
-0.1596161417322835
11
-0.194036062992126
21
-0.1593305511811024
0
LINE
8
BLACK
6
CONTINUOUS
10
-0.194036062992126
20
-0.1593305511811024
11
-0.194065905511811
21
-0.1592584645669291
0
LINE
8
BLACK
6
CONTINUOUS
10
-0.194065905511811
20
-0.1592584645669291
11
-0.1940762204724409
21
-0.159153937007874
0
LINE
8
BLACK
6
CONTINUOUS
10
-0.1940762204724409
20
-0.159153937007874
11
-0.1940994488188976
21
-0.1590516929133858
0
LINE
8
BLACK
6
CONTINUOUS
10
-0.1940994488188976
20
-0.1590516929133858
11
-0.194093937007874
21
-0.158973937007874
0
LINE
8
BLACK
6
CONTINUOUS
10
-0.194093937007874
20
-0.158973937007874
11
-0.1941226377952756
21
-0.1586824015748032
0
LINE
8
BLACK
6
CONTINUOUS
10
-0.1941226377952756
20
-0.1586824015748032
11
-0.1941226377952756
21
-0.154932874015748
0
LINE
8
BLACK
6
CONTINUOUS
10
-0.1941226377952756
20
-0.154932874015748
11
-0.194065905511811
21
-0.154356811023622
0
LINE
8
BLACK
6
CONTINUOUS
10
-0.194065905511811
20
-0.154356811023622
11
-0.1940253149606299
21
-0.1542587795275591
0
LINE
8
BLACK
6
CONTINUOUS
10
-0.1940253149606299
20
-0.1542587795275591
11
-0.1940177952755905
21
-0.1541529921259842
0
LINE
8
BLACK
6
CONTINUOUS
10
-0.1940177952755905
20
-0.1541529921259842
11
-0.193810905511811
21
-0.1536123622047244
0
LINE
8
BLACK
6
CONTINUOUS
10
-0.193810905511811
20
-0.1536123622047244
11
-0.1919361417322835
21
-0.1498628346456693
0
LINE
8
BLACK
6
CONTINUOUS
10
-0.1919361417322835
20
-0.1498628346456693
11
-0.1917800787401575
21
-0.1496148031496063
0
LINE
8
BLACK
6
CONTINUOUS
10
-0.1917800787401575
20
-0.1496148031496063
11
-0.1917502362204724
21
-0.149542874015748
0
LINE
8
BLACK
6
CONTINUOUS
10
-0.1917502362204724
20
-0.149542874015748
11
-0.1916837795275591
21
-0.1494618897637795
0
LINE
8
BLACK
6
CONTINUOUS
10
-0.1916837795275591
20
-0.1494618897637795
11
-0.1916277952755905
21
-0.1493729527559055
0
LINE
8
BLACK
6
CONTINUOUS
10
-0.1916277952755905
20
-0.1493729527559055
11
-0.1915688188976378
21
-0.1493217716535433
0
LINE
8
BLACK
6
CONTINUOUS
10
-0.1915688188976378
20
-0.1493217716535433
11
-0.191383031496063
21
-0.1490954330708661
0
LINE
8
BLACK
6
CONTINUOUS
10
-0.191383031496063
20
-0.1490954330708661
11
-0.1895082677165354
21
-0.1472206692913386
0
LINE
8
BLACK
6
CONTINUOUS
10
-0.1895082677165354
20
-0.1472206692913386
11
-0.1892819291338583
21
-0.1470348818897638
0
LINE
8
BLACK
6
CONTINUOUS
10
-0.1892819291338583
20
-0.1470348818897638
11
-0.1892307480314961
21
-0.146975905511811
0
LINE
8
BLACK
6
CONTINUOUS
10
-0.1892307480314961
20
-0.146975905511811
11
-0.189141811023622
21
-0.1469199212598425
0
LINE
8
BLACK
6
CONTINUOUS
10
-0.189141811023622
20
-0.1469199212598425
11
-0.1890608267716535
21
-0.1468534645669291
0
LINE
8
BLACK
6
CONTINUOUS
10
-0.1890608267716535
20
-0.1468534645669291
11
-0.1889888976377953
21
-0.1468236220472441
0
LINE
8
BLACK
6
CONTINUOUS
10
-0.1889888976377953
20
-0.1468236220472441
11
-0.1887408661417323
21
-0.1466675590551181
0
LINE
8
BLACK
6
CONTINUOUS
10
-0.1887408661417323
20
-0.1466675590551181
11
-0.1849913385826772
21
-0.1447927952755906
0
LINE
8
BLACK
6
CONTINUOUS
10
-0.1849913385826772
20
-0.1447927952755906
11
-0.1844507480314961
21
-0.144585905511811
0
LINE
8
BLACK
6
CONTINUOUS
10
-0.1844507480314961
20
-0.144585905511811
11
-0.1843448818897638
21
-0.1445783464566929
0
LINE
8
BLACK
6
CONTINUOUS
10
-0.1843448818897638
20
-0.1445783464566929
11
-0.1842468897637795
21
-0.1445377952755905
0
LINE
8
BLACK
6
CONTINUOUS
10
-0.1842468897637795
20
-0.1445377952755905
11
-0.1836708267716535
21
-0.144481062992126
0
LINE
8
BLACK
6
CONTINUOUS
10
-0.1836708267716535
20
-0.144481062992126
11
-0.1742970078740158
21
-0.144481062992126
0
LINE
8
BLACK
6
CONTINUOUS
10
-0.1742970078740158
20
-0.144481062992126
11
-0.1737209448818898
21
-0.1445377952755905
0
LINE
8
BLACK
6
CONTINUOUS
10
-0.1306013385826772
20
-0.1445377952755905
11
-0.1295369291338583
21
-0.1449787007874016
0
LINE
8
BLACK
6
CONTINUOUS
10
-0.1295369291338583
20
-0.1449787007874016
11
-0.1287222834645669
21
-0.1457933464566929
0
LINE
8
BLACK
6
CONTINUOUS
10
-0.1287222834645669
20
-0.1457933464566929
11
-0.1282813779527559
21
-0.1468577559055118
0
LINE
8
BLACK
6
CONTINUOUS
10
-0.1282813779527559
20
-0.1468577559055118
11
-0.1282246456692913
21
-0.1474338188976378
0
LINE
8
BLACK
6
CONTINUOUS
10
-0.1282246456692913
20
-0.1474338188976378
11
-0.1282246456692913
21
-0.1868038976377953
0
LINE
8
BLACK
6
CONTINUOUS
10
-0.1282246456692913
20
-0.1868038976377953
11
-0.1282813779527559
21
-0.1873799606299213
0
LINE
8
BLACK
6
CONTINUOUS
10
-0.1282813779527559
20
-0.1873799606299213
11
-0.1287222834645669
21
-0.1884443700787402
0
LINE
8
BLACK
6
CONTINUOUS
10
-0.1287222834645669
20
-0.1884443700787402
11
-0.1295369291338583
21
-0.1892590157480315
0
LINE
8
BLACK
6
CONTINUOUS
10
-0.1295369291338583
20
-0.1892590157480315
11
-0.1306013385826772
21
-0.1896999212598425
0
LINE
8
BLACK
6
CONTINUOUS
10
-0.1306013385826772
20
-0.1896999212598425
11
-0.1311774015748031
21
-0.1897566535433071
0
LINE
8
BLACK
6
CONTINUOUS
10
-0.1311774015748031
20
-0.1897566535433071
11
-0.140551220472441
21
-0.1897566535433071
0
LINE
8
BLACK
6
CONTINUOUS
10
-0.140551220472441
20
-0.1897566535433071
11
-0.1408428346456693
21
-0.1897279133858268
0
LINE
8
BLACK
6
CONTINUOUS
10
-0.1408428346456693
20
-0.1897279133858268
11
-0.1409205511811024
21
-0.1897334645669291
0
LINE
8
BLACK
6
CONTINUOUS
10
-0.1409205511811024
20
-0.1897334645669291
11
-0.1410228346456693
21
-0.1897101968503937
0
LINE
8
BLACK
6
CONTINUOUS
10
-0.1410228346456693
20
-0.1897101968503937
11
-0.1411272834645669
21
-0.1896999212598425
0
LINE
8
BLACK
6
CONTINUOUS
10
-0.1411272834645669
20
-0.1896999212598425
11
-0.1411993700787401
21
-0.1896700393700787
0
LINE
8
BLACK
6
CONTINUOUS
10
-0.1411993700787401
20
-0.1896700393700787
11
-0.141485
21
-0.1896051181102362
0
LINE
8
BLACK
6
CONTINUOUS
10
-0.141485
20
-0.1896051181102362
11
-0.1471092519685039
21
-0.1877303543307087
0
LINE
8
BLACK
6
CONTINUOUS
10
-0.1471092519685039
20
-0.1877303543307087
11
-0.1476378346456693
21
-0.1874943700787401
0
LINE
8
BLACK
6
CONTINUOUS
10
-0.1476378346456693
20
-0.1874943700787401
11
-0.1477179527559055
21
-0.1874248818897638
0
LINE
8
BLACK
6
CONTINUOUS
10
-0.1477179527559055
20
-0.1874248818897638
11
-0.1478159842519685
21
-0.1873842913385827
0
LINE
8
BLACK
6
CONTINUOUS
10
-0.1478159842519685
20
-0.1873842913385827
11
-0.1482634251968504
21
-0.1870170472440945
0
LINE
8
BLACK
6
CONTINUOUS
10
-0.1482634251968504
20
-0.1870170472440945
11
-0.1520129527559055
21
-0.1832674803149606
0
LINE
8
BLACK
6
CONTINUOUS
10
-0.1520129527559055
20
-0.1832674803149606
11
-0.1521987401574803
21
-0.1830411023622047
0
LINE
8
BLACK
6
CONTINUOUS
10
-0.1521987401574803
20
-0.1830411023622047
11
-0.1522577165354331
21
-0.1829899606299213
0
LINE
8
BLACK
6
CONTINUOUS
10
-0.1522577165354331
20
-0.1829899606299213
11
-0.1523137007874016
21
-0.1829010236220472
0
LINE
8
BLACK
6
CONTINUOUS
10
-0.1523137007874016
20
-0.1829010236220472
11
-0.1523801968503937
21
-0.18282
0
LINE
8
BLACK
6
CONTINUOUS
10
-0.1523801968503937
20
-0.18282
11
-0.1524100393700787
21
-0.1827479527559055
0
LINE
8
BLACK
6
CONTINUOUS
10
-0.1524100393700787
20
-0.1827479527559055
11
-0.152566062992126
21
-0.1825000787401575
0
LINE
8
BLACK
6
CONTINUOUS
10
-0.152566062992126
20
-0.1825000787401575
11
-0.1544408267716535
21
-0.1787505511811024
0
LINE
8
BLACK
6
CONTINUOUS
10
-0.1544408267716535
20
-0.1787505511811024
11
-0.154456968503937
21
-0.1787084251968504
0
LINE
8
BLACK
6
CONTINUOUS
10
-0.154456968503937
20
-0.1787084251968504
11
-0.1544696456692913
21
-0.1786912992125984
0
LINE
8
BLACK
6
CONTINUOUS
10
-0.1544696456692913
20
-0.1786912992125984
11
-0.1545561023622047
21
-0.1784493307086614
0
LINE
8
BLACK
6
CONTINUOUS
10
-0.1545561023622047
20
-0.1784493307086614
11
-0.1546477165354331
21
-0.1782099212598425
0
LINE
8
BLACK
6
CONTINUOUS
10
-0.1546477165354331
20
-0.1782099212598425
11
-0.1546492519685039
21
-0.1781886614173228
0
LINE
8
BLACK
6
CONTINUOUS
10
-0.1546492519685039
20
-0.1781886614173228
11
-0.1546644094488189
21
-0.1781461811023622
0
LINE
8
BLACK
6
CONTINUOUS
10
-0.1546644094488189
20
-0.1781461811023622
11
-0.1565391732283465
21
-0.170647125984252
0
LINE
8
BLACK
6
CONTINUOUS
10
-0.1565391732283465
20
-0.170647125984252
11
-0.1565539763779528
21
-0.1705472440944882
0
LINE
8
BLACK
6
CONTINUOUS
10
-0.1565539763779528
20
-0.1705472440944882
11
-0.1565705905511811
21
-0.1705070472440945
0
LINE
8
BLACK
6
CONTINUOUS
10
-0.1565705905511811
20
-0.1705070472440945
11
-0.156591968503937
21
-0.17029
0
LINE
8
BLACK
6
CONTINUOUS
10
-0.156591968503937
20
-0.17029
11
-0.1566238188976378
21
-0.1700745275590551
0
LINE
8
BLACK
6
CONTINUOUS
10
-0.1566238188976378
20
-0.1700745275590551
11
-0.1566174409448819
21
-0.1700314960629921
0
LINE
8
BLACK
6
CONTINUOUS
10
-0.1566174409448819
20
-0.1700314960629921
11
-0.1566273228346457
21
-0.1699309842519685
0
LINE
8
BLACK
6
CONTINUOUS
10
-0.1566273228346457
20
-0.1699309842519685
11
-0.1566273228346457
21
-0.1643066929133858
0
LINE
8
BLACK
6
CONTINUOUS
10
-0.1566273228346457
20
-0.1643066929133858
11
-0.1566174409448819
21
-0.1642061417322835
0
LINE
8
BLACK
6
CONTINUOUS
10
-0.1566174409448819
20
-0.1642061417322835
11
-0.1566238188976378
21
-0.1641631496062992
0
LINE
8
BLACK
6
CONTINUOUS
10
-0.1566238188976378
20
-0.1641631496062992
11
-0.156591968503937
21
-0.1639476377952756
0
LINE
8
BLACK
6
CONTINUOUS
10
-0.156591968503937
20
-0.1639476377952756
11
-0.1565705905511811
21
-0.1637306299212598
0
LINE
8
BLACK
6
CONTINUOUS
10
-0.1565705905511811
20
-0.1637306299212598
11
-0.1565539763779528
21
-0.1636903937007874
0
LINE
8
BLACK
6
CONTINUOUS
10
-0.1565539763779528
20
-0.1636903937007874
11
-0.1565391732283465
21
-0.1635905511811024
0
LINE
8
BLACK
6
CONTINUOUS
10
-0.1565391732283465
20
-0.1635905511811024
11
-0.1546644094488189
21
-0.1560914960629921
0
LINE
8
BLACK
6
CONTINUOUS
10
-0.1546644094488189
20
-0.1560914960629921
11
-0.1546492519685039
21
-0.1560489763779528
0
LINE
8
BLACK
6
CONTINUOUS
10
-0.1546492519685039
20
-0.1560489763779528
11
-0.1546477165354331
21
-0.1560277559055118
0
LINE
8
BLACK
6
CONTINUOUS
10
-0.1546477165354331
20
-0.1560277559055118
11
-0.1545561023622047
21
-0.1557883070866142
0
LINE
8
BLACK
6
CONTINUOUS
10
-0.1545561023622047
20
-0.1557883070866142
11
-0.1544696456692913
21
-0.1555463779527559
0
LINE
8
BLACK
6
CONTINUOUS
10
-0.1544696456692913
20
-0.1555463779527559
11
-0.154456968503937
21
-0.1555292125984252
0
LINE
8
BLACK
6
CONTINUOUS
10
-0.154456968503937
20
-0.1555292125984252
11
-0.1544408267716535
21
-0.155487125984252
0
LINE
8
BLACK
6
CONTINUOUS
10
-0.1544408267716535
20
-0.155487125984252
11
-0.152566062992126
21
-0.1517375984251969
0
LINE
8
BLACK
6
CONTINUOUS
10
-0.152566062992126
20
-0.1517375984251969
11
-0.15241
21
-0.1514895669291338
0
LINE
8
BLACK
6
CONTINUOUS
10
-0.15241
20
-0.1514895669291338
11
-0.152380157480315
21
-0.1514176377952756
0
LINE
8
BLACK
6
CONTINUOUS
10
-0.152380157480315
20
-0.1514176377952756
11
-0.1523137007874016
21
-0.1513366535433071
0
LINE
8
BLACK
6
CONTINUOUS
10
-0.1523137007874016
20
-0.1513366535433071
11
-0.1522577165354331
21
-0.1512477165354331
0
LINE
8
BLACK
6
CONTINUOUS
10
-0.1522577165354331
20
-0.1512477165354331
11
-0.1521987401574803
21
-0.1511965354330708
0
LINE
8
BLACK
6
CONTINUOUS
10
-0.1521987401574803
20
-0.1511965354330708
11
-0.1520129527559055
21
-0.1509701968503937
0
LINE
8
BLACK
6
CONTINUOUS
10
-0.1520129527559055
20
-0.1509701968503937
11
-0.1482634251968504
21
-0.1472206692913386
0
LINE
8
BLACK
6
CONTINUOUS
10
-0.1482634251968504
20
-0.1472206692913386
11
-0.1478159842519685
21
-0.1468534251968504
0
LINE
8
BLACK
6
CONTINUOUS
10
-0.1478159842519685
20
-0.1468534251968504
11
-0.1477179527559055
21
-0.1468127952755905
0
LINE
8
BLACK
6
CONTINUOUS
10
-0.1477179527559055
20
-0.1468127952755905
11
-0.1476378346456693
21
-0.1467433464566929
0
LINE
8
BLACK
6
CONTINUOUS
10
-0.1476378346456693
20
-0.1467433464566929
11
-0.1471092519685039
21
-0.1465073622047244
0
LINE
8
BLACK
6
CONTINUOUS
10
-0.1471092519685039
20
-0.1465073622047244
11
-0.141485
21
-0.1446325984251969
0
LINE
8
BLACK
6
CONTINUOUS
10
-0.141485
20
-0.1446325984251969
11
-0.1411993700787401
21
-0.1445676377952756
0
LINE
8
BLACK
6
CONTINUOUS
10
-0.1411993700787401
20
-0.1445676377952756
11
-0.1411272834645669
21
-0.1445377952755905
0
LINE
8
BLACK
6
CONTINUOUS
10
-0.1411272834645669
20
-0.1445377952755905
11
-0.1410228346456693
21
-0.1445274803149606
0
LINE
8
BLACK
6
CONTINUOUS
10
-0.1410228346456693
20
-0.1445274803149606
11
-0.1409205511811024
21
-0.1445042519685039
0
LINE
8
BLACK
6
CONTINUOUS
10
-0.1409205511811024
20
-0.1445042519685039
11
-0.1408428346456693
21
-0.1445097637795276
0
LINE
8
BLACK
6
CONTINUOUS
10
-0.1408428346456693
20
-0.1445097637795276
11
-0.140551220472441
21
-0.144481062992126
0
LINE
8
BLACK
6
CONTINUOUS
10
-0.140551220472441
20
-0.144481062992126
11
-0.1311774015748031
21
-0.144481062992126
0
LINE
8
BLACK
6
CONTINUOUS
10
-0.1311774015748031
20
-0.144481062992126
11
-0.1306013385826772
21
-0.1445377952755905
0
LINE
8
BLACK
6
CONTINUOUS
10
-0.1445804724409449
20
-0.1518893700787401
11
-0.1474983070866142
21
-0.1548072047244095
0
LINE
8
BLACK
6
CONTINUOUS
10
-0.1474983070866142
20
-0.1548072047244095
11
-0.1490138188976378
21
-0.1578381889763779
0
LINE
8
BLACK
6
CONTINUOUS
10
-0.1490138188976378
20
-0.1578381889763779
11
-0.150721811023622
21
-0.1646702362204724
0
LINE
8
BLACK
6
CONTINUOUS
10
-0.150721811023622
20
-0.1646702362204724
11
-0.150721811023622
21
-0.1695674409448819
0
LINE
8
BLACK
6
CONTINUOUS
10
-0.150721811023622
20
-0.1695674409448819
11
-0.1490138188976378
21
-0.1763994881889764
0
LINE
8
BLACK
6
CONTINUOUS
10
-0.1490138188976378
20
-0.1763994881889764
11
-0.1474983070866142
21
-0.1794304724409449
0
LINE
8
BLACK
6
CONTINUOUS
10
-0.1474983070866142
20
-0.1794304724409449
11
-0.1445804724409449
21
-0.1823483464566929
0
LINE
8
BLACK
6
CONTINUOUS
10
-0.1445804724409449
20
-0.1823483464566929
11
-0.1400720866141732
21
-0.1838511417322835
0
LINE
8
BLACK
6
CONTINUOUS
10
-0.1400720866141732
20
-0.1838511417322835
11
-0.134130157480315
21
-0.1838511417322835
0
LINE
8
BLACK
6
CONTINUOUS
10
-0.134130157480315
20
-0.1838511417322835
11
-0.134130157480315
21
-0.1503865748031496
0
LINE
8
BLACK
6
CONTINUOUS
10
-0.134130157480315
20
-0.1503865748031496
11
-0.1400720866141732
21
-0.1503865748031496
0
LINE
8
BLACK
6
CONTINUOUS
10
-0.1400720866141732
20
-0.1503865748031496
11
-0.1445804724409449
21
-0.1518893700787401
0
LINE
8
BLACK
6
CONTINUOUS
10
0.3529262598425197
20
-0.1605165354330709
11
0.3548010236220472
21
-0.1623912598425197
0
LINE
8
BLACK
6
CONTINUOUS
10
0.3548010236220472
20
-0.1623912598425197
11
0.3552277559055118
21
-0.1630298818897638
0
LINE
8
BLACK
6
CONTINUOUS
10
0.3552277559055118
20
-0.1630298818897638
11
0.3552277559055118
21
-0.1630299212598425
0
LINE
8
BLACK
6
CONTINUOUS
10
0.3552277559055118
20
-0.1630299212598425
11
0.3552277559055118
21
-0.1645365748031496
0
LINE
8
BLACK
6
CONTINUOUS
10
0.3552277559055118
20
-0.1645365748031496
11
0.3548010236220472
21
-0.1651751968503937
0
LINE
8
BLACK
6
CONTINUOUS
10
0.3548010236220472
20
-0.1651751968503937
11
0.3529262598425197
21
-0.1670499212598425
0
LINE
8
BLACK
6
CONTINUOUS
10
0.3529262598425197
20
-0.1670499212598425
11
0.3522876377952756
21
-0.1674766535433071
0
LINE
8
BLACK
6
CONTINUOUS
10
0.3522876377952756
20
-0.1674766535433071
11
0.3507810236220472
21
-0.1674766535433071
0
LINE
8
BLACK
6
CONTINUOUS
10
0.3507810236220472
20
-0.1674766535433071
11
0.3507809842519685
21
-0.1674766535433071
0
LINE
8
BLACK
6
CONTINUOUS
10
0.3507809842519685
20
-0.1674766535433071
11
0.3501423622047244
21
-0.1670499212598425
0
LINE
8
BLACK
6
CONTINUOUS
10
0.3501423622047244
20
-0.1670499212598425
11
0.3482676377952756
21
-0.1651751574803149
0
LINE
8
BLACK
6
CONTINUOUS
10
0.3482676377952756
20
-0.1651751574803149
11
0.347840905511811
21
-0.1645365354330709
0
LINE
8
BLACK
6
CONTINUOUS
10
0.347840905511811
20
-0.1645365354330709
11
0.347840905511811
21
-0.1630299212598425
0
LINE
8
BLACK
6
CONTINUOUS
10
0.347840905511811
20
-0.1630299212598425
11
0.3478409448818898
21
-0.1630298818897638
0
LINE
8
BLACK
6
CONTINUOUS
10
0.3478409448818898
20
-0.1630298818897638
11
0.3482676377952756
21
-0.1623912992125984
0
LINE
8
BLACK
6
CONTINUOUS
10
0.3482676377952756
20
-0.1623912992125984
11
0.3501423622047244
21
-0.1605165354330709
0
LINE
8
BLACK
6
CONTINUOUS
10
0.3501423622047244
20
-0.1605165354330709
11
0.3507809842519685
21
-0.1600898031496063
0
LINE
8
BLACK
6
CONTINUOUS
10
0.3507809842519685
20
-0.1600898031496063
11
0.3522876377952756
21
-0.1600898031496063
0
LINE
8
BLACK
6
CONTINUOUS
10
0.3522876377952756
20
-0.1600898031496063
11
0.3529262598425197
21
-0.1605165354330709
0
LINE
8
BLACK
6
CONTINUOUS
10
0.3197923622047244
20
0.0306590551181102
11
0.3208567716535433
21
0.0302181496062992
0
LINE
8
BLACK
6
CONTINUOUS
10
0.3208567716535433
20
0.0302181496062992
11
0.3216714173228347
21
0.0294035039370079
0
LINE
8
BLACK
6
CONTINUOUS
10
0.3216714173228347
20
0.0294035039370079
11
0.3221123228346456
21
0.028339094488189
0
LINE
8
BLACK
6
CONTINUOUS
10
0.3221123228346456
20
0.028339094488189
11
0.3221690551181102
21
0.027763031496063
0
LINE
8
BLACK
6
CONTINUOUS
10
0.3221690551181102
20
0.027763031496063
11
0.3221690551181102
21
-0.0116070472440945
0
LINE
8
BLACK
6
CONTINUOUS
10
0.3221690551181102
20
-0.0116070472440945
11
0.3221123228346456
21
-0.0121831102362205
0
LINE
8
BLACK
6
CONTINUOUS
10
0.3221123228346456
20
-0.0121831102362205
11
0.3216714173228347
21
-0.0132475196850394
0
LINE
8
BLACK
6
CONTINUOUS
10
0.3216714173228347
20
-0.0132475196850394
11
0.3208567716535433
21
-0.0140621653543307
0
LINE
8
BLACK
6
CONTINUOUS
10
0.3208567716535433
20
-0.0140621653543307
11
0.3197923622047244
21
-0.0145030708661417
0
LINE
8
BLACK
6
CONTINUOUS
10
0.3197923622047244
20
-0.0145030708661417
11
0.3186402362204724
21
-0.0145030708661417
0
LINE
8
BLACK
6
CONTINUOUS
10
0.3186402362204724
20
-0.0145030708661417
11
0.3175758267716535
21
-0.0140621653543307
0
LINE
8
BLACK
6
CONTINUOUS
10
0.3175758267716535
20
-0.0140621653543307
11
0.3167611811023622
21
-0.0132475196850394
0
LINE
8
BLACK
6
CONTINUOUS
10
0.3167611811023622
20
-0.0132475196850394
11
0.3163202755905511
21
-0.0121831102362205
0
LINE
8
BLACK
6
CONTINUOUS
10
0.3163202755905511
20
-0.0121831102362205
11
0.3162635433070866
21
-0.0116070472440945
0
LINE
8
BLACK
6
CONTINUOUS
10
0.3162635433070866
20
-0.0116070472440945
11
0.3162635433070866
21
0.004187874015748
0
LINE
8
BLACK
6
CONTINUOUS
10
0.3162635433070866
20
0.004187874015748
11
0.311379842519685
21
0.004187874015748
0
LINE
8
BLACK
6
CONTINUOUS
10
0.311379842519685
20
0.004187874015748
11
0.2991381102362204
21
-0.0133003543307087
0
LINE
8
BLACK
6
CONTINUOUS
10
0.2991381102362204
20
-0.0133003543307087
11
0.2987612992125984
21
-0.0137397244094488
0
LINE
8
BLACK
6
CONTINUOUS
10
0.2987612992125984
20
-0.0137397244094488
11
0.2977896850393701
21
-0.0143588976377953
0
LINE
8
BLACK
6
CONTINUOUS
10
0.2977896850393701
20
-0.0143588976377953
11
0.296655157480315
21
-0.014559094488189
0
LINE
8
BLACK
6
CONTINUOUS
10
0.296655157480315
20
-0.014559094488189
11
0.2955303149606299
21
-0.0143099212598425
0
LINE
8
BLACK
6
CONTINUOUS
10
0.2955303149606299
20
-0.0143099212598425
11
0.2945864566929134
21
-0.0136492125984252
0
LINE
8
BLACK
6
CONTINUOUS
10
0.2945864566929134
20
-0.0136492125984252
11
0.2939672834645669
21
-0.0126775984251968
0
LINE
8
BLACK
6
CONTINUOUS
10
0.2939672834645669
20
-0.0126775984251968
11
0.2937670866141732
21
-0.0115430708661417
0
LINE
8
BLACK
6
CONTINUOUS
10
0.2937670866141732
20
-0.0115430708661417
11
0.2940162598425197
21
-0.0104182283464567
0
LINE
8
BLACK
6
CONTINUOUS
10
0.2940162598425197
20
-0.0104182283464567
11
0.294300157480315
21
-0.0099137401574803
0
LINE
8
BLACK
6
CONTINUOUS
10
0.294300157480315
20
-0.0099137401574803
11
0.3041742913385826
21
0.0041922047244094
0
LINE
8
BLACK
6
CONTINUOUS
10
0.3041742913385826
20
0.0041922047244094
11
0.3036421259842519
21
0.0042446062992126
0
LINE
8
BLACK
6
CONTINUOUS
10
0.3036421259842519
20
0.0042446062992126
11
0.3035441338582677
21
0.0042851968503937
0
LINE
8
BLACK
6
CONTINUOUS
10
0.3035441338582677
20
0.0042851968503937
11
0.3034382677165354
21
0.0042927165354331
0
LINE
8
BLACK
6
CONTINUOUS
10
0.3034382677165354
20
0.0042927165354331
11
0.3028976771653543
21
0.0044996062992126
0
LINE
8
BLACK
6
CONTINUOUS
10
0.3028976771653543
20
0.0044996062992126
11
0.2991481496062992
21
0.0063743700787402
0
LINE
8
BLACK
6
CONTINUOUS
10
0.2991481496062992
20
0.0063743700787402
11
0.2989001181102362
21
0.0065304724409449
0
LINE
8
BLACK
6
CONTINUOUS
10
0.2989001181102362
20
0.0065304724409449
11
0.298828188976378
21
0.0065602755905512
0
LINE
8
BLACK
6
CONTINUOUS
10
0.298828188976378
20
0.0065602755905512
11
0.2987472047244095
21
0.0066267716535433
0
LINE
8
BLACK
6
CONTINUOUS
10
0.2987472047244095
20
0.0066267716535433
11
0.2986582677165354
21
0.0066827165354331
0
LINE
8
BLACK
6
CONTINUOUS
10
0.2986582677165354
20
0.0066827165354331
11
0.2986070866141732
21
0.0067417322834646
0
LINE
8
BLACK
6
CONTINUOUS
10
0.2986070866141732
20
0.0067417322834646
11
0.2983807480314961
21
0.0069274803149606
0
LINE
8
BLACK
6
CONTINUOUS
10
0.2983807480314961
20
0.0069274803149606
11
0.2965059842519685
21
0.0088022440944882
0
LINE
8
BLACK
6
CONTINUOUS
10
0.2965059842519685
20
0.0088022440944882
11
0.2963201968503937
21
0.0090286220472441
0
LINE
8
BLACK
6
CONTINUOUS
10
0.2963201968503937
20
0.0090286220472441
11
0.2962612204724409
21
0.0090797637795276
0
LINE
8
BLACK
6
CONTINUOUS
10
0.2962612204724409
20
0.0090797637795276
11
0.2962052362204725
21
0.0091687401574803
0
LINE
8
BLACK
6
CONTINUOUS
10
0.2962052362204725
20
0.0091687401574803
11
0.2961387795275591
21
0.0092496850393701
0
LINE
8
BLACK
6
CONTINUOUS
10
0.2961387795275591
20
0.0092496850393701
11
0.296108937007874
21
0.0093216535433071
0
LINE
8
BLACK
6
CONTINUOUS
10
0.296108937007874
20
0.0093216535433071
11
0.295952874015748
21
0.0095696456692913
0
LINE
8
BLACK
6
CONTINUOUS
10
0.295952874015748
20
0.0095696456692913
11
0.2940781102362205
21
0.0133191732283465
0
LINE
8
BLACK
6
CONTINUOUS
10
0.2940781102362205
20
0.0133191732283465
11
0.293871220472441
21
0.0138598031496063
0
LINE
8
BLACK
6
CONTINUOUS
10
0.293871220472441
20
0.0138598031496063
11
0.2938637007874016
21
0.0139656299212598
0
LINE
8
BLACK
6
CONTINUOUS
10
0.2938637007874016
20
0.0139656299212598
11
0.2938231102362205
21
0.0140636220472441
0
LINE
8
BLACK
6
CONTINUOUS
10
0.2938231102362205
20
0.0140636220472441
11
0.2937663779527559
21
0.0146396850393701
0
LINE
8
BLACK
6
CONTINUOUS
10
0.2937663779527559
20
0.0146396850393701
11
0.2937663779527559
21
0.0202639763779528
0
LINE
8
BLACK
6
CONTINUOUS
10
0.2937663779527559
20
0.0202639763779528
11
0.2938231102362205
21
0.0208400393700787
0
LINE
8
BLACK
6
CONTINUOUS
10
0.2938231102362205
20
0.0208400393700787
11
0.2938637007874016
21
0.0209380708661417
0
LINE
8
BLACK
6
CONTINUOUS
10
0.2938637007874016
20
0.0209380708661417
11
0.293871220472441
21
0.0210438582677165
0
LINE
8
BLACK
6
CONTINUOUS
10
0.293871220472441
20
0.0210438582677165
11
0.2940781102362205
21
0.0215844881889764
0
LINE
8
BLACK
6
CONTINUOUS
10
0.2940781102362205
20
0.0215844881889764
11
0.295952874015748
21
0.0253340157480315
0
LINE
8
BLACK
6
CONTINUOUS
10
0.295952874015748
20
0.0253340157480315
11
0.296108937007874
21
0.0255820472440945
0
LINE
8
BLACK
6
CONTINUOUS
10
0.296108937007874
20
0.0255820472440945
11
0.2961387795275591
21
0.0256539763779528
0
LINE
8
BLACK
6
CONTINUOUS
10
0.2961387795275591
20
0.0256539763779528
11
0.2962052362204725
21
0.0257349606299213
0
LINE
8
BLACK
6
CONTINUOUS
10
0.2962052362204725
20
0.0257349606299213
11
0.2962612204724409
21
0.0258238976377953
0
LINE
8
BLACK
6
CONTINUOUS
10
0.2962612204724409
20
0.0258238976377953
11
0.2963201968503937
21
0.0258750787401575
0
LINE
8
BLACK
6
CONTINUOUS
10
0.2963201968503937
20
0.0258750787401575
11
0.2965059842519685
21
0.0261014173228346
0
LINE
8
BLACK
6
CONTINUOUS
10
0.2965059842519685
20
0.0261014173228346
11
0.2983807480314961
21
0.0279761811023622
0
LINE
8
BLACK
6
CONTINUOUS
10
0.2983807480314961
20
0.0279761811023622
11
0.2986070866141732
21
0.028161968503937
0
LINE
8
BLACK
6
CONTINUOUS
10
0.2986070866141732
20
0.028161968503937
11
0.2986582677165354
21
0.0282209448818898
0
LINE
8
BLACK
6
CONTINUOUS
10
0.2986582677165354
20
0.0282209448818898
11
0.2987472047244095
21
0.0282769291338583
0
LINE
8
BLACK
6
CONTINUOUS
10
0.2987472047244095
20
0.0282769291338583
11
0.298828188976378
21
0.0283433858267717
0
LINE
8
BLACK
6
CONTINUOUS
10
0.298828188976378
20
0.0283433858267717
11
0.2989001181102362
21
0.0283732283464567
0
LINE
8
BLACK
6
CONTINUOUS
10
0.2989001181102362
20
0.0283732283464567
11
0.2991481496062992
21
0.0285292913385827
0
LINE
8
BLACK
6
CONTINUOUS
10
0.2991481496062992
20
0.0285292913385827
11
0.3028976771653543
21
0.0304040551181102
0
LINE
8
BLACK
6
CONTINUOUS
10
0.3028976771653543
20
0.0304040551181102
11
0.3034382677165354
21
0.0306109448818898
0
LINE
8
BLACK
6
CONTINUOUS
10
0.3034382677165354
20
0.0306109448818898
11
0.3035441338582677
21
0.0306185039370079
0
LINE
8
BLACK
6
CONTINUOUS
10
0.3035441338582677
20
0.0306185039370079
11
0.3036421259842519
21
0.0306590551181102
0
LINE
8
BLACK
6
CONTINUOUS
10
0.3036421259842519
20
0.0306590551181102
11
0.3042181889763779
21
0.0307157874015748
0
LINE
8
BLACK
6
CONTINUOUS
10
0.3042181889763779
20
0.0307157874015748
11
0.3192162992125984
21
0.0307157874015748
0
LINE
8
BLACK
6
CONTINUOUS
10
0.3192162992125984
20
0.0307157874015748
11
0.3197923622047244
21
0.0306590551181102
0
LINE
8
BLACK
6
CONTINUOUS
10
0.3022177559055118
20
0.0234615354330709
11
0.3010206299212598
21
0.0222644094488189
0
LINE
8
BLACK
6
CONTINUOUS
10
0.3010206299212598
20
0.0222644094488189
11
0.2996718897637795
21
0.0195669291338583
0
LINE
8
BLACK
6
CONTINUOUS
10
0.2996718897637795
20
0.0195669291338583
11
0.2996718897637795
21
0.0153367322834646
0
LINE
8
BLACK
6
CONTINUOUS
10
0.2996718897637795
20
0.0153367322834646
11
0.3010206299212598
21
0.0126392519685039
0
LINE
8
BLACK
6
CONTINUOUS
10
0.3010206299212598
20
0.0126392519685039
11
0.3022177559055118
21
0.011442125984252
0
LINE
8
BLACK
6
CONTINUOUS
10
0.3022177559055118
20
0.011442125984252
11
0.3049152362204725
21
0.0100933858267717
0
LINE
8
BLACK
6
CONTINUOUS
10
0.3049152362204725
20
0.0100933858267717
11
0.3162635433070866
21
0.0100933858267717
0
LINE
8
BLACK
6
CONTINUOUS
10
0.3162635433070866
20
0.0100933858267717
11
0.3162635433070866
21
0.0248102755905512
0
LINE
8
BLACK
6
CONTINUOUS
10
0.3162635433070866
20
0.0248102755905512
11
0.3049152362204725
21
0.0248102755905512
0
LINE
8
BLACK
6
CONTINUOUS
10
0.3049152362204725
20
0.0248102755905512
11
0.3022177559055118
21
0.0234615354330709
0
LINE
8
BLACK
6
CONTINUOUS
10
0.2731270866141732
20
0.0324856692913386
11
0.2741575196850394
21
0.0319704724409449
0
LINE
8
BLACK
6
CONTINUOUS
10
0.2741575196850394
20
0.0319704724409449
11
0.2749124015748031
21
0.0311001181102362
0
LINE
8
BLACK
6
CONTINUOUS
10
0.2749124015748031
20
0.0311001181102362
11
0.2751483858267716
21
0.0305715354330709
0
LINE
8
BLACK
6
CONTINUOUS
10
0.2751483858267716
20
0.0305715354330709
11
0.2845222047244094
21
0.0024501181102362
0
LINE
8
BLACK
6
CONTINUOUS
10
0.2845222047244094
20
0.0024501181102362
11
0.284587125984252
21
0.0021644881889764
0
LINE
8
BLACK
6
CONTINUOUS
10
0.284587125984252
20
0.0021644881889764
11
0.2846170078740157
21
0.0020924015748031
0
LINE
8
BLACK
6
CONTINUOUS
10
0.2846170078740157
20
0.0020924015748031
11
0.2846170078740157
21
0.002033188976378
0
LINE
8
BLACK
6
CONTINUOUS
10
0.2846170078740157
20
0.002033188976378
11
0.2846505511811023
21
0.0018856692913386
0
LINE
8
BLACK
6
CONTINUOUS
10
0.2846505511811023
20
0.0018856692913386
11
0.2846170078740157
21
0.0014138188976378
0
LINE
8
BLACK
6
CONTINUOUS
10
0.2846170078740157
20
0.0014138188976378
11
0.2846170078740157
21
0.0009402755905512
0
LINE
8
BLACK
6
CONTINUOUS
10
0.2846170078740157
20
0.0009402755905512
11
0.2845763385826772
21
0.0008422047244094
0
LINE
8
BLACK
6
CONTINUOUS
10
0.2845763385826772
20
0.0008422047244094
11
0.2845688582677166
21
0.0007364566929134
0
LINE
8
BLACK
6
CONTINUOUS
10
0.2845688582677166
20
0.0007364566929134
11
0.2843572834645669
21
0.0003133464566929
0
LINE
8
BLACK
6
CONTINUOUS
10
0.2843572834645669
20
0.0003133464566929
11
0.2841761023622047
21
-0.0001241338582677
0
LINE
8
BLACK
6
CONTINUOUS
10
0.2841761023622047
20
-0.0001241338582677
11
0.284101062992126
21
-0.0001991338582677
0
LINE
8
BLACK
6
CONTINUOUS
10
0.284101062992126
20
-0.0001991338582677
11
0.2840536614173229
21
-0.0002940157480315
0
LINE
8
BLACK
6
CONTINUOUS
10
0.2840536614173229
20
-0.0002940157480315
11
0.2836961811023622
21
-0.0006040157480315
0
LINE
8
BLACK
6
CONTINUOUS
10
0.2836961811023622
20
-0.0006040157480315
11
0.2833614566929134
21
-0.0009387795275591
0
LINE
8
BLACK
6
CONTINUOUS
10
0.2833614566929134
20
-0.0009387795275591
11
0.2832633858267716
21
-0.0009793700787402
0
LINE
8
BLACK
6
CONTINUOUS
10
0.2832633858267716
20
-0.0009793700787402
11
0.2831832677165354
21
-0.0010488976377953
0
LINE
8
BLACK
6
CONTINUOUS
10
0.2831832677165354
20
-0.0010488976377953
11
0.2827344094488189
21
-0.0011985039370079
0
LINE
8
BLACK
6
CONTINUOUS
10
0.2827344094488189
20
-0.0011985039370079
11
0.2822970472440945
21
-0.0013796850393701
0
LINE
8
BLACK
6
CONTINUOUS
10
0.2822970472440945
20
-0.0013796850393701
11
0.2821463779527559
21
-0.0013944881889764
0
LINE
8
BLACK
6
CONTINUOUS
10
0.2821463779527559
20
-0.0013944881889764
11
0.2820902755905512
21
-0.0014132283464567
0
LINE
8
BLACK
6
CONTINUOUS
10
0.2820902755905512
20
-0.0014132283464567
11
0.2820125196850394
21
-0.0014076771653543
0
LINE
8
BLACK
6
CONTINUOUS
10
0.2820125196850394
20
-0.0014076771653543
11
0.2817209842519685
21
-0.0014364173228346
0
LINE
8
BLACK
6
CONTINUOUS
10
0.2817209842519685
20
-0.0014364173228346
11
0.2659261023622047
21
-0.0014364173228346
0
LINE
8
BLACK
6
CONTINUOUS
10
0.2659261023622047
20
-0.0014364173228346
11
0.2659261023622047
21
-0.0116070472440945
0
LINE
8
BLACK
6
CONTINUOUS
10
0.2659261023622047
20
-0.0116070472440945
11
0.2658693700787402
21
-0.0121831102362205
0
LINE
8
BLACK
6
CONTINUOUS
10
0.2658693700787402
20
-0.0121831102362205
11
0.2654284645669291
21
-0.0132475196850394
0
LINE
8
BLACK
6
CONTINUOUS
10
0.2654284645669291
20
-0.0132475196850394
11
0.2646138188976378
21
-0.0140621653543307
0
LINE
8
BLACK
6
CONTINUOUS
10
0.2646138188976378
20
-0.0140621653543307
11
0.2635494094488189
21
-0.0145030708661417
0
LINE
8
BLACK
6
CONTINUOUS
10
0.2635494094488189
20
-0.0145030708661417
11
0.2623972834645669
21
-0.0145030708661417
0
LINE
8
BLACK
6
CONTINUOUS
10
0.2623972834645669
20
-0.0145030708661417
11
0.261332874015748
21
-0.0140621653543307
0
LINE
8
BLACK
6
CONTINUOUS
10
0.261332874015748
20
-0.0140621653543307
11
0.2605182283464567
21
-0.0132475196850394
0
LINE
8
BLACK
6
CONTINUOUS
10
0.2605182283464567
20
-0.0132475196850394
11
0.2600773228346457
21
-0.0121831102362205
0
LINE
8
BLACK
6
CONTINUOUS
10
0.2600773228346457
20
-0.0121831102362205
11
0.2600205905511811
21
-0.0116070472440945
0
LINE
8
BLACK
6
CONTINUOUS
10
0.2600205905511811
20
-0.0116070472440945
11
0.2600205905511811
21
-0.0014364173228346
0
LINE
8
BLACK
6
CONTINUOUS
10
0.2600205905511811
20
-0.0014364173228346
11
0.2573490551181102
21
-0.0014364173228346
0
LINE
8
BLACK
6
CONTINUOUS
10
0.2573490551181102
20
-0.0014364173228346
11
0.2567729921259843
21
-0.0013796850393701
0
LINE
8
BLACK
6
CONTINUOUS
10
0.2567729921259843
20
-0.0013796850393701
11
0.2557085826771653
21
-0.0009387795275591
0
LINE
8
BLACK
6
CONTINUOUS
10
0.2557085826771653
20
-0.0009387795275591
11
0.254893937007874
21
-0.0001241338582677
0
LINE
8
BLACK
6
CONTINUOUS
10
0.254893937007874
20
-0.0001241338582677
11
0.254453031496063
21
0.0009402755905512
0
LINE
8
BLACK
6
CONTINUOUS
10
0.254453031496063
20
0.0009402755905512
11
0.254453031496063
21
0.0020924015748031
0
LINE
8
BLACK
6
CONTINUOUS
10
0.254453031496063
20
0.0020924015748031
11
0.254893937007874
21
0.003156811023622
0
LINE
8
BLACK
6
CONTINUOUS
10
0.254893937007874
20
0.003156811023622
11
0.2557085826771653
21
0.0039714566929134
0
LINE
8
BLACK
6
CONTINUOUS
10
0.2557085826771653
20
0.0039714566929134
11
0.2567729921259843
21
0.0044123622047244
0
LINE
8
BLACK
6
CONTINUOUS
10
0.2567729921259843
20
0.0044123622047244
11
0.2573490551181102
21
0.004469094488189
0
LINE
8
BLACK
6
CONTINUOUS
10
0.2573490551181102
20
0.004469094488189
11
0.2600205905511811
21
0.004469094488189
0
LINE
8
BLACK
6
CONTINUOUS
10
0.2600205905511811
20
0.004469094488189
11
0.2600205905511811
21
0.0146396850393701
0
LINE
8
BLACK
6
CONTINUOUS
10
0.2600205905511811
20
0.0146396850393701
11
0.2600773228346457
21
0.0152157480314961
0
LINE
8
BLACK
6
CONTINUOUS
10
0.2600773228346457
20
0.0152157480314961
11
0.2605182283464567
21
0.016280157480315
0
LINE
8
BLACK
6
CONTINUOUS
10
0.2605182283464567
20
0.016280157480315
11
0.261332874015748
21
0.0170948031496063
0
LINE
8
BLACK
6
CONTINUOUS
10
0.261332874015748
20
0.0170948031496063
11
0.2623972834645669
21
0.0175357086614173
0
LINE
8
BLACK
6
CONTINUOUS
10
0.2623972834645669
20
0.0175357086614173
11
0.2635494094488189
21
0.0175357086614173
0
LINE
8
BLACK
6
CONTINUOUS
10
0.2635494094488189
20
0.0175357086614173
11
0.2646138188976378
21
0.0170948031496063
0
LINE
8
BLACK
6
CONTINUOUS
10
0.2646138188976378
20
0.0170948031496063
11
0.2654284645669291
21
0.016280157480315
0
LINE
8
BLACK
6
CONTINUOUS
10
0.2654284645669291
20
0.016280157480315
11
0.2658693700787402
21
0.0152157480314961
0
LINE
8
BLACK
6
CONTINUOUS
10
0.2658693700787402
20
0.0152157480314961
11
0.2659261023622047
21
0.0146396850393701
0
LINE
8
BLACK
6
CONTINUOUS
10
0.2659261023622047
20
0.0146396850393701
11
0.2659261023622047
21
0.004469094488189
0
LINE
8
BLACK
6
CONTINUOUS
10
0.2659261023622047
20
0.004469094488189
11
0.2776242519685039
21
0.004469094488189
0
LINE
8
BLACK
6
CONTINUOUS
10
0.2776242519685039
20
0.004469094488189
11
0.2695459448818898
21
0.0287040551181102
0
LINE
8
BLACK
6
CONTINUOUS
10
0.2695459448818898
20
0.0287040551181102
11
0.2694175984251969
21
0.0292685039370079
0
LINE
8
BLACK
6
CONTINUOUS
10
0.2694175984251969
20
0.0292685039370079
11
0.2694992913385827
21
0.0304177165354331
0
LINE
8
BLACK
6
CONTINUOUS
10
0.2694992913385827
20
0.0304177165354331
11
0.2700144881889764
21
0.0314481496062992
0
LINE
8
BLACK
6
CONTINUOUS
10
0.2700144881889764
20
0.0314481496062992
11
0.270884842519685
21
0.032203031496063
0
LINE
8
BLACK
6
CONTINUOUS
10
0.270884842519685
20
0.032203031496063
11
0.271977874015748
21
0.0325673622047244
0
LINE
8
BLACK
6
CONTINUOUS
10
0.271977874015748
20
0.0325673622047244
11
0.2731270866141732
21
0.0324856692913386
0
LINE
8
BLACK
6
CONTINUOUS
10
0.2641902755905512
20
0.1125994094488189
11
0.2643700787401575
21
0.1116954330708661
0
LINE
8
BLACK
6
CONTINUOUS
10
0.2643700787401575
20
0.1116954330708661
11
0.2643700787401575
21
0.0938163779527559
0
LINE
8
BLACK
6
CONTINUOUS
10
0.2643700787401575
20
0.0938163779527559
11
0.2641902755905512
21
0.0929124015748031
0
LINE
8
BLACK
6
CONTINUOUS
10
0.2641902755905512
20
0.0929124015748031
11
0.2629118503937008
21
0.0916339763779528
0
LINE
8
BLACK
6
CONTINUOUS
10
0.2629118503937008
20
0.0916339763779528
11
0.2611038976377953
21
0.0916339763779528
0
LINE
8
BLACK
6
CONTINUOUS
10
0.2611038976377953
20
0.0916339763779528
11
0.2598254724409449
21
0.0929124015748031
0
LINE
8
BLACK
6
CONTINUOUS
10
0.2598254724409449
20
0.0929124015748031
11
0.2596456692913386
21
0.0938163779527559
0
LINE
8
BLACK
6
CONTINUOUS
10
0.2596456692913386
20
0.0938163779527559
11
0.2596456692913386
21
0.1116954330708661
0
LINE
8
BLACK
6
CONTINUOUS
10
0.2596456692913386
20
0.1116954330708661
11
0.2598254724409449
21
0.1125994094488189
0
LINE
8
BLACK
6
CONTINUOUS
10
0.2598254724409449
20
0.1125994094488189
11
0.2611038976377953
21
0.1138778346456693
0
LINE
8
BLACK
6
CONTINUOUS
10
0.2611038976377953
20
0.1138778346456693
11
0.2629118503937008
21
0.1138778346456693
0
LINE
8
BLACK
6
CONTINUOUS
10
0.2629118503937008
20
0.1138778346456693
11
0.2641902755905512
21
0.1125994094488189
0
LINE
8
BLACK
6
CONTINUOUS
10
0.3220642913385827
20
0.1125994094488189
11
0.322244094488189
21
0.1116954330708661
0
LINE
8
BLACK
6
CONTINUOUS
10
0.322244094488189
20
0.1116954330708661
11
0.322244094488189
21
0.0938163779527559
0
LINE
8
BLACK
6
CONTINUOUS
10
0.322244094488189
20
0.0938163779527559
11
0.3220642913385827
21
0.0929124015748031
0
LINE
8
BLACK
6
CONTINUOUS
10
0.3220642913385827
20
0.0929124015748031
11
0.3207858661417323
21
0.0916339763779528
0
LINE
8
BLACK
6
CONTINUOUS
10
0.3207858661417323
20
0.0916339763779528
11
0.3189779133858268
21
0.0916339763779528
0
LINE
8
BLACK
6
CONTINUOUS
10
0.3189779133858268
20
0.0916339763779528
11
0.3176994881889764
21
0.0929124015748031
0
LINE
8
BLACK
6
CONTINUOUS
10
0.3176994881889764
20
0.0929124015748031
11
0.3175196850393701
21
0.0938163779527559
0
LINE
8
BLACK
6
CONTINUOUS
10
0.3175196850393701
20
0.0938163779527559
11
0.3175196850393701
21
0.1116954330708661
0
LINE
8
BLACK
6
CONTINUOUS
10
0.3175196850393701
20
0.1116954330708661
11
0.3176994881889764
21
0.1125994094488189
0
LINE
8
BLACK
6
CONTINUOUS
10
0.3176994881889764
20
0.1125994094488189
11
0.3189779133858268
21
0.1138778346456693
0
LINE
8
BLACK
6
CONTINUOUS
10
0.3189779133858268
20
0.1138778346456693
11
0.3207858661417323
21
0.1138778346456693
0
LINE
8
BLACK
6
CONTINUOUS
10
0.3207858661417323
20
0.1138778346456693
11
0.3220642913385827
21
0.1125994094488189
0
LINE
8
BLACK
6
CONTINUOUS
10
-0.4661468897637795
20
0.1656984251968504
11
-0.4660488976377953
21
0.1656578346456693
0
LINE
8
BLACK
6
CONTINUOUS
10
-0.4660488976377953
20
0.1656578346456693
11
-0.4659430708661417
21
0.1656503149606299
0
LINE
8
BLACK
6
CONTINUOUS
10
-0.4659430708661417
20
0.1656503149606299
11
-0.4654024409448819
21
0.1654434251968504
0
LINE
8
BLACK
6
CONTINUOUS
10
-0.4654024409448819
20
0.1654434251968504
11
-0.4616529133858268
21
0.1635686614173228
0
LINE
8
BLACK
6
CONTINUOUS
10
-0.4616529133858268
20
0.1635686614173228
11
-0.4614049212598425
21
0.1634125984251968
0
LINE
8
BLACK
6
CONTINUOUS
10
-0.4614049212598425
20
0.1634125984251968
11
-0.4613329527559055
21
0.1633827559055118
0
LINE
8
BLACK
6
CONTINUOUS
10
-0.4613329527559055
20
0.1633827559055118
11
-0.4612520078740157
21
0.1633162992125984
0
LINE
8
BLACK
6
CONTINUOUS
10
-0.4612520078740157
20
0.1633162992125984
11
-0.461163031496063
21
0.1632603149606299
0
LINE
8
BLACK
6
CONTINUOUS
10
-0.461163031496063
20
0.1632603149606299
11
-0.4611118897637795
21
0.1632013385826772
0
LINE
8
BLACK
6
CONTINUOUS
10
-0.4611118897637795
20
0.1632013385826772
11
-0.4608855118110236
21
0.1630155511811024
0
LINE
8
BLACK
6
CONTINUOUS
10
-0.4608855118110236
20
0.1630155511811024
11
-0.4590107480314961
21
0.1611407874015748
0
LINE
8
BLACK
6
CONTINUOUS
10
-0.4590107480314961
20
0.1611407874015748
11
-0.458825
21
0.1609144488188976
0
LINE
8
BLACK
6
CONTINUOUS
10
-0.458825
20
0.1609144488188976
11
-0.4587659842519685
21
0.1608632677165354
0
LINE
8
BLACK
6
CONTINUOUS
10
-0.4587659842519685
20
0.1608632677165354
11
-0.4587100393700787
21
0.1607743307086614
0
LINE
8
BLACK
6
CONTINUOUS
10
-0.4587100393700787
20
0.1607743307086614
11
-0.4586435433070866
21
0.1606933464566929
0
LINE
8
BLACK
6
CONTINUOUS
10
-0.4586435433070866
20
0.1606933464566929
11
-0.4586137401574803
21
0.1606214173228346
0
LINE
8
BLACK
6
CONTINUOUS
10
-0.4586137401574803
20
0.1606214173228346
11
-0.4584576377952756
21
0.1603733858267717
0
LINE
8
BLACK
6
CONTINUOUS
10
-0.4584576377952756
20
0.1603733858267717
11
-0.456582874015748
21
0.1566238582677165
0
LINE
8
BLACK
6
CONTINUOUS
10
-0.456582874015748
20
0.1566238582677165
11
-0.4563759842519685
21
0.1560832677165354
0
LINE
8
BLACK
6
CONTINUOUS
10
-0.4563759842519685
20
0.1560832677165354
11
-0.4563684645669291
21
0.1559774015748031
0
LINE
8
BLACK
6
CONTINUOUS
10
-0.4563684645669291
20
0.1559774015748031
11
-0.456327874015748
21
0.1558794094488189
0
LINE
8
BLACK
6
CONTINUOUS
10
-0.456327874015748
20
0.1558794094488189
11
-0.4562711417322834
21
0.1553033464566929
0
LINE
8
BLACK
6
CONTINUOUS
10
-0.4562711417322834
20
0.1553033464566929
11
-0.4562711417322834
21
0.1459295275590551
0
LINE
8
BLACK
6
CONTINUOUS
10
-0.4562711417322834
20
0.1459295275590551
11
-0.456327874015748
21
0.1453534645669291
0
LINE
8
BLACK
6
CONTINUOUS
10
-0.456327874015748
20
0.1453534645669291
11
-0.4563684645669291
21
0.1452555118110236
0
LINE
8
BLACK
6
CONTINUOUS
10
-0.4563684645669291
20
0.1452555118110236
11
-0.4563759842519685
21
0.1451496062992126
0
LINE
8
BLACK
6
CONTINUOUS
10
-0.4563759842519685
20
0.1451496062992126
11
-0.456582874015748
21
0.1446090157480315
0
LINE
8
BLACK
6
CONTINUOUS
10
-0.456582874015748
20
0.1446090157480315
11
-0.4584576377952756
21
0.1408594881889764
0
LINE
8
BLACK
6
CONTINUOUS
10
-0.4584576377952756
20
0.1408594881889764
11
-0.4586137401574803
21
0.1406114960629921
0
LINE
8
BLACK
6
CONTINUOUS
10
-0.4586137401574803
20
0.1406114960629921
11
-0.4586435433070866
21
0.1405395275590551
0
LINE
8
BLACK
6
CONTINUOUS
10
-0.4586435433070866
20
0.1405395275590551
11
-0.4587100393700787
21
0.1404585826771654
0
LINE
8
BLACK
6
CONTINUOUS
10
-0.4587100393700787
20
0.1404585826771654
11
-0.4587659842519685
21
0.1403696062992126
0
LINE
8
BLACK
6
CONTINUOUS
10
-0.4587659842519685
20
0.1403696062992126
11
-0.458825
21
0.1403184645669291
0
LINE
8
BLACK
6
CONTINUOUS
10
-0.458825
20
0.1403184645669291
11
-0.4590107480314961
21
0.1400920866141732
0
LINE
8
BLACK
6
CONTINUOUS
10
-0.4590107480314961
20
0.1400920866141732
11
-0.4608855118110236
21
0.1382173228346457
0
LINE
8
BLACK
6
CONTINUOUS
10
-0.4608855118110236
20
0.1382173228346457
11
-0.4611118897637795
21
0.1380315748031496
0
LINE
8
BLACK
6
CONTINUOUS
10
-0.4611118897637795
20
0.1380315748031496
11
-0.461163031496063
21
0.1379725590551181
0
LINE
8
BLACK
6
CONTINUOUS
10
-0.461163031496063
20
0.1379725590551181
11
-0.4612520078740157
21
0.1379166141732283
0
LINE
8
BLACK
6
CONTINUOUS
10
-0.4612520078740157
20
0.1379166141732283
11
-0.4613329527559055
21
0.1378501181102362
0
LINE
8
BLACK
6
CONTINUOUS
10
-0.4613329527559055
20
0.1378501181102362
11
-0.4614049212598425
21
0.1378203149606299
0
LINE
8
BLACK
6
CONTINUOUS
10
-0.4614049212598425
20
0.1378203149606299
11
-0.4616529133858268
21
0.1376642125984252
0
LINE
8
BLACK
6
CONTINUOUS
10
-0.4616529133858268
20
0.1376642125984252
11
-0.4654024409448819
21
0.1357894488188976
0
LINE
8
BLACK
6
CONTINUOUS
10
-0.4654024409448819
20
0.1357894488188976
11
-0.4659430708661417
21
0.1355825590551181
0
LINE
8
BLACK
6
CONTINUOUS
10
-0.4659430708661417
20
0.1355825590551181
11
-0.4660488976377953
21
0.1355750787401575
0
LINE
8
BLACK
6
CONTINUOUS
10
-0.4660488976377953
20
0.1355750787401575
11
-0.4661468897637795
21
0.1355344488188976
0
LINE
8
BLACK
6
CONTINUOUS
10
-0.4661468897637795
20
0.1355344488188976
11
-0.4667229527559055
21
0.1354777165354331
0
LINE
8
BLACK
6
CONTINUOUS
10
-0.4667229527559055
20
0.1354777165354331
11
-0.4742220078740157
21
0.1354777165354331
0
LINE
8
BLACK
6
CONTINUOUS
10
-0.4742220078740157
20
0.1354777165354331
11
-0.4747980708661417
21
0.1355344488188976
0
LINE
8
BLACK
6
CONTINUOUS
10
-0.4747980708661417
20
0.1355344488188976
11
-0.474896062992126
21
0.1355750393700787
0
LINE
8
BLACK
6
CONTINUOUS
10
-0.474896062992126
20
0.1355750393700787
11
-0.4750019291338582
21
0.1355825590551181
0
LINE
8
BLACK
6
CONTINUOUS
10
-0.4750019291338582
20
0.1355825590551181
11
-0.4755425196850394
21
0.1357894488188976
0
LINE
8
BLACK
6
CONTINUOUS
10
-0.4755425196850394
20
0.1357894488188976
11
-0.4778350393700787
21
0.1369357086614173
0
LINE
8
BLACK
6
CONTINUOUS
10
-0.4778350393700787
20
0.1369357086614173
11
-0.4771057480314961
21
0.1340185433070866
0
LINE
8
BLACK
6
CONTINUOUS
10
-0.4771057480314961
20
0.1340185433070866
11
-0.473802125984252
21
0.1290630708661417
0
LINE
8
BLACK
6
CONTINUOUS
10
-0.473802125984252
20
0.1290630708661417
11
-0.4724729133858268
21
0.1277338188976378
0
LINE
8
BLACK
6
CONTINUOUS
10
-0.4724729133858268
20
0.1277338188976378
11
-0.4697754330708661
21
0.1263850787401575
0
LINE
8
BLACK
6
CONTINUOUS
10
-0.4697754330708661
20
0.1263850787401575
11
-0.4629734251968504
21
0.1263850787401575
0
LINE
8
BLACK
6
CONTINUOUS
10
-0.4629734251968504
20
0.1263850787401575
11
-0.4623973622047244
21
0.1263283464566929
0
LINE
8
BLACK
6
CONTINUOUS
10
-0.4623973622047244
20
0.1263283464566929
11
-0.4613329527559055
21
0.1258874409448819
0
LINE
8
BLACK
6
CONTINUOUS
10
-0.4613329527559055
20
0.1258874409448819
11
-0.4605183070866142
21
0.1250727952755905
0
LINE
8
BLACK
6
CONTINUOUS
10
-0.4605183070866142
20
0.1250727952755905
11
-0.4600774015748031
21
0.1240083858267716
0
LINE
8
BLACK
6
CONTINUOUS
10
-0.4600774015748031
20
0.1240083858267716
11
-0.4600774015748031
21
0.1228562598425197
0
LINE
8
BLACK
6
CONTINUOUS
10
-0.4600774015748031
20
0.1228562598425197
11
-0.4605183070866142
21
0.1217918503937008
0
LINE
8
BLACK
6
CONTINUOUS
10
-0.4605183070866142
20
0.1217918503937008
11
-0.4613329527559055
21
0.1209772047244094
0
LINE
8
BLACK
6
CONTINUOUS
10
-0.4613329527559055
20
0.1209772047244094
11
-0.4623973622047244
21
0.1205362992125984
0
LINE
8
BLACK
6
CONTINUOUS
10
-0.4623973622047244
20
0.1205362992125984
11
-0.4629734251968504
21
0.1204795669291338
0
LINE
8
BLACK
6
CONTINUOUS
10
-0.4629734251968504
20
0.1204795669291338
11
-0.4704724803149606
21
0.1204795669291338
0
LINE
8
BLACK
6
CONTINUOUS
10
-0.4704724803149606
20
0.1204795669291338
11
-0.4710485433070866
21
0.1205362992125984
0
LINE
8
BLACK
6
CONTINUOUS
10
-0.4710485433070866
20
0.1205362992125984
11
-0.4711465354330708
21
0.1205768897637795
0
LINE
8
BLACK
6
CONTINUOUS
10
-0.4711465354330708
20
0.1205768897637795
11
-0.4712524015748031
21
0.1205844094488189
0
LINE
8
BLACK
6
CONTINUOUS
10
-0.4712524015748031
20
0.1205844094488189
11
-0.4717929921259842
21
0.1207912992125984
0
LINE
8
BLACK
6
CONTINUOUS
10
-0.4717929921259842
20
0.1207912992125984
11
-0.4755425196850394
21
0.122666062992126
0
LINE
8
BLACK
6
CONTINUOUS
10
-0.4755425196850394
20
0.122666062992126
11
-0.4757905511811024
21
0.1228221653543307
0
LINE
8
BLACK
6
CONTINUOUS
10
-0.4757905511811024
20
0.1228221653543307
11
-0.4758624803149606
21
0.122851968503937
0
LINE
8
BLACK
6
CONTINUOUS
10
-0.4758624803149606
20
0.122851968503937
11
-0.4759434645669291
21
0.1229184251968504
0
LINE
8
BLACK
6
CONTINUOUS
10
-0.4759434645669291
20
0.1229184251968504
11
-0.4760324015748031
21
0.1229744094488189
0
LINE
8
BLACK
6
CONTINUOUS
10
-0.4760324015748031
20
0.1229744094488189
11
-0.4760836220472441
21
0.1230334645669291
0
LINE
8
BLACK
6
CONTINUOUS
10
-0.4760836220472441
20
0.1230334645669291
11
-0.4763099606299213
21
0.1232192125984252
0
LINE
8
BLACK
6
CONTINUOUS
10
-0.4763099606299213
20
0.1232192125984252
11
-0.4781847244094488
21
0.1250940157480315
0
LINE
8
BLACK
6
CONTINUOUS
10
-0.4781847244094488
20
0.1250940157480315
11
-0.4781860236220472
21
0.1250955905511811
0
LINE
8
BLACK
6
CONTINUOUS
10
-0.4781860236220472
20
0.1250955905511811
11
-0.4781868503937008
21
0.1250961417322835
0
LINE
8
BLACK
6
CONTINUOUS
10
-0.4781868503937008
20
0.1250961417322835
11
-0.4783717716535433
21
0.1253219291338583
0
LINE
8
BLACK
6
CONTINUOUS
10
-0.4783717716535433
20
0.1253219291338583
11
-0.4785519291338582
21
0.1255414566929134
0
LINE
8
BLACK
6
CONTINUOUS
10
-0.4785519291338582
20
0.1255414566929134
11
-0.4785523228346457
21
0.1255424015748031
0
LINE
8
BLACK
6
CONTINUOUS
10
-0.4785523228346457
20
0.1255424015748031
11
-0.4785536220472441
21
0.1255439763779528
0
LINE
8
BLACK
6
CONTINUOUS
10
-0.4785536220472441
20
0.1255439763779528
11
-0.4823031496062992
21
0.1311682677165354
0
LINE
8
BLACK
6
CONTINUOUS
10
-0.4823031496062992
20
0.1311682677165354
11
-0.4824727165354331
21
0.1314863385826772
0
LINE
8
BLACK
6
CONTINUOUS
10
-0.4824727165354331
20
0.1314863385826772
11
-0.4825161417322835
21
0.1315449212598425
0
LINE
8
BLACK
6
CONTINUOUS
10
-0.4825161417322835
20
0.1315449212598425
11
-0.482540905511811
21
0.1316142125984252
0
LINE
8
BLACK
6
CONTINUOUS
10
-0.482540905511811
20
0.1316142125984252
11
-0.4825754724409449
21
0.1316790551181102
0
LINE
8
BLACK
6
CONTINUOUS
10
-0.4825754724409449
20
0.1316790551181102
11
-0.4825896456692913
21
0.1317505905511811
0
LINE
8
BLACK
6
CONTINUOUS
10
-0.4825896456692913
20
0.1317505905511811
11
-0.482710905511811
21
0.1320900393700787
0
LINE
8
BLACK
6
CONTINUOUS
10
-0.482710905511811
20
0.1320900393700787
11
-0.4845856692913386
21
0.139589094488189
0
LINE
8
BLACK
6
CONTINUOUS
10
-0.4845856692913386
20
0.139589094488189
11
-0.4846004724409449
21
0.1396889763779527
0
LINE
8
BLACK
6
CONTINUOUS
10
-0.4846004724409449
20
0.1396889763779527
11
-0.4846170866141732
21
0.1397291732283465
0
LINE
8
BLACK
6
CONTINUOUS
10
-0.4846170866141732
20
0.1397291732283465
11
-0.4846384645669291
21
0.1399462204724409
0
LINE
8
BLACK
6
CONTINUOUS
10
-0.4846384645669291
20
0.1399462204724409
11
-0.4846703149606299
21
0.1401616929133858
0
LINE
8
BLACK
6
CONTINUOUS
10
-0.4846703149606299
20
0.1401616929133858
11
-0.484663937007874
21
0.1402047244094488
0
LINE
8
BLACK
6
CONTINUOUS
10
-0.484663937007874
20
0.1402047244094488
11
-0.4846738188976378
21
0.1403052362204724
0
LINE
8
BLACK
6
CONTINUOUS
10
-0.4846738188976378
20
0.1403052362204724
11
-0.4846738188976378
21
0.1553033464566929
0
LINE
8
BLACK
6
CONTINUOUS
10
-0.4846738188976378
20
0.1553033464566929
11
-0.4846170866141732
21
0.1558794094488189
0
LINE
8
BLACK
6
CONTINUOUS
10
-0.4846170866141732
20
0.1558794094488189
11
-0.4845764960629921
21
0.1559774409448819
0
LINE
8
BLACK
6
CONTINUOUS
10
-0.4845764960629921
20
0.1559774409448819
11
-0.4845689763779528
21
0.1560832283464567
0
LINE
8
BLACK
6
CONTINUOUS
10
-0.4845689763779528
20
0.1560832283464567
11
-0.4843620866141732
21
0.1566238582677165
0
LINE
8
BLACK
6
CONTINUOUS
10
-0.4843620866141732
20
0.1566238582677165
11
-0.4824873228346457
21
0.1603733858267717
0
LINE
8
BLACK
6
CONTINUOUS
10
-0.4824873228346457
20
0.1603733858267717
11
-0.4823312598425197
21
0.1606214173228346
0
LINE
8
BLACK
6
CONTINUOUS
10
-0.4823312598425197
20
0.1606214173228346
11
-0.4823014173228347
21
0.1606933464566929
0
LINE
8
BLACK
6
CONTINUOUS
10
-0.4823014173228347
20
0.1606933464566929
11
-0.4822349606299213
21
0.1607743307086614
0
LINE
8
BLACK
6
CONTINUOUS
10
-0.4822349606299213
20
0.1607743307086614
11
-0.4821789763779528
21
0.1608632677165354
0
LINE
8
BLACK
6
CONTINUOUS
10
-0.4821789763779528
20
0.1608632677165354
11
-0.48212
21
0.1609144488188976
0
LINE
8
BLACK
6
CONTINUOUS
10
-0.48212
20
0.1609144488188976
11
-0.4819342125984252
21
0.1611407874015748
0
LINE
8
BLACK
6
CONTINUOUS
10
-0.4819342125984252
20
0.1611407874015748
11
-0.4800594488188976
21
0.1630155511811024
0
LINE
8
BLACK
6
CONTINUOUS
10
-0.4800594488188976
20
0.1630155511811024
11
-0.4798331102362204
21
0.1632013385826772
0
LINE
8
BLACK
6
CONTINUOUS
10
-0.4798331102362204
20
0.1632013385826772
11
-0.4797819291338583
21
0.1632603149606299
0
LINE
8
BLACK
6
CONTINUOUS
10
-0.4797819291338583
20
0.1632603149606299
11
-0.4796929921259843
21
0.1633162992125984
0
LINE
8
BLACK
6
CONTINUOUS
10
-0.4796929921259843
20
0.1633162992125984
11
-0.4796120078740158
21
0.1633827559055118
0
LINE
8
BLACK
6
CONTINUOUS
10
-0.4796120078740158
20
0.1633827559055118
11
-0.4795400787401575
21
0.1634125984251968
0
LINE
8
BLACK
6
CONTINUOUS
10
-0.4795400787401575
20
0.1634125984251968
11
-0.4792920472440945
21
0.1635686614173228
0
LINE
8
BLACK
6
CONTINUOUS
10
-0.4792920472440945
20
0.1635686614173228
11
-0.4755425196850394
21
0.1654434251968504
0
LINE
8
BLACK
6
CONTINUOUS
10
-0.4755425196850394
20
0.1654434251968504
11
-0.4750019291338582
21
0.1656503149606299
0
LINE
8
BLACK
6
CONTINUOUS
10
-0.4750019291338582
20
0.1656503149606299
11
-0.474896062992126
21
0.165657874015748
0
LINE
8
BLACK
6
CONTINUOUS
10
-0.474896062992126
20
0.165657874015748
11
-0.4747980708661417
21
0.1656984251968504
0
LINE
8
BLACK
6
CONTINUOUS
10
-0.4747980708661417
20
0.1656984251968504
11
-0.4742220078740157
21
0.165755157480315
0
LINE
8
BLACK
6
CONTINUOUS
10
-0.4742220078740157
20
0.165755157480315
11
-0.4667229527559055
21
0.165755157480315
0
LINE
8
BLACK
6
CONTINUOUS
10
-0.4667229527559055
20
0.165755157480315
11
-0.4661468897637795
21
0.1656984251968504
0
LINE
8
BLACK
6
CONTINUOUS
10
-0.4762224409448819
20
0.158500905511811
11
-0.4774195669291338
21
0.1573037795275591
0
LINE
8
BLACK
6
CONTINUOUS
10
-0.4774195669291338
20
0.1573037795275591
11
-0.4787683070866142
21
0.1546062992125984
0
LINE
8
BLACK
6
CONTINUOUS
10
-0.4787683070866142
20
0.1546062992125984
11
-0.4787683070866142
21
0.1466265748031496
0
LINE
8
BLACK
6
CONTINUOUS
10
-0.4787683070866142
20
0.1466265748031496
11
-0.4774195669291338
21
0.143929094488189
0
LINE
8
BLACK
6
CONTINUOUS
10
-0.4774195669291338
20
0.143929094488189
11
-0.4762224409448819
21
0.142731968503937
0
LINE
8
BLACK
6
CONTINUOUS
10
-0.4762224409448819
20
0.142731968503937
11
-0.4735249606299213
21
0.1413832283464567
0
LINE
8
BLACK
6
CONTINUOUS
10
-0.4735249606299213
20
0.1413832283464567
11
-0.46742
21
0.1413832283464567
0
LINE
8
BLACK
6
CONTINUOUS
10
-0.46742
20
0.1413832283464567
11
-0.4647225196850394
21
0.142731968503937
0
LINE
8
BLACK
6
CONTINUOUS
10
-0.4647225196850394
20
0.142731968503937
11
-0.4635253937007874
21
0.143929094488189
0
LINE
8
BLACK
6
CONTINUOUS
10
-0.4635253937007874
20
0.143929094488189
11
-0.4621766535433071
21
0.1466265748031496
0
LINE
8
BLACK
6
CONTINUOUS
10
-0.4621766535433071
20
0.1466265748031496
11
-0.4621766535433071
21
0.1546062992125984
0
LINE
8
BLACK
6
CONTINUOUS
10
-0.4621766535433071
20
0.1546062992125984
11
-0.4635253937007874
21
0.1573037795275591
0
LINE
8
BLACK
6
CONTINUOUS
10
-0.4635253937007874
20
0.1573037795275591
11
-0.4647225196850394
21
0.158500905511811
0
LINE
8
BLACK
6
CONTINUOUS
10
-0.4647225196850394
20
0.158500905511811
11
-0.46742
21
0.1598496456692913
0
LINE
8
BLACK
6
CONTINUOUS
10
-0.46742
20
0.1598496456692913
11
-0.4735249606299213
21
0.1598496456692913
0
LINE
8
BLACK
6
CONTINUOUS
10
-0.4735249606299213
20
0.1598496456692913
11
-0.4762224409448819
21
0.158500905511811
0
LINE
8
BLACK
6
CONTINUOUS
10
-0.4326856299212598
20
0.1657264566929134
11
-0.432607874015748
21
0.165731968503937
0
LINE
8
BLACK
6
CONTINUOUS
10
-0.432607874015748
20
0.165731968503937
11
-0.4325056299212598
21
0.1657087401574803
0
LINE
8
BLACK
6
CONTINUOUS
10
-0.4325056299212598
20
0.1657087401574803
11
-0.4324011023622047
21
0.1656984251968504
0
LINE
8
BLACK
6
CONTINUOUS
10
-0.4324011023622047
20
0.1656984251968504
11
-0.4323290157480315
21
0.1656685826771654
0
LINE
8
BLACK
6
CONTINUOUS
10
-0.4323290157480315
20
0.1656685826771654
11
-0.4320434251968504
21
0.1656036220472441
0
LINE
8
BLACK
6
CONTINUOUS
10
-0.4320434251968504
20
0.1656036220472441
11
-0.4264191338582677
21
0.1637288582677165
0
LINE
8
BLACK
6
CONTINUOUS
10
-0.4264191338582677
20
0.1637288582677165
11
-0.4258905905511811
21
0.163492874015748
0
LINE
8
BLACK
6
CONTINUOUS
10
-0.4258905905511811
20
0.163492874015748
11
-0.4258104724409449
21
0.1634233858267717
0
LINE
8
BLACK
6
CONTINUOUS
10
-0.4258104724409449
20
0.1634233858267717
11
-0.4257124015748032
21
0.1633827559055118
0
LINE
8
BLACK
6
CONTINUOUS
10
-0.4257124015748032
20
0.1633827559055118
11
-0.4252649606299213
21
0.1630155511811024
0
LINE
8
BLACK
6
CONTINUOUS
10
-0.4252649606299213
20
0.1630155511811024
11
-0.4215154330708661
21
0.1592660236220473
0
LINE
8
BLACK
6
CONTINUOUS
10
-0.4215154330708661
20
0.1592660236220473
11
-0.4213296062992126
21
0.1590396456692913
0
LINE
8
BLACK
6
CONTINUOUS
10
-0.4213296062992126
20
0.1590396456692913
11
-0.4212706692913386
21
0.1589885039370079
0
LINE
8
BLACK
6
CONTINUOUS
10
-0.4212706692913386
20
0.1589885039370079
11
-0.4212148031496063
21
0.1588997637795276
0
LINE
8
BLACK
6
CONTINUOUS
10
-0.4212148031496063
20
0.1588997637795276
11
-0.421148188976378
21
0.1588185826771653
0
LINE
8
BLACK
6
CONTINUOUS
10
-0.421148188976378
20
0.1588185826771653
11
-0.4211183464566929
21
0.1587464566929134
0
LINE
8
BLACK
6
CONTINUOUS
10
-0.4211183464566929
20
0.1587464566929134
11
-0.4209623228346457
21
0.1584986220472441
0
LINE
8
BLACK
6
CONTINUOUS
10
-0.4209623228346457
20
0.1584986220472441
11
-0.4190875590551181
21
0.154749094488189
0
LINE
8
BLACK
6
CONTINUOUS
10
-0.4190875590551181
20
0.154749094488189
11
-0.4190714566929134
21
0.1547070078740158
0
LINE
8
BLACK
6
CONTINUOUS
10
-0.4190714566929134
20
0.1547070078740158
11
-0.4190587401574803
21
0.154689842519685
0
LINE
8
BLACK
6
CONTINUOUS
10
-0.4190587401574803
20
0.154689842519685
11
-0.4189724409448819
21
0.1544482677165354
0
LINE
8
BLACK
6
CONTINUOUS
10
-0.4189724409448819
20
0.1544482677165354
11
-0.4188806692913385
21
0.1542085039370079
0
LINE
8
BLACK
6
CONTINUOUS
10
-0.4188806692913385
20
0.1542085039370079
11
-0.4188791732283464
21
0.1541872440944882
0
LINE
8
BLACK
6
CONTINUOUS
10
-0.4188791732283464
20
0.1541872440944882
11
-0.4188639763779528
21
0.1541447244094488
0
LINE
8
BLACK
6
CONTINUOUS
10
-0.4188639763779528
20
0.1541447244094488
11
-0.4169892125984252
21
0.1466456692913386
0
LINE
8
BLACK
6
CONTINUOUS
10
-0.4169892125984252
20
0.1466456692913386
11
-0.4169744488188976
21
0.1465458267716535
0
LINE
8
BLACK
6
CONTINUOUS
10
-0.4169744488188976
20
0.1465458267716535
11
-0.4169577952755905
21
0.1465055905511811
0
LINE
8
BLACK
6
CONTINUOUS
10
-0.4169577952755905
20
0.1465055905511811
11
-0.4169364566929133
21
0.1462885826771654
0
LINE
8
BLACK
6
CONTINUOUS
10
-0.4169364566929133
20
0.1462885826771654
11
-0.4169045669291339
21
0.1460730708661417
0
LINE
8
BLACK
6
CONTINUOUS
10
-0.4169045669291339
20
0.1460730708661417
11
-0.4169109842519685
21
0.1460300787401575
0
LINE
8
BLACK
6
CONTINUOUS
10
-0.4169109842519685
20
0.1460300787401575
11
-0.416901062992126
21
0.1459295275590551
0
LINE
8
BLACK
6
CONTINUOUS
10
-0.416901062992126
20
0.1459295275590551
11
-0.416901062992126
21
0.1403052362204724
0
LINE
8
BLACK
6
CONTINUOUS
10
-0.416901062992126
20
0.1403052362204724
11
-0.4169109842519685
21
0.1402047244094488
0
LINE
8
BLACK
6
CONTINUOUS
10
-0.4169109842519685
20
0.1402047244094488
11
-0.4169045669291339
21
0.1401616929133858
0
LINE
8
BLACK
6
CONTINUOUS
10
-0.4169045669291339
20
0.1401616929133858
11
-0.4169364566929133
21
0.1399462204724409
0
LINE
8
BLACK
6
CONTINUOUS
10
-0.4169364566929133
20
0.1399462204724409
11
-0.4169577952755905
21
0.1397291732283465
0
LINE
8
BLACK
6
CONTINUOUS
10
-0.4169577952755905
20
0.1397291732283465
11
-0.4169744488188976
21
0.1396889763779527
0
LINE
8
BLACK
6
CONTINUOUS
10
-0.4169744488188976
20
0.1396889763779527
11
-0.4169892125984252
21
0.139589094488189
0
LINE
8
BLACK
6
CONTINUOUS
10
-0.4169892125984252
20
0.139589094488189
11
-0.4188639763779528
21
0.1320900393700787
0
LINE
8
BLACK
6
CONTINUOUS
10
-0.4188639763779528
20
0.1320900393700787
11
-0.4188791732283464
21
0.1320475590551181
0
LINE
8
BLACK
6
CONTINUOUS
10
-0.4188791732283464
20
0.1320475590551181
11
-0.4188806692913385
21
0.1320262598425197
0
LINE
8
BLACK
6
CONTINUOUS
10
-0.4188806692913385
20
0.1320262598425197
11
-0.4189724409448819
21
0.1317865354330709
0
LINE
8
BLACK
6
CONTINUOUS
10
-0.4189724409448819
20
0.1317865354330709
11
-0.4190587401574803
21
0.1315449212598425
0
LINE
8
BLACK
6
CONTINUOUS
10
-0.4190587401574803
20
0.1315449212598425
11
-0.4190714566929134
21
0.1315277952755906
0
LINE
8
BLACK
6
CONTINUOUS
10
-0.4190714566929134
20
0.1315277952755906
11
-0.4190875590551181
21
0.1314856692913386
0
LINE
8
BLACK
6
CONTINUOUS
10
-0.4190875590551181
20
0.1314856692913386
11
-0.4209623228346457
21
0.1277361417322835
0
LINE
8
BLACK
6
CONTINUOUS
10
-0.4209623228346457
20
0.1277361417322835
11
-0.4211183858267716
21
0.1274882677165354
0
LINE
8
BLACK
6
CONTINUOUS
10
-0.4211183858267716
20
0.1274882677165354
11
-0.421148188976378
21
0.1274162204724409
0
LINE
8
BLACK
6
CONTINUOUS
10
-0.421148188976378
20
0.1274162204724409
11
-0.4212147244094488
21
0.1273351968503937
0
LINE
8
BLACK
6
CONTINUOUS
10
-0.4212147244094488
20
0.1273351968503937
11
-0.4212706692913386
21
0.1272462598425197
0
LINE
8
BLACK
6
CONTINUOUS
10
-0.4212706692913386
20
0.1272462598425197
11
-0.4213296850393701
21
0.1271951181102362
0
LINE
8
BLACK
6
CONTINUOUS
10
-0.4213296850393701
20
0.1271951181102362
11
-0.4215153937007874
21
0.1269687795275591
0
LINE
8
BLACK
6
CONTINUOUS
10
-0.4215153937007874
20
0.1269687795275591
11
-0.4252649606299213
21
0.1232191732283465
0
LINE
8
BLACK
6
CONTINUOUS
10
-0.4252649606299213
20
0.1232191732283465
11
-0.4257124015748032
21
0.122851968503937
0
LINE
8
BLACK
6
CONTINUOUS
10
-0.4257124015748032
20
0.122851968503937
11
-0.4258104724409449
21
0.1228113779527559
0
LINE
8
BLACK
6
CONTINUOUS
10
-0.4258104724409449
20
0.1228113779527559
11
-0.4258905905511811
21
0.1227418503937008
0
LINE
8
BLACK
6
CONTINUOUS
10
-0.4258905905511811
20
0.1227418503937008
11
-0.4264191338582677
21
0.1225058661417323
0
LINE
8
BLACK
6
CONTINUOUS
10
-0.4264191338582677
20
0.1225058661417323
11
-0.4320434251968504
21
0.1206311023622047
0
LINE
8
BLACK
6
CONTINUOUS
10
-0.4320434251968504
20
0.1206311023622047
11
-0.4323290157480315
21
0.1205661811023622
0
LINE
8
BLACK
6
CONTINUOUS
10
-0.4323290157480315
20
0.1205661811023622
11
-0.4324011023622047
21
0.1205362992125984
0
LINE
8
BLACK
6
CONTINUOUS
10
-0.4324011023622047
20
0.1205362992125984
11
-0.4325056299212598
21
0.1205260236220472
0
LINE
8
BLACK
6
CONTINUOUS
10
-0.4325056299212598
20
0.1205260236220472
11
-0.432607874015748
21
0.1205027559055118
0
LINE
8
BLACK
6
CONTINUOUS
10
-0.432607874015748
20
0.1205027559055118
11
-0.4326856299212598
21
0.1205083070866142
0
LINE
8
BLACK
6
CONTINUOUS
10
-0.4326856299212598
20
0.1205083070866142
11
-0.4329771653543307
21
0.1204795669291338
0
LINE
8
BLACK
6
CONTINUOUS
10
-0.4329771653543307
20
0.1204795669291338
11
-0.4367266929133858
21
0.1204795669291338
0
LINE
8
BLACK
6
CONTINUOUS
10
-0.4367266929133858
20
0.1204795669291338
11
-0.4370183070866142
21
0.1205083070866142
0
LINE
8
BLACK
6
CONTINUOUS
10
-0.4370183070866142
20
0.1205083070866142
11
-0.4370960236220472
21
0.1205027559055118
0
LINE
8
BLACK
6
CONTINUOUS
10
-0.4370960236220472
20
0.1205027559055118
11
-0.4371983070866142
21
0.1205260236220472
0
LINE
8
BLACK
6
CONTINUOUS
10
-0.4371983070866142
20
0.1205260236220472
11
-0.4373027559055118
21
0.1205362992125984
0
LINE
8
BLACK
6
CONTINUOUS
10
-0.4373027559055118
20
0.1205362992125984
11
-0.437374842519685
21
0.1205661811023622
0
LINE
8
BLACK
6
CONTINUOUS
10
-0.437374842519685
20
0.1205661811023622
11
-0.4376604724409449
21
0.1206311023622047
0
LINE
8
BLACK
6
CONTINUOUS
10
-0.4376604724409449
20
0.1206311023622047
11
-0.4432847244094488
21
0.1225058661417323
0
LINE
8
BLACK
6
CONTINUOUS
10
-0.4432847244094488
20
0.1225058661417323
11
-0.4438133070866142
21
0.1227418503937008
0
LINE
8
BLACK
6
CONTINUOUS
10
-0.4438133070866142
20
0.1227418503937008
11
-0.4438935039370079
21
0.1228114173228346
0
LINE
8
BLACK
6
CONTINUOUS
10
-0.4438935039370079
20
0.1228114173228346
11
-0.4439914566929134
21
0.122851968503937
0
LINE
8
BLACK
6
CONTINUOUS
10
-0.4439914566929134
20
0.122851968503937
11
-0.444438937007874
21
0.1232192125984252
0
LINE
8
BLACK
6
CONTINUOUS
10
-0.444438937007874
20
0.1232192125984252
11
-0.4463137007874016
21
0.1250940157480315
0
LINE
8
BLACK
6
CONTINUOUS
10
-0.4463137007874016
20
0.1250940157480315
11
-0.446680905511811
21
0.1255414566929134
0
LINE
8
BLACK
6
CONTINUOUS
10
-0.446680905511811
20
0.1255414566929134
11
-0.4471217716535433
21
0.1266058661417323
0
LINE
8
BLACK
6
CONTINUOUS
10
-0.4471217716535433
20
0.1266058661417323
11
-0.4471217716535433
21
0.1277579527559055
0
LINE
8
BLACK
6
CONTINUOUS
10
-0.4471217716535433
20
0.1277579527559055
11
-0.4466808661417322
21
0.1288223622047244
0
LINE
8
BLACK
6
CONTINUOUS
10
-0.4466808661417322
20
0.1288223622047244
11
-0.4458661811023622
21
0.1296370472440945
0
LINE
8
BLACK
6
CONTINUOUS
10
-0.4458661811023622
20
0.1296370472440945
11
-0.4448017716535433
21
0.1300779133858268
0
LINE
8
BLACK
6
CONTINUOUS
10
-0.4448017716535433
20
0.1300779133858268
11
-0.4436496850393701
21
0.1300779133858268
0
LINE
8
BLACK
6
CONTINUOUS
10
-0.4436496850393701
20
0.1300779133858268
11
-0.4425852755905512
21
0.1296370078740157
0
LINE
8
BLACK
6
CONTINUOUS
10
-0.4425852755905512
20
0.1296370078740157
11
-0.4421377952755906
21
0.1292697637795276
0
LINE
8
BLACK
6
CONTINUOUS
10
-0.4421377952755906
20
0.1292697637795276
11
-0.4407559448818897
21
0.127887874015748
0
LINE
8
BLACK
6
CONTINUOUS
10
-0.4407559448818897
20
0.127887874015748
11
-0.4362475590551181
21
0.1263850787401575
0
LINE
8
BLACK
6
CONTINUOUS
10
-0.4362475590551181
20
0.1263850787401575
11
-0.4334562992125984
21
0.1263850787401575
0
LINE
8
BLACK
6
CONTINUOUS
10
-0.4334562992125984
20
0.1263850787401575
11
-0.4289479133858268
21
0.1278879133858268
0
LINE
8
BLACK
6
CONTINUOUS
10
-0.4289479133858268
20
0.1278879133858268
11
-0.4260301181102362
21
0.1308057480314961
0
LINE
8
BLACK
6
CONTINUOUS
10
-0.4260301181102362
20
0.1308057480314961
11
-0.4245146062992126
21
0.1338367322834646
0
LINE
8
BLACK
6
CONTINUOUS
10
-0.4245146062992126
20
0.1338367322834646
11
-0.4228065748031496
21
0.140668779527559
0
LINE
8
BLACK
6
CONTINUOUS
10
-0.4228065748031496
20
0.140668779527559
11
-0.4228065748031496
21
0.1455659842519685
0
LINE
8
BLACK
6
CONTINUOUS
10
-0.4228065748031496
20
0.1455659842519685
11
-0.4245146062992126
21
0.152398031496063
0
LINE
8
BLACK
6
CONTINUOUS
10
-0.4245146062992126
20
0.152398031496063
11
-0.4260300787401575
21
0.1554290157480315
0
LINE
8
BLACK
6
CONTINUOUS
10
-0.4260300787401575
20
0.1554290157480315
11
-0.4289479133858268
21
0.1583468503937008
0
LINE
8
BLACK
6
CONTINUOUS
10
-0.4289479133858268
20
0.1583468503937008
11
-0.4334562992125984
21
0.1598496456692913
0
LINE
8
BLACK
6
CONTINUOUS
10
-0.4334562992125984
20
0.1598496456692913
11
-0.4362475590551181
21
0.1598496456692913
0
LINE
8
BLACK
6
CONTINUOUS
10
-0.4362475590551181
20
0.1598496456692913
11
-0.4407559448818897
21
0.1583468503937008
0
LINE
8
BLACK
6
CONTINUOUS
10
-0.4407559448818897
20
0.1583468503937008
11
-0.4421378346456693
21
0.1569649606299213
0
LINE
8
BLACK
6
CONTINUOUS
10
-0.4421378346456693
20
0.1569649606299213
11
-0.4425852755905512
21
0.1565977559055118
0
LINE
8
BLACK
6
CONTINUOUS
10
-0.4425852755905512
20
0.1565977559055118
11
-0.4436497244094488
21
0.1561568503937008
0
LINE
8
BLACK
6
CONTINUOUS
10
-0.4436497244094488
20
0.1561568503937008
11
-0.4448017716535433
21
0.1561568503937008
0
LINE
8
BLACK
6
CONTINUOUS
10
-0.4448017716535433
20
0.1561568503937008
11
-0.445866220472441
21
0.1565977559055118
0
LINE
8
BLACK
6
CONTINUOUS
10
-0.445866220472441
20
0.1565977559055118
11
-0.4466808661417322
21
0.1574124015748032
0
LINE
8
BLACK
6
CONTINUOUS
10
-0.4466808661417322
20
0.1574124015748032
11
-0.4471217716535433
21
0.1584768503937008
0
LINE
8
BLACK
6
CONTINUOUS
10
-0.4471217716535433
20
0.1584768503937008
11
-0.4471217716535433
21
0.1596288976377953
0
LINE
8
BLACK
6
CONTINUOUS
10
-0.4471217716535433
20
0.1596288976377953
11
-0.4466808661417322
21
0.1606933464566929
0
LINE
8
BLACK
6
CONTINUOUS
10
-0.4466808661417322
20
0.1606933464566929
11
-0.4463136614173228
21
0.1611407874015748
0
LINE
8
BLACK
6
CONTINUOUS
10
-0.4463136614173228
20
0.1611407874015748
11
-0.4444388976377953
21
0.1630155511811024
0
LINE
8
BLACK
6
CONTINUOUS
10
-0.4444388976377953
20
0.1630155511811024
11
-0.4439914566929134
21
0.1633827559055118
0
LINE
8
BLACK
6
CONTINUOUS
10
-0.4439914566929134
20
0.1633827559055118
11
-0.4438935039370079
21
0.1634233464566929
0
LINE
8
BLACK
6
CONTINUOUS
10
-0.4438935039370079
20
0.1634233464566929
11
-0.4438133070866142
21
0.163492874015748
0
LINE
8
BLACK
6
CONTINUOUS
10
-0.4438133070866142
20
0.163492874015748
11
-0.4432847244094488
21
0.1637288582677165
0
LINE
8
BLACK
6
CONTINUOUS
10
-0.4432847244094488
20
0.1637288582677165
11
-0.4376604724409449
21
0.1656036220472441
0
LINE
8
BLACK
6
CONTINUOUS
10
-0.4376604724409449
20
0.1656036220472441
11
-0.437374842519685
21
0.1656685826771654
0
LINE
8
BLACK
6
CONTINUOUS
10
-0.437374842519685
20
0.1656685826771654
11
-0.4373027559055118
21
0.1656984251968504
0
LINE
8
BLACK
6
CONTINUOUS
10
-0.4373027559055118
20
0.1656984251968504
11
-0.4371983070866142
21
0.1657087401574803
0
LINE
8
BLACK
6
CONTINUOUS
10
-0.4371983070866142
20
0.1657087401574803
11
-0.4370960236220472
21
0.165731968503937
0
LINE
8
BLACK
6
CONTINUOUS
10
-0.4370960236220472
20
0.165731968503937
11
-0.4370183070866142
21
0.1657264566929134
0
LINE
8
BLACK
6
CONTINUOUS
10
-0.4370183070866142
20
0.1657264566929134
11
-0.4367266929133858
21
0.165755157480315
0
LINE
8
BLACK
6
CONTINUOUS
10
-0.4367266929133858
20
0.165755157480315
11
-0.4329771653543307
21
0.165755157480315
0
LINE
8
BLACK
6
CONTINUOUS
10
-0.4329771653543307
20
0.165755157480315
11
-0.4326856299212598
21
0.1657264566929134
0
LINE
8
BLACK
6
CONTINUOUS
10
-0.3244179133858268
20
0.1657264566929134
11
-0.324340157480315
21
0.165731968503937
0
LINE
8
BLACK
6
CONTINUOUS
10
-0.324340157480315
20
0.165731968503937
11
-0.3242379133858267
21
0.1657087401574803
0
LINE
8
BLACK
6
CONTINUOUS
10
-0.3242379133858267
20
0.1657087401574803
11
-0.3241333858267716
21
0.1656984251968504
0
LINE
8
BLACK
6
CONTINUOUS
10
-0.3241333858267716
20
0.1656984251968504
11
-0.3240612992125984
21
0.1656685826771654
0
LINE
8
BLACK
6
CONTINUOUS
10
-0.3240612992125984
20
0.1656685826771654
11
-0.3237757086614173
21
0.1656036220472441
0
LINE
8
BLACK
6
CONTINUOUS
10
-0.3237757086614173
20
0.1656036220472441
11
-0.3181514173228346
21
0.1637288582677165
0
LINE
8
BLACK
6
CONTINUOUS
10
-0.3181514173228346
20
0.1637288582677165
11
-0.317622874015748
21
0.163492874015748
0
LINE
8
BLACK
6
CONTINUOUS
10
-0.317622874015748
20
0.163492874015748
11
-0.3175427559055118
21
0.1634233858267717
0
LINE
8
BLACK
6
CONTINUOUS
10
-0.3175427559055118
20
0.1634233858267717
11
-0.3174446850393701
21
0.1633827559055118
0
LINE
8
BLACK
6
CONTINUOUS
10
-0.3174446850393701
20
0.1633827559055118
11
-0.3169972440944882
21
0.1630155511811024
0
LINE
8
BLACK
6
CONTINUOUS
10
-0.3169972440944882
20
0.1630155511811024
11
-0.313247716535433
21
0.1592660236220473
0
LINE
8
BLACK
6
CONTINUOUS
10
-0.313247716535433
20
0.1592660236220473
11
-0.3130618897637795
21
0.1590396456692913
0
LINE
8
BLACK
6
CONTINUOUS
10
-0.3130618897637795
20
0.1590396456692913
11
-0.3130029527559055
21
0.1589885039370079
0
LINE
8
BLACK
6
CONTINUOUS
10
-0.3130029527559055
20
0.1589885039370079
11
-0.3129470866141732
21
0.1588997637795276
0
LINE
8
BLACK
6
CONTINUOUS
10
-0.3129470866141732
20
0.1588997637795276
11
-0.3128804724409449
21
0.1588185826771653
0
LINE
8
BLACK
6
CONTINUOUS
10
-0.3128804724409449
20
0.1588185826771653
11
-0.3128506299212598
21
0.1587464566929134
0
LINE
8
BLACK
6
CONTINUOUS
10
-0.3128506299212598
20
0.1587464566929134
11
-0.3126946062992126
21
0.1584986220472441
0
LINE
8
BLACK
6
CONTINUOUS
10
-0.3126946062992126
20
0.1584986220472441
11
-0.310819842519685
21
0.154749094488189
0
LINE
8
BLACK
6
CONTINUOUS
10
-0.310819842519685
20
0.154749094488189
11
-0.3108037401574803
21
0.1547070078740158
0
LINE
8
BLACK
6
CONTINUOUS
10
-0.3108037401574803
20
0.1547070078740158
11
-0.3107910236220472
21
0.154689842519685
0
LINE
8
BLACK
6
CONTINUOUS
10
-0.3107910236220472
20
0.154689842519685
11
-0.3107047244094488
21
0.1544482677165354
0
LINE
8
BLACK
6
CONTINUOUS
10
-0.3107047244094488
20
0.1544482677165354
11
-0.3106129527559055
21
0.1542085039370079
0
LINE
8
BLACK
6
CONTINUOUS
10
-0.3106129527559055
20
0.1542085039370079
11
-0.3106114566929134
21
0.1541872440944882
0
LINE
8
BLACK
6
CONTINUOUS
10
-0.3106114566929134
20
0.1541872440944882
11
-0.3105962598425197
21
0.1541447244094488
0
LINE
8
BLACK
6
CONTINUOUS
10
-0.3105962598425197
20
0.1541447244094488
11
-0.3087214960629921
21
0.1466456692913386
0
LINE
8
BLACK
6
CONTINUOUS
10
-0.3087214960629921
20
0.1466456692913386
11
-0.3087067322834646
21
0.1465458267716535
0
LINE
8
BLACK
6
CONTINUOUS
10
-0.3087067322834646
20
0.1465458267716535
11
-0.3086900787401575
21
0.1465055905511811
0
LINE
8
BLACK
6
CONTINUOUS
10
-0.3086900787401575
20
0.1465055905511811
11
-0.3086687401574803
21
0.1462885826771654
0
LINE
8
BLACK
6
CONTINUOUS
10
-0.3086687401574803
20
0.1462885826771654
11
-0.3086368503937008
21
0.1460730708661417
0
LINE
8
BLACK
6
CONTINUOUS
10
-0.3086368503937008
20
0.1460730708661417
11
-0.3086432677165354
21
0.1460300787401575
0
LINE
8
BLACK
6
CONTINUOUS
10
-0.3086432677165354
20
0.1460300787401575
11
-0.3086333464566929
21
0.1459295275590551
0
LINE
8
BLACK
6
CONTINUOUS
10
-0.3086333464566929
20
0.1459295275590551
11
-0.3086333464566929
21
0.1403052362204724
0
LINE
8
BLACK
6
CONTINUOUS
10
-0.3086333464566929
20
0.1403052362204724
11
-0.3086432677165354
21
0.1402047244094488
0
LINE
8
BLACK
6
CONTINUOUS
10
-0.3086432677165354
20
0.1402047244094488
11
-0.3086368503937008
21
0.1401616929133858
0
LINE
8
BLACK
6
CONTINUOUS
10
-0.3086368503937008
20
0.1401616929133858
11
-0.3086687401574803
21
0.1399462204724409
0
LINE
8
BLACK
6
CONTINUOUS
10
-0.3086687401574803
20
0.1399462204724409
11
-0.3086900787401575
21
0.1397291732283465
0
LINE
8
BLACK
6
CONTINUOUS
10
-0.3086900787401575
20
0.1397291732283465
11
-0.3087067322834646
21
0.1396889763779527
0
LINE
8
BLACK
6
CONTINUOUS
10
-0.3087067322834646
20
0.1396889763779527
11
-0.3087214960629921
21
0.139589094488189
0
LINE
8
BLACK
6
CONTINUOUS
10
-0.3087214960629921
20
0.139589094488189
11
-0.3105962598425197
21
0.1320900393700787
0
LINE
8
BLACK
6
CONTINUOUS
10
-0.3105962598425197
20
0.1320900393700787
11
-0.3106114566929134
21
0.1320475590551181
0
LINE
8
BLACK
6
CONTINUOUS
10
-0.3106114566929134
20
0.1320475590551181
11
-0.3106129527559055
21
0.1320262598425197
0
LINE
8
BLACK
6
CONTINUOUS
10
-0.3106129527559055
20
0.1320262598425197
11
-0.3107047244094488
21
0.1317865354330709
0
LINE
8
BLACK
6
CONTINUOUS
10
-0.3107047244094488
20
0.1317865354330709
11
-0.3107910236220472
21
0.1315449212598425
0
LINE
8
BLACK
6
CONTINUOUS
10
-0.3107910236220472
20
0.1315449212598425
11
-0.3108037401574803
21
0.1315277952755906
0
LINE
8
BLACK
6
CONTINUOUS
10
-0.3108037401574803
20
0.1315277952755906
11
-0.310819842519685
21
0.1314856692913386
0
LINE
8
BLACK
6
CONTINUOUS
10
-0.310819842519685
20
0.1314856692913386
11
-0.3126946062992126
21
0.1277361417322835
0
LINE
8
BLACK
6
CONTINUOUS
10
-0.3126946062992126
20
0.1277361417322835
11
-0.3128506692913386
21
0.1274882677165354
0
LINE
8
BLACK
6
CONTINUOUS
10
-0.3128506692913386
20
0.1274882677165354
11
-0.3128804724409449
21
0.1274162204724409
0
LINE
8
BLACK
6
CONTINUOUS
10
-0.3128804724409449
20
0.1274162204724409
11
-0.3129470078740157
21
0.1273351968503937
0
LINE
8
BLACK
6
CONTINUOUS
10
-0.3129470078740157
20
0.1273351968503937
11
-0.3130029527559055
21
0.1272462598425197
0
LINE
8
BLACK
6
CONTINUOUS
10
-0.3130029527559055
20
0.1272462598425197
11
-0.313061968503937
21
0.1271951181102362
0
LINE
8
BLACK
6
CONTINUOUS
10
-0.313061968503937
20
0.1271951181102362
11
-0.3132476771653543
21
0.1269687795275591
0
LINE
8
BLACK
6
CONTINUOUS
10
-0.3132476771653543
20
0.1269687795275591
11
-0.3169972440944882
21
0.1232191732283465
0
LINE
8
BLACK
6
CONTINUOUS
10
-0.3169972440944882
20
0.1232191732283465
11
-0.3174446850393701
21
0.122851968503937
0
LINE
8
BLACK
6
CONTINUOUS
10
-0.3174446850393701
20
0.122851968503937
11
-0.3175427559055118
21
0.1228113779527559
0
LINE
8
BLACK
6
CONTINUOUS
10
-0.3175427559055118
20
0.1228113779527559
11
-0.317622874015748
21
0.1227418503937008
0
LINE
8
BLACK
6
CONTINUOUS
10
-0.317622874015748
20
0.1227418503937008
11
-0.3181514173228346
21
0.1225058661417323
0
LINE
8
BLACK
6
CONTINUOUS
10
-0.3181514173228346
20
0.1225058661417323
11
-0.3237757086614173
21
0.1206311023622047
0
LINE
8
BLACK
6
CONTINUOUS
10
-0.3237757086614173
20
0.1206311023622047
11
-0.3240612992125984
21
0.1205661811023622
0
LINE
8
BLACK
6
CONTINUOUS
10
-0.3240612992125984
20
0.1205661811023622
11
-0.3241333858267716
21
0.1205362992125984
0
LINE
8
BLACK
6
CONTINUOUS
10
-0.3241333858267716
20
0.1205362992125984
11
-0.3242379133858267
21
0.1205260236220472
0
LINE
8
BLACK
6
CONTINUOUS
10
-0.3242379133858267
20
0.1205260236220472
11
-0.324340157480315
21
0.1205027559055118
0
LINE
8
BLACK
6
CONTINUOUS
10
-0.324340157480315
20
0.1205027559055118
11
-0.3244179133858268
21
0.1205083070866142
0
LINE
8
BLACK
6
CONTINUOUS
10
-0.3244179133858268
20
0.1205083070866142
11
-0.3247094488188976
21
0.1204795669291338
0
LINE
8
BLACK
6
CONTINUOUS
10
-0.3247094488188976
20
0.1204795669291338
11
-0.3284589763779527
21
0.1204795669291338
0
LINE
8
BLACK
6
CONTINUOUS
10
-0.3284589763779527
20
0.1204795669291338
11
-0.3287505905511811
21
0.1205083070866142
0
LINE
8
BLACK
6
CONTINUOUS
10
-0.3287505905511811
20
0.1205083070866142
11
-0.3288283070866141
21
0.1205027559055118
0
LINE
8
BLACK
6
CONTINUOUS
10
-0.3288283070866141
20
0.1205027559055118
11
-0.3289305905511811
21
0.1205260236220472
0
LINE
8
BLACK
6
CONTINUOUS
10
-0.3289305905511811
20
0.1205260236220472
11
-0.3290350393700787
21
0.1205362992125984
0
LINE
8
BLACK
6
CONTINUOUS
10
-0.3290350393700787
20
0.1205362992125984
11
-0.329107125984252
21
0.1205661811023622
0
LINE
8
BLACK
6
CONTINUOUS
10
-0.329107125984252
20
0.1205661811023622
11
-0.3293927559055118
21
0.1206311023622047
0
LINE
8
BLACK
6
CONTINUOUS
10
-0.3293927559055118
20
0.1206311023622047
11
-0.3350170078740157
21
0.1225058661417323
0
LINE
8
BLACK
6
CONTINUOUS
10
-0.3350170078740157
20
0.1225058661417323
11
-0.3355455905511811
21
0.1227418503937008
0
LINE
8
BLACK
6
CONTINUOUS
10
-0.3355455905511811
20
0.1227418503937008
11
-0.3356257874015748
21
0.1228114173228346
0
LINE
8
BLACK
6
CONTINUOUS
10
-0.3356257874015748
20
0.1228114173228346
11
-0.3357237401574803
21
0.122851968503937
0
LINE
8
BLACK
6
CONTINUOUS
10
-0.3357237401574803
20
0.122851968503937
11
-0.3361712204724409
21
0.1232192125984252
0
LINE
8
BLACK
6
CONTINUOUS
10
-0.3361712204724409
20
0.1232192125984252
11
-0.3380459842519685
21
0.1250940157480315
0
LINE
8
BLACK
6
CONTINUOUS
10
-0.3380459842519685
20
0.1250940157480315
11
-0.338413188976378
21
0.1255414566929134
0
LINE
8
BLACK
6
CONTINUOUS
10
-0.338413188976378
20
0.1255414566929134
11
-0.3388540551181102
21
0.1266058661417323
0
LINE
8
BLACK
6
CONTINUOUS
10
-0.3388540551181102
20
0.1266058661417323
11
-0.3388540551181102
21
0.1277579527559055
0
LINE
8
BLACK
6
CONTINUOUS
10
-0.3388540551181102
20
0.1277579527559055
11
-0.3384131496062992
21
0.1288223622047244
0
LINE
8
BLACK
6
CONTINUOUS
10
-0.3384131496062992
20
0.1288223622047244
11
-0.3375984645669291
21
0.1296370472440945
0
LINE
8
BLACK
6
CONTINUOUS
10
-0.3375984645669291
20
0.1296370472440945
11
-0.3365340551181102
21
0.1300779133858268
0
LINE
8
BLACK
6
CONTINUOUS
10
-0.3365340551181102
20
0.1300779133858268
11
-0.335381968503937
21
0.1300779133858268
0
LINE
8
BLACK
6
CONTINUOUS
10
-0.335381968503937
20
0.1300779133858268
11
-0.3343175590551181
21
0.1296370078740157
0
LINE
8
BLACK
6
CONTINUOUS
10
-0.3343175590551181
20
0.1296370078740157
11
-0.3338700787401574
21
0.1292697637795276
0
LINE
8
BLACK
6
CONTINUOUS
10
-0.3338700787401574
20
0.1292697637795276
11
-0.3324882283464567
21
0.127887874015748
0
LINE
8
BLACK
6
CONTINUOUS
10
-0.3324882283464567
20
0.127887874015748
11
-0.327979842519685
21
0.1263850787401575
0
LINE
8
BLACK
6
CONTINUOUS
10
-0.327979842519685
20
0.1263850787401575
11
-0.3251885826771653
21
0.1263850787401575
0
LINE
8
BLACK
6
CONTINUOUS
10
-0.3251885826771653
20
0.1263850787401575
11
-0.3206801968503937
21
0.1278879133858268
0
LINE
8
BLACK
6
CONTINUOUS
10
-0.3206801968503937
20
0.1278879133858268
11
-0.3177624015748031
21
0.1308057480314961
0
LINE
8
BLACK
6
CONTINUOUS
10
-0.3177624015748031
20
0.1308057480314961
11
-0.3162468897637795
21
0.1338367322834646
0
LINE
8
BLACK
6
CONTINUOUS
10
-0.3162468897637795
20
0.1338367322834646
11
-0.3145388582677165
21
0.140668779527559
0
LINE
8
BLACK
6
CONTINUOUS
10
-0.3145388582677165
20
0.140668779527559
11
-0.3145388582677165
21
0.1455659842519685
0
LINE
8
BLACK
6
CONTINUOUS
10
-0.3145388582677165
20
0.1455659842519685
11
-0.3162468897637795
21
0.152398031496063
0
LINE
8
BLACK
6
CONTINUOUS
10
-0.3162468897637795
20
0.152398031496063
11
-0.3177623622047244
21
0.1554290157480315
0
LINE
8
BLACK
6
CONTINUOUS
10
-0.3177623622047244
20
0.1554290157480315
11
-0.3206801968503937
21
0.1583468503937008
0
LINE
8
BLACK
6
CONTINUOUS
10
-0.3206801968503937
20
0.1583468503937008
11
-0.3251885826771653
21
0.1598496456692913
0
LINE
8
BLACK
6
CONTINUOUS
10
-0.3251885826771653
20
0.1598496456692913
11
-0.327979842519685
21
0.1598496456692913
0
LINE
8
BLACK
6
CONTINUOUS
10
-0.327979842519685
20
0.1598496456692913
11
-0.3324882283464567
21
0.1583468503937008
0
LINE
8
BLACK
6
CONTINUOUS
10
-0.3324882283464567
20
0.1583468503937008
11
-0.3338701181102362
21
0.1569649606299213
0
LINE
8
BLACK
6
CONTINUOUS
10
-0.3338701181102362
20
0.1569649606299213
11
-0.3343175590551181
21
0.1565977559055118
0
LINE
8
BLACK
6
CONTINUOUS
10
-0.3343175590551181
20
0.1565977559055118
11
-0.3353820078740157
21
0.1561568503937008
0
LINE
8
BLACK
6
CONTINUOUS
10
-0.3353820078740157
20
0.1561568503937008
11
-0.3365340551181102
21
0.1561568503937008
0
LINE
8
BLACK
6
CONTINUOUS
10
-0.3365340551181102
20
0.1561568503937008
11
-0.3375985039370079
21
0.1565977559055118
0
LINE
8
BLACK
6
CONTINUOUS
10
-0.3375985039370079
20
0.1565977559055118
11
-0.3384131496062992
21
0.1574124015748032
0
LINE
8
BLACK
6
CONTINUOUS
10
-0.3384131496062992
20
0.1574124015748032
11
-0.3388540551181102
21
0.1584768503937008
0
LINE
8
BLACK
6
CONTINUOUS
10
-0.3388540551181102
20
0.1584768503937008
11
-0.3388540551181102
21
0.1596288976377953
0
LINE
8
BLACK
6
CONTINUOUS
10
-0.3388540551181102
20
0.1596288976377953
11
-0.3384131496062992
21
0.1606933464566929
0
LINE
8
BLACK
6
CONTINUOUS
10
-0.3384131496062992
20
0.1606933464566929
11
-0.3380459448818898
21
0.1611407874015748
0
LINE
8
BLACK
6
CONTINUOUS
10
-0.3380459448818898
20
0.1611407874015748
11
-0.3361711811023622
21
0.1630155511811024
0
LINE
8
BLACK
6
CONTINUOUS
10
-0.3361711811023622
20
0.1630155511811024
11
-0.3357237401574803
21
0.1633827559055118
0
LINE
8
BLACK
6
CONTINUOUS
10
-0.3357237401574803
20
0.1633827559055118
11
-0.3356257874015748
21
0.1634233464566929
0
LINE
8
BLACK
6
CONTINUOUS
10
-0.3356257874015748
20
0.1634233464566929
11
-0.3355455905511811
21
0.163492874015748
0
LINE
8
BLACK
6
CONTINUOUS
10
-0.3355455905511811
20
0.163492874015748
11
-0.3350170078740157
21
0.1637288582677165
0
LINE
8
BLACK
6
CONTINUOUS
10
-0.3350170078740157
20
0.1637288582677165
11
-0.3293927559055118
21
0.1656036220472441
0
LINE
8
BLACK
6
CONTINUOUS
10
-0.3293927559055118
20
0.1656036220472441
11
-0.329107125984252
21
0.1656685826771654
0
LINE
8
BLACK
6
CONTINUOUS
10
-0.329107125984252
20
0.1656685826771654
11
-0.3290350393700787
21
0.1656984251968504
0
LINE
8
BLACK
6
CONTINUOUS
10
-0.3290350393700787
20
0.1656984251968504
11
-0.3289305905511811
21
0.1657087401574803
0
LINE
8
BLACK
6
CONTINUOUS
10
-0.3289305905511811
20
0.1657087401574803
11
-0.3288283070866141
21
0.165731968503937
0
LINE
8
BLACK
6
CONTINUOUS
10
-0.3288283070866141
20
0.165731968503937
11
-0.3287505905511811
21
0.1657264566929134
0
LINE
8
BLACK
6
CONTINUOUS
10
-0.3287505905511811
20
0.1657264566929134
11
-0.3284589763779527
21
0.165755157480315
0
LINE
8
BLACK
6
CONTINUOUS
10
-0.3284589763779527
20
0.165755157480315
11
-0.3247094488188976
21
0.165755157480315
0
LINE
8
BLACK
6
CONTINUOUS
10
-0.3247094488188976
20
0.165755157480315
11
-0.3244179133858268
21
0.1657264566929134
0
LINE
8
BLACK
6
CONTINUOUS
10
-0.2701857086614173
20
0.1656984251968504
11
-0.2698964173228346
21
0.1656984251968504
0
LINE
8
BLACK
6
CONTINUOUS
10
-0.2698964173228346
20
0.1656984251968504
11
-0.2696263385826771
21
0.1655865748031496
0
LINE
8
BLACK
6
CONTINUOUS
10
-0.2696263385826771
20
0.1655865748031496
11
-0.2693396850393701
21
0.1655292125984252
0
LINE
8
BLACK
6
CONTINUOUS
10
-0.2693396850393701
20
0.1655292125984252
11
-0.2690993307086614
21
0.1653682677165354
0
LINE
8
BLACK
6
CONTINUOUS
10
-0.2690993307086614
20
0.1653682677165354
11
-0.2688320078740157
21
0.1652575196850394
0
LINE
8
BLACK
6
CONTINUOUS
10
-0.2688320078740157
20
0.1652575196850394
11
-0.2686253149606299
21
0.1650508267716535
0
LINE
8
BLACK
6
CONTINUOUS
10
-0.2686253149606299
20
0.1650508267716535
11
-0.2683824015748031
21
0.1648881496062992
0
LINE
8
BLACK
6
CONTINUOUS
10
-0.2683824015748031
20
0.1648881496062992
11
-0.2680194094488189
21
0.1644449212598425
0
LINE
8
BLACK
6
CONTINUOUS
10
-0.2680194094488189
20
0.1644449212598425
11
-0.2680173622047244
21
0.164442874015748
0
LINE
8
BLACK
6
CONTINUOUS
10
-0.2680173622047244
20
0.164442874015748
11
-0.2680170078740157
21
0.1644420078740157
0
LINE
8
BLACK
6
CONTINUOUS
10
-0.2680170078740157
20
0.1644420078740157
11
-0.2680156299212598
21
0.1644403149606299
0
LINE
8
BLACK
6
CONTINUOUS
10
-0.2680156299212598
20
0.1644403149606299
11
-0.2644283070866142
21
0.1590592913385827
0
LINE
8
BLACK
6
CONTINUOUS
10
-0.2644283070866142
20
0.1590592913385827
11
-0.2612243307086614
21
0.1558553149606299
0
LINE
8
BLACK
6
CONTINUOUS
10
-0.2612243307086614
20
0.1558553149606299
11
-0.2579033858267716
21
0.154194842519685
0
LINE
8
BLACK
6
CONTINUOUS
10
-0.2579033858267716
20
0.154194842519685
11
-0.2574135039370078
21
0.1538864960629921
0
LINE
8
BLACK
6
CONTINUOUS
10
-0.2574135039370078
20
0.1538864960629921
11
-0.2566586614173229
21
0.1530161023622047
0
LINE
8
BLACK
6
CONTINUOUS
10
-0.2566586614173229
20
0.1530161023622047
11
-0.2562943307086614
21
0.1519231496062992
0
LINE
8
BLACK
6
CONTINUOUS
10
-0.2562943307086614
20
0.1519231496062992
11
-0.2563759842519685
21
0.150773937007874
0
LINE
8
BLACK
6
CONTINUOUS
10
-0.2563759842519685
20
0.150773937007874
11
-0.2568912598425197
21
0.1497434251968504
0
LINE
8
BLACK
6
CONTINUOUS
10
-0.2568912598425197
20
0.1497434251968504
11
-0.2577616141732283
21
0.1489885826771654
0
LINE
8
BLACK
6
CONTINUOUS
10
-0.2577616141732283
20
0.1489885826771654
11
-0.2588546062992126
21
0.1486242519685039
0
LINE
8
BLACK
6
CONTINUOUS
10
-0.2588546062992126
20
0.1486242519685039
11
-0.2600038188976378
21
0.148705905511811
0
LINE
8
BLACK
6
CONTINUOUS
10
-0.2600038188976378
20
0.148705905511811
11
-0.2605444094488189
21
0.1489127952755905
0
LINE
8
BLACK
6
CONTINUOUS
10
-0.2605444094488189
20
0.1489127952755905
11
-0.264293937007874
21
0.1507875590551181
0
LINE
8
BLACK
6
CONTINUOUS
10
-0.264293937007874
20
0.1507875590551181
11
-0.2645417716535433
21
0.1509435826771653
0
LINE
8
BLACK
6
CONTINUOUS
10
-0.2645417716535433
20
0.1509435826771653
11
-0.2646138976377952
21
0.1509734251968504
0
LINE
8
BLACK
6
CONTINUOUS
10
-0.2646138976377952
20
0.1509734251968504
11
-0.2646950787401575
21
0.1510400393700787
0
LINE
8
BLACK
6
CONTINUOUS
10
-0.2646950787401575
20
0.1510400393700787
11
-0.2647838188976378
21
0.151095905511811
0
LINE
8
BLACK
6
CONTINUOUS
10
-0.2647838188976378
20
0.151095905511811
11
-0.2648349606299212
21
0.151154842519685
0
LINE
8
BLACK
6
CONTINUOUS
10
-0.2648349606299212
20
0.151154842519685
11
-0.2650613385826772
21
0.1513406692913386
0
LINE
8
BLACK
6
CONTINUOUS
10
-0.2650613385826772
20
0.1513406692913386
11
-0.2675197244094488
21
0.1537990551181102
0
LINE
8
BLACK
6
CONTINUOUS
10
-0.2675197244094488
20
0.1537990551181102
11
-0.2675197244094488
21
0.1263850787401575
0
LINE
8
BLACK
6
CONTINUOUS
10
-0.2675197244094488
20
0.1263850787401575
11
-0.2592238976377952
21
0.1263850787401575
0
LINE
8
BLACK
6
CONTINUOUS
10
-0.2592238976377952
20
0.1263850787401575
11
-0.2586478346456693
21
0.1263283464566929
0
LINE
8
BLACK
6
CONTINUOUS
10
-0.2586478346456693
20
0.1263283464566929
11
-0.2575834251968504
21
0.1258874409448819
0
LINE
8
BLACK
6
CONTINUOUS
10
-0.2575834251968504
20
0.1258874409448819
11
-0.2567687795275591
21
0.1250727952755905
0
LINE
8
BLACK
6
CONTINUOUS
10
-0.2567687795275591
20
0.1250727952755905
11
-0.256327874015748
21
0.1240083858267716
0
LINE
8
BLACK
6
CONTINUOUS
10
-0.256327874015748
20
0.1240083858267716
11
-0.256327874015748
21
0.1228562598425197
0
LINE
8
BLACK
6
CONTINUOUS
10
-0.256327874015748
20
0.1228562598425197
11
-0.2567687795275591
21
0.1217918503937008
0
LINE
8
BLACK
6
CONTINUOUS
10
-0.2567687795275591
20
0.1217918503937008
11
-0.2575834251968504
21
0.1209772047244094
0
LINE
8
BLACK
6
CONTINUOUS
10
-0.2575834251968504
20
0.1209772047244094
11
-0.2586478346456693
21
0.1205362992125984
0
LINE
8
BLACK
6
CONTINUOUS
10
-0.2586478346456693
20
0.1205362992125984
11
-0.2592238976377952
21
0.1204795669291338
0
LINE
8
BLACK
6
CONTINUOUS
10
-0.2592238976377952
20
0.1204795669291338
11
-0.281721062992126
21
0.1204795669291338
0
LINE
8
BLACK
6
CONTINUOUS
10
-0.281721062992126
20
0.1204795669291338
11
-0.2822971259842519
21
0.1205362992125984
0
LINE
8
BLACK
6
CONTINUOUS
10
-0.2822971259842519
20
0.1205362992125984
11
-0.2833615354330709
21
0.1209772047244094
0
LINE
8
BLACK
6
CONTINUOUS
10
-0.2833615354330709
20
0.1209772047244094
11
-0.2841761811023622
21
0.1217918503937008
0
LINE
8
BLACK
6
CONTINUOUS
10
-0.2841761811023622
20
0.1217918503937008
11
-0.2846170866141732
21
0.1228562598425197
0
LINE
8
BLACK
6
CONTINUOUS
10
-0.2846170866141732
20
0.1228562598425197
11
-0.2846170866141732
21
0.1240083858267716
0
LINE
8
BLACK
6
CONTINUOUS
10
-0.2846170866141732
20
0.1240083858267716
11
-0.2841761811023622
21
0.1250727952755905
0
LINE
8
BLACK
6
CONTINUOUS
10
-0.2841761811023622
20
0.1250727952755905
11
-0.2833615354330709
21
0.1258874409448819
0
LINE
8
BLACK
6
CONTINUOUS
10
-0.2833615354330709
20
0.1258874409448819
11
-0.2822971259842519
21
0.1263283464566929
0
LINE
8
BLACK
6
CONTINUOUS
10
-0.2822971259842519
20
0.1263283464566929
11
-0.281721062992126
21
0.1263850787401575
0
LINE
8
BLACK
6
CONTINUOUS
10
-0.281721062992126
20
0.1263850787401575
11
-0.2734252362204724
21
0.1263850787401575
0
LINE
8
BLACK
6
CONTINUOUS
10
-0.2734252362204724
20
0.1263850787401575
11
-0.2734252362204724
21
0.1628024015748031
0
LINE
8
BLACK
6
CONTINUOUS
10
-0.2734252362204724
20
0.1628024015748031
11
-0.2734250393700787
21
0.1628044881889764
0
LINE
8
BLACK
6
CONTINUOUS
10
-0.2734250393700787
20
0.1628044881889764
11
-0.2734252362204724
21
0.1628055118110236
0
LINE
8
BLACK
6
CONTINUOUS
10
-0.2734252362204724
20
0.1628055118110236
11
-0.2734246456692913
21
0.1628085433070866
0
LINE
8
BLACK
6
CONTINUOUS
10
-0.2734246456692913
20
0.1628085433070866
11
-0.2733685039370078
21
0.1633784645669291
0
LINE
8
BLACK
6
CONTINUOUS
10
-0.2733685039370078
20
0.1633784645669291
11
-0.2732566535433071
21
0.1636485826771653
0
LINE
8
BLACK
6
CONTINUOUS
10
-0.2732566535433071
20
0.1636485826771653
11
-0.2731992913385827
21
0.1639351968503937
0
LINE
8
BLACK
6
CONTINUOUS
10
-0.2731992913385827
20
0.1639351968503937
11
-0.2730383464566929
21
0.1641755905511811
0
LINE
8
BLACK
6
CONTINUOUS
10
-0.2730383464566929
20
0.1641755905511811
11
-0.2729275984251969
21
0.164442874015748
0
LINE
8
BLACK
6
CONTINUOUS
10
-0.2729275984251969
20
0.164442874015748
11
-0.272720905511811
21
0.1646496062992126
0
LINE
8
BLACK
6
CONTINUOUS
10
-0.272720905511811
20
0.1646496062992126
11
-0.2725582283464567
21
0.1648924803149606
0
LINE
8
BLACK
6
CONTINUOUS
10
-0.2725582283464567
20
0.1648924803149606
11
-0.2723175196850394
21
0.1650529921259843
0
LINE
8
BLACK
6
CONTINUOUS
10
-0.2723175196850394
20
0.1650529921259843
11
-0.2721129527559055
21
0.1652575196850394
0
LINE
8
BLACK
6
CONTINUOUS
10
-0.2721129527559055
20
0.1652575196850394
11
-0.271842874015748
21
0.1653694094488189
0
LINE
8
BLACK
6
CONTINUOUS
10
-0.271842874015748
20
0.1653694094488189
11
-0.2715996062992126
21
0.1655315748031496
0
LINE
8
BLACK
6
CONTINUOUS
10
-0.2715996062992126
20
0.1655315748031496
11
-0.2713158267716536
21
0.1655877165354331
0
LINE
8
BLACK
6
CONTINUOUS
10
-0.2713158267716536
20
0.1655877165354331
11
-0.2710485433070866
21
0.1656984251968504
0
LINE
8
BLACK
6
CONTINUOUS
10
-0.2710485433070866
20
0.1656984251968504
11
-0.2707561417322835
21
0.1656984251968504
0
LINE
8
BLACK
6
CONTINUOUS
10
-0.2707561417322835
20
0.1656984251968504
11
-0.2704693700787402
21
0.165755157480315
0
LINE
8
BLACK
6
CONTINUOUS
10
-0.2704693700787402
20
0.165755157480315
11
-0.2701857086614173
21
0.1656984251968504
0
LINE
8
BLACK
6
CONTINUOUS
10
0.1023570472440945
20
0.1656984251968504
11
0.1024550393700787
21
0.1656578346456693
0
LINE
8
BLACK
6
CONTINUOUS
10
0.1024550393700787
20
0.1656578346456693
11
0.1025608661417323
21
0.1656503149606299
0
LINE
8
BLACK
6
CONTINUOUS
10
0.1025608661417323
20
0.1656503149606299
11
0.1031014960629921
21
0.1654434251968504
0
LINE
8
BLACK
6
CONTINUOUS
10
0.1031014960629921
20
0.1654434251968504
11
0.1068510236220472
21
0.1635686614173228
0
LINE
8
BLACK
6
CONTINUOUS
10
0.1068510236220472
20
0.1635686614173228
11
0.1070990157480315
21
0.1634125984251968
0
LINE
8
BLACK
6
CONTINUOUS
10
0.1070990157480315
20
0.1634125984251968
11
0.1071709842519685
21
0.1633827559055118
0
LINE
8
BLACK
6
CONTINUOUS
10
0.1071709842519685
20
0.1633827559055118
11
0.1072519291338583
21
0.1633162992125984
0
LINE
8
BLACK
6
CONTINUOUS
10
0.1072519291338583
20
0.1633162992125984
11
0.107340905511811
21
0.1632603149606299
0
LINE
8
BLACK
6
CONTINUOUS
10
0.107340905511811
20
0.1632603149606299
11
0.1073920472440945
21
0.1632013385826772
0
LINE
8
BLACK
6
CONTINUOUS
10
0.1073920472440945
20
0.1632013385826772
11
0.1076184251968504
21
0.1630155511811024
0
LINE
8
BLACK
6
CONTINUOUS
10
0.1076184251968504
20
0.1630155511811024
11
0.109493188976378
21
0.1611407874015748
0
LINE
8
BLACK
6
CONTINUOUS
10
0.109493188976378
20
0.1611407874015748
11
0.109678937007874
21
0.1609144488188976
0
LINE
8
BLACK
6
CONTINUOUS
10
0.109678937007874
20
0.1609144488188976
11
0.1097379527559055
21
0.1608632677165354
0
LINE
8
BLACK
6
CONTINUOUS
10
0.1097379527559055
20
0.1608632677165354
11
0.1097938976377953
21
0.1607743307086614
0
LINE
8
BLACK
6
CONTINUOUS
10
0.1097938976377953
20
0.1607743307086614
11
0.1098603937007874
21
0.1606933464566929
0
LINE
8
BLACK
6
CONTINUOUS
10
0.1098603937007874
20
0.1606933464566929
11
0.1098901968503937
21
0.1606214173228346
0
LINE
8
BLACK
6
CONTINUOUS
10
0.1098901968503937
20
0.1606214173228346
11
0.1100462992125984
21
0.1603733858267717
0
LINE
8
BLACK
6
CONTINUOUS
10
0.1100462992125984
20
0.1603733858267717
11
0.111921062992126
21
0.1566238582677165
0
LINE
8
BLACK
6
CONTINUOUS
10
0.111921062992126
20
0.1566238582677165
11
0.1121279527559055
21
0.1560832677165354
0
LINE
8
BLACK
6
CONTINUOUS
10
0.1121279527559055
20
0.1560832677165354
11
0.1121354724409449
21
0.1559774015748031
0
LINE
8
BLACK
6
CONTINUOUS
10
0.1121354724409449
20
0.1559774015748031
11
0.112176062992126
21
0.1558794094488189
0
LINE
8
BLACK
6
CONTINUOUS
10
0.112176062992126
20
0.1558794094488189
11
0.1122327952755905
21
0.1553033464566929
0
LINE
8
BLACK
6
CONTINUOUS
10
0.1122327952755905
20
0.1553033464566929
11
0.1122327952755905
21
0.1534285826771654
0
LINE
8
BLACK
6
CONTINUOUS
10
0.1122327952755905
20
0.1534285826771654
11
0.112176062992126
21
0.1528525196850394
0
LINE
8
BLACK
6
CONTINUOUS
10
0.112176062992126
20
0.1528525196850394
11
0.1121354724409449
21
0.1527545669291339
0
LINE
8
BLACK
6
CONTINUOUS
10
0.1121354724409449
20
0.1527545669291339
11
0.1121279527559055
21
0.1526486614173228
0
LINE
8
BLACK
6
CONTINUOUS
10
0.1121279527559055
20
0.1526486614173228
11
0.111921062992126
21
0.1521080708661417
0
LINE
8
BLACK
6
CONTINUOUS
10
0.111921062992126
20
0.1521080708661417
11
0.1100462992125984
21
0.1483585433070866
0
LINE
8
BLACK
6
CONTINUOUS
10
0.1100462992125984
20
0.1483585433070866
11
0.1098901968503937
21
0.1481105511811024
0
LINE
8
BLACK
6
CONTINUOUS
10
0.1098901968503937
20
0.1481105511811024
11
0.1098603937007874
21
0.1480385826771654
0
LINE
8
BLACK
6
CONTINUOUS
10
0.1098603937007874
20
0.1480385826771654
11
0.1097938976377953
21
0.1479576377952756
0
LINE
8
BLACK
6
CONTINUOUS
10
0.1097938976377953
20
0.1479576377952756
11
0.1097379527559055
21
0.1478686614173228
0
LINE
8
BLACK
6
CONTINUOUS
10
0.1097379527559055
20
0.1478686614173228
11
0.109678937007874
21
0.1478175196850394
0
LINE
8
BLACK
6
CONTINUOUS
10
0.109678937007874
20
0.1478175196850394
11
0.109493188976378
21
0.1475911417322835
0
LINE
8
BLACK
6
CONTINUOUS
10
0.109493188976378
20
0.1475911417322835
11
0.1078315748031496
21
0.1459295275590551
0
LINE
8
BLACK
6
CONTINUOUS
10
0.1078315748031496
20
0.1459295275590551
11
0.109493188976378
21
0.1442679133858268
0
LINE
8
BLACK
6
CONTINUOUS
10
0.109493188976378
20
0.1442679133858268
11
0.109678937007874
21
0.1440415748031496
0
LINE
8
BLACK
6
CONTINUOUS
10
0.109678937007874
20
0.1440415748031496
11
0.1097379527559055
21
0.1439903937007874
0
LINE
8
BLACK
6
CONTINUOUS
10
0.1097379527559055
20
0.1439903937007874
11
0.1097938976377953
21
0.1439014566929134
0
LINE
8
BLACK
6
CONTINUOUS
10
0.1097938976377953
20
0.1439014566929134
11
0.1098603937007874
21
0.1438204724409449
0
LINE
8
BLACK
6
CONTINUOUS
10
0.1098603937007874
20
0.1438204724409449
11
0.1098901968503937
21
0.1437485433070866
0
LINE
8
BLACK
6
CONTINUOUS
10
0.1098901968503937
20
0.1437485433070866
11
0.1100462992125984
21
0.1435005118110236
0
LINE
8
BLACK
6
CONTINUOUS
10
0.1100462992125984
20
0.1435005118110236
11
0.111921062992126
21
0.1397509842519685
0
LINE
8
BLACK
6
CONTINUOUS
10
0.111921062992126
20
0.1397509842519685
11
0.1121279527559055
21
0.1392103937007874
0
LINE
8
BLACK
6
CONTINUOUS
10
0.1121279527559055
20
0.1392103937007874
11
0.1121354724409449
21
0.1391045275590551
0
LINE
8
BLACK
6
CONTINUOUS
10
0.1121354724409449
20
0.1391045275590551
11
0.112176062992126
21
0.1390065354330709
0
LINE
8
BLACK
6
CONTINUOUS
10
0.112176062992126
20
0.1390065354330709
11
0.1122327952755905
21
0.1384304724409449
0
LINE
8
BLACK
6
CONTINUOUS
10
0.1122327952755905
20
0.1384304724409449
11
0.1122327952755905
21
0.1309314173228346
0
LINE
8
BLACK
6
CONTINUOUS
10
0.1122327952755905
20
0.1309314173228346
11
0.112176062992126
21
0.1303553543307087
0
LINE
8
BLACK
6
CONTINUOUS
10
0.112176062992126
20
0.1303553543307087
11
0.1121354724409449
21
0.1302574015748031
0
LINE
8
BLACK
6
CONTINUOUS
10
0.1121354724409449
20
0.1302574015748031
11
0.1121279527559055
21
0.1301514960629921
0
LINE
8
BLACK
6
CONTINUOUS
10
0.1121279527559055
20
0.1301514960629921
11
0.111921062992126
21
0.129610905511811
0
LINE
8
BLACK
6
CONTINUOUS
10
0.111921062992126
20
0.129610905511811
11
0.1100462992125984
21
0.1258613779527559
0
LINE
8
BLACK
6
CONTINUOUS
10
0.1100462992125984
20
0.1258613779527559
11
0.1098902362204724
21
0.1256135039370079
0
LINE
8
BLACK
6
CONTINUOUS
10
0.1098902362204724
20
0.1256135039370079
11
0.1098604330708661
21
0.1255414566929134
0
LINE
8
BLACK
6
CONTINUOUS
10
0.1098604330708661
20
0.1255414566929134
11
0.1097938976377953
21
0.1254604330708661
0
LINE
8
BLACK
6
CONTINUOUS
10
0.1097938976377953
20
0.1254604330708661
11
0.1097379527559055
21
0.1253714960629921
0
LINE
8
BLACK
6
CONTINUOUS
10
0.1097379527559055
20
0.1253714960629921
11
0.109678937007874
21
0.1253203543307086
0
LINE
8
BLACK
6
CONTINUOUS
10
0.109678937007874
20
0.1253203543307086
11
0.109493188976378
21
0.1250939763779527
0
LINE
8
BLACK
6
CONTINUOUS
10
0.109493188976378
20
0.1250939763779527
11
0.1076184645669291
21
0.1232192125984252
0
LINE
8
BLACK
6
CONTINUOUS
10
0.1076184645669291
20
0.1232192125984252
11
0.1073920866141732
21
0.1230334645669291
0
LINE
8
BLACK
6
CONTINUOUS
10
0.1073920866141732
20
0.1230334645669291
11
0.107340905511811
21
0.1229744094488189
0
LINE
8
BLACK
6
CONTINUOUS
10
0.107340905511811
20
0.1229744094488189
11
0.1072519291338583
21
0.1229184251968504
0
LINE
8
BLACK
6
CONTINUOUS
10
0.1072519291338583
20
0.1229184251968504
11
0.1071709842519685
21
0.122851968503937
0
LINE
8
BLACK
6
CONTINUOUS
10
0.1071709842519685
20
0.122851968503937
11
0.1070990157480315
21
0.1228221653543307
0
LINE
8
BLACK
6
CONTINUOUS
10
0.1070990157480315
20
0.1228221653543307
11
0.1068510236220472
21
0.122666062992126
0
LINE
8
BLACK
6
CONTINUOUS
10
0.1068510236220472
20
0.122666062992126
11
0.1031014960629921
21
0.1207912992125984
0
LINE
8
BLACK
6
CONTINUOUS
10
0.1031014960629921
20
0.1207912992125984
11
0.1025608661417323
21
0.1205844094488189
0
LINE
8
BLACK
6
CONTINUOUS
10
0.1025608661417323
20
0.1205844094488189
11
0.1024550393700787
21
0.1205769291338583
0
LINE
8
BLACK
6
CONTINUOUS
10
0.1024550393700787
20
0.1205769291338583
11
0.1023570472440945
21
0.1205362992125984
0
LINE
8
BLACK
6
CONTINUOUS
10
0.1023570472440945
20
0.1205362992125984
11
0.1017809842519685
21
0.1204795669291338
0
LINE
8
BLACK
6
CONTINUOUS
10
0.1017809842519685
20
0.1204795669291338
11
0.0942819291338583
21
0.1204795669291338
0
LINE
8
BLACK
6
CONTINUOUS
10
0.0942819291338583
20
0.1204795669291338
11
0.0937058661417323
21
0.1205362992125984
0
LINE
8
BLACK
6
CONTINUOUS
10
0.0937058661417323
20
0.1205362992125984
11
0.093607874015748
21
0.1205768897637795
0
LINE
8
BLACK
6
CONTINUOUS
10
0.093607874015748
20
0.1205768897637795
11
0.0935020078740157
21
0.1205844094488189
0
LINE
8
BLACK
6
CONTINUOUS
10
0.0935020078740157
20
0.1205844094488189
11
0.0929614173228346
21
0.1207912992125984
0
LINE
8
BLACK
6
CONTINUOUS
10
0.0929614173228346
20
0.1207912992125984
11
0.0892118897637795
21
0.122666062992126
0
LINE
8
BLACK
6
CONTINUOUS
10
0.0892118897637795
20
0.122666062992126
11
0.0889638582677165
21
0.1228221653543307
0
LINE
8
BLACK
6
CONTINUOUS
10
0.0889638582677165
20
0.1228221653543307
11
0.0888919291338583
21
0.122851968503937
0
LINE
8
BLACK
6
CONTINUOUS
10
0.0888919291338583
20
0.122851968503937
11
0.0888109448818898
21
0.1229184251968504
0
LINE
8
BLACK
6
CONTINUOUS
10
0.0888109448818898
20
0.1229184251968504
11
0.0887220078740157
21
0.1229744094488189
0
LINE
8
BLACK
6
CONTINUOUS
10
0.0887220078740157
20
0.1229744094488189
11
0.0886707874015748
21
0.1230334645669291
0
LINE
8
BLACK
6
CONTINUOUS
10
0.0886707874015748
20
0.1230334645669291
11
0.0884444488188976
21
0.1232192125984252
0
LINE
8
BLACK
6
CONTINUOUS
10
0.0884444488188976
20
0.1232192125984252
11
0.0865696850393701
21
0.1250940157480315
0
LINE
8
BLACK
6
CONTINUOUS
10
0.0865696850393701
20
0.1250940157480315
11
0.086383937007874
21
0.1253203543307086
0
LINE
8
BLACK
6
CONTINUOUS
10
0.086383937007874
20
0.1253203543307086
11
0.0863249606299213
21
0.1253714960629921
0
LINE
8
BLACK
6
CONTINUOUS
10
0.0863249606299213
20
0.1253714960629921
11
0.0862689763779527
21
0.1254604330708661
0
LINE
8
BLACK
6
CONTINUOUS
10
0.0862689763779527
20
0.1254604330708661
11
0.0862024803149606
21
0.1255414566929134
0
LINE
8
BLACK
6
CONTINUOUS
10
0.0862024803149606
20
0.1255414566929134
11
0.0861726377952756
21
0.1256135039370079
0
LINE
8
BLACK
6
CONTINUOUS
10
0.0861726377952756
20
0.1256135039370079
11
0.0860166141732283
21
0.1258613779527559
0
LINE
8
BLACK
6
CONTINUOUS
10
0.0860166141732283
20
0.1258613779527559
11
0.0841418503937008
21
0.129610905511811
0
LINE
8
BLACK
6
CONTINUOUS
10
0.0841418503937008
20
0.129610905511811
11
0.0839349606299213
21
0.1301515354330709
0
LINE
8
BLACK
6
CONTINUOUS
10
0.0839349606299213
20
0.1301515354330709
11
0.0839274409448819
21
0.1302573622047244
0
LINE
8
BLACK
6
CONTINUOUS
10
0.0839274409448819
20
0.1302573622047244
11
0.0838868503937008
21
0.1303553543307087
0
LINE
8
BLACK
6
CONTINUOUS
10
0.0838868503937008
20
0.1303553543307087
11
0.0838301181102362
21
0.1309314173228346
0
LINE
8
BLACK
6
CONTINUOUS
10
0.0838301181102362
20
0.1309314173228346
11
0.0838301181102362
21
0.1384304724409449
0
LINE
8
BLACK
6
CONTINUOUS
10
0.0838301181102362
20
0.1384304724409449
11
0.0838868503937008
21
0.1390065354330709
0
LINE
8
BLACK
6
CONTINUOUS
10
0.0838868503937008
20
0.1390065354330709
11
0.0839274409448819
21
0.1391045669291339
0
LINE
8
BLACK
6
CONTINUOUS
10
0.0839274409448819
20
0.1391045669291339
11
0.0839349606299213
21
0.1392103543307087
0
LINE
8
BLACK
6
CONTINUOUS
10
0.0839349606299213
20
0.1392103543307087
11
0.0841418503937008
21
0.1397509842519685
0
LINE
8
BLACK
6
CONTINUOUS
10
0.0841418503937008
20
0.1397509842519685
11
0.0860166141732283
21
0.1435005118110236
0
LINE
8
BLACK
6
CONTINUOUS
10
0.0860166141732283
20
0.1435005118110236
11
0.0861726771653543
21
0.1437485433070866
0
LINE
8
BLACK
6
CONTINUOUS
10
0.0861726771653543
20
0.1437485433070866
11
0.0862025196850394
21
0.1438204724409449
0
LINE
8
BLACK
6
CONTINUOUS
10
0.0862025196850394
20
0.1438204724409449
11
0.0862689763779527
21
0.1439014566929134
0
LINE
8
BLACK
6
CONTINUOUS
10
0.0862689763779527
20
0.1439014566929134
11
0.0863249606299213
21
0.1439903937007874
0
LINE
8
BLACK
6
CONTINUOUS
10
0.0863249606299213
20
0.1439903937007874
11
0.086383937007874
21
0.1440415748031496
0
LINE
8
BLACK
6
CONTINUOUS
10
0.086383937007874
20
0.1440415748031496
11
0.0865697244094488
21
0.1442679133858268
0
LINE
8
BLACK
6
CONTINUOUS
10
0.0865697244094488
20
0.1442679133858268
11
0.0882313385826772
21
0.1459295275590551
0
LINE
8
BLACK
6
CONTINUOUS
10
0.0882313385826772
20
0.1459295275590551
11
0.0865697244094488
21
0.1475911417322835
0
LINE
8
BLACK
6
CONTINUOUS
10
0.0865697244094488
20
0.1475911417322835
11
0.086383937007874
21
0.1478175196850394
0
LINE
8
BLACK
6
CONTINUOUS
10
0.086383937007874
20
0.1478175196850394
11
0.0863249606299213
21
0.1478686614173228
0
LINE
8
BLACK
6
CONTINUOUS
10
0.0863249606299213
20
0.1478686614173228
11
0.0862689763779527
21
0.1479576377952756
0
LINE
8
BLACK
6
CONTINUOUS
10
0.0862689763779527
20
0.1479576377952756
11
0.0862025196850394
21
0.1480385826771654
0
LINE
8
BLACK
6
CONTINUOUS
10
0.0862025196850394
20
0.1480385826771654
11
0.0861726771653543
21
0.1481105511811024
0
LINE
8
BLACK
6
CONTINUOUS
10
0.0861726771653543
20
0.1481105511811024
11
0.0860166141732283
21
0.1483585433070866
0
LINE
8
BLACK
6
CONTINUOUS
10
0.0860166141732283
20
0.1483585433070866
11
0.0841418503937008
21
0.1521080708661417
0
LINE
8
BLACK
6
CONTINUOUS
10
0.0841418503937008
20
0.1521080708661417
11
0.0839349606299213
21
0.1526487007874016
0
LINE
8
BLACK
6
CONTINUOUS
10
0.0839349606299213
20
0.1526487007874016
11
0.0839274409448819
21
0.1527545275590551
0
LINE
8
BLACK
6
CONTINUOUS
10
0.0839274409448819
20
0.1527545275590551
11
0.0838868503937008
21
0.1528525196850394
0
LINE
8
BLACK
6
CONTINUOUS
10
0.0838868503937008
20
0.1528525196850394
11
0.0838301181102362
21
0.1534285826771654
0
LINE
8
BLACK
6
CONTINUOUS
10
0.0838301181102362
20
0.1534285826771654
11
0.0838301181102362
21
0.1553033464566929
0
LINE
8
BLACK
6
CONTINUOUS
10
0.0838301181102362
20
0.1553033464566929
11
0.0838868503937008
21
0.1558794094488189
0
LINE
8
BLACK
6
CONTINUOUS
10
0.0838868503937008
20
0.1558794094488189
11
0.0839274409448819
21
0.1559774409448819
0
LINE
8
BLACK
6
CONTINUOUS
10
0.0839274409448819
20
0.1559774409448819
11
0.0839349606299213
21
0.1560832283464567
0
LINE
8
BLACK
6
CONTINUOUS
10
0.0839349606299213
20
0.1560832283464567
11
0.0841418503937008
21
0.1566238582677165
0
LINE
8
BLACK
6
CONTINUOUS
10
0.0841418503937008
20
0.1566238582677165
11
0.0860166141732283
21
0.1603733858267717
0
LINE
8
BLACK
6
CONTINUOUS
10
0.0860166141732283
20
0.1603733858267717
11
0.0861726771653543
21
0.1606214173228346
0
LINE
8
BLACK
6
CONTINUOUS
10
0.0861726771653543
20
0.1606214173228346
11
0.0862025196850394
21
0.1606933464566929
0
LINE
8
BLACK
6
CONTINUOUS
10
0.0862025196850394
20
0.1606933464566929
11
0.0862689763779527
21
0.1607743307086614
0
LINE
8
BLACK
6
CONTINUOUS
10
0.0862689763779527
20
0.1607743307086614
11
0.0863249606299213
21
0.1608632677165354
0
LINE
8
BLACK
6
CONTINUOUS
10
0.0863249606299213
20
0.1608632677165354
11
0.086383937007874
21
0.1609144488188976
0
LINE
8
BLACK
6
CONTINUOUS
10
0.086383937007874
20
0.1609144488188976
11
0.0865697244094488
21
0.1611407874015748
0
LINE
8
BLACK
6
CONTINUOUS
10
0.0865697244094488
20
0.1611407874015748
11
0.0884444881889764
21
0.1630155511811024
0
LINE
8
BLACK
6
CONTINUOUS
10
0.0884444881889764
20
0.1630155511811024
11
0.0886708267716535
21
0.1632013385826772
0
LINE
8
BLACK
6
CONTINUOUS
10
0.0886708267716535
20
0.1632013385826772
11
0.0887220078740157
21
0.1632603149606299
0
LINE
8
BLACK
6
CONTINUOUS
10
0.0887220078740157
20
0.1632603149606299
11
0.0888109448818898
21
0.1633162992125984
0
LINE
8
BLACK
6
CONTINUOUS
10
0.0888109448818898
20
0.1633162992125984
11
0.0888919291338583
21
0.1633827559055118
0
LINE
8
BLACK
6
CONTINUOUS
10
0.0888919291338583
20
0.1633827559055118
11
0.0889638582677165
21
0.1634125984251968
0
LINE
8
BLACK
6
CONTINUOUS
10
0.0889638582677165
20
0.1634125984251968
11
0.0892118897637795
21
0.1635686614173228
0
LINE
8
BLACK
6
CONTINUOUS
10
0.0892118897637795
20
0.1635686614173228
11
0.0929614173228346
21
0.1654434251968504
0
LINE
8
BLACK
6
CONTINUOUS
10
0.0929614173228346
20
0.1654434251968504
11
0.0935020078740157
21
0.1656503149606299
0
LINE
8
BLACK
6
CONTINUOUS
10
0.0935020078740157
20
0.1656503149606299
11
0.093607874015748
21
0.165657874015748
0
LINE
8
BLACK
6
CONTINUOUS
10
0.093607874015748
20
0.165657874015748
11
0.0937058661417323
21
0.1656984251968504
0
LINE
8
BLACK
6
CONTINUOUS
10
0.0937058661417323
20
0.1656984251968504
11
0.0942819291338583
21
0.165755157480315
0
LINE
8
BLACK
6
CONTINUOUS
10
0.0942819291338583
20
0.165755157480315
11
0.1017809842519685
21
0.165755157480315
0
LINE
8
BLACK
6
CONTINUOUS
10
0.1017809842519685
20
0.165755157480315
11
0.1023570472440945
21
0.1656984251968504
0
LINE
8
BLACK
6
CONTINUOUS
10
0.0922814960629921
20
0.141628031496063
11
0.0910843700787402
21
0.140430905511811
0
LINE
8
BLACK
6
CONTINUOUS
10
0.0910843700787402
20
0.140430905511811
11
0.0897356299212598
21
0.1377334251968504
0
LINE
8
BLACK
6
CONTINUOUS
10
0.0897356299212598
20
0.1377334251968504
11
0.0897356299212598
21
0.1316284645669291
0
LINE
8
BLACK
6
CONTINUOUS
10
0.0897356299212598
20
0.1316284645669291
11
0.0910843700787402
21
0.1289309842519685
0
LINE
8
BLACK
6
CONTINUOUS
10
0.0910843700787402
20
0.1289309842519685
11
0.0922814960629921
21
0.1277338188976378
0
LINE
8
BLACK
6
CONTINUOUS
10
0.0922814960629921
20
0.1277338188976378
11
0.0949789763779528
21
0.1263850787401575
0
LINE
8
BLACK
6
CONTINUOUS
10
0.0949789763779528
20
0.1263850787401575
11
0.101083937007874
21
0.1263850787401575
0
LINE
8
BLACK
6
CONTINUOUS
10
0.101083937007874
20
0.1263850787401575
11
0.1037813779527559
21
0.1277338188976378
0
LINE
8
BLACK
6
CONTINUOUS
10
0.1037813779527559
20
0.1277338188976378
11
0.1049785039370079
21
0.1289309842519685
0
LINE
8
BLACK
6
CONTINUOUS
10
0.1049785039370079
20
0.1289309842519685
11
0.1063272834645669
21
0.1316284645669291
0
LINE
8
BLACK
6
CONTINUOUS
10
0.1063272834645669
20
0.1316284645669291
11
0.1063272834645669
21
0.1377334251968504
0
LINE
8
BLACK
6
CONTINUOUS
10
0.1063272834645669
20
0.1377334251968504
11
0.1049785433070866
21
0.140430905511811
0
LINE
8
BLACK
6
CONTINUOUS
10
0.1049785433070866
20
0.140430905511811
11
0.1037814173228346
21
0.141628031496063
0
LINE
8
BLACK
6
CONTINUOUS
10
0.1037814173228346
20
0.141628031496063
11
0.101083937007874
21
0.1429767716535433
0
LINE
8
BLACK
6
CONTINUOUS
10
0.101083937007874
20
0.1429767716535433
11
0.0949789763779528
21
0.1429767716535433
0
LINE
8
BLACK
6
CONTINUOUS
10
0.0949789763779528
20
0.1429767716535433
11
0.0922814960629921
21
0.141628031496063
0
LINE
8
BLACK
6
CONTINUOUS
10
0.0922814960629921
20
0.158500905511811
11
0.0910843700787402
21
0.1573037795275591
0
LINE
8
BLACK
6
CONTINUOUS
10
0.0910843700787402
20
0.1573037795275591
11
0.0897356299212598
21
0.1546062992125984
0
LINE
8
BLACK
6
CONTINUOUS
10
0.0897356299212598
20
0.1546062992125984
11
0.0897356299212598
21
0.1541256299212598
0
LINE
8
BLACK
6
CONTINUOUS
10
0.0897356299212598
20
0.1541256299212598
11
0.0910843700787402
21
0.1514281496062992
0
LINE
8
BLACK
6
CONTINUOUS
10
0.0910843700787402
20
0.1514281496062992
11
0.0922814960629921
21
0.1502310236220472
0
LINE
8
BLACK
6
CONTINUOUS
10
0.0922814960629921
20
0.1502310236220472
11
0.0949789763779528
21
0.1488822834645669
0
LINE
8
BLACK
6
CONTINUOUS
10
0.0949789763779528
20
0.1488822834645669
11
0.101083937007874
21
0.1488822834645669
0
LINE
8
BLACK
6
CONTINUOUS
10
0.101083937007874
20
0.1488822834645669
11
0.1037814173228346
21
0.1502310236220472
0
LINE
8
BLACK
6
CONTINUOUS
10
0.1037814173228346
20
0.1502310236220472
11
0.1049785433070866
21
0.1514281496062992
0
LINE
8
BLACK
6
CONTINUOUS
10
0.1049785433070866
20
0.1514281496062992
11
0.1063272834645669
21
0.1541256299212598
0
LINE
8
BLACK
6
CONTINUOUS
10
0.1063272834645669
20
0.1541256299212598
11
0.1063272834645669
21
0.1546062992125984
0
LINE
8
BLACK
6
CONTINUOUS
10
0.1063272834645669
20
0.1546062992125984
11
0.1049785433070866
21
0.1573037795275591
0
LINE
8
BLACK
6
CONTINUOUS
10
0.1049785433070866
20
0.1573037795275591
11
0.1037814173228346
21
0.158500905511811
0
LINE
8
BLACK
6
CONTINUOUS
10
0.1037814173228346
20
0.158500905511811
11
0.101083937007874
21
0.1598496456692913
0
LINE
8
BLACK
6
CONTINUOUS
10
0.101083937007874
20
0.1598496456692913
11
0.0949789763779528
21
0.1598496456692913
0
LINE
8
BLACK
6
CONTINUOUS
10
0.0949789763779528
20
0.1598496456692913
11
0.0922814960629921
21
0.158500905511811
0
LINE
8
BLACK
6
CONTINUOUS
10
0.1358183070866142
20
0.1657264566929134
11
0.135896062992126
21
0.165731968503937
0
LINE
8
BLACK
6
CONTINUOUS
10
0.135896062992126
20
0.165731968503937
11
0.1359983070866142
21
0.1657087401574803
0
LINE
8
BLACK
6
CONTINUOUS
10
0.1359983070866142
20
0.1657087401574803
11
0.1361028346456693
21
0.1656984251968504
0
LINE
8
BLACK
6
CONTINUOUS
10
0.1361028346456693
20
0.1656984251968504
11
0.1361749212598425
21
0.1656685826771654
0
LINE
8
BLACK
6
CONTINUOUS
10
0.1361749212598425
20
0.1656685826771654
11
0.1364605118110236
21
0.1656036220472441
0
LINE
8
BLACK
6
CONTINUOUS
10
0.1364605118110236
20
0.1656036220472441
11
0.1420848031496063
21
0.1637288582677165
0
LINE
8
BLACK
6
CONTINUOUS
10
0.1420848031496063
20
0.1637288582677165
11
0.1426133464566929
21
0.163492874015748
0
LINE
8
BLACK
6
CONTINUOUS
10
0.1426133464566929
20
0.163492874015748
11
0.1426934645669291
21
0.1634233858267717
0
LINE
8
BLACK
6
CONTINUOUS
10
0.1426934645669291
20
0.1634233858267717
11
0.1427915354330709
21
0.1633827559055118
0
LINE
8
BLACK
6
CONTINUOUS
10
0.1427915354330709
20
0.1633827559055118
11
0.1432389763779527
21
0.1630155511811024
0
LINE
8
BLACK
6
CONTINUOUS
10
0.1432389763779527
20
0.1630155511811024
11
0.1469885039370079
21
0.1592660236220473
0
LINE
8
BLACK
6
CONTINUOUS
10
0.1469885039370079
20
0.1592660236220473
11
0.1471743307086614
21
0.1590396456692913
0
LINE
8
BLACK
6
CONTINUOUS
10
0.1471743307086614
20
0.1590396456692913
11
0.1472332677165354
21
0.1589885039370079
0
LINE
8
BLACK
6
CONTINUOUS
10
0.1472332677165354
20
0.1589885039370079
11
0.1472891338582677
21
0.1588997637795276
0
LINE
8
BLACK
6
CONTINUOUS
10
0.1472891338582677
20
0.1588997637795276
11
0.1473557480314961
21
0.1588185826771653
0
LINE
8
BLACK
6
CONTINUOUS
10
0.1473557480314961
20
0.1588185826771653
11
0.1473855905511811
21
0.1587464566929134
0
LINE
8
BLACK
6
CONTINUOUS
10
0.1473855905511811
20
0.1587464566929134
11
0.1475416141732283
21
0.1584986220472441
0
LINE
8
BLACK
6
CONTINUOUS
10
0.1475416141732283
20
0.1584986220472441
11
0.1494163779527559
21
0.154749094488189
0
LINE
8
BLACK
6
CONTINUOUS
10
0.1494163779527559
20
0.154749094488189
11
0.1494324803149606
21
0.1547070078740158
0
LINE
8
BLACK
6
CONTINUOUS
10
0.1494324803149606
20
0.1547070078740158
11
0.1494451968503937
21
0.154689842519685
0
LINE
8
BLACK
6
CONTINUOUS
10
0.1494451968503937
20
0.154689842519685
11
0.1495314960629921
21
0.1544482677165354
0
LINE
8
BLACK
6
CONTINUOUS
10
0.1495314960629921
20
0.1544482677165354
11
0.1496232677165354
21
0.1542085039370079
0
LINE
8
BLACK
6
CONTINUOUS
10
0.1496232677165354
20
0.1542085039370079
11
0.1496247637795275
21
0.1541872440944882
0
LINE
8
BLACK
6
CONTINUOUS
10
0.1496247637795275
20
0.1541872440944882
11
0.1496399606299212
21
0.1541447244094488
0
LINE
8
BLACK
6
CONTINUOUS
10
0.1496399606299212
20
0.1541447244094488
11
0.1515147244094488
21
0.1466456692913386
0
LINE
8
BLACK
6
CONTINUOUS
10
0.1515147244094488
20
0.1466456692913386
11
0.1515294881889764
21
0.1465458267716535
0
LINE
8
BLACK
6
CONTINUOUS
10
0.1515294881889764
20
0.1465458267716535
11
0.1515461417322835
21
0.1465055905511811
0
LINE
8
BLACK
6
CONTINUOUS
10
0.1515461417322835
20
0.1465055905511811
11
0.1515674803149606
21
0.1462885826771654
0
LINE
8
BLACK
6
CONTINUOUS
10
0.1515674803149606
20
0.1462885826771654
11
0.1515993700787402
21
0.1460730708661417
0
LINE
8
BLACK
6
CONTINUOUS
10
0.1515993700787402
20
0.1460730708661417
11
0.1515929527559055
21
0.1460300787401575
0
LINE
8
BLACK
6
CONTINUOUS
10
0.1515929527559055
20
0.1460300787401575
11
0.151602874015748
21
0.1459295275590551
0
LINE
8
BLACK
6
CONTINUOUS
10
0.151602874015748
20
0.1459295275590551
11
0.151602874015748
21
0.1403052362204724
0
LINE
8
BLACK
6
CONTINUOUS
10
0.151602874015748
20
0.1403052362204724
11
0.1515929527559055
21
0.1402047244094488
0
LINE
8
BLACK
6
CONTINUOUS
10
0.1515929527559055
20
0.1402047244094488
11
0.1515993700787402
21
0.1401616929133858
0
LINE
8
BLACK
6
CONTINUOUS
10
0.1515993700787402
20
0.1401616929133858
11
0.1515674803149606
21
0.1399462204724409
0
LINE
8
BLACK
6
CONTINUOUS
10
0.1515674803149606
20
0.1399462204724409
11
0.1515461417322835
21
0.1397291732283465
0
LINE
8
BLACK
6
CONTINUOUS
10
0.1515461417322835
20
0.1397291732283465
11
0.1515294881889764
21
0.1396889763779527
0
LINE
8
BLACK
6
CONTINUOUS
10
0.1515294881889764
20
0.1396889763779527
11
0.1515147244094488
21
0.139589094488189
0
LINE
8
BLACK
6
CONTINUOUS
10
0.1515147244094488
20
0.139589094488189
11
0.1496399606299212
21
0.1320900393700787
0
LINE
8
BLACK
6
CONTINUOUS
10
0.1496399606299212
20
0.1320900393700787
11
0.1496247637795275
21
0.1320475590551181
0
LINE
8
BLACK
6
CONTINUOUS
10
0.1496247637795275
20
0.1320475590551181
11
0.1496232677165354
21
0.1320262598425197
0
LINE
8
BLACK
6
CONTINUOUS
10
0.1496232677165354
20
0.1320262598425197
11
0.1495314960629921
21
0.1317865354330709
0
LINE
8
BLACK
6
CONTINUOUS
10
0.1495314960629921
20
0.1317865354330709
11
0.1494451968503937
21
0.1315449212598425
0
LINE
8
BLACK
6
CONTINUOUS
10
0.1494451968503937
20
0.1315449212598425
11
0.1494324803149606
21
0.1315277952755906
0
LINE
8
BLACK
6
CONTINUOUS
10
0.1494324803149606
20
0.1315277952755906
11
0.1494163779527559
21
0.1314856692913386
0
LINE
8
BLACK
6
CONTINUOUS
10
0.1494163779527559
20
0.1314856692913386
11
0.1475416141732283
21
0.1277361417322835
0
LINE
8
BLACK
6
CONTINUOUS
10
0.1475416141732283
20
0.1277361417322835
11
0.1473855511811024
21
0.1274882677165354
0
LINE
8
BLACK
6
CONTINUOUS
10
0.1473855511811024
20
0.1274882677165354
11
0.1473557480314961
21
0.1274162204724409
0
LINE
8
BLACK
6
CONTINUOUS
10
0.1473557480314961
20
0.1274162204724409
11
0.1472892125984252
21
0.1273351968503937
0
LINE
8
BLACK
6
CONTINUOUS
10
0.1472892125984252
20
0.1273351968503937
11
0.1472332677165354
21
0.1272462598425197
0
LINE
8
BLACK
6
CONTINUOUS
10
0.1472332677165354
20
0.1272462598425197
11
0.1471742519685039
21
0.1271951181102362
0
LINE
8
BLACK
6
CONTINUOUS
10
0.1471742519685039
20
0.1271951181102362
11
0.1469885433070866
21
0.1269687795275591
0
LINE
8
BLACK
6
CONTINUOUS
10
0.1469885433070866
20
0.1269687795275591
11
0.1432389763779527
21
0.1232191732283465
0
LINE
8
BLACK
6
CONTINUOUS
10
0.1432389763779527
20
0.1232191732283465
11
0.1427915354330709
21
0.122851968503937
0
LINE
8
BLACK
6
CONTINUOUS
10
0.1427915354330709
20
0.122851968503937
11
0.1426934645669291
21
0.1228113779527559
0
LINE
8
BLACK
6
CONTINUOUS
10
0.1426934645669291
20
0.1228113779527559
11
0.1426133464566929
21
0.1227418503937008
0
LINE
8
BLACK
6
CONTINUOUS
10
0.1426133464566929
20
0.1227418503937008
11
0.1420848031496063
21
0.1225058661417323
0
LINE
8
BLACK
6
CONTINUOUS
10
0.1420848031496063
20
0.1225058661417323
11
0.1364605118110236
21
0.1206311023622047
0
LINE
8
BLACK
6
CONTINUOUS
10
0.1364605118110236
20
0.1206311023622047
11
0.1361749212598425
21
0.1205661811023622
0
LINE
8
BLACK
6
CONTINUOUS
10
0.1361749212598425
20
0.1205661811023622
11
0.1361028346456693
21
0.1205362992125984
0
LINE
8
BLACK
6
CONTINUOUS
10
0.1361028346456693
20
0.1205362992125984
11
0.1359983070866142
21
0.1205260236220472
0
LINE
8
BLACK
6
CONTINUOUS
10
0.1359983070866142
20
0.1205260236220472
11
0.135896062992126
21
0.1205027559055118
0
LINE
8
BLACK
6
CONTINUOUS
10
0.135896062992126
20
0.1205027559055118
11
0.1358183070866142
21
0.1205083070866142
0
LINE
8
BLACK
6
CONTINUOUS
10
0.1358183070866142
20
0.1205083070866142
11
0.1355267716535433
21
0.1204795669291338
0
LINE
8
BLACK
6
CONTINUOUS
10
0.1355267716535433
20
0.1204795669291338
11
0.1317772440944882
21
0.1204795669291338
0
LINE
8
BLACK
6
CONTINUOUS
10
0.1317772440944882
20
0.1204795669291338
11
0.1314856299212598
21
0.1205083070866142
0
LINE
8
BLACK
6
CONTINUOUS
10
0.1314856299212598
20
0.1205083070866142
11
0.1314079133858268
21
0.1205027559055118
0
LINE
8
BLACK
6
CONTINUOUS
10
0.1314079133858268
20
0.1205027559055118
11
0.1313056299212599
21
0.1205260236220472
0
LINE
8
BLACK
6
CONTINUOUS
10
0.1313056299212599
20
0.1205260236220472
11
0.1312011811023622
21
0.1205362992125984
0
LINE
8
BLACK
6
CONTINUOUS
10
0.1312011811023622
20
0.1205362992125984
11
0.131129094488189
21
0.1205661811023622
0
LINE
8
BLACK
6
CONTINUOUS
10
0.131129094488189
20
0.1205661811023622
11
0.1308434645669291
21
0.1206311023622047
0
LINE
8
BLACK
6
CONTINUOUS
10
0.1308434645669291
20
0.1206311023622047
11
0.1252192125984252
21
0.1225058661417323
0
LINE
8
BLACK
6
CONTINUOUS
10
0.1252192125984252
20
0.1225058661417323
11
0.1246906299212598
21
0.1227418503937008
0
LINE
8
BLACK
6
CONTINUOUS
10
0.1246906299212598
20
0.1227418503937008
11
0.1246104330708661
21
0.1228114173228346
0
LINE
8
BLACK
6
CONTINUOUS
10
0.1246104330708661
20
0.1228114173228346
11
0.1245124803149606
21
0.122851968503937
0
LINE
8
BLACK
6
CONTINUOUS
10
0.1245124803149606
20
0.122851968503937
11
0.124065
21
0.1232192125984252
0
LINE
8
BLACK
6
CONTINUOUS
10
0.124065
20
0.1232192125984252
11
0.1221902362204724
21
0.1250940157480315
0
LINE
8
BLACK
6
CONTINUOUS
10
0.1221902362204724
20
0.1250940157480315
11
0.121823031496063
21
0.1255414566929134
0
LINE
8
BLACK
6
CONTINUOUS
10
0.121823031496063
20
0.1255414566929134
11
0.1213821653543307
21
0.1266058661417323
0
LINE
8
BLACK
6
CONTINUOUS
10
0.1213821653543307
20
0.1266058661417323
11
0.1213821653543307
21
0.1277579527559055
0
LINE
8
BLACK
6
CONTINUOUS
10
0.1213821653543307
20
0.1277579527559055
11
0.1218230708661417
21
0.1288223622047244
0
LINE
8
BLACK
6
CONTINUOUS
10
0.1218230708661417
20
0.1288223622047244
11
0.1226377559055118
21
0.1296370472440945
0
LINE
8
BLACK
6
CONTINUOUS
10
0.1226377559055118
20
0.1296370472440945
11
0.1237021653543307
21
0.1300779133858268
0
LINE
8
BLACK
6
CONTINUOUS
10
0.1237021653543307
20
0.1300779133858268
11
0.1248542519685039
21
0.1300779133858268
0
LINE
8
BLACK
6
CONTINUOUS
10
0.1248542519685039
20
0.1300779133858268
11
0.1259186614173228
21
0.1296370078740157
0
LINE
8
BLACK
6
CONTINUOUS
10
0.1259186614173228
20
0.1296370078740157
11
0.1263661417322835
21
0.1292697637795276
0
LINE
8
BLACK
6
CONTINUOUS
10
0.1263661417322835
20
0.1292697637795276
11
0.1277479921259843
21
0.127887874015748
0
LINE
8
BLACK
6
CONTINUOUS
10
0.1277479921259843
20
0.127887874015748
11
0.1322563779527559
21
0.1263850787401575
0
LINE
8
BLACK
6
CONTINUOUS
10
0.1322563779527559
20
0.1263850787401575
11
0.1350476377952756
21
0.1263850787401575
0
LINE
8
BLACK
6
CONTINUOUS
10
0.1350476377952756
20
0.1263850787401575
11
0.1395560236220472
21
0.1278879133858268
0
LINE
8
BLACK
6
CONTINUOUS
10
0.1395560236220472
20
0.1278879133858268
11
0.1424738188976378
21
0.1308057480314961
0
LINE
8
BLACK
6
CONTINUOUS
10
0.1424738188976378
20
0.1308057480314961
11
0.1439893307086614
21
0.1338367322834646
0
LINE
8
BLACK
6
CONTINUOUS
10
0.1439893307086614
20
0.1338367322834646
11
0.1456973622047244
21
0.140668779527559
0
LINE
8
BLACK
6
CONTINUOUS
10
0.1456973622047244
20
0.140668779527559
11
0.1456973622047244
21
0.1455659842519685
0
LINE
8
BLACK
6
CONTINUOUS
10
0.1456973622047244
20
0.1455659842519685
11
0.1439893307086614
21
0.152398031496063
0
LINE
8
BLACK
6
CONTINUOUS
10
0.1439893307086614
20
0.152398031496063
11
0.1424738582677165
21
0.1554290157480315
0
LINE
8
BLACK
6
CONTINUOUS
10
0.1424738582677165
20
0.1554290157480315
11
0.1395560236220472
21
0.1583468503937008
0
LINE
8
BLACK
6
CONTINUOUS
10
0.1395560236220472
20
0.1583468503937008
11
0.1350476377952756
21
0.1598496456692913
0
LINE
8
BLACK
6
CONTINUOUS
10
0.1350476377952756
20
0.1598496456692913
11
0.1322563779527559
21
0.1598496456692913
0
LINE
8
BLACK
6
CONTINUOUS
10
0.1322563779527559
20
0.1598496456692913
11
0.1277479921259843
21
0.1583468503937008
0
LINE
8
BLACK
6
CONTINUOUS
10
0.1277479921259843
20
0.1583468503937008
11
0.1263661023622047
21
0.1569649606299213
0
LINE
8
BLACK
6
CONTINUOUS
10
0.1263661023622047
20
0.1569649606299213
11
0.1259186614173228
21
0.1565977559055118
0
LINE
8
BLACK
6
CONTINUOUS
10
0.1259186614173228
20
0.1565977559055118
11
0.1248542125984252
21
0.1561568503937008
0
LINE
8
BLACK
6
CONTINUOUS
10
0.1248542125984252
20
0.1561568503937008
11
0.1237021653543307
21
0.1561568503937008
0
LINE
8
BLACK
6
CONTINUOUS
10
0.1237021653543307
20
0.1561568503937008
11
0.1226377165354331
21
0.1565977559055118
0
LINE
8
BLACK
6
CONTINUOUS
10
0.1226377165354331
20
0.1565977559055118
11
0.1218230708661417
21
0.1574124015748032
0
LINE
8
BLACK
6
CONTINUOUS
10
0.1218230708661417
20
0.1574124015748032
11
0.1213821653543307
21
0.1584768503937008
0
LINE
8
BLACK
6
CONTINUOUS
10
0.1213821653543307
20
0.1584768503937008
11
0.1213821653543307
21
0.1596288976377953
0
LINE
8
BLACK
6
CONTINUOUS
10
0.1213821653543307
20
0.1596288976377953
11
0.1218230708661417
21
0.1606933464566929
0
LINE
8
BLACK
6
CONTINUOUS
10
0.1218230708661417
20
0.1606933464566929
11
0.1221902755905512
21
0.1611407874015748
0
LINE
8
BLACK
6
CONTINUOUS
10
0.1221902755905512
20
0.1611407874015748
11
0.1240650393700787
21
0.1630155511811024
0
LINE
8
BLACK
6
CONTINUOUS
10
0.1240650393700787
20
0.1630155511811024
11
0.1245124803149606
21
0.1633827559055118
0
LINE
8
BLACK
6
CONTINUOUS
10
0.1245124803149606
20
0.1633827559055118
11
0.1246104330708661
21
0.1634233464566929
0
LINE
8
BLACK
6
CONTINUOUS
10
0.1246104330708661
20
0.1634233464566929
11
0.1246906299212598
21
0.163492874015748
0
LINE
8
BLACK
6
CONTINUOUS
10
0.1246906299212598
20
0.163492874015748
11
0.1252192125984252
21
0.1637288582677165
0
LINE
8
BLACK
6
CONTINUOUS
10
0.1252192125984252
20
0.1637288582677165
11
0.1308434645669291
21
0.1656036220472441
0
LINE
8
BLACK
6
CONTINUOUS
10
0.1308434645669291
20
0.1656036220472441
11
0.131129094488189
21
0.1656685826771654
0
LINE
8
BLACK
6
CONTINUOUS
10
0.131129094488189
20
0.1656685826771654
11
0.1312011811023622
21
0.1656984251968504
0
LINE
8
BLACK
6
CONTINUOUS
10
0.1312011811023622
20
0.1656984251968504
11
0.1313056299212599
21
0.1657087401574803
0
LINE
8
BLACK
6
CONTINUOUS
10
0.1313056299212599
20
0.1657087401574803
11
0.1314079133858268
21
0.165731968503937
0
LINE
8
BLACK
6
CONTINUOUS
10
0.1314079133858268
20
0.165731968503937
11
0.1314856299212598
21
0.1657264566929134
0
LINE
8
BLACK
6
CONTINUOUS
10
0.1314856299212598
20
0.1657264566929134
11
0.1317772440944882
21
0.165755157480315
0
LINE
8
BLACK
6
CONTINUOUS
10
0.1317772440944882
20
0.165755157480315
11
0.1355267716535433
21
0.165755157480315
0
LINE
8
BLACK
6
CONTINUOUS
10
0.1355267716535433
20
0.165755157480315
11
0.1358183070866142
21
0.1657264566929134
0
LINE
8
BLACK
6
CONTINUOUS
10
0.1946261811023622
20
0.1657342125984252
11
0.1946981889763779
21
0.1657413779527559
0
LINE
8
BLACK
6
CONTINUOUS
10
0.1946981889763779
20
0.1657413779527559
11
0.1947685039370079
21
0.1657201968503937
0
LINE
8
BLACK
6
CONTINUOUS
10
0.1947685039370079
20
0.1657201968503937
11
0.1949892125984252
21
0.1656984251968504
0
LINE
8
BLACK
6
CONTINUOUS
10
0.1949892125984252
20
0.1656984251968504
11
0.195387874015748
21
0.1655333070866142
0
LINE
8
BLACK
6
CONTINUOUS
10
0.195387874015748
20
0.1655333070866142
11
0.1958011811023622
21
0.1654085826771654
0
LINE
8
BLACK
6
CONTINUOUS
10
0.1958011811023622
20
0.1654085826771654
11
0.1959162598425197
21
0.1653144488188976
0
LINE
8
BLACK
6
CONTINUOUS
10
0.1959162598425197
20
0.1653144488188976
11
0.1960536220472441
21
0.1652575196850394
0
LINE
8
BLACK
6
CONTINUOUS
10
0.1960536220472441
20
0.1652575196850394
11
0.1963588582677165
21
0.1649522834645669
0
LINE
8
BLACK
6
CONTINUOUS
10
0.1963588582677165
20
0.1649522834645669
11
0.1966928346456693
21
0.1646790157480315
0
LINE
8
BLACK
6
CONTINUOUS
10
0.1966928346456693
20
0.1646790157480315
11
0.1967630708661417
21
0.1645480708661417
0
LINE
8
BLACK
6
CONTINUOUS
10
0.1967630708661417
20
0.1645480708661417
11
0.1968682677165354
21
0.164442874015748
0
LINE
8
BLACK
6
CONTINUOUS
10
0.1968682677165354
20
0.164442874015748
11
0.1970334251968504
21
0.164044094488189
0
LINE
8
BLACK
6
CONTINUOUS
10
0.1970334251968504
20
0.164044094488189
11
0.1972374803149606
21
0.1636637795275591
0
LINE
8
BLACK
6
CONTINUOUS
10
0.1972374803149606
20
0.1636637795275591
11
0.197281062992126
21
0.1634462992125984
0
LINE
8
BLACK
6
CONTINUOUS
10
0.197281062992126
20
0.1634462992125984
11
0.1973091732283465
21
0.1633784645669291
0
LINE
8
BLACK
6
CONTINUOUS
10
0.1973091732283465
20
0.1633784645669291
11
0.1973091732283465
21
0.1633061811023622
0
LINE
8
BLACK
6
CONTINUOUS
10
0.1973091732283465
20
0.1633061811023622
11
0.1973512598425197
21
0.1630962204724409
0
LINE
8
BLACK
6
CONTINUOUS
10
0.1973512598425197
20
0.1630962204724409
11
0.1992260236220472
21
0.1443485826771654
0
LINE
8
BLACK
6
CONTINUOUS
10
0.1992260236220472
20
0.1443485826771654
11
0.1992268897637795
21
0.1437697244094488
0
LINE
8
BLACK
6
CONTINUOUS
10
0.1992268897637795
20
0.1437697244094488
11
0.199183937007874
21
0.1436274015748031
0
LINE
8
BLACK
6
CONTINUOUS
10
0.199183937007874
20
0.1436274015748031
11
0.199183937007874
21
0.1434787401574803
0
LINE
8
BLACK
6
CONTINUOUS
10
0.199183937007874
20
0.1434787401574803
11
0.1990188188976378
21
0.143080157480315
0
LINE
8
BLACK
6
CONTINUOUS
10
0.1990188188976378
20
0.143080157480315
11
0.198894094488189
21
0.1426667322834646
0
LINE
8
BLACK
6
CONTINUOUS
10
0.198894094488189
20
0.1426667322834646
11
0.1987998818897638
21
0.1425516141732283
0
LINE
8
BLACK
6
CONTINUOUS
10
0.1987998818897638
20
0.1425516141732283
11
0.198743031496063
21
0.1424143307086614
0
LINE
8
BLACK
6
CONTINUOUS
10
0.198743031496063
20
0.1424143307086614
11
0.1984379527559055
21
0.1421092913385827
0
LINE
8
BLACK
6
CONTINUOUS
10
0.1984379527559055
20
0.1421092913385827
11
0.1981645275590551
21
0.1417750787401575
0
LINE
8
BLACK
6
CONTINUOUS
10
0.1981645275590551
20
0.1417750787401575
11
0.1980334645669291
21
0.1417048031496063
0
LINE
8
BLACK
6
CONTINUOUS
10
0.1980334645669291
20
0.1417048031496063
11
0.1979283464566929
21
0.1415996456692913
0
LINE
8
BLACK
6
CONTINUOUS
10
0.1979283464566929
20
0.1415996456692913
11
0.1975297244094488
21
0.1414345669291339
0
LINE
8
BLACK
6
CONTINUOUS
10
0.1975297244094488
20
0.1414345669291339
11
0.1971492913385827
21
0.1412304330708661
0
LINE
8
BLACK
6
CONTINUOUS
10
0.1971492913385827
20
0.1412304330708661
11
0.1970012598425197
21
0.1412156692913386
0
LINE
8
BLACK
6
CONTINUOUS
10
0.1970012598425197
20
0.1412156692913386
11
0.196863937007874
21
0.1411587401574803
0
LINE
8
BLACK
6
CONTINUOUS
10
0.196863937007874
20
0.1411587401574803
11
0.1964324015748032
21
0.1411587401574803
0
LINE
8
BLACK
6
CONTINUOUS
10
0.1964324015748032
20
0.1411587401574803
11
0.196002874015748
21
0.1411157874015748
0
LINE
8
BLACK
6
CONTINUOUS
10
0.196002874015748
20
0.1411157874015748
11
0.1958605118110236
21
0.1411587401574803
0
LINE
8
BLACK
6
CONTINUOUS
10
0.1958605118110236
20
0.1411587401574803
11
0.1957118503937008
21
0.1411587401574803
0
LINE
8
BLACK
6
CONTINUOUS
10
0.1957118503937008
20
0.1411587401574803
11
0.1953131496062992
21
0.1413238976377953
0
LINE
8
BLACK
6
CONTINUOUS
10
0.1953131496062992
20
0.1413238976377953
11
0.1948998818897638
21
0.1414485826771653
0
LINE
8
BLACK
6
CONTINUOUS
10
0.1948998818897638
20
0.1414485826771653
11
0.1947847637795276
21
0.1415427559055118
0
LINE
8
BLACK
6
CONTINUOUS
10
0.1947847637795276
20
0.1415427559055118
11
0.1946474409448819
21
0.1415996456692913
0
LINE
8
BLACK
6
CONTINUOUS
10
0.1946474409448819
20
0.1415996456692913
11
0.1942
21
0.1419668503937008
0
LINE
8
BLACK
6
CONTINUOUS
10
0.1942
20
0.1419668503937008
11
0.1926640551181102
21
0.1435027952755905
0
LINE
8
BLACK
6
CONTINUOUS
10
0.1926640551181102
20
0.1435027952755905
11
0.1899665748031496
21
0.1448515354330709
0
LINE
8
BLACK
6
CONTINUOUS
10
0.1899665748031496
20
0.1448515354330709
11
0.1819868503937008
21
0.1448515354330709
0
LINE
8
BLACK
6
CONTINUOUS
10
0.1819868503937008
20
0.1448515354330709
11
0.1792893700787402
21
0.1435027952755905
0
LINE
8
BLACK
6
CONTINUOUS
10
0.1792893700787402
20
0.1435027952755905
11
0.1780922440944882
21
0.1423056692913386
0
LINE
8
BLACK
6
CONTINUOUS
10
0.1780922440944882
20
0.1423056692913386
11
0.1767435039370079
21
0.1396081889763779
0
LINE
8
BLACK
6
CONTINUOUS
10
0.1767435039370079
20
0.1396081889763779
11
0.1767435039370079
21
0.1316284645669291
0
LINE
8
BLACK
6
CONTINUOUS
10
0.1767435039370079
20
0.1316284645669291
11
0.1780922440944882
21
0.1289309842519685
0
LINE
8
BLACK
6
CONTINUOUS
10
0.1780922440944882
20
0.1289309842519685
11
0.1792893700787402
21
0.1277338188976378
0
LINE
8
BLACK
6
CONTINUOUS
10
0.1792893700787402
20
0.1277338188976378
11
0.1819868503937008
21
0.1263850787401575
0
LINE
8
BLACK
6
CONTINUOUS
10
0.1819868503937008
20
0.1263850787401575
11
0.1899665748031496
21
0.1263850787401575
0
LINE
8
BLACK
6
CONTINUOUS
10
0.1899665748031496
20
0.1263850787401575
11
0.1926640157480315
21
0.1277338188976378
0
LINE
8
BLACK
6
CONTINUOUS
10
0.1926640157480315
20
0.1277338188976378
11
0.1941999606299213
21
0.1292697637795276
0
LINE
8
BLACK
6
CONTINUOUS
10
0.1941999606299213
20
0.1292697637795276
11
0.1946474409448819
21
0.1296370078740157
0
LINE
8
BLACK
6
CONTINUOUS
10
0.1946474409448819
20
0.1296370078740157
11
0.1957118503937008
21
0.1300779133858268
0
LINE
8
BLACK
6
CONTINUOUS
10
0.1957118503937008
20
0.1300779133858268
11
0.196863937007874
21
0.1300779133858268
0
LINE
8
BLACK
6
CONTINUOUS
10
0.196863937007874
20
0.1300779133858268
11
0.1979283464566929
21
0.1296370472440945
0
LINE
8
BLACK
6
CONTINUOUS
10
0.1979283464566929
20
0.1296370472440945
11
0.198743031496063
21
0.1288223622047244
0
LINE
8
BLACK
6
CONTINUOUS
10
0.198743031496063
20
0.1288223622047244
11
0.199183937007874
21
0.1277579527559055
0
LINE
8
BLACK
6
CONTINUOUS
10
0.199183937007874
20
0.1277579527559055
11
0.199183937007874
21
0.1266058661417323
0
LINE
8
BLACK
6
CONTINUOUS
10
0.199183937007874
20
0.1266058661417323
11
0.1987430708661417
21
0.1255414566929134
0
LINE
8
BLACK
6
CONTINUOUS
10
0.1987430708661417
20
0.1255414566929134
11
0.1983758267716536
21
0.1250939763779527
0
LINE
8
BLACK
6
CONTINUOUS
10
0.1983758267716536
20
0.1250939763779527
11
0.1965011023622047
21
0.1232192125984252
0
LINE
8
BLACK
6
CONTINUOUS
10
0.1965011023622047
20
0.1232192125984252
11
0.1962747244094488
21
0.1230334645669291
0
LINE
8
BLACK
6
CONTINUOUS
10
0.1962747244094488
20
0.1230334645669291
11
0.1962235433070866
21
0.1229744094488189
0
LINE
8
BLACK
6
CONTINUOUS
10
0.1962235433070866
20
0.1229744094488189
11
0.1961345669291339
21
0.1229184251968504
0
LINE
8
BLACK
6
CONTINUOUS
10
0.1961345669291339
20
0.1229184251968504
11
0.1960536220472441
21
0.122851968503937
0
LINE
8
BLACK
6
CONTINUOUS
10
0.1960536220472441
20
0.122851968503937
11
0.1959816535433071
21
0.1228221653543307
0
LINE
8
BLACK
6
CONTINUOUS
10
0.1959816535433071
20
0.1228221653543307
11
0.1957336614173228
21
0.122666062992126
0
LINE
8
BLACK
6
CONTINUOUS
10
0.1957336614173228
20
0.122666062992126
11
0.1919841338582677
21
0.1207912992125984
0
LINE
8
BLACK
6
CONTINUOUS
10
0.1919841338582677
20
0.1207912992125984
11
0.1914435039370079
21
0.1205844094488189
0
LINE
8
BLACK
6
CONTINUOUS
10
0.1914435039370079
20
0.1205844094488189
11
0.1913376771653543
21
0.1205769291338583
0
LINE
8
BLACK
6
CONTINUOUS
10
0.1913376771653543
20
0.1205769291338583
11
0.1912396850393701
21
0.1205362992125984
0
LINE
8
BLACK
6
CONTINUOUS
10
0.1912396850393701
20
0.1205362992125984
11
0.1906636220472441
21
0.1204795669291338
0
LINE
8
BLACK
6
CONTINUOUS
10
0.1906636220472441
20
0.1204795669291338
11
0.1812898031496063
21
0.1204795669291338
0
LINE
8
BLACK
6
CONTINUOUS
10
0.1812898031496063
20
0.1204795669291338
11
0.1807137401574803
21
0.1205362992125984
0
LINE
8
BLACK
6
CONTINUOUS
10
0.1807137401574803
20
0.1205362992125984
11
0.180615748031496
21
0.1205768897637795
0
LINE
8
BLACK
6
CONTINUOUS
10
0.180615748031496
20
0.1205768897637795
11
0.1805098818897638
21
0.1205844094488189
0
LINE
8
BLACK
6
CONTINUOUS
10
0.1805098818897638
20
0.1205844094488189
11
0.1799692913385827
21
0.1207912992125984
0
LINE
8
BLACK
6
CONTINUOUS
10
0.1799692913385827
20
0.1207912992125984
11
0.1762197637795276
21
0.122666062992126
0
LINE
8
BLACK
6
CONTINUOUS
10
0.1762197637795276
20
0.122666062992126
11
0.1759717322834645
21
0.1228221653543307
0
LINE
8
BLACK
6
CONTINUOUS
10
0.1759717322834645
20
0.1228221653543307
11
0.1758998031496063
21
0.122851968503937
0
LINE
8
BLACK
6
CONTINUOUS
10
0.1758998031496063
20
0.122851968503937
11
0.1758188188976378
21
0.1229184251968504
0
LINE
8
BLACK
6
CONTINUOUS
10
0.1758188188976378
20
0.1229184251968504
11
0.1757298818897638
21
0.1229744094488189
0
LINE
8
BLACK
6
CONTINUOUS
10
0.1757298818897638
20
0.1229744094488189
11
0.1756786614173228
21
0.1230334645669291
0
LINE
8
BLACK
6
CONTINUOUS
10
0.1756786614173228
20
0.1230334645669291
11
0.1754523228346457
21
0.1232192125984252
0
LINE
8
BLACK
6
CONTINUOUS
10
0.1754523228346457
20
0.1232192125984252
11
0.1735775590551181
21
0.1250940157480315
0
LINE
8
BLACK
6
CONTINUOUS
10
0.1735775590551181
20
0.1250940157480315
11
0.1733918110236221
21
0.1253203543307086
0
LINE
8
BLACK
6
CONTINUOUS
10
0.1733918110236221
20
0.1253203543307086
11
0.1733328346456693
21
0.1253714960629921
0
LINE
8
BLACK
6
CONTINUOUS
10
0.1733328346456693
20
0.1253714960629921
11
0.1732768503937008
21
0.1254604330708661
0
LINE
8
BLACK
6
CONTINUOUS
10
0.1732768503937008
20
0.1254604330708661
11
0.1732103543307087
21
0.1255414566929134
0
LINE
8
BLACK
6
CONTINUOUS
10
0.1732103543307087
20
0.1255414566929134
11
0.1731805118110236
21
0.1256135039370079
0
LINE
8
BLACK
6
CONTINUOUS
10
0.1731805118110236
20
0.1256135039370079
11
0.1730244881889764
21
0.1258613779527559
0
LINE
8
BLACK
6
CONTINUOUS
10
0.1730244881889764
20
0.1258613779527559
11
0.1711497244094488
21
0.129610905511811
0
LINE
8
BLACK
6
CONTINUOUS
10
0.1711497244094488
20
0.129610905511811
11
0.1709428346456693
21
0.1301515354330709
0
LINE
8
BLACK
6
CONTINUOUS
10
0.1709428346456693
20
0.1301515354330709
11
0.1709353149606299
21
0.1302573622047244
0
LINE
8
BLACK
6
CONTINUOUS
10
0.1709353149606299
20
0.1302573622047244
11
0.1708947244094488
21
0.1303553543307087
0
LINE
8
BLACK
6
CONTINUOUS
10
0.1708947244094488
20
0.1303553543307087
11
0.1708379921259842
21
0.1309314173228346
0
LINE
8
BLACK
6
CONTINUOUS
10
0.1708379921259842
20
0.1309314173228346
11
0.1708379921259842
21
0.1403052362204724
0
LINE
8
BLACK
6
CONTINUOUS
10
0.1708379921259842
20
0.1403052362204724
11
0.1708947244094488
21
0.1408812992125984
0
LINE
8
BLACK
6
CONTINUOUS
10
0.1708947244094488
20
0.1408812992125984
11
0.1709353149606299
21
0.1409793307086614
0
LINE
8
BLACK
6
CONTINUOUS
10
0.1709353149606299
20
0.1409793307086614
11
0.1709428346456693
21
0.1410851181102362
0
LINE
8
BLACK
6
CONTINUOUS
10
0.1709428346456693
20
0.1410851181102362
11
0.1711497244094488
21
0.1416257480314961
0
LINE
8
BLACK
6
CONTINUOUS
10
0.1711497244094488
20
0.1416257480314961
11
0.1730244881889764
21
0.1453752755905512
0
LINE
8
BLACK
6
CONTINUOUS
10
0.1730244881889764
20
0.1453752755905512
11
0.1731805511811024
21
0.1456233070866142
0
LINE
8
BLACK
6
CONTINUOUS
10
0.1731805511811024
20
0.1456233070866142
11
0.1732103937007874
21
0.1456952362204724
0
LINE
8
BLACK
6
CONTINUOUS
10
0.1732103937007874
20
0.1456952362204724
11
0.1732768503937008
21
0.1457762204724409
0
LINE
8
BLACK
6
CONTINUOUS
10
0.1732768503937008
20
0.1457762204724409
11
0.1733328346456693
21
0.1458651574803149
0
LINE
8
BLACK
6
CONTINUOUS
10
0.1733328346456693
20
0.1458651574803149
11
0.1733918110236221
21
0.1459163385826772
0
LINE
8
BLACK
6
CONTINUOUS
10
0.1733918110236221
20
0.1459163385826772
11
0.1735775984251968
21
0.1461426771653543
0
LINE
8
BLACK
6
CONTINUOUS
10
0.1735775984251968
20
0.1461426771653543
11
0.1754523622047244
21
0.1480174409448819
0
LINE
8
BLACK
6
CONTINUOUS
10
0.1754523622047244
20
0.1480174409448819
11
0.1756787007874016
21
0.1482032283464567
0
LINE
8
BLACK
6
CONTINUOUS
10
0.1756787007874016
20
0.1482032283464567
11
0.1757298818897638
21
0.1482622047244095
0
LINE
8
BLACK
6
CONTINUOUS
10
0.1757298818897638
20
0.1482622047244095
11
0.1758188188976378
21
0.1483181889763779
0
LINE
8
BLACK
6
CONTINUOUS
10
0.1758188188976378
20
0.1483181889763779
11
0.1758998031496063
21
0.1483846456692913
0
LINE
8
BLACK
6
CONTINUOUS
10
0.1758998031496063
20
0.1483846456692913
11
0.1759717322834645
21
0.1484144881889764
0
LINE
8
BLACK
6
CONTINUOUS
10
0.1759717322834645
20
0.1484144881889764
11
0.1762197637795276
21
0.1485705511811024
0
LINE
8
BLACK
6
CONTINUOUS
10
0.1762197637795276
20
0.1485705511811024
11
0.1799692913385827
21
0.1504453149606299
0
LINE
8
BLACK
6
CONTINUOUS
10
0.1799692913385827
20
0.1504453149606299
11
0.1805098818897638
21
0.1506522047244094
0
LINE
8
BLACK
6
CONTINUOUS
10
0.1805098818897638
20
0.1506522047244094
11
0.180615748031496
21
0.1506597637795276
0
LINE
8
BLACK
6
CONTINUOUS
10
0.180615748031496
20
0.1506597637795276
11
0.1807137401574803
21
0.1507003149606299
0
LINE
8
BLACK
6
CONTINUOUS
10
0.1807137401574803
20
0.1507003149606299
11
0.1812898031496063
21
0.1507570472440945
0
LINE
8
BLACK
6
CONTINUOUS
10
0.1812898031496063
20
0.1507570472440945
11
0.1906636220472441
21
0.1507570472440945
0
LINE
8
BLACK
6
CONTINUOUS
10
0.1906636220472441
20
0.1507570472440945
11
0.1912396850393701
21
0.1507003149606299
0
LINE
8
BLACK
6
CONTINUOUS
10
0.1912396850393701
20
0.1507003149606299
11
0.1913376771653543
21
0.1506597244094488
0
LINE
8
BLACK
6
CONTINUOUS
10
0.1913376771653543
20
0.1506597244094488
11
0.1914435039370079
21
0.1506522047244094
0
LINE
8
BLACK
6
CONTINUOUS
10
0.1914435039370079
20
0.1506522047244094
11
0.1919841338582677
21
0.1504453149606299
0
LINE
8
BLACK
6
CONTINUOUS
10
0.1919841338582677
20
0.1504453149606299
11
0.192718031496063
21
0.1500783858267717
0
LINE
8
BLACK
6
CONTINUOUS
10
0.192718031496063
20
0.1500783858267717
11
0.1917409448818898
21
0.1598496456692913
0
LINE
8
BLACK
6
CONTINUOUS
10
0.1917409448818898
20
0.1598496456692913
11
0.1756655118110236
21
0.1598496456692913
0
LINE
8
BLACK
6
CONTINUOUS
10
0.1756655118110236
20
0.1598496456692913
11
0.1750894488188976
21
0.1599063779527559
0
LINE
8
BLACK
6
CONTINUOUS
10
0.1750894488188976
20
0.1599063779527559
11
0.1740250393700787
21
0.1603472834645669
0
LINE
8
BLACK
6
CONTINUOUS
10
0.1740250393700787
20
0.1603472834645669
11
0.1732103937007874
21
0.1611619291338583
0
LINE
8
BLACK
6
CONTINUOUS
10
0.1732103937007874
20
0.1611619291338583
11
0.1727694881889764
21
0.1622263385826772
0
LINE
8
BLACK
6
CONTINUOUS
10
0.1727694881889764
20
0.1622263385826772
11
0.1727694881889764
21
0.1633784645669291
0
LINE
8
BLACK
6
CONTINUOUS
10
0.1727694881889764
20
0.1633784645669291
11
0.1732103937007874
21
0.164442874015748
0
LINE
8
BLACK
6
CONTINUOUS
10
0.1732103937007874
20
0.164442874015748
11
0.1740250393700787
21
0.1652575196850394
0
LINE
8
BLACK
6
CONTINUOUS
10
0.1740250393700787
20
0.1652575196850394
11
0.1750894488188976
21
0.1656984251968504
0
LINE
8
BLACK
6
CONTINUOUS
10
0.1750894488188976
20
0.1656984251968504
11
0.1756655118110236
21
0.165755157480315
0
LINE
8
BLACK
6
CONTINUOUS
10
0.1756655118110236
20
0.165755157480315
11
0.1944131496062992
21
0.165755157480315
0
LINE
8
BLACK
6
CONTINUOUS
10
0.1944131496062992
20
0.165755157480315
11
0.1946261811023622
21
0.1657342125984252
0
LINE
8
BLACK
6
CONTINUOUS
10
0.2228261811023622
20
0.1657264566929134
11
0.222903937007874
21
0.165731968503937
0
LINE
8
BLACK
6
CONTINUOUS
10
0.222903937007874
20
0.165731968503937
11
0.2230061811023622
21
0.1657087401574803
0
LINE
8
BLACK
6
CONTINUOUS
10
0.2230061811023622
20
0.1657087401574803
11
0.2231107086614173
21
0.1656984251968504
0
LINE
8
BLACK
6
CONTINUOUS
10
0.2231107086614173
20
0.1656984251968504
11
0.2231827952755905
21
0.1656685826771654
0
LINE
8
BLACK
6
CONTINUOUS
10
0.2231827952755905
20
0.1656685826771654
11
0.2234683858267716
21
0.1656036220472441
0
LINE
8
BLACK
6
CONTINUOUS
10
0.2234683858267716
20
0.1656036220472441
11
0.2290926771653543
21
0.1637288582677165
0
LINE
8
BLACK
6
CONTINUOUS
10
0.2290926771653543
20
0.1637288582677165
11
0.2296212204724409
21
0.163492874015748
0
LINE
8
BLACK
6
CONTINUOUS
10
0.2296212204724409
20
0.163492874015748
11
0.2297013385826772
21
0.1634233858267717
0
LINE
8
BLACK
6
CONTINUOUS
10
0.2297013385826772
20
0.1634233858267717
11
0.2297994094488189
21
0.1633827559055118
0
LINE
8
BLACK
6
CONTINUOUS
10
0.2297994094488189
20
0.1633827559055118
11
0.2302468503937008
21
0.1630155511811024
0
LINE
8
BLACK
6
CONTINUOUS
10
0.2302468503937008
20
0.1630155511811024
11
0.2339963779527559
21
0.1592660236220473
0
LINE
8
BLACK
6
CONTINUOUS
10
0.2339963779527559
20
0.1592660236220473
11
0.2341822047244095
21
0.1590396456692913
0
LINE
8
BLACK
6
CONTINUOUS
10
0.2341822047244095
20
0.1590396456692913
11
0.2342411417322835
21
0.1589885039370079
0
LINE
8
BLACK
6
CONTINUOUS
10
0.2342411417322835
20
0.1589885039370079
11
0.2342970078740158
21
0.1588997637795276
0
LINE
8
BLACK
6
CONTINUOUS
10
0.2342970078740158
20
0.1588997637795276
11
0.2343636220472441
21
0.1588185826771653
0
LINE
8
BLACK
6
CONTINUOUS
10
0.2343636220472441
20
0.1588185826771653
11
0.2343934645669291
21
0.1587464566929134
0
LINE
8
BLACK
6
CONTINUOUS
10
0.2343934645669291
20
0.1587464566929134
11
0.2345494881889764
21
0.1584986220472441
0
LINE
8
BLACK
6
CONTINUOUS
10
0.2345494881889764
20
0.1584986220472441
11
0.2364242519685039
21
0.154749094488189
0
LINE
8
BLACK
6
CONTINUOUS
10
0.2364242519685039
20
0.154749094488189
11
0.2364403543307086
21
0.1547070078740158
0
LINE
8
BLACK
6
CONTINUOUS
10
0.2364403543307086
20
0.1547070078740158
11
0.2364530708661417
21
0.154689842519685
0
LINE
8
BLACK
6
CONTINUOUS
10
0.2364530708661417
20
0.154689842519685
11
0.2365393700787402
21
0.1544482677165354
0
LINE
8
BLACK
6
CONTINUOUS
10
0.2365393700787402
20
0.1544482677165354
11
0.2366311417322834
21
0.1542085039370079
0
LINE
8
BLACK
6
CONTINUOUS
10
0.2366311417322834
20
0.1542085039370079
11
0.2366326377952756
21
0.1541872440944882
0
LINE
8
BLACK
6
CONTINUOUS
10
0.2366326377952756
20
0.1541872440944882
11
0.2366478346456693
21
0.1541447244094488
0
LINE
8
BLACK
6
CONTINUOUS
10
0.2366478346456693
20
0.1541447244094488
11
0.2385225984251969
21
0.1466456692913386
0
LINE
8
BLACK
6
CONTINUOUS
10
0.2385225984251969
20
0.1466456692913386
11
0.2385373622047244
21
0.1465458267716535
0
LINE
8
BLACK
6
CONTINUOUS
10
0.2385373622047244
20
0.1465458267716535
11
0.2385540157480315
21
0.1465055905511811
0
LINE
8
BLACK
6
CONTINUOUS
10
0.2385540157480315
20
0.1465055905511811
11
0.2385753543307086
21
0.1462885826771654
0
LINE
8
BLACK
6
CONTINUOUS
10
0.2385753543307086
20
0.1462885826771654
11
0.2386072440944882
21
0.1460730708661417
0
LINE
8
BLACK
6
CONTINUOUS
10
0.2386072440944882
20
0.1460730708661417
11
0.2386008267716535
21
0.1460300787401575
0
LINE
8
BLACK
6
CONTINUOUS
10
0.2386008267716535
20
0.1460300787401575
11
0.2386107480314961
21
0.1459295275590551
0
LINE
8
BLACK
6
CONTINUOUS
10
0.2386107480314961
20
0.1459295275590551
11
0.2386107480314961
21
0.1403052362204724
0
LINE
8
BLACK
6
CONTINUOUS
10
0.2386107480314961
20
0.1403052362204724
11
0.2386008267716535
21
0.1402047244094488
0
LINE
8
BLACK
6
CONTINUOUS
10
0.2386008267716535
20
0.1402047244094488
11
0.2386072440944882
21
0.1401616929133858
0
LINE
8
BLACK
6
CONTINUOUS
10
0.2386072440944882
20
0.1401616929133858
11
0.2385753543307086
21
0.1399462204724409
0
LINE
8
BLACK
6
CONTINUOUS
10
0.2385753543307086
20
0.1399462204724409
11
0.2385540157480315
21
0.1397291732283465
0
LINE
8
BLACK
6
CONTINUOUS
10
0.2385540157480315
20
0.1397291732283465
11
0.2385373622047244
21
0.1396889763779527
0
LINE
8
BLACK
6
CONTINUOUS
10
0.2385373622047244
20
0.1396889763779527
11
0.2385225984251969
21
0.139589094488189
0
LINE
8
BLACK
6
CONTINUOUS
10
0.2385225984251969
20
0.139589094488189
11
0.2366478346456693
21
0.1320900393700787
0
LINE
8
BLACK
6
CONTINUOUS
10
0.2366478346456693
20
0.1320900393700787
11
0.2366326377952756
21
0.1320475590551181
0
LINE
8
BLACK
6
CONTINUOUS
10
0.2366326377952756
20
0.1320475590551181
11
0.2366311417322834
21
0.1320262598425197
0
LINE
8
BLACK
6
CONTINUOUS
10
0.2366311417322834
20
0.1320262598425197
11
0.2365393700787402
21
0.1317865354330709
0
LINE
8
BLACK
6
CONTINUOUS
10
0.2365393700787402
20
0.1317865354330709
11
0.2364530708661417
21
0.1315449212598425
0
LINE
8
BLACK
6
CONTINUOUS
10
0.2364530708661417
20
0.1315449212598425
11
0.2364403543307086
21
0.1315277952755906
0
LINE
8
BLACK
6
CONTINUOUS
10
0.2364403543307086
20
0.1315277952755906
11
0.2364242519685039
21
0.1314856692913386
0
LINE
8
BLACK
6
CONTINUOUS
10
0.2364242519685039
20
0.1314856692913386
11
0.2345494881889764
21
0.1277361417322835
0
LINE
8
BLACK
6
CONTINUOUS
10
0.2345494881889764
20
0.1277361417322835
11
0.2343934251968504
21
0.1274882677165354
0
LINE
8
BLACK
6
CONTINUOUS
10
0.2343934251968504
20
0.1274882677165354
11
0.2343636220472441
21
0.1274162204724409
0
LINE
8
BLACK
6
CONTINUOUS
10
0.2343636220472441
20
0.1274162204724409
11
0.2342970866141732
21
0.1273351968503937
0
LINE
8
BLACK
6
CONTINUOUS
10
0.2342970866141732
20
0.1273351968503937
11
0.2342411417322835
21
0.1272462598425197
0
LINE
8
BLACK
6
CONTINUOUS
10
0.2342411417322835
20
0.1272462598425197
11
0.234182125984252
21
0.1271951181102362
0
LINE
8
BLACK
6
CONTINUOUS
10
0.234182125984252
20
0.1271951181102362
11
0.2339964173228346
21
0.1269687795275591
0
LINE
8
BLACK
6
CONTINUOUS
10
0.2339964173228346
20
0.1269687795275591
11
0.2302468503937008
21
0.1232191732283465
0
LINE
8
BLACK
6
CONTINUOUS
10
0.2302468503937008
20
0.1232191732283465
11
0.2297994094488189
21
0.122851968503937
0
LINE
8
BLACK
6
CONTINUOUS
10
0.2297994094488189
20
0.122851968503937
11
0.2297013385826772
21
0.1228113779527559
0
LINE
8
BLACK
6
CONTINUOUS
10
0.2297013385826772
20
0.1228113779527559
11
0.2296212204724409
21
0.1227418503937008
0
LINE
8
BLACK
6
CONTINUOUS
10
0.2296212204724409
20
0.1227418503937008
11
0.2290926771653543
21
0.1225058661417323
0
LINE
8
BLACK
6
CONTINUOUS
10
0.2290926771653543
20
0.1225058661417323
11
0.2234683858267716
21
0.1206311023622047
0
LINE
8
BLACK
6
CONTINUOUS
10
0.2234683858267716
20
0.1206311023622047
11
0.2231827952755905
21
0.1205661811023622
0
LINE
8
BLACK
6
CONTINUOUS
10
0.2231827952755905
20
0.1205661811023622
11
0.2231107086614173
21
0.1205362992125984
0
LINE
8
BLACK
6
CONTINUOUS
10
0.2231107086614173
20
0.1205362992125984
11
0.2230061811023622
21
0.1205260236220472
0
LINE
8
BLACK
6
CONTINUOUS
10
0.2230061811023622
20
0.1205260236220472
11
0.222903937007874
21
0.1205027559055118
0
LINE
8
BLACK
6
CONTINUOUS
10
0.222903937007874
20
0.1205027559055118
11
0.2228261811023622
21
0.1205083070866142
0
LINE
8
BLACK
6
CONTINUOUS
10
0.2228261811023622
20
0.1205083070866142
11
0.2225346456692913
21
0.1204795669291338
0
LINE
8
BLACK
6
CONTINUOUS
10
0.2225346456692913
20
0.1204795669291338
11
0.2187851181102362
21
0.1204795669291338
0
LINE
8
BLACK
6
CONTINUOUS
10
0.2187851181102362
20
0.1204795669291338
11
0.2184935039370079
21
0.1205083070866142
0
LINE
8
BLACK
6
CONTINUOUS
10
0.2184935039370079
20
0.1205083070866142
11
0.2184157874015748
21
0.1205027559055118
0
LINE
8
BLACK
6
CONTINUOUS
10
0.2184157874015748
20
0.1205027559055118
11
0.2183135039370079
21
0.1205260236220472
0
LINE
8
BLACK
6
CONTINUOUS
10
0.2183135039370079
20
0.1205260236220472
11
0.2182090551181102
21
0.1205362992125984
0
LINE
8
BLACK
6
CONTINUOUS
10
0.2182090551181102
20
0.1205362992125984
11
0.218136968503937
21
0.1205661811023622
0
LINE
8
BLACK
6
CONTINUOUS
10
0.218136968503937
20
0.1205661811023622
11
0.2178513385826772
21
0.1206311023622047
0
LINE
8
BLACK
6
CONTINUOUS
10
0.2178513385826772
20
0.1206311023622047
11
0.2122270866141732
21
0.1225058661417323
0
LINE
8
BLACK
6
CONTINUOUS
10
0.2122270866141732
20
0.1225058661417323
11
0.2116985039370079
21
0.1227418503937008
0
LINE
8
BLACK
6
CONTINUOUS
10
0.2116985039370079
20
0.1227418503937008
11
0.2116183070866142
21
0.1228114173228346
0
LINE
8
BLACK
6
CONTINUOUS
10
0.2116183070866142
20
0.1228114173228346
11
0.2115203543307086
21
0.122851968503937
0
LINE
8
BLACK
6
CONTINUOUS
10
0.2115203543307086
20
0.122851968503937
11
0.211072874015748
21
0.1232192125984252
0
LINE
8
BLACK
6
CONTINUOUS
10
0.211072874015748
20
0.1232192125984252
11
0.2091981102362205
21
0.1250940157480315
0
LINE
8
BLACK
6
CONTINUOUS
10
0.2091981102362205
20
0.1250940157480315
11
0.208830905511811
21
0.1255414566929134
0
LINE
8
BLACK
6
CONTINUOUS
10
0.208830905511811
20
0.1255414566929134
11
0.2083900393700787
21
0.1266058661417323
0
LINE
8
BLACK
6
CONTINUOUS
10
0.2083900393700787
20
0.1266058661417323
11
0.2083900393700787
21
0.1277579527559055
0
LINE
8
BLACK
6
CONTINUOUS
10
0.2083900393700787
20
0.1277579527559055
11
0.2088309448818897
21
0.1288223622047244
0
LINE
8
BLACK
6
CONTINUOUS
10
0.2088309448818897
20
0.1288223622047244
11
0.2096456299212598
21
0.1296370472440945
0
LINE
8
BLACK
6
CONTINUOUS
10
0.2096456299212598
20
0.1296370472440945
11
0.2107100393700787
21
0.1300779133858268
0
LINE
8
BLACK
6
CONTINUOUS
10
0.2107100393700787
20
0.1300779133858268
11
0.211862125984252
21
0.1300779133858268
0
LINE
8
BLACK
6
CONTINUOUS
10
0.211862125984252
20
0.1300779133858268
11
0.2129265354330709
21
0.1296370078740157
0
LINE
8
BLACK
6
CONTINUOUS
10
0.2129265354330709
20
0.1296370078740157
11
0.2133740157480315
21
0.1292697637795276
0
LINE
8
BLACK
6
CONTINUOUS
10
0.2133740157480315
20
0.1292697637795276
11
0.2147558661417323
21
0.127887874015748
0
LINE
8
BLACK
6
CONTINUOUS
10
0.2147558661417323
20
0.127887874015748
11
0.2192642519685039
21
0.1263850787401575
0
LINE
8
BLACK
6
CONTINUOUS
10
0.2192642519685039
20
0.1263850787401575
11
0.2220555118110236
21
0.1263850787401575
0
LINE
8
BLACK
6
CONTINUOUS
10
0.2220555118110236
20
0.1263850787401575
11
0.2265638976377953
21
0.1278879133858268
0
LINE
8
BLACK
6
CONTINUOUS
10
0.2265638976377953
20
0.1278879133858268
11
0.2294816929133858
21
0.1308057480314961
0
LINE
8
BLACK
6
CONTINUOUS
10
0.2294816929133858
20
0.1308057480314961
11
0.2309972047244094
21
0.1338367322834646
0
LINE
8
BLACK
6
CONTINUOUS
10
0.2309972047244094
20
0.1338367322834646
11
0.2327052362204724
21
0.140668779527559
0
LINE
8
BLACK
6
CONTINUOUS
10
0.2327052362204724
20
0.140668779527559
11
0.2327052362204724
21
0.1455659842519685
0
LINE
8
BLACK
6
CONTINUOUS
10
0.2327052362204724
20
0.1455659842519685
11
0.2309972047244094
21
0.152398031496063
0
LINE
8
BLACK
6
CONTINUOUS
10
0.2309972047244094
20
0.152398031496063
11
0.2294817322834646
21
0.1554290157480315
0
LINE
8
BLACK
6
CONTINUOUS
10
0.2294817322834646
20
0.1554290157480315
11
0.2265638976377953
21
0.1583468503937008
0
LINE
8
BLACK
6
CONTINUOUS
10
0.2265638976377953
20
0.1583468503937008
11
0.2220555118110236
21
0.1598496456692913
0
LINE
8
BLACK
6
CONTINUOUS
10
0.2220555118110236
20
0.1598496456692913
11
0.2192642519685039
21
0.1598496456692913
0
LINE
8
BLACK
6
CONTINUOUS
10
0.2192642519685039
20
0.1598496456692913
11
0.2147558661417323
21
0.1583468503937008
0
LINE
8
BLACK
6
CONTINUOUS
10
0.2147558661417323
20
0.1583468503937008
11
0.2133739763779527
21
0.1569649606299213
0
LINE
8
BLACK
6
CONTINUOUS
10
0.2133739763779527
20
0.1569649606299213
11
0.2129265354330709
21
0.1565977559055118
0
LINE
8
BLACK
6
CONTINUOUS
10
0.2129265354330709
20
0.1565977559055118
11
0.2118620866141732
21
0.1561568503937008
0
LINE
8
BLACK
6
CONTINUOUS
10
0.2118620866141732
20
0.1561568503937008
11
0.2107100393700787
21
0.1561568503937008
0
LINE
8
BLACK
6
CONTINUOUS
10
0.2107100393700787
20
0.1561568503937008
11
0.2096455905511811
21
0.1565977559055118
0
LINE
8
BLACK
6
CONTINUOUS
10
0.2096455905511811
20
0.1565977559055118
11
0.2088309448818897
21
0.1574124015748032
0
LINE
8
BLACK
6
CONTINUOUS
10
0.2088309448818897
20
0.1574124015748032
11
0.2083900393700787
21
0.1584768503937008
0
LINE
8
BLACK
6
CONTINUOUS
10
0.2083900393700787
20
0.1584768503937008
11
0.2083900393700787
21
0.1596288976377953
0
LINE
8
BLACK
6
CONTINUOUS
10
0.2083900393700787
20
0.1596288976377953
11
0.2088309448818897
21
0.1606933464566929
0
LINE
8
BLACK
6
CONTINUOUS
10
0.2088309448818897
20
0.1606933464566929
11
0.2091981496062992
21
0.1611407874015748
0
LINE
8
BLACK
6
CONTINUOUS
10
0.2091981496062992
20
0.1611407874015748
11
0.2110729133858268
21
0.1630155511811024
0
LINE
8
BLACK
6
CONTINUOUS
10
0.2110729133858268
20
0.1630155511811024
11
0.2115203543307086
21
0.1633827559055118
0
LINE
8
BLACK
6
CONTINUOUS
10
0.2115203543307086
20
0.1633827559055118
11
0.2116183070866142
21
0.1634233464566929
0
LINE
8
BLACK
6
CONTINUOUS
10
0.2116183070866142
20
0.1634233464566929
11
0.2116985039370079
21
0.163492874015748
0
LINE
8
BLACK
6
CONTINUOUS
10
0.2116985039370079
20
0.163492874015748
11
0.2122270866141732
21
0.1637288582677165
0
LINE
8
BLACK
6
CONTINUOUS
10
0.2122270866141732
20
0.1637288582677165
11
0.2178513385826772
21
0.1656036220472441
0
LINE
8
BLACK
6
CONTINUOUS
10
0.2178513385826772
20
0.1656036220472441
11
0.218136968503937
21
0.1656685826771654
0
LINE
8
BLACK
6
CONTINUOUS
10
0.218136968503937
20
0.1656685826771654
11
0.2182090551181102
21
0.1656984251968504
0
LINE
8
BLACK
6
CONTINUOUS
10
0.2182090551181102
20
0.1656984251968504
11
0.2183135039370079
21
0.1657087401574803
0
LINE
8
BLACK
6
CONTINUOUS
10
0.2183135039370079
20
0.1657087401574803
11
0.2184157874015748
21
0.165731968503937
0
LINE
8
BLACK
6
CONTINUOUS
10
0.2184157874015748
20
0.165731968503937
11
0.2184935039370079
21
0.1657264566929134
0
LINE
8
BLACK
6
CONTINUOUS
10
0.2184935039370079
20
0.1657264566929134
11
0.2187851181102362
21
0.165755157480315
0
LINE
8
BLACK
6
CONTINUOUS
10
0.2187851181102362
20
0.165755157480315
11
0.2225346456692913
21
0.165755157480315
0
LINE
8
BLACK
6
CONTINUOUS
10
0.2225346456692913
20
0.165755157480315
11
0.2228261811023622
21
0.1657264566929134
0
LINE
8
BLACK
6
CONTINUOUS
10
0.3494993307086614
20
0.1656984251968504
11
0.3497886220472441
21
0.1656984251968504
0
LINE
8
BLACK
6
CONTINUOUS
10
0.3497886220472441
20
0.1656984251968504
11
0.3500587007874016
21
0.1655865748031496
0
LINE
8
BLACK
6
CONTINUOUS
10
0.3500587007874016
20
0.1655865748031496
11
0.3503453543307087
21
0.1655292125984252
0
LINE
8
BLACK
6
CONTINUOUS
10
0.3503453543307087
20
0.1655292125984252
11
0.3505857086614173
21
0.1653682677165354
0
LINE
8
BLACK
6
CONTINUOUS
10
0.3505857086614173
20
0.1653682677165354
11
0.350853031496063
21
0.1652575196850394
0
LINE
8
BLACK
6
CONTINUOUS
10
0.350853031496063
20
0.1652575196850394
11
0.3510597244094488
21
0.1650508267716535
0
LINE
8
BLACK
6
CONTINUOUS
10
0.3510597244094488
20
0.1650508267716535
11
0.3513026377952756
21
0.1648881496062992
0
LINE
8
BLACK
6
CONTINUOUS
10
0.3513026377952756
20
0.1648881496062992
11
0.3516656299212598
21
0.1644449212598425
0
LINE
8
BLACK
6
CONTINUOUS
10
0.3516656299212598
20
0.1644449212598425
11
0.3516676771653543
21
0.164442874015748
0
LINE
8
BLACK
6
CONTINUOUS
10
0.3516676771653543
20
0.164442874015748
11
0.351668031496063
21
0.1644420078740157
0
LINE
8
BLACK
6
CONTINUOUS
10
0.351668031496063
20
0.1644420078740157
11
0.3516694094488189
21
0.1644403149606299
0
LINE
8
BLACK
6
CONTINUOUS
10
0.3516694094488189
20
0.1644403149606299
11
0.3552567322834645
21
0.1590592913385827
0
LINE
8
BLACK
6
CONTINUOUS
10
0.3552567322834645
20
0.1590592913385827
11
0.3584607086614173
21
0.1558553149606299
0
LINE
8
BLACK
6
CONTINUOUS
10
0.3584607086614173
20
0.1558553149606299
11
0.3617816535433071
21
0.154194842519685
0
LINE
8
BLACK
6
CONTINUOUS
10
0.3617816535433071
20
0.154194842519685
11
0.3622715354330708
21
0.1538864960629921
0
LINE
8
BLACK
6
CONTINUOUS
10
0.3622715354330708
20
0.1538864960629921
11
0.3630263779527559
21
0.1530161023622047
0
LINE
8
BLACK
6
CONTINUOUS
10
0.3630263779527559
20
0.1530161023622047
11
0.3633907086614173
21
0.1519231496062992
0
LINE
8
BLACK
6
CONTINUOUS
10
0.3633907086614173
20
0.1519231496062992
11
0.3633090551181102
21
0.150773937007874
0
LINE
8
BLACK
6
CONTINUOUS
10
0.3633090551181102
20
0.150773937007874
11
0.362793779527559
21
0.1497434251968504
0
LINE
8
BLACK
6
CONTINUOUS
10
0.362793779527559
20
0.1497434251968504
11
0.3619234251968504
21
0.1489885826771654
0
LINE
8
BLACK
6
CONTINUOUS
10
0.3619234251968504
20
0.1489885826771654
11
0.3608304330708662
21
0.1486242519685039
0
LINE
8
BLACK
6
CONTINUOUS
10
0.3608304330708662
20
0.1486242519685039
11
0.3596812204724409
21
0.148705905511811
0
LINE
8
BLACK
6
CONTINUOUS
10
0.3596812204724409
20
0.148705905511811
11
0.3591406299212598
21
0.1489127952755905
0
LINE
8
BLACK
6
CONTINUOUS
10
0.3591406299212598
20
0.1489127952755905
11
0.3553911023622047
21
0.1507875590551181
0
LINE
8
BLACK
6
CONTINUOUS
10
0.3553911023622047
20
0.1507875590551181
11
0.3551432677165354
21
0.1509435826771653
0
LINE
8
BLACK
6
CONTINUOUS
10
0.3551432677165354
20
0.1509435826771653
11
0.3550711417322834
21
0.1509734251968504
0
LINE
8
BLACK
6
CONTINUOUS
10
0.3550711417322834
20
0.1509734251968504
11
0.3549899606299213
21
0.1510400393700787
0
LINE
8
BLACK
6
CONTINUOUS
10
0.3549899606299213
20
0.1510400393700787
11
0.3549012204724409
21
0.151095905511811
0
LINE
8
BLACK
6
CONTINUOUS
10
0.3549012204724409
20
0.151095905511811
11
0.3548500787401574
21
0.151154842519685
0
LINE
8
BLACK
6
CONTINUOUS
10
0.3548500787401574
20
0.151154842519685
11
0.3546237007874016
21
0.1513406692913386
0
LINE
8
BLACK
6
CONTINUOUS
10
0.3546237007874016
20
0.1513406692913386
11
0.3521653149606299
21
0.1537990551181102
0
LINE
8
BLACK
6
CONTINUOUS
10
0.3521653149606299
20
0.1537990551181102
11
0.3521653149606299
21
0.1263850787401575
0
LINE
8
BLACK
6
CONTINUOUS
10
0.3521653149606299
20
0.1263850787401575
11
0.3604611417322834
21
0.1263850787401575
0
LINE
8
BLACK
6
CONTINUOUS
10
0.3604611417322834
20
0.1263850787401575
11
0.3610372047244094
21
0.1263283464566929
0
LINE
8
BLACK
6
CONTINUOUS
10
0.3610372047244094
20
0.1263283464566929
11
0.3621016141732283
21
0.1258874409448819
0
LINE
8
BLACK
6
CONTINUOUS
10
0.3621016141732283
20
0.1258874409448819
11
0.3629162598425197
21
0.1250727952755905
0
LINE
8
BLACK
6
CONTINUOUS
10
0.3629162598425197
20
0.1250727952755905
11
0.3633571653543307
21
0.1240083858267716
0
LINE
8
BLACK
6
CONTINUOUS
10
0.3633571653543307
20
0.1240083858267716
11
0.3633571653543307
21
0.1228562598425197
0
LINE
8
BLACK
6
CONTINUOUS
10
0.3633571653543307
20
0.1228562598425197
11
0.3629162598425197
21
0.1217918503937008
0
LINE
8
BLACK
6
CONTINUOUS
10
0.3629162598425197
20
0.1217918503937008
11
0.3621016141732283
21
0.1209772047244094
0
LINE
8
BLACK
6
CONTINUOUS
10
0.3621016141732283
20
0.1209772047244094
11
0.3610372047244094
21
0.1205362992125984
0
LINE
8
BLACK
6
CONTINUOUS
10
0.3610372047244094
20
0.1205362992125984
11
0.3604611417322834
21
0.1204795669291338
0
LINE
8
BLACK
6
CONTINUOUS
10
0.3604611417322834
20
0.1204795669291338
11
0.3379639763779527
21
0.1204795669291338
0
LINE
8
BLACK
6
CONTINUOUS
10
0.3379639763779527
20
0.1204795669291338
11
0.3373879133858267
21
0.1205362992125984
0
LINE
8
BLACK
6
CONTINUOUS
10
0.3373879133858267
20
0.1205362992125984
11
0.3363235039370079
21
0.1209772047244094
0
LINE
8
BLACK
6
CONTINUOUS
10
0.3363235039370079
20
0.1209772047244094
11
0.3355088582677165
21
0.1217918503937008
0
LINE
8
BLACK
6
CONTINUOUS
10
0.3355088582677165
20
0.1217918503937008
11
0.3350679527559055
21
0.1228562598425197
0
LINE
8
BLACK
6
CONTINUOUS
10
0.3350679527559055
20
0.1228562598425197
11
0.3350679527559055
21
0.1240083858267716
0
LINE
8
BLACK
6
CONTINUOUS
10
0.3350679527559055
20
0.1240083858267716
11
0.3355088582677165
21
0.1250727952755905
0
LINE
8
BLACK
6
CONTINUOUS
10
0.3355088582677165
20
0.1250727952755905
11
0.3363235039370079
21
0.1258874409448819
0
LINE
8
BLACK
6
CONTINUOUS
10
0.3363235039370079
20
0.1258874409448819
11
0.3373879133858267
21
0.1263283464566929
0
LINE
8
BLACK
6
CONTINUOUS
10
0.3373879133858267
20
0.1263283464566929
11
0.3379639763779527
21
0.1263850787401575
0
LINE
8
BLACK
6
CONTINUOUS
10
0.3379639763779527
20
0.1263850787401575
11
0.3462598031496063
21
0.1263850787401575
0
LINE
8
BLACK
6
CONTINUOUS
10
0.3462598031496063
20
0.1263850787401575
11
0.3462598031496063
21
0.1628024015748031
0
LINE
8
BLACK
6
CONTINUOUS
10
0.3462598031496063
20
0.1628024015748031
11
0.34626
21
0.1628044881889764
0
LINE
8
BLACK
6
CONTINUOUS
10
0.34626
20
0.1628044881889764
11
0.3462598031496063
21
0.1628055118110236
0
LINE
8
BLACK
6
CONTINUOUS
10
0.3462598031496063
20
0.1628055118110236
11
0.3462603937007874
21
0.1628085433070866
0
LINE
8
BLACK
6
CONTINUOUS
10
0.3462603937007874
20
0.1628085433070866
11
0.3463165354330708
21
0.1633784645669291
0
LINE
8
BLACK
6
CONTINUOUS
10
0.3463165354330708
20
0.1633784645669291
11
0.3464283858267717
21
0.1636485826771653
0
LINE
8
BLACK
6
CONTINUOUS
10
0.3464283858267717
20
0.1636485826771653
11
0.3464857480314961
21
0.1639351968503937
0
LINE
8
BLACK
6
CONTINUOUS
10
0.3464857480314961
20
0.1639351968503937
11
0.3466466929133858
21
0.1641755905511811
0
LINE
8
BLACK
6
CONTINUOUS
10
0.3466466929133858
20
0.1641755905511811
11
0.3467574409448819
21
0.164442874015748
0
LINE
8
BLACK
6
CONTINUOUS
10
0.3467574409448819
20
0.164442874015748
11
0.3469641338582677
21
0.1646496062992126
0
LINE
8
BLACK
6
CONTINUOUS
10
0.3469641338582677
20
0.1646496062992126
11
0.347126811023622
21
0.1648924803149606
0
LINE
8
BLACK
6
CONTINUOUS
10
0.347126811023622
20
0.1648924803149606
11
0.3473675196850394
21
0.1650529921259843
0
LINE
8
BLACK
6
CONTINUOUS
10
0.3473675196850394
20
0.1650529921259843
11
0.3475720866141732
21
0.1652575196850394
0
LINE
8
BLACK
6
CONTINUOUS
10
0.3475720866141732
20
0.1652575196850394
11
0.3478421653543307
21
0.1653694094488189
0
LINE
8
BLACK
6
CONTINUOUS
10
0.3478421653543307
20
0.1653694094488189
11
0.3480854330708661
21
0.1655315748031496
0
LINE
8
BLACK
6
CONTINUOUS
10
0.3480854330708661
20
0.1655315748031496
11
0.3483692125984252
21
0.1655877165354331
0
LINE
8
BLACK
6
CONTINUOUS
10
0.3483692125984252
20
0.1655877165354331
11
0.3486364960629921
21
0.1656984251968504
0
LINE
8
BLACK
6
CONTINUOUS
10
0.3486364960629921
20
0.1656984251968504
11
0.3489288976377953
21
0.1656984251968504
0
LINE
8
BLACK
6
CONTINUOUS
10
0.3489288976377953
20
0.1656984251968504
11
0.3492156692913386
21
0.165755157480315
0
LINE
8
BLACK
6
CONTINUOUS
10
0.3492156692913386
20
0.165755157480315
11
0.3494993307086614
21
0.1656984251968504
0
LINE
8
BLACK
6
CONTINUOUS
10
0.3869994094488189
20
0.1657264566929134
11
0.3870771653543307
21
0.165731968503937
0
LINE
8
BLACK
6
CONTINUOUS
10
0.3870771653543307
20
0.165731968503937
11
0.3871794094488189
21
0.1657087401574803
0
LINE
8
BLACK
6
CONTINUOUS
10
0.3871794094488189
20
0.1657087401574803
11
0.387283937007874
21
0.1656984251968504
0
LINE
8
BLACK
6
CONTINUOUS
10
0.387283937007874
20
0.1656984251968504
11
0.3873560236220472
21
0.1656685826771654
0
LINE
8
BLACK
6
CONTINUOUS
10
0.3873560236220472
20
0.1656685826771654
11
0.3876416141732283
21
0.1656036220472441
0
LINE
8
BLACK
6
CONTINUOUS
10
0.3876416141732283
20
0.1656036220472441
11
0.393265905511811
21
0.1637288582677165
0
LINE
8
BLACK
6
CONTINUOUS
10
0.393265905511811
20
0.1637288582677165
11
0.3937944488188976
21
0.163492874015748
0
LINE
8
BLACK
6
CONTINUOUS
10
0.3937944488188976
20
0.163492874015748
11
0.3938745669291339
21
0.1634233858267717
0
LINE
8
BLACK
6
CONTINUOUS
10
0.3938745669291339
20
0.1634233858267717
11
0.3939726377952756
21
0.1633827559055118
0
LINE
8
BLACK
6
CONTINUOUS
10
0.3939726377952756
20
0.1633827559055118
11
0.3944200787401575
21
0.1630155511811024
0
LINE
8
BLACK
6
CONTINUOUS
10
0.3944200787401575
20
0.1630155511811024
11
0.3981696062992126
21
0.1592660236220473
0
LINE
8
BLACK
6
CONTINUOUS
10
0.3981696062992126
20
0.1592660236220473
11
0.3983554330708661
21
0.1590396456692913
0
LINE
8
BLACK
6
CONTINUOUS
10
0.3983554330708661
20
0.1590396456692913
11
0.3984143700787401
21
0.1589885039370079
0
LINE
8
BLACK
6
CONTINUOUS
10
0.3984143700787401
20
0.1589885039370079
11
0.3984702362204725
21
0.1588997637795276
0
LINE
8
BLACK
6
CONTINUOUS
10
0.3984702362204725
20
0.1588997637795276
11
0.3985368503937008
21
0.1588185826771653
0
LINE
8
BLACK
6
CONTINUOUS
10
0.3985368503937008
20
0.1588185826771653
11
0.3985666929133858
21
0.1587464566929134
0
LINE
8
BLACK
6
CONTINUOUS
10
0.3985666929133858
20
0.1587464566929134
11
0.3987227165354331
21
0.1584986220472441
0
LINE
8
BLACK
6
CONTINUOUS
10
0.3987227165354331
20
0.1584986220472441
11
0.4005974803149606
21
0.154749094488189
0
LINE
8
BLACK
6
CONTINUOUS
10
0.4005974803149606
20
0.154749094488189
11
0.4006135826771653
21
0.1547070078740158
0
LINE
8
BLACK
6
CONTINUOUS
10
0.4006135826771653
20
0.1547070078740158
11
0.4006262992125984
21
0.154689842519685
0
LINE
8
BLACK
6
CONTINUOUS
10
0.4006262992125984
20
0.154689842519685
11
0.4007123622047244
21
0.154448937007874
0
LINE
8
BLACK
6
CONTINUOUS
10
0.4007123622047244
20
0.154448937007874
11
0.4008043700787401
21
0.1542085039370079
0
LINE
8
BLACK
6
CONTINUOUS
10
0.4008043700787401
20
0.1542085039370079
11
0.4008058661417322
21
0.1541872440944882
0
LINE
8
BLACK
6
CONTINUOUS
10
0.4008058661417322
20
0.1541872440944882
11
0.400821062992126
21
0.1541447244094488
0
LINE
8
BLACK
6
CONTINUOUS
10
0.400821062992126
20
0.1541447244094488
11
0.4026958267716536
21
0.1466456692913386
0
LINE
8
BLACK
6
CONTINUOUS
10
0.4026958267716536
20
0.1466456692913386
11
0.4027105905511811
21
0.1465458267716535
0
LINE
8
BLACK
6
CONTINUOUS
10
0.4027105905511811
20
0.1465458267716535
11
0.4027272440944882
21
0.1465055905511811
0
LINE
8
BLACK
6
CONTINUOUS
10
0.4027272440944882
20
0.1465055905511811
11
0.4027485826771653
21
0.1462885826771654
0
LINE
8
BLACK
6
CONTINUOUS
10
0.4027485826771653
20
0.1462885826771654
11
0.4027804724409449
21
0.1460730708661417
0
LINE
8
BLACK
6
CONTINUOUS
10
0.4027804724409449
20
0.1460730708661417
11
0.4027740551181102
21
0.1460300787401575
0
LINE
8
BLACK
6
CONTINUOUS
10
0.4027740551181102
20
0.1460300787401575
11
0.4027839763779528
21
0.1459295275590551
0
LINE
8
BLACK
6
CONTINUOUS
10
0.4027839763779528
20
0.1459295275590551
11
0.4027839763779528
21
0.1403052362204724
0
LINE
8
BLACK
6
CONTINUOUS
10
0.4027839763779528
20
0.1403052362204724
11
0.4027740551181102
21
0.1402047244094488
0
LINE
8
BLACK
6
CONTINUOUS
10
0.4027740551181102
20
0.1402047244094488
11
0.4027804724409449
21
0.1401616929133858
0
LINE
8
BLACK
6
CONTINUOUS
10
0.4027804724409449
20
0.1401616929133858
11
0.4027485826771653
21
0.1399462204724409
0
LINE
8
BLACK
6
CONTINUOUS
10
0.4027485826771653
20
0.1399462204724409
11
0.4027272440944882
21
0.1397291732283465
0
LINE
8
BLACK
6
CONTINUOUS
10
0.4027272440944882
20
0.1397291732283465
11
0.4027105905511811
21
0.1396889763779527
0
LINE
8
BLACK
6
CONTINUOUS
10
0.4027105905511811
20
0.1396889763779527
11
0.4026958267716536
21
0.139589094488189
0
LINE
8
BLACK
6
CONTINUOUS
10
0.4026958267716536
20
0.139589094488189
11
0.400821062992126
21
0.1320900393700787
0
LINE
8
BLACK
6
CONTINUOUS
10
0.400821062992126
20
0.1320900393700787
11
0.4008058661417322
21
0.1320475590551181
0
LINE
8
BLACK
6
CONTINUOUS
10
0.4008058661417322
20
0.1320475590551181
11
0.4008043700787401
21
0.1320262598425197
0
LINE
8
BLACK
6
CONTINUOUS
10
0.4008043700787401
20
0.1320262598425197
11
0.4007125984251969
21
0.1317865354330709
0
LINE
8
BLACK
6
CONTINUOUS
10
0.4007125984251969
20
0.1317865354330709
11
0.4006262992125984
21
0.1315449212598425
0
LINE
8
BLACK
6
CONTINUOUS
10
0.4006262992125984
20
0.1315449212598425
11
0.4006135826771653
21
0.1315277952755906
0
LINE
8
BLACK
6
CONTINUOUS
10
0.4006135826771653
20
0.1315277952755906
11
0.4005974803149606
21
0.1314856692913386
0
LINE
8
BLACK
6
CONTINUOUS
10
0.4005974803149606
20
0.1314856692913386
11
0.3987227165354331
21
0.1277361417322835
0
LINE
8
BLACK
6
CONTINUOUS
10
0.3987227165354331
20
0.1277361417322835
11
0.3985666535433071
21
0.1274882677165354
0
LINE
8
BLACK
6
CONTINUOUS
10
0.3985666535433071
20
0.1274882677165354
11
0.3985368503937008
21
0.1274162204724409
0
LINE
8
BLACK
6
CONTINUOUS
10
0.3985368503937008
20
0.1274162204724409
11
0.3984703149606299
21
0.1273351968503937
0
LINE
8
BLACK
6
CONTINUOUS
10
0.3984703149606299
20
0.1273351968503937
11
0.3984143700787401
21
0.1272462598425197
0
LINE
8
BLACK
6
CONTINUOUS
10
0.3984143700787401
20
0.1272462598425197
11
0.3983553543307087
21
0.1271951181102362
0
LINE
8
BLACK
6
CONTINUOUS
10
0.3983553543307087
20
0.1271951181102362
11
0.3981696456692913
21
0.1269687795275591
0
LINE
8
BLACK
6
CONTINUOUS
10
0.3981696456692913
20
0.1269687795275591
11
0.3944200787401575
21
0.1232191732283465
0
LINE
8
BLACK
6
CONTINUOUS
10
0.3944200787401575
20
0.1232191732283465
11
0.3939726377952756
21
0.122851968503937
0
LINE
8
BLACK
6
CONTINUOUS
10
0.3939726377952756
20
0.122851968503937
11
0.3938745669291339
21
0.1228113779527559
0
LINE
8
BLACK
6
CONTINUOUS
10
0.3938745669291339
20
0.1228113779527559
11
0.3937944488188976
21
0.1227418503937008
0
LINE
8
BLACK
6
CONTINUOUS
10
0.3937944488188976
20
0.1227418503937008
11
0.393265905511811
21
0.1225058661417323
0
LINE
8
BLACK
6
CONTINUOUS
10
0.393265905511811
20
0.1225058661417323
11
0.3876416141732283
21
0.1206311023622047
0
LINE
8
BLACK
6
CONTINUOUS
10
0.3876416141732283
20
0.1206311023622047
11
0.3873560236220472
21
0.1205661811023622
0
LINE
8
BLACK
6
CONTINUOUS
10
0.3873560236220472
20
0.1205661811023622
11
0.387283937007874
21
0.1205362992125984
0
LINE
8
BLACK
6
CONTINUOUS
10
0.387283937007874
20
0.1205362992125984
11
0.3871794094488189
21
0.1205260236220472
0
LINE
8
BLACK
6
CONTINUOUS
10
0.3871794094488189
20
0.1205260236220472
11
0.3870771653543307
21
0.1205027559055118
0
LINE
8
BLACK
6
CONTINUOUS
10
0.3870771653543307
20
0.1205027559055118
11
0.3869994094488189
21
0.1205083070866142
0
LINE
8
BLACK
6
CONTINUOUS
10
0.3869994094488189
20
0.1205083070866142
11
0.386707874015748
21
0.1204795669291338
0
LINE
8
BLACK
6
CONTINUOUS
10
0.386707874015748
20
0.1204795669291338
11
0.3829583464566929
21
0.1204795669291338
0
LINE
8
BLACK
6
CONTINUOUS
10
0.3829583464566929
20
0.1204795669291338
11
0.3826667322834645
21
0.1205083070866142
0
LINE
8
BLACK
6
CONTINUOUS
10
0.3826667322834645
20
0.1205083070866142
11
0.3825890157480315
21
0.1205027559055118
0
LINE
8
BLACK
6
CONTINUOUS
10
0.3825890157480315
20
0.1205027559055118
11
0.3824867322834646
21
0.1205260236220472
0
LINE
8
BLACK
6
CONTINUOUS
10
0.3824867322834646
20
0.1205260236220472
11
0.3823822834645669
21
0.1205362992125984
0
LINE
8
BLACK
6
CONTINUOUS
10
0.3823822834645669
20
0.1205362992125984
11
0.3823101968503937
21
0.1205661811023622
0
LINE
8
BLACK
6
CONTINUOUS
10
0.3823101968503937
20
0.1205661811023622
11
0.3820245669291338
21
0.1206311023622047
0
LINE
8
BLACK
6
CONTINUOUS
10
0.3820245669291338
20
0.1206311023622047
11
0.3764003149606299
21
0.1225058661417323
0
LINE
8
BLACK
6
CONTINUOUS
10
0.3764003149606299
20
0.1225058661417323
11
0.3758717322834645
21
0.1227418503937008
0
LINE
8
BLACK
6
CONTINUOUS
10
0.3758717322834645
20
0.1227418503937008
11
0.3757915354330709
21
0.1228114173228346
0
LINE
8
BLACK
6
CONTINUOUS
10
0.3757915354330709
20
0.1228114173228346
11
0.3756935826771653
21
0.122851968503937
0
LINE
8
BLACK
6
CONTINUOUS
10
0.3756935826771653
20
0.122851968503937
11
0.3752461023622047
21
0.1232192125984252
0
LINE
8
BLACK
6
CONTINUOUS
10
0.3752461023622047
20
0.1232192125984252
11
0.3733713385826772
21
0.1250940157480315
0
LINE
8
BLACK
6
CONTINUOUS
10
0.3733713385826772
20
0.1250940157480315
11
0.3730041338582677
21
0.1255414566929134
0
LINE
8
BLACK
6
CONTINUOUS
10
0.3730041338582677
20
0.1255414566929134
11
0.3725632677165354
21
0.1266058661417323
0
LINE
8
BLACK
6
CONTINUOUS
10
0.3725632677165354
20
0.1266058661417323
11
0.3725632677165354
21
0.1277579527559055
0
LINE
8
BLACK
6
CONTINUOUS
10
0.3725632677165354
20
0.1277579527559055
11
0.3730041732283464
21
0.1288223622047244
0
LINE
8
BLACK
6
CONTINUOUS
10
0.3730041732283464
20
0.1288223622047244
11
0.3738188582677165
21
0.1296370472440945
0
LINE
8
BLACK
6
CONTINUOUS
10
0.3738188582677165
20
0.1296370472440945
11
0.3748832677165354
21
0.1300779133858268
0
LINE
8
BLACK
6
CONTINUOUS
10
0.3748832677165354
20
0.1300779133858268
11
0.3760353543307087
21
0.1300779133858268
0
LINE
8
BLACK
6
CONTINUOUS
10
0.3760353543307087
20
0.1300779133858268
11
0.3770997637795275
21
0.1296370078740157
0
LINE
8
BLACK
6
CONTINUOUS
10
0.3770997637795275
20
0.1296370078740157
11
0.3775472440944882
21
0.1292697637795276
0
LINE
8
BLACK
6
CONTINUOUS
10
0.3775472440944882
20
0.1292697637795276
11
0.378929094488189
21
0.127887874015748
0
LINE
8
BLACK
6
CONTINUOUS
10
0.378929094488189
20
0.127887874015748
11
0.3834374803149606
21
0.1263850787401575
0
LINE
8
BLACK
6
CONTINUOUS
10
0.3834374803149606
20
0.1263850787401575
11
0.3862287401574803
21
0.1263850787401575
0
LINE
8
BLACK
6
CONTINUOUS
10
0.3862287401574803
20
0.1263850787401575
11
0.390737125984252
21
0.1278879133858268
0
LINE
8
BLACK
6
CONTINUOUS
10
0.390737125984252
20
0.1278879133858268
11
0.3936549212598425
21
0.1308057480314961
0
LINE
8
BLACK
6
CONTINUOUS
10
0.3936549212598425
20
0.1308057480314961
11
0.3951704330708661
21
0.1338367322834646
0
LINE
8
BLACK
6
CONTINUOUS
10
0.3951704330708661
20
0.1338367322834646
11
0.3968784645669291
21
0.140668779527559
0
LINE
8
BLACK
6
CONTINUOUS
10
0.3968784645669291
20
0.140668779527559
11
0.3968784645669291
21
0.1455659842519685
0
LINE
8
BLACK
6
CONTINUOUS
10
0.3968784645669291
20
0.1455659842519685
11
0.3951704330708661
21
0.152398031496063
0
LINE
8
BLACK
6
CONTINUOUS
10
0.3951704330708661
20
0.152398031496063
11
0.3936549606299212
21
0.1554290157480315
0
LINE
8
BLACK
6
CONTINUOUS
10
0.3936549606299212
20
0.1554290157480315
11
0.390737125984252
21
0.1583468503937008
0
LINE
8
BLACK
6
CONTINUOUS
10
0.390737125984252
20
0.1583468503937008
11
0.3862287401574803
21
0.1598496456692913
0
LINE
8
BLACK
6
CONTINUOUS
10
0.3862287401574803
20
0.1598496456692913
11
0.3834374803149606
21
0.1598496456692913
0
LINE
8
BLACK
6
CONTINUOUS
10
0.3834374803149606
20
0.1598496456692913
11
0.378929094488189
21
0.1583468503937008
0
LINE
8
BLACK
6
CONTINUOUS
10
0.378929094488189
20
0.1583468503937008
11
0.3775472047244094
21
0.1569649606299213
0
LINE
8
BLACK
6
CONTINUOUS
10
0.3775472047244094
20
0.1569649606299213
11
0.3770997637795275
21
0.1565977559055118
0
LINE
8
BLACK
6
CONTINUOUS
10
0.3770997637795275
20
0.1565977559055118
11
0.3760353149606299
21
0.1561568503937008
0
LINE
8
BLACK
6
CONTINUOUS
10
0.3760353149606299
20
0.1561568503937008
11
0.3748832677165354
21
0.1561568503937008
0
LINE
8
BLACK
6
CONTINUOUS
10
0.3748832677165354
20
0.1561568503937008
11
0.3738188188976378
21
0.1565977559055118
0
LINE
8
BLACK
6
CONTINUOUS
10
0.3738188188976378
20
0.1565977559055118
11
0.3730041732283464
21
0.1574124015748032
0
LINE
8
BLACK
6
CONTINUOUS
10
0.3730041732283464
20
0.1574124015748032
11
0.3725632677165354
21
0.1584768503937008
0
LINE
8
BLACK
6
CONTINUOUS
10
0.3725632677165354
20
0.1584768503937008
11
0.3725632677165354
21
0.1596288976377953
0
LINE
8
BLACK
6
CONTINUOUS
10
0.3725632677165354
20
0.1596288976377953
11
0.3730041732283464
21
0.1606933464566929
0
LINE
8
BLACK
6
CONTINUOUS
10
0.3730041732283464
20
0.1606933464566929
11
0.3733713779527559
21
0.1611407874015748
0
LINE
8
BLACK
6
CONTINUOUS
10
0.3733713779527559
20
0.1611407874015748
11
0.3752461417322834
21
0.1630155511811024
0
LINE
8
BLACK
6
CONTINUOUS
10
0.3752461417322834
20
0.1630155511811024
11
0.3756935826771653
21
0.1633827559055118
0
LINE
8
BLACK
6
CONTINUOUS
10
0.3756935826771653
20
0.1633827559055118
11
0.3757915354330709
21
0.1634233464566929
0
LINE
8
BLACK
6
CONTINUOUS
10
0.3757915354330709
20
0.1634233464566929
11
0.3758717322834645
21
0.163492874015748
0
LINE
8
BLACK
6
CONTINUOUS
10
0.3758717322834645
20
0.163492874015748
11
0.3764003149606299
21
0.1637288582677165
0
LINE
8
BLACK
6
CONTINUOUS
10
0.3764003149606299
20
0.1637288582677165
11
0.3820245669291338
21
0.1656036220472441
0
LINE
8
BLACK
6
CONTINUOUS
10
0.3820245669291338
20
0.1656036220472441
11
0.3823101968503937
21
0.1656685826771654
0
LINE
8
BLACK
6
CONTINUOUS
10
0.3823101968503937
20
0.1656685826771654
11
0.3823822834645669
21
0.1656984251968504
0
LINE
8
BLACK
6
CONTINUOUS
10
0.3823822834645669
20
0.1656984251968504
11
0.3824867322834646
21
0.1657087401574803
0
LINE
8
BLACK
6
CONTINUOUS
10
0.3824867322834646
20
0.1657087401574803
11
0.3825890157480315
21
0.165731968503937
0
LINE
8
BLACK
6
CONTINUOUS
10
0.3825890157480315
20
0.165731968503937
11
0.3826667322834645
21
0.1657264566929134
0
LINE
8
BLACK
6
CONTINUOUS
10
0.3826667322834645
20
0.1657264566929134
11
0.3829583464566929
21
0.165755157480315
0
LINE
8
BLACK
6
CONTINUOUS
10
0.3829583464566929
20
0.165755157480315
11
0.386707874015748
21
0.165755157480315
0
LINE
8
BLACK
6
CONTINUOUS
10
0.386707874015748
20
0.165755157480315
11
0.3869994094488189
21
0.1657264566929134
0
LINE
8
BLACK
6
CONTINUOUS
10
0.4534631496062992
20
0.1656984251968504
11
0.4545275590551181
21
0.1652575196850394
0
LINE
8
BLACK
6
CONTINUOUS
10
0.4545275590551181
20
0.1652575196850394
11
0.4553422047244094
21
0.164442874015748
0
LINE
8
BLACK
6
CONTINUOUS
10
0.4553422047244094
20
0.164442874015748
11
0.4557831102362205
21
0.1633784645669291
0
LINE
8
BLACK
6
CONTINUOUS
10
0.4557831102362205
20
0.1633784645669291
11
0.4557831102362205
21
0.1622263385826772
0
LINE
8
BLACK
6
CONTINUOUS
10
0.4557831102362205
20
0.1622263385826772
11
0.4553422047244094
21
0.1611619291338583
0
LINE
8
BLACK
6
CONTINUOUS
10
0.4553422047244094
20
0.1611619291338583
11
0.4545275590551181
21
0.1603472834645669
0
LINE
8
BLACK
6
CONTINUOUS
10
0.4545275590551181
20
0.1603472834645669
11
0.4534631496062992
21
0.1599063779527559
0
LINE
8
BLACK
6
CONTINUOUS
10
0.4534631496062992
20
0.1599063779527559
11
0.4528870866141732
21
0.1598496456692913
0
LINE
8
BLACK
6
CONTINUOUS
10
0.4528870866141732
20
0.1598496456692913
11
0.4350223228346456
21
0.1598496456692913
0
LINE
8
BLACK
6
CONTINUOUS
10
0.4350223228346456
20
0.1598496456692913
11
0.4438606692913385
21
0.1497487007874016
0
LINE
8
BLACK
6
CONTINUOUS
10
0.4438606692913385
20
0.1497487007874016
11
0.4440386614173228
21
0.1494997244094488
0
LINE
8
BLACK
6
CONTINUOUS
10
0.4440386614173228
20
0.1494997244094488
11
0.4440936220472441
21
0.1494447637795276
0
LINE
8
BLACK
6
CONTINUOUS
10
0.4440936220472441
20
0.1494447637795276
11
0.4441151968503937
21
0.1493926771653543
0
LINE
8
BLACK
6
CONTINUOUS
10
0.4441151968503937
20
0.1493926771653543
11
0.4441973228346456
21
0.1492777952755905
0
LINE
8
BLACK
6
CONTINUOUS
10
0.4441973228346456
20
0.1492777952755905
11
0.444350905511811
21
0.1488235826771654
0
LINE
8
BLACK
6
CONTINUOUS
10
0.444350905511811
20
0.1488235826771654
11
0.4445345275590551
21
0.1483803543307086
0
LINE
8
BLACK
6
CONTINUOUS
10
0.4445345275590551
20
0.1483803543307086
11
0.4445345275590551
21
0.148280748031496
0
LINE
8
BLACK
6
CONTINUOUS
10
0.4445345275590551
20
0.148280748031496
11
0.4445664173228346
21
0.1481864173228346
0
LINE
8
BLACK
6
CONTINUOUS
10
0.4445664173228346
20
0.1481864173228346
11
0.4445345275590551
21
0.1477079527559055
0
LINE
8
BLACK
6
CONTINUOUS
10
0.4445345275590551
20
0.1477079527559055
11
0.4445345275590551
21
0.1472282283464567
0
LINE
8
BLACK
6
CONTINUOUS
10
0.4445345275590551
20
0.1472282283464567
11
0.4444964173228346
21
0.1471362598425197
0
LINE
8
BLACK
6
CONTINUOUS
10
0.4444964173228346
20
0.1471362598425197
11
0.4444898031496063
21
0.1470368897637795
0
LINE
8
BLACK
6
CONTINUOUS
10
0.4444898031496063
20
0.1470368897637795
11
0.4442770866141732
21
0.1466067716535433
0
LINE
8
BLACK
6
CONTINUOUS
10
0.4442770866141732
20
0.1466067716535433
11
0.4440936220472441
21
0.1461638188976378
0
LINE
8
BLACK
6
CONTINUOUS
10
0.4440936220472441
20
0.1461638188976378
11
0.4440232677165354
21
0.1460935039370079
0
LINE
8
BLACK
6
CONTINUOUS
10
0.4440232677165354
20
0.1460935039370079
11
0.443979094488189
21
0.1460041338582677
0
LINE
8
BLACK
6
CONTINUOUS
10
0.443979094488189
20
0.1460041338582677
11
0.4436179527559055
21
0.1456881889763779
0
LINE
8
BLACK
6
CONTINUOUS
10
0.4436179527559055
20
0.1456881889763779
11
0.4432789763779528
21
0.1453491732283465
0
LINE
8
BLACK
6
CONTINUOUS
10
0.4432789763779528
20
0.1453491732283465
11
0.443186968503937
21
0.145311062992126
0
LINE
8
BLACK
6
CONTINUOUS
10
0.443186968503937
20
0.145311062992126
11
0.4431120078740157
21
0.1452454724409449
0
LINE
8
BLACK
6
CONTINUOUS
10
0.4431120078740157
20
0.1452454724409449
11
0.4426577559055118
21
0.1450918897637795
0
LINE
8
BLACK
6
CONTINUOUS
10
0.4426577559055118
20
0.1450918897637795
11
0.4422145669291339
21
0.1449082677165354
0
LINE
8
BLACK
6
CONTINUOUS
10
0.4422145669291339
20
0.1449082677165354
11
0.4420739763779528
21
0.1448944488188976
0
LINE
8
BLACK
6
CONTINUOUS
10
0.4420739763779528
20
0.1448944488188976
11
0.4420206299212598
21
0.1448763779527559
0
LINE
8
BLACK
6
CONTINUOUS
10
0.4420206299212598
20
0.1448763779527559
11
0.4419431496062992
21
0.1448815748031496
0
LINE
8
BLACK
6
CONTINUOUS
10
0.4419431496062992
20
0.1448815748031496
11
0.4416385039370079
21
0.1448515354330709
0
LINE
8
BLACK
6
CONTINUOUS
10
0.4416385039370079
20
0.1448515354330709
11
0.4367112598425197
21
0.1448515354330709
0
LINE
8
BLACK
6
CONTINUOUS
10
0.4367112598425197
20
0.1448515354330709
11
0.434013779527559
21
0.1435027952755905
0
LINE
8
BLACK
6
CONTINUOUS
10
0.434013779527559
20
0.1435027952755905
11
0.4328166535433071
21
0.1423056692913386
0
LINE
8
BLACK
6
CONTINUOUS
10
0.4328166535433071
20
0.1423056692913386
11
0.4314679133858267
21
0.1396081889763779
0
LINE
8
BLACK
6
CONTINUOUS
10
0.4314679133858267
20
0.1396081889763779
11
0.4314679133858267
21
0.1316284645669291
0
LINE
8
BLACK
6
CONTINUOUS
10
0.4314679133858267
20
0.1316284645669291
11
0.4328166535433071
21
0.1289309842519685
0
LINE
8
BLACK
6
CONTINUOUS
10
0.4328166535433071
20
0.1289309842519685
11
0.434013779527559
21
0.1277338188976378
0
LINE
8
BLACK
6
CONTINUOUS
10
0.434013779527559
20
0.1277338188976378
11
0.4367112598425197
21
0.1263850787401575
0
LINE
8
BLACK
6
CONTINUOUS
10
0.4367112598425197
20
0.1263850787401575
11
0.4465657480314961
21
0.1263850787401575
0
LINE
8
BLACK
6
CONTINUOUS
10
0.4465657480314961
20
0.1263850787401575
11
0.449263188976378
21
0.1277338188976378
0
LINE
8
BLACK
6
CONTINUOUS
10
0.449263188976378
20
0.1277338188976378
11
0.4507991338582677
21
0.1292697637795276
0
LINE
8
BLACK
6
CONTINUOUS
10
0.4507991338582677
20
0.1292697637795276
11
0.4512466141732283
21
0.1296370078740157
0
LINE
8
BLACK
6
CONTINUOUS
10
0.4512466141732283
20
0.1296370078740157
11
0.4523110236220472
21
0.1300779133858268
0
LINE
8
BLACK
6
CONTINUOUS
10
0.4523110236220472
20
0.1300779133858268
11
0.4534631102362204
21
0.1300779133858268
0
LINE
8
BLACK
6
CONTINUOUS
10
0.4534631102362204
20
0.1300779133858268
11
0.4545275196850393
21
0.1296370472440945
0
LINE
8
BLACK
6
CONTINUOUS
10
0.4545275196850393
20
0.1296370472440945
11
0.4553422047244094
21
0.1288223622047244
0
LINE
8
BLACK
6
CONTINUOUS
10
0.4553422047244094
20
0.1288223622047244
11
0.4557831102362205
21
0.1277579527559055
0
LINE
8
BLACK
6
CONTINUOUS
10
0.4557831102362205
20
0.1277579527559055
11
0.4557831102362205
21
0.1266058661417323
0
LINE
8
BLACK
6
CONTINUOUS
10
0.4557831102362205
20
0.1266058661417323
11
0.4553422440944882
21
0.1255414566929134
0
LINE
8
BLACK
6
CONTINUOUS
10
0.4553422440944882
20
0.1255414566929134
11
0.454975
21
0.1250939763779527
0
LINE
8
BLACK
6
CONTINUOUS
10
0.454975
20
0.1250939763779527
11
0.4531002755905512
21
0.1232192125984252
0
LINE
8
BLACK
6
CONTINUOUS
10
0.4531002755905512
20
0.1232192125984252
11
0.4528738976377953
21
0.1230334645669291
0
LINE
8
BLACK
6
CONTINUOUS
10
0.4528738976377953
20
0.1230334645669291
11
0.452822716535433
21
0.1229744094488189
0
LINE
8
BLACK
6
CONTINUOUS
10
0.452822716535433
20
0.1229744094488189
11
0.4527337401574803
21
0.1229184251968504
0
LINE
8
BLACK
6
CONTINUOUS
10
0.4527337401574803
20
0.1229184251968504
11
0.4526527952755905
21
0.122851968503937
0
LINE
8
BLACK
6
CONTINUOUS
10
0.4526527952755905
20
0.122851968503937
11
0.4525808267716535
21
0.1228221653543307
0
LINE
8
BLACK
6
CONTINUOUS
10
0.4525808267716535
20
0.1228221653543307
11
0.4523328346456693
21
0.122666062992126
0
LINE
8
BLACK
6
CONTINUOUS
10
0.4523328346456693
20
0.122666062992126
11
0.4485833070866141
21
0.1207912992125984
0
LINE
8
BLACK
6
CONTINUOUS
10
0.4485833070866141
20
0.1207912992125984
11
0.4480426771653543
21
0.1205844094488189
0
LINE
8
BLACK
6
CONTINUOUS
10
0.4480426771653543
20
0.1205844094488189
11
0.4479368503937008
21
0.1205769291338583
0
LINE
8
BLACK
6
CONTINUOUS
10
0.4479368503937008
20
0.1205769291338583
11
0.4478388582677165
21
0.1205362992125984
0
LINE
8
BLACK
6
CONTINUOUS
10
0.4478388582677165
20
0.1205362992125984
11
0.4472627952755905
21
0.1204795669291338
0
LINE
8
BLACK
6
CONTINUOUS
10
0.4472627952755905
20
0.1204795669291338
11
0.4360142125984252
21
0.1204795669291338
0
LINE
8
BLACK
6
CONTINUOUS
10
0.4360142125984252
20
0.1204795669291338
11
0.4354381496062992
21
0.1205362992125984
0
LINE
8
BLACK
6
CONTINUOUS
10
0.4354381496062992
20
0.1205362992125984
11
0.435340157480315
21
0.1205768897637795
0
LINE
8
BLACK
6
CONTINUOUS
10
0.435340157480315
20
0.1205768897637795
11
0.4352342913385827
21
0.1205844094488189
0
LINE
8
BLACK
6
CONTINUOUS
10
0.4352342913385827
20
0.1205844094488189
11
0.4346937007874015
21
0.1207912992125984
0
LINE
8
BLACK
6
CONTINUOUS
10
0.4346937007874015
20
0.1207912992125984
11
0.4309441732283464
21
0.122666062992126
0
LINE
8
BLACK
6
CONTINUOUS
10
0.4309441732283464
20
0.122666062992126
11
0.4306961417322834
21
0.1228221653543307
0
LINE
8
BLACK
6
CONTINUOUS
10
0.4306961417322834
20
0.1228221653543307
11
0.4306242125984252
21
0.122851968503937
0
LINE
8
BLACK
6
CONTINUOUS
10
0.4306242125984252
20
0.122851968503937
11
0.4305432283464567
21
0.1229184251968504
0
LINE
8
BLACK
6
CONTINUOUS
10
0.4305432283464567
20
0.1229184251968504
11
0.4304542913385827
21
0.1229744094488189
0
LINE
8
BLACK
6
CONTINUOUS
10
0.4304542913385827
20
0.1229744094488189
11
0.4304030708661417
21
0.1230334645669291
0
LINE
8
BLACK
6
CONTINUOUS
10
0.4304030708661417
20
0.1230334645669291
11
0.4301767322834645
21
0.1232192125984252
0
LINE
8
BLACK
6
CONTINUOUS
10
0.4301767322834645
20
0.1232192125984252
11
0.428301968503937
21
0.1250940157480315
0
LINE
8
BLACK
6
CONTINUOUS
10
0.428301968503937
20
0.1250940157480315
11
0.4281162204724409
21
0.1253203543307086
0
LINE
8
BLACK
6
CONTINUOUS
10
0.4281162204724409
20
0.1253203543307086
11
0.4280572440944882
21
0.1253714960629921
0
LINE
8
BLACK
6
CONTINUOUS
10
0.4280572440944882
20
0.1253714960629921
11
0.4280012598425197
21
0.1254604330708661
0
LINE
8
BLACK
6
CONTINUOUS
10
0.4280012598425197
20
0.1254604330708661
11
0.4279347637795275
21
0.1255414566929134
0
LINE
8
BLACK
6
CONTINUOUS
10
0.4279347637795275
20
0.1255414566929134
11
0.4279049212598425
21
0.1256135039370079
0
LINE
8
BLACK
6
CONTINUOUS
10
0.4279049212598425
20
0.1256135039370079
11
0.4277488976377953
21
0.1258613779527559
0
LINE
8
BLACK
6
CONTINUOUS
10
0.4277488976377953
20
0.1258613779527559
11
0.4258741338582677
21
0.129610905511811
0
LINE
8
BLACK
6
CONTINUOUS
10
0.4258741338582677
20
0.129610905511811
11
0.4256672440944882
21
0.1301515354330709
0
LINE
8
BLACK
6
CONTINUOUS
10
0.4256672440944882
20
0.1301515354330709
11
0.4256597244094488
21
0.1302573622047244
0
LINE
8
BLACK
6
CONTINUOUS
10
0.4256597244094488
20
0.1302573622047244
11
0.4256191338582677
21
0.1303553543307087
0
LINE
8
BLACK
6
CONTINUOUS
10
0.4256191338582677
20
0.1303553543307087
11
0.4255624015748031
21
0.1309314173228346
0
LINE
8
BLACK
6
CONTINUOUS
10
0.4255624015748031
20
0.1309314173228346
11
0.4255624015748031
21
0.1403052362204724
0
LINE
8
BLACK
6
CONTINUOUS
10
0.4255624015748031
20
0.1403052362204724
11
0.4256191338582677
21
0.1408812992125984
0
LINE
8
BLACK
6
CONTINUOUS
10
0.4256191338582677
20
0.1408812992125984
11
0.4256597244094488
21
0.1409793307086614
0
LINE
8
BLACK
6
CONTINUOUS
10
0.4256597244094488
20
0.1409793307086614
11
0.4256672440944882
21
0.1410851181102362
0
LINE
8
BLACK
6
CONTINUOUS
10
0.4256672440944882
20
0.1410851181102362
11
0.4258741338582677
21
0.1416257480314961
0
LINE
8
BLACK
6
CONTINUOUS
10
0.4258741338582677
20
0.1416257480314961
11
0.4277488976377953
21
0.1453752755905512
0
LINE
8
BLACK
6
CONTINUOUS
10
0.4277488976377953
20
0.1453752755905512
11
0.4279049606299212
21
0.1456233070866142
0
LINE
8
BLACK
6
CONTINUOUS
10
0.4279049606299212
20
0.1456233070866142
11
0.4279348031496063
21
0.1456952362204724
0
LINE
8
BLACK
6
CONTINUOUS
10
0.4279348031496063
20
0.1456952362204724
11
0.4280012598425197
21
0.1457762204724409
0
LINE
8
BLACK
6
CONTINUOUS
10
0.4280012598425197
20
0.1457762204724409
11
0.4280572440944882
21
0.1458651574803149
0
LINE
8
BLACK
6
CONTINUOUS
10
0.4280572440944882
20
0.1458651574803149
11
0.4281162204724409
21
0.1459163385826772
0
LINE
8
BLACK
6
CONTINUOUS
10
0.4281162204724409
20
0.1459163385826772
11
0.4283020078740157
21
0.1461426771653543
0
LINE
8
BLACK
6
CONTINUOUS
10
0.4283020078740157
20
0.1461426771653543
11
0.4301767716535433
21
0.1480174409448819
0
LINE
8
BLACK
6
CONTINUOUS
10
0.4301767716535433
20
0.1480174409448819
11
0.4304031102362205
21
0.1482032283464567
0
LINE
8
BLACK
6
CONTINUOUS
10
0.4304031102362205
20
0.1482032283464567
11
0.4304542913385827
21
0.1482622047244095
0
LINE
8
BLACK
6
CONTINUOUS
10
0.4304542913385827
20
0.1482622047244095
11
0.4305432283464567
21
0.1483181889763779
0
LINE
8
BLACK
6
CONTINUOUS
10
0.4305432283464567
20
0.1483181889763779
11
0.4306242125984252
21
0.1483846456692913
0
LINE
8
BLACK
6
CONTINUOUS
10
0.4306242125984252
20
0.1483846456692913
11
0.4306961417322834
21
0.1484144881889764
0
LINE
8
BLACK
6
CONTINUOUS
10
0.4306961417322834
20
0.1484144881889764
11
0.4309441732283464
21
0.1485705511811024
0
LINE
8
BLACK
6
CONTINUOUS
10
0.4309441732283464
20
0.1485705511811024
11
0.4346937007874015
21
0.1504453149606299
0
LINE
8
BLACK
6
CONTINUOUS
10
0.4346937007874015
20
0.1504453149606299
11
0.4352258661417323
21
0.1506490157480315
0
LINE
8
BLACK
6
CONTINUOUS
10
0.4352258661417323
20
0.1506490157480315
11
0.4262929921259843
21
0.1608579921259843
0
LINE
8
BLACK
6
CONTINUOUS
10
0.4262929921259843
20
0.1608579921259843
11
0.4261149606299213
21
0.1611070078740157
0
LINE
8
BLACK
6
CONTINUOUS
10
0.4261149606299213
20
0.1611070078740157
11
0.4260600393700787
21
0.1611619291338583
0
LINE
8
BLACK
6
CONTINUOUS
10
0.4260600393700787
20
0.1611619291338583
11
0.4260384251968504
21
0.1612140551181102
0
LINE
8
BLACK
6
CONTINUOUS
10
0.4260384251968504
20
0.1612140551181102
11
0.4259563385826772
21
0.1613288976377953
0
LINE
8
BLACK
6
CONTINUOUS
10
0.4259563385826772
20
0.1613288976377953
11
0.4258027165354331
21
0.1617831496062992
0
LINE
8
BLACK
6
CONTINUOUS
10
0.4258027165354331
20
0.1617831496062992
11
0.4256191338582677
21
0.1622263385826772
0
LINE
8
BLACK
6
CONTINUOUS
10
0.4256191338582677
20
0.1622263385826772
11
0.4256191338582677
21
0.1623259842519685
0
LINE
8
BLACK
6
CONTINUOUS
10
0.4256191338582677
20
0.1623259842519685
11
0.4255872440944882
21
0.1624202755905512
0
LINE
8
BLACK
6
CONTINUOUS
10
0.4255872440944882
20
0.1624202755905512
11
0.4256191338582677
21
0.162898779527559
0
LINE
8
BLACK
6
CONTINUOUS
10
0.4256191338582677
20
0.162898779527559
11
0.4256191338582677
21
0.1633784645669291
0
LINE
8
BLACK
6
CONTINUOUS
10
0.4256191338582677
20
0.1633784645669291
11
0.4256572047244094
21
0.1634704724409449
0
LINE
8
BLACK
6
CONTINUOUS
10
0.4256572047244094
20
0.1634704724409449
11
0.4256638582677165
21
0.1635698031496063
0
LINE
8
BLACK
6
CONTINUOUS
10
0.4256638582677165
20
0.1635698031496063
11
0.4258765354330709
21
0.1639999606299213
0
LINE
8
BLACK
6
CONTINUOUS
10
0.4258765354330709
20
0.1639999606299213
11
0.4260600393700787
21
0.164442874015748
0
LINE
8
BLACK
6
CONTINUOUS
10
0.4260600393700787
20
0.164442874015748
11
0.4261303543307087
21
0.1645132283464567
0
LINE
8
BLACK
6
CONTINUOUS
10
0.4261303543307087
20
0.1645132283464567
11
0.4261745669291339
21
0.1646025590551181
0
LINE
8
BLACK
6
CONTINUOUS
10
0.4261745669291339
20
0.1646025590551181
11
0.4265356692913386
21
0.1649185433070866
0
LINE
8
BLACK
6
CONTINUOUS
10
0.4265356692913386
20
0.1649185433070866
11
0.4268746850393701
21
0.1652575196850394
0
LINE
8
BLACK
6
CONTINUOUS
10
0.4268746850393701
20
0.1652575196850394
11
0.4269666535433071
21
0.1652956692913386
0
LINE
8
BLACK
6
CONTINUOUS
10
0.4269666535433071
20
0.1652956692913386
11
0.4270416535433071
21
0.165361220472441
0
LINE
8
BLACK
6
CONTINUOUS
10
0.4270416535433071
20
0.165361220472441
11
0.4274958661417323
21
0.165514842519685
0
LINE
8
BLACK
6
CONTINUOUS
10
0.4274958661417323
20
0.165514842519685
11
0.427939094488189
21
0.1656984251968504
0
LINE
8
BLACK
6
CONTINUOUS
10
0.427939094488189
20
0.1656984251968504
11
0.4280796456692914
21
0.1657122834645669
0
LINE
8
BLACK
6
CONTINUOUS
10
0.4280796456692914
20
0.1657122834645669
11
0.428133031496063
21
0.1657303149606299
0
LINE
8
BLACK
6
CONTINUOUS
10
0.428133031496063
20
0.1657303149606299
11
0.4282104724409448
21
0.165725157480315
0
LINE
8
BLACK
6
CONTINUOUS
10
0.4282104724409448
20
0.165725157480315
11
0.4285151574803149
21
0.165755157480315
0
LINE
8
BLACK
6
CONTINUOUS
10
0.4285151574803149
20
0.165755157480315
11
0.4528870866141732
21
0.165755157480315
0
LINE
8
BLACK
6
CONTINUOUS
10
0.4528870866141732
20
0.165755157480315
11
0.4534631496062992
21
0.1656984251968504
0
LINE
8
BLACK
6
CONTINUOUS
10
0.4775505905511811
20
0.1657264566929134
11
0.4776283464566929
21
0.165731968503937
0
LINE
8
BLACK
6
CONTINUOUS
10
0.4776283464566929
20
0.165731968503937
11
0.4777305905511811
21
0.1657087401574803
0
LINE
8
BLACK
6
CONTINUOUS
10
0.4777305905511811
20
0.1657087401574803
11
0.4778351181102362
21
0.1656984251968504
0
LINE
8
BLACK
6
CONTINUOUS
10
0.4778351181102362
20
0.1656984251968504
11
0.4779072047244095
21
0.1656685826771654
0
LINE
8
BLACK
6
CONTINUOUS
10
0.4779072047244095
20
0.1656685826771654
11
0.4781927952755906
21
0.1656036220472441
0
LINE
8
BLACK
6
CONTINUOUS
10
0.4781927952755906
20
0.1656036220472441
11
0.4838170866141732
21
0.1637288582677165
0
LINE
8
BLACK
6
CONTINUOUS
10
0.4838170866141732
20
0.1637288582677165
11
0.4843456299212598
21
0.163492874015748
0
LINE
8
BLACK
6
CONTINUOUS
10
0.4843456299212598
20
0.163492874015748
11
0.4844257480314961
21
0.1634233858267717
0
LINE
8
BLACK
6
CONTINUOUS
10
0.4844257480314961
20
0.1634233858267717
11
0.4845238188976378
21
0.1633827559055118
0
LINE
8
BLACK
6
CONTINUOUS
10
0.4845238188976378
20
0.1633827559055118
11
0.4849712598425197
21
0.1630155511811024
0
LINE
8
BLACK
6
CONTINUOUS
10
0.4849712598425197
20
0.1630155511811024
11
0.4887207874015748
21
0.1592660236220473
0
LINE
8
BLACK
6
CONTINUOUS
10
0.4887207874015748
20
0.1592660236220473
11
0.4889066141732283
21
0.1590396456692913
0
LINE
8
BLACK
6
CONTINUOUS
10
0.4889066141732283
20
0.1590396456692913
11
0.4889655511811024
21
0.1589885039370079
0
LINE
8
BLACK
6
CONTINUOUS
10
0.4889655511811024
20
0.1589885039370079
11
0.4890214173228347
21
0.1588997637795276
0
LINE
8
BLACK
6
CONTINUOUS
10
0.4890214173228347
20
0.1588997637795276
11
0.489088031496063
21
0.1588185826771653
0
LINE
8
BLACK
6
CONTINUOUS
10
0.489088031496063
20
0.1588185826771653
11
0.489117874015748
21
0.1587464566929134
0
LINE
8
BLACK
6
CONTINUOUS
10
0.489117874015748
20
0.1587464566929134
11
0.4892738976377953
21
0.1584986220472441
0
LINE
8
BLACK
6
CONTINUOUS
10
0.4892738976377953
20
0.1584986220472441
11
0.4911486614173228
21
0.154749094488189
0
LINE
8
BLACK
6
CONTINUOUS
10
0.4911486614173228
20
0.154749094488189
11
0.4911647637795276
21
0.1547070078740158
0
LINE
8
BLACK
6
CONTINUOUS
10
0.4911647637795276
20
0.1547070078740158
11
0.4911774803149606
21
0.154689842519685
0
LINE
8
BLACK
6
CONTINUOUS
10
0.4911774803149606
20
0.154689842519685
11
0.4912637795275591
21
0.1544482677165354
0
LINE
8
BLACK
6
CONTINUOUS
10
0.4912637795275591
20
0.1544482677165354
11
0.4913555511811024
21
0.1542085039370079
0
LINE
8
BLACK
6
CONTINUOUS
10
0.4913555511811024
20
0.1542085039370079
11
0.4913570472440945
21
0.1541872440944882
0
LINE
8
BLACK
6
CONTINUOUS
10
0.4913570472440945
20
0.1541872440944882
11
0.4913722440944882
21
0.1541447244094488
0
LINE
8
BLACK
6
CONTINUOUS
10
0.4913722440944882
20
0.1541447244094488
11
0.4932470078740158
21
0.1466456692913386
0
LINE
8
BLACK
6
CONTINUOUS
10
0.4932470078740158
20
0.1466456692913386
11
0.4932617716535433
21
0.1465458267716535
0
LINE
8
BLACK
6
CONTINUOUS
10
0.4932617716535433
20
0.1465458267716535
11
0.4932784251968504
21
0.1465055905511811
0
LINE
8
BLACK
6
CONTINUOUS
10
0.4932784251968504
20
0.1465055905511811
11
0.4932997637795276
21
0.1462885826771654
0
LINE
8
BLACK
6
CONTINUOUS
10
0.4932997637795276
20
0.1462885826771654
11
0.4933316535433071
21
0.1460730708661417
0
LINE
8
BLACK
6
CONTINUOUS
10
0.4933316535433071
20
0.1460730708661417
11
0.4933252362204724
21
0.1460300787401575
0
LINE
8
BLACK
6
CONTINUOUS
10
0.4933252362204724
20
0.1460300787401575
11
0.4933351574803149
21
0.1459295275590551
0
LINE
8
BLACK
6
CONTINUOUS
10
0.4933351574803149
20
0.1459295275590551
11
0.4933351574803149
21
0.1403052362204724
0
LINE
8
BLACK
6
CONTINUOUS
10
0.4933351574803149
20
0.1403052362204724
11
0.4933252362204724
21
0.1402047244094488
0
LINE
8
BLACK
6
CONTINUOUS
10
0.4933252362204724
20
0.1402047244094488
11
0.4933316535433071
21
0.1401616929133858
0
LINE
8
BLACK
6
CONTINUOUS
10
0.4933316535433071
20
0.1401616929133858
11
0.4932997637795276
21
0.1399462204724409
0
LINE
8
BLACK
6
CONTINUOUS
10
0.4932997637795276
20
0.1399462204724409
11
0.4932784251968504
21
0.1397291732283465
0
LINE
8
BLACK
6
CONTINUOUS
10
0.4932784251968504
20
0.1397291732283465
11
0.4932617716535433
21
0.1396889763779527
0
LINE
8
BLACK
6
CONTINUOUS
10
0.4932617716535433
20
0.1396889763779527
11
0.4932470078740158
21
0.139589094488189
0
LINE
8
BLACK
6
CONTINUOUS
10
0.4932470078740158
20
0.139589094488189
11
0.4913722440944882
21
0.1320900393700787
0
LINE
8
BLACK
6
CONTINUOUS
10
0.4913722440944882
20
0.1320900393700787
11
0.4913570472440945
21
0.1320475590551181
0
LINE
8
BLACK
6
CONTINUOUS
10
0.4913570472440945
20
0.1320475590551181
11
0.4913555511811024
21
0.1320262598425197
0
LINE
8
BLACK
6
CONTINUOUS
10
0.4913555511811024
20
0.1320262598425197
11
0.4912637795275591
21
0.1317865354330709
0
LINE
8
BLACK
6
CONTINUOUS
10
0.4912637795275591
20
0.1317865354330709
11
0.4911774803149606
21
0.1315449212598425
0
LINE
8
BLACK
6
CONTINUOUS
10
0.4911774803149606
20
0.1315449212598425
11
0.4911647637795276
21
0.1315277952755906
0
LINE
8
BLACK
6
CONTINUOUS
10
0.4911647637795276
20
0.1315277952755906
11
0.4911486614173228
21
0.1314856692913386
0
LINE
8
BLACK
6
CONTINUOUS
10
0.4911486614173228
20
0.1314856692913386
11
0.4892738976377953
21
0.1277361417322835
0
LINE
8
BLACK
6
CONTINUOUS
10
0.4892738976377953
20
0.1277361417322835
11
0.4891178346456693
21
0.1274882677165354
0
LINE
8
BLACK
6
CONTINUOUS
10
0.4891178346456693
20
0.1274882677165354
11
0.489088031496063
21
0.1274162204724409
0
LINE
8
BLACK
6
CONTINUOUS
10
0.489088031496063
20
0.1274162204724409
11
0.4890214960629921
21
0.1273351968503937
0
LINE
8
BLACK
6
CONTINUOUS
10
0.4890214960629921
20
0.1273351968503937
11
0.4889655511811024
21
0.1272462598425197
0
LINE
8
BLACK
6
CONTINUOUS
10
0.4889655511811024
20
0.1272462598425197
11
0.4889065354330708
21
0.1271951181102362
0
LINE
8
BLACK
6
CONTINUOUS
10
0.4889065354330708
20
0.1271951181102362
11
0.4887208267716535
21
0.1269687795275591
0
LINE
8
BLACK
6
CONTINUOUS
10
0.4887208267716535
20
0.1269687795275591
11
0.4849712598425197
21
0.1232191732283465
0
LINE
8
BLACK
6
CONTINUOUS
10
0.4849712598425197
20
0.1232191732283465
11
0.4845238188976378
21
0.122851968503937
0
LINE
8
BLACK
6
CONTINUOUS
10
0.4845238188976378
20
0.122851968503937
11
0.4844257480314961
21
0.1228113779527559
0
LINE
8
BLACK
6
CONTINUOUS
10
0.4844257480314961
20
0.1228113779527559
11
0.4843456299212598
21
0.1227418503937008
0
LINE
8
BLACK
6
CONTINUOUS
10
0.4843456299212598
20
0.1227418503937008
11
0.4838170866141732
21
0.1225058661417323
0
LINE
8
BLACK
6
CONTINUOUS
10
0.4838170866141732
20
0.1225058661417323
11
0.4781927952755906
21
0.1206311023622047
0
LINE
8
BLACK
6
CONTINUOUS
10
0.4781927952755906
20
0.1206311023622047
11
0.4779072047244095
21
0.1205661811023622
0
LINE
8
BLACK
6
CONTINUOUS
10
0.4779072047244095
20
0.1205661811023622
11
0.4778351181102362
21
0.1205362992125984
0
LINE
8
BLACK
6
CONTINUOUS
10
0.4778351181102362
20
0.1205362992125984
11
0.4777305905511811
21
0.1205260236220472
0
LINE
8
BLACK
6
CONTINUOUS
10
0.4777305905511811
20
0.1205260236220472
11
0.4776283464566929
21
0.1205027559055118
0
LINE
8
BLACK
6
CONTINUOUS
10
0.4776283464566929
20
0.1205027559055118
11
0.4775505905511811
21
0.1205083070866142
0
LINE
8
BLACK
6
CONTINUOUS
10
0.4775505905511811
20
0.1205083070866142
11
0.4772590551181102
21
0.1204795669291338
0
LINE
8
BLACK
6
CONTINUOUS
10
0.4772590551181102
20
0.1204795669291338
11
0.4735095275590551
21
0.1204795669291338
0
LINE
8
BLACK
6
CONTINUOUS
10
0.4735095275590551
20
0.1204795669291338
11
0.4732179133858267
21
0.1205083070866142
0
LINE
8
BLACK
6
CONTINUOUS
10
0.4732179133858267
20
0.1205083070866142
11
0.4731401968503937
21
0.1205027559055118
0
LINE
8
BLACK
6
CONTINUOUS
10
0.4731401968503937
20
0.1205027559055118
11
0.4730379133858267
21
0.1205260236220472
0
LINE
8
BLACK
6
CONTINUOUS
10
0.4730379133858267
20
0.1205260236220472
11
0.4729334645669291
21
0.1205362992125984
0
LINE
8
BLACK
6
CONTINUOUS
10
0.4729334645669291
20
0.1205362992125984
11
0.4728613779527559
21
0.1205661811023622
0
LINE
8
BLACK
6
CONTINUOUS
10
0.4728613779527559
20
0.1205661811023622
11
0.472575748031496
21
0.1206311023622047
0
LINE
8
BLACK
6
CONTINUOUS
10
0.472575748031496
20
0.1206311023622047
11
0.4669514960629921
21
0.1225058661417323
0
LINE
8
BLACK
6
CONTINUOUS
10
0.4669514960629921
20
0.1225058661417323
11
0.4664229133858268
21
0.1227418503937008
0
LINE
8
BLACK
6
CONTINUOUS
10
0.4664229133858268
20
0.1227418503937008
11
0.4663427165354331
21
0.1228114173228346
0
LINE
8
BLACK
6
CONTINUOUS
10
0.4663427165354331
20
0.1228114173228346
11
0.4662447637795276
21
0.122851968503937
0
LINE
8
BLACK
6
CONTINUOUS
10
0.4662447637795276
20
0.122851968503937
11
0.4657972834645669
21
0.1232192125984252
0
LINE
8
BLACK
6
CONTINUOUS
10
0.4657972834645669
20
0.1232192125984252
11
0.4639225196850393
21
0.1250940157480315
0
LINE
8
BLACK
6
CONTINUOUS
10
0.4639225196850393
20
0.1250940157480315
11
0.4635553149606299
21
0.1255414566929134
0
LINE
8
BLACK
6
CONTINUOUS
10
0.4635553149606299
20
0.1255414566929134
11
0.4631144488188976
21
0.1266058661417323
0
LINE
8
BLACK
6
CONTINUOUS
10
0.4631144488188976
20
0.1266058661417323
11
0.4631144488188976
21
0.1277579527559055
0
LINE
8
BLACK
6
CONTINUOUS
10
0.4631144488188976
20
0.1277579527559055
11
0.4635553543307087
21
0.1288223622047244
0
LINE
8
BLACK
6
CONTINUOUS
10
0.4635553543307087
20
0.1288223622047244
11
0.4643700393700787
21
0.1296370472440945
0
LINE
8
BLACK
6
CONTINUOUS
10
0.4643700393700787
20
0.1296370472440945
11
0.4654344488188976
21
0.1300779133858268
0
LINE
8
BLACK
6
CONTINUOUS
10
0.4654344488188976
20
0.1300779133858268
11
0.4665865354330709
21
0.1300779133858268
0
LINE
8
BLACK
6
CONTINUOUS
10
0.4665865354330709
20
0.1300779133858268
11
0.4676509448818897
21
0.1296370078740157
0
LINE
8
BLACK
6
CONTINUOUS
10
0.4676509448818897
20
0.1296370078740157
11
0.4680984251968504
21
0.1292697637795276
0
LINE
8
BLACK
6
CONTINUOUS
10
0.4680984251968504
20
0.1292697637795276
11
0.4694802755905512
21
0.127887874015748
0
LINE
8
BLACK
6
CONTINUOUS
10
0.4694802755905512
20
0.127887874015748
11
0.4739886614173228
21
0.1263850787401575
0
LINE
8
BLACK
6
CONTINUOUS
10
0.4739886614173228
20
0.1263850787401575
11
0.4767799212598425
21
0.1263850787401575
0
LINE
8
BLACK
6
CONTINUOUS
10
0.4767799212598425
20
0.1263850787401575
11
0.4812883070866142
21
0.1278879133858268
0
LINE
8
BLACK
6
CONTINUOUS
10
0.4812883070866142
20
0.1278879133858268
11
0.4842061023622047
21
0.1308057480314961
0
LINE
8
BLACK
6
CONTINUOUS
10
0.4842061023622047
20
0.1308057480314961
11
0.4857216141732283
21
0.1338367322834646
0
LINE
8
BLACK
6
CONTINUOUS
10
0.4857216141732283
20
0.1338367322834646
11
0.4874296456692913
21
0.140668779527559
0
LINE
8
BLACK
6
CONTINUOUS
10
0.4874296456692913
20
0.140668779527559
11
0.4874296456692913
21
0.1455659842519685
0
LINE
8
BLACK
6
CONTINUOUS
10
0.4874296456692913
20
0.1455659842519685
11
0.4857216141732283
21
0.152398031496063
0
LINE
8
BLACK
6
CONTINUOUS
10
0.4857216141732283
20
0.152398031496063
11
0.4842061417322834
21
0.1554290157480315
0
LINE
8
BLACK
6
CONTINUOUS
10
0.4842061417322834
20
0.1554290157480315
11
0.4812883070866142
21
0.1583468503937008
0
LINE
8
BLACK
6
CONTINUOUS
10
0.4812883070866142
20
0.1583468503937008
11
0.4767799212598425
21
0.1598496456692913
0
LINE
8
BLACK
6
CONTINUOUS
10
0.4767799212598425
20
0.1598496456692913
11
0.4739886614173228
21
0.1598496456692913
0
LINE
8
BLACK
6
CONTINUOUS
10
0.4739886614173228
20
0.1598496456692913
11
0.4694802755905512
21
0.1583468503937008
0
LINE
8
BLACK
6
CONTINUOUS
10
0.4694802755905512
20
0.1583468503937008
11
0.4680983858267717
21
0.1569649606299213
0
LINE
8
BLACK
6
CONTINUOUS
10
0.4680983858267717
20
0.1569649606299213
11
0.4676509448818897
21
0.1565977559055118
0
LINE
8
BLACK
6
CONTINUOUS
10
0.4676509448818897
20
0.1565977559055118
11
0.4665864960629921
21
0.1561568503937008
0
LINE
8
BLACK
6
CONTINUOUS
10
0.4665864960629921
20
0.1561568503937008
11
0.4654344488188976
21
0.1561568503937008
0
LINE
8
BLACK
6
CONTINUOUS
10
0.4654344488188976
20
0.1561568503937008
11
0.46437
21
0.1565977559055118
0
LINE
8
BLACK
6
CONTINUOUS
10
0.46437
20
0.1565977559055118
11
0.4635553543307087
21
0.1574124015748032
0
LINE
8
BLACK
6
CONTINUOUS
10
0.4635553543307087
20
0.1574124015748032
11
0.4631144488188976
21
0.1584768503937008
0
LINE
8
BLACK
6
CONTINUOUS
10
0.4631144488188976
20
0.1584768503937008
11
0.4631144488188976
21
0.1596288976377953
0
LINE
8
BLACK
6
CONTINUOUS
10
0.4631144488188976
20
0.1596288976377953
11
0.4635553543307087
21
0.1606933464566929
0
LINE
8
BLACK
6
CONTINUOUS
10
0.4635553543307087
20
0.1606933464566929
11
0.4639225590551181
21
0.1611407874015748
0
LINE
8
BLACK
6
CONTINUOUS
10
0.4639225590551181
20
0.1611407874015748
11
0.4657973228346456
21
0.1630155511811024
0
LINE
8
BLACK
6
CONTINUOUS
10
0.4657973228346456
20
0.1630155511811024
11
0.4662447637795276
21
0.1633827559055118
0
LINE
8
BLACK
6
CONTINUOUS
10
0.4662447637795276
20
0.1633827559055118
11
0.4663427165354331
21
0.1634233464566929
0
LINE
8
BLACK
6
CONTINUOUS
10
0.4663427165354331
20
0.1634233464566929
11
0.4664229133858268
21
0.163492874015748
0
LINE
8
BLACK
6
CONTINUOUS
10
0.4664229133858268
20
0.163492874015748
11
0.4669514960629921
21
0.1637288582677165
0
LINE
8
BLACK
6
CONTINUOUS
10
0.4669514960629921
20
0.1637288582677165
11
0.472575748031496
21
0.1656036220472441
0
LINE
8
BLACK
6
CONTINUOUS
10
0.472575748031496
20
0.1656036220472441
11
0.4728613779527559
21
0.1656685826771654
0
LINE
8
BLACK
6
CONTINUOUS
10
0.4728613779527559
20
0.1656685826771654
11
0.4729334645669291
21
0.1656984251968504
0
LINE
8
BLACK
6
CONTINUOUS
10
0.4729334645669291
20
0.1656984251968504
11
0.4730379133858267
21
0.1657087401574803
0
LINE
8
BLACK
6
CONTINUOUS
10
0.4730379133858267
20
0.1657087401574803
11
0.4731401968503937
21
0.165731968503937
0
LINE
8
BLACK
6
CONTINUOUS
10
0.4731401968503937
20
0.165731968503937
11
0.4732179133858267
21
0.1657264566929134
0
LINE
8
BLACK
6
CONTINUOUS
10
0.4732179133858267
20
0.1657264566929134
11
0.4735095275590551
21
0.165755157480315
0
LINE
8
BLACK
6
CONTINUOUS
10
0.4735095275590551
20
0.165755157480315
11
0.4772590551181102
21
0.165755157480315
0
LINE
8
BLACK
6
CONTINUOUS
10
0.4772590551181102
20
0.165755157480315
11
0.4775505905511811
21
0.1657264566929134
0
LINE
8
BLACK
6
CONTINUOUS
10
0.5324214566929134
20
0.1657342125984252
11
0.5324934645669291
21
0.1657413779527559
0
LINE
8
BLACK
6
CONTINUOUS
10
0.5324934645669291
20
0.1657413779527559
11
0.5325637795275591
21
0.1657201968503937
0
LINE
8
BLACK
6
CONTINUOUS
10
0.5325637795275591
20
0.1657201968503937
11
0.5327844881889764
21
0.1656984251968504
0
LINE
8
BLACK
6
CONTINUOUS
10
0.5327844881889764
20
0.1656984251968504
11
0.5331831496062992
21
0.1655333070866142
0
LINE
8
BLACK
6
CONTINUOUS
10
0.5331831496062992
20
0.1655333070866142
11
0.5335964566929133
21
0.1654085826771654
0
LINE
8
BLACK
6
CONTINUOUS
10
0.5335964566929133
20
0.1654085826771654
11
0.5337115354330708
21
0.1653144488188976
0
LINE
8
BLACK
6
CONTINUOUS
10
0.5337115354330708
20
0.1653144488188976
11
0.5338488976377953
21
0.1652575196850394
0
LINE
8
BLACK
6
CONTINUOUS
10
0.5338488976377953
20
0.1652575196850394
11
0.5341541338582677
21
0.1649522834645669
0
LINE
8
BLACK
6
CONTINUOUS
10
0.5341541338582677
20
0.1649522834645669
11
0.5344881102362204
21
0.1646790157480315
0
LINE
8
BLACK
6
CONTINUOUS
10
0.5344881102362204
20
0.1646790157480315
11
0.5345583464566929
21
0.1645480708661417
0
LINE
8
BLACK
6
CONTINUOUS
10
0.5345583464566929
20
0.1645480708661417
11
0.5346635433070867
21
0.164442874015748
0
LINE
8
BLACK
6
CONTINUOUS
10
0.5346635433070867
20
0.164442874015748
11
0.5348287007874015
21
0.164044094488189
0
LINE
8
BLACK
6
CONTINUOUS
10
0.5348287007874015
20
0.164044094488189
11
0.5350327559055118
21
0.1636637795275591
0
LINE
8
BLACK
6
CONTINUOUS
10
0.5350327559055118
20
0.1636637795275591
11
0.5350763385826771
21
0.1634462992125984
0
LINE
8
BLACK
6
CONTINUOUS
10
0.5350763385826771
20
0.1634462992125984
11
0.5351044488188976
21
0.1633784645669291
0
LINE
8
BLACK
6
CONTINUOUS
10
0.5351044488188976
20
0.1633784645669291
11
0.5351044488188976
21
0.1633061811023622
0
LINE
8
BLACK
6
CONTINUOUS
10
0.5351044488188976
20
0.1633061811023622
11
0.5351465354330709
21
0.1630962204724409
0
LINE
8
BLACK
6
CONTINUOUS
10
0.5351465354330709
20
0.1630962204724409
11
0.5370212992125984
21
0.1443485826771654
0
LINE
8
BLACK
6
CONTINUOUS
10
0.5370212992125984
20
0.1443485826771654
11
0.5370221653543307
21
0.1437697244094488
0
LINE
8
BLACK
6
CONTINUOUS
10
0.5370221653543307
20
0.1437697244094488
11
0.5369792125984252
21
0.1436274015748031
0
LINE
8
BLACK
6
CONTINUOUS
10
0.5369792125984252
20
0.1436274015748031
11
0.5369792125984252
21
0.1434787401574803
0
LINE
8
BLACK
6
CONTINUOUS
10
0.5369792125984252
20
0.1434787401574803
11
0.536814094488189
21
0.143080157480315
0
LINE
8
BLACK
6
CONTINUOUS
10
0.536814094488189
20
0.143080157480315
11
0.5366893700787402
21
0.1426667322834646
0
LINE
8
BLACK
6
CONTINUOUS
10
0.5366893700787402
20
0.1426667322834646
11
0.5365951574803149
21
0.1425516141732283
0
LINE
8
BLACK
6
CONTINUOUS
10
0.5365951574803149
20
0.1425516141732283
11
0.5365383070866142
21
0.1424143307086614
0
LINE
8
BLACK
6
CONTINUOUS
10
0.5365383070866142
20
0.1424143307086614
11
0.5362332283464567
21
0.1421092913385827
0
LINE
8
BLACK
6
CONTINUOUS
10
0.5362332283464567
20
0.1421092913385827
11
0.5359598031496063
21
0.1417750787401575
0
LINE
8
BLACK
6
CONTINUOUS
10
0.5359598031496063
20
0.1417750787401575
11
0.5358287401574803
21
0.1417048031496063
0
LINE
8
BLACK
6
CONTINUOUS
10
0.5358287401574803
20
0.1417048031496063
11
0.5357236220472441
21
0.1415996456692913
0
LINE
8
BLACK
6
CONTINUOUS
10
0.5357236220472441
20
0.1415996456692913
11
0.5353249999999999
21
0.1414345669291339
0
LINE
8
BLACK
6
CONTINUOUS
10
0.5353249999999999
20
0.1414345669291339
11
0.5349445669291338
21
0.1412304330708661
0
LINE
8
BLACK
6
CONTINUOUS
10
0.5349445669291338
20
0.1412304330708661
11
0.5347965354330708
21
0.1412156692913386
0
LINE
8
BLACK
6
CONTINUOUS
10
0.5347965354330708
20
0.1412156692913386
11
0.5346592125984252
21
0.1411587401574803
0
LINE
8
BLACK
6
CONTINUOUS
10
0.5346592125984252
20
0.1411587401574803
11
0.5342276771653544
21
0.1411587401574803
0
LINE
8
BLACK
6
CONTINUOUS
10
0.5342276771653544
20
0.1411587401574803
11
0.5337981496062992
21
0.1411157874015748
0
LINE
8
BLACK
6
CONTINUOUS
10
0.5337981496062992
20
0.1411157874015748
11
0.5336557874015748
21
0.1411587401574803
0
LINE
8
BLACK
6
CONTINUOUS
10
0.5336557874015748
20
0.1411587401574803
11
0.533507125984252
21
0.1411587401574803
0
LINE
8
BLACK
6
CONTINUOUS
10
0.533507125984252
20
0.1411587401574803
11
0.5331084251968504
21
0.1413238976377953
0
LINE
8
BLACK
6
CONTINUOUS
10
0.5331084251968504
20
0.1413238976377953
11
0.5326951574803149
21
0.1414485826771653
0
LINE
8
BLACK
6
CONTINUOUS
10
0.5326951574803149
20
0.1414485826771653
11
0.5325800393700787
21
0.1415427559055118
0
LINE
8
BLACK
6
CONTINUOUS
10
0.5325800393700787
20
0.1415427559055118
11
0.5324427165354331
21
0.1415996456692913
0
LINE
8
BLACK
6
CONTINUOUS
10
0.5324427165354331
20
0.1415996456692913
11
0.5319952755905512
21
0.1419668503937008
0
LINE
8
BLACK
6
CONTINUOUS
10
0.5319952755905512
20
0.1419668503937008
11
0.5304593307086614
21
0.1435027952755905
0
LINE
8
BLACK
6
CONTINUOUS
10
0.5304593307086614
20
0.1435027952755905
11
0.5277618503937008
21
0.1448515354330709
0
LINE
8
BLACK
6
CONTINUOUS
10
0.5277618503937008
20
0.1448515354330709
11
0.519782125984252
21
0.1448515354330709
0
LINE
8
BLACK
6
CONTINUOUS
10
0.519782125984252
20
0.1448515354330709
11
0.5170846456692914
21
0.1435027952755905
0
LINE
8
BLACK
6
CONTINUOUS
10
0.5170846456692914
20
0.1435027952755905
11
0.5158875196850393
21
0.1423056692913386
0
LINE
8
BLACK
6
CONTINUOUS
10
0.5158875196850393
20
0.1423056692913386
11
0.514538779527559
21
0.1396081889763779
0
LINE
8
BLACK
6
CONTINUOUS
10
0.514538779527559
20
0.1396081889763779
11
0.514538779527559
21
0.1316284645669291
0
LINE
8
BLACK
6
CONTINUOUS
10
0.514538779527559
20
0.1316284645669291
11
0.5158875196850393
21
0.1289309842519685
0
LINE
8
BLACK
6
CONTINUOUS
10
0.5158875196850393
20
0.1289309842519685
11
0.5170846456692914
21
0.1277338188976378
0
LINE
8
BLACK
6
CONTINUOUS
10
0.5170846456692914
20
0.1277338188976378
11
0.519782125984252
21
0.1263850787401575
0
LINE
8
BLACK
6
CONTINUOUS
10
0.519782125984252
20
0.1263850787401575
11
0.5277618503937008
21
0.1263850787401575
0
LINE
8
BLACK
6
CONTINUOUS
10
0.5277618503937008
20
0.1263850787401575
11
0.5304592913385827
21
0.1277338188976378
0
LINE
8
BLACK
6
CONTINUOUS
10
0.5304592913385827
20
0.1277338188976378
11
0.5319952362204724
21
0.1292697637795276
0
LINE
8
BLACK
6
CONTINUOUS
10
0.5319952362204724
20
0.1292697637795276
11
0.5324427165354331
21
0.1296370078740157
0
LINE
8
BLACK
6
CONTINUOUS
10
0.5324427165354331
20
0.1296370078740157
11
0.533507125984252
21
0.1300779133858268
0
LINE
8
BLACK
6
CONTINUOUS
10
0.533507125984252
20
0.1300779133858268
11
0.5346592125984252
21
0.1300779133858268
0
LINE
8
BLACK
6
CONTINUOUS
10
0.5346592125984252
20
0.1300779133858268
11
0.5357236220472441
21
0.1296370472440945
0
LINE
8
BLACK
6
CONTINUOUS
10
0.5357236220472441
20
0.1296370472440945
11
0.5365383070866142
21
0.1288223622047244
0
LINE
8
BLACK
6
CONTINUOUS
10
0.5365383070866142
20
0.1288223622047244
11
0.5369792125984252
21
0.1277579527559055
0
LINE
8
BLACK
6
CONTINUOUS
10
0.5369792125984252
20
0.1277579527559055
11
0.5369792125984252
21
0.1266058661417323
0
LINE
8
BLACK
6
CONTINUOUS
10
0.5369792125984252
20
0.1266058661417323
11
0.5365383464566928
21
0.1255414566929134
0
LINE
8
BLACK
6
CONTINUOUS
10
0.5365383464566928
20
0.1255414566929134
11
0.5361711023622047
21
0.1250939763779527
0
LINE
8
BLACK
6
CONTINUOUS
10
0.5361711023622047
20
0.1250939763779527
11
0.5342963779527559
21
0.1232192125984252
0
LINE
8
BLACK
6
CONTINUOUS
10
0.5342963779527559
20
0.1232192125984252
11
0.5340699999999999
21
0.1230334645669291
0
LINE
8
BLACK
6
CONTINUOUS
10
0.5340699999999999
20
0.1230334645669291
11
0.5340188188976378
21
0.1229744094488189
0
LINE
8
BLACK
6
CONTINUOUS
10
0.5340188188976378
20
0.1229744094488189
11
0.533929842519685
21
0.1229184251968504
0
LINE
8
BLACK
6
CONTINUOUS
10
0.533929842519685
20
0.1229184251968504
11
0.5338488976377953
21
0.122851968503937
0
LINE
8
BLACK
6
CONTINUOUS
10
0.5338488976377953
20
0.122851968503937
11
0.5337769291338582
21
0.1228221653543307
0
LINE
8
BLACK
6
CONTINUOUS
10
0.5337769291338582
20
0.1228221653543307
11
0.533528937007874
21
0.122666062992126
0
LINE
8
BLACK
6
CONTINUOUS
10
0.533528937007874
20
0.122666062992126
11
0.5297794094488188
21
0.1207912992125984
0
LINE
8
BLACK
6
CONTINUOUS
10
0.5297794094488188
20
0.1207912992125984
11
0.529238779527559
21
0.1205844094488189
0
LINE
8
BLACK
6
CONTINUOUS
10
0.529238779527559
20
0.1205844094488189
11
0.5291329527559056
21
0.1205769291338583
0
LINE
8
BLACK
6
CONTINUOUS
10
0.5291329527559056
20
0.1205769291338583
11
0.5290349606299213
21
0.1205362992125984
0
LINE
8
BLACK
6
CONTINUOUS
10
0.5290349606299213
20
0.1205362992125984
11
0.5284588976377953
21
0.1204795669291338
0
LINE
8
BLACK
6
CONTINUOUS
10
0.5284588976377953
20
0.1204795669291338
11
0.5190850787401575
21
0.1204795669291338
0
LINE
8
BLACK
6
CONTINUOUS
10
0.5190850787401575
20
0.1204795669291338
11
0.5185090157480314
21
0.1205362992125984
0
LINE
8
BLACK
6
CONTINUOUS
10
0.5185090157480314
20
0.1205362992125984
11
0.5184110236220473
21
0.1205768897637795
0
LINE
8
BLACK
6
CONTINUOUS
10
0.5184110236220473
20
0.1205768897637795
11
0.5183051574803149
21
0.1205844094488189
0
LINE
8
BLACK
6
CONTINUOUS
10
0.5183051574803149
20
0.1205844094488189
11
0.5177645669291339
21
0.1207912992125984
0
LINE
8
BLACK
6
CONTINUOUS
10
0.5177645669291339
20
0.1207912992125984
11
0.5140150393700788
21
0.122666062992126
0
LINE
8
BLACK
6
CONTINUOUS
10
0.5140150393700788
20
0.122666062992126
11
0.5137670078740157
21
0.1228221653543307
0
LINE
8
BLACK
6
CONTINUOUS
10
0.5137670078740157
20
0.1228221653543307
11
0.5136950787401575
21
0.122851968503937
0
LINE
8
BLACK
6
CONTINUOUS
10
0.5136950787401575
20
0.122851968503937
11
0.513614094488189
21
0.1229184251968504
0
LINE
8
BLACK
6
CONTINUOUS
10
0.513614094488189
20
0.1229184251968504
11
0.5135251574803149
21
0.1229744094488189
0
LINE
8
BLACK
6
CONTINUOUS
10
0.5135251574803149
20
0.1229744094488189
11
0.513473937007874
21
0.1230334645669291
0
LINE
8
BLACK
6
CONTINUOUS
10
0.513473937007874
20
0.1230334645669291
11
0.5132475984251968
21
0.1232192125984252
0
LINE
8
BLACK
6
CONTINUOUS
10
0.5132475984251968
20
0.1232192125984252
11
0.5113728346456693
21
0.1250940157480315
0
LINE
8
BLACK
6
CONTINUOUS
10
0.5113728346456693
20
0.1250940157480315
11
0.5111870866141732
21
0.1253203543307086
0
LINE
8
BLACK
6
CONTINUOUS
10
0.5111870866141732
20
0.1253203543307086
11
0.5111281102362205
21
0.1253714960629921
0
LINE
8
BLACK
6
CONTINUOUS
10
0.5111281102362205
20
0.1253714960629921
11
0.511072125984252
21
0.1254604330708661
0
LINE
8
BLACK
6
CONTINUOUS
10
0.511072125984252
20
0.1254604330708661
11
0.5110056299212599
21
0.1255414566929134
0
LINE
8
BLACK
6
CONTINUOUS
10
0.5110056299212599
20
0.1255414566929134
11
0.5109757874015748
21
0.1256135039370079
0
LINE
8
BLACK
6
CONTINUOUS
10
0.5109757874015748
20
0.1256135039370079
11
0.5108197637795275
21
0.1258613779527559
0
LINE
8
BLACK
6
CONTINUOUS
10
0.5108197637795275
20
0.1258613779527559
11
0.508945
21
0.129610905511811
0
LINE
8
BLACK
6
CONTINUOUS
10
0.508945
20
0.129610905511811
11
0.5087381102362205
21
0.1301515354330709
0
LINE
8
BLACK
6
CONTINUOUS
10
0.5087381102362205
20
0.1301515354330709
11
0.5087305905511811
21
0.1302573622047244
0
LINE
8
BLACK
6
CONTINUOUS
10
0.5087305905511811
20
0.1302573622047244
11
0.50869
21
0.1303553543307087
0
LINE
8
BLACK
6
CONTINUOUS
10
0.50869
20
0.1303553543307087
11
0.5086332677165354
21
0.1309314173228346
0
LINE
8
BLACK
6
CONTINUOUS
10
0.5086332677165354
20
0.1309314173228346
11
0.5086332677165354
21
0.1403052362204724
0
LINE
8
BLACK
6
CONTINUOUS
10
0.5086332677165354
20
0.1403052362204724
11
0.50869
21
0.1408812992125984
0
LINE
8
BLACK
6
CONTINUOUS
10
0.50869
20
0.1408812992125984
11
0.5087305905511811
21
0.1409793307086614
0
LINE
8
BLACK
6
CONTINUOUS
10
0.5087305905511811
20
0.1409793307086614
11
0.5087381102362205
21
0.1410851181102362
0
LINE
8
BLACK
6
CONTINUOUS
10
0.5087381102362205
20
0.1410851181102362
11
0.508945
21
0.1416257480314961
0
LINE
8
BLACK
6
CONTINUOUS
10
0.508945
20
0.1416257480314961
11
0.5108197637795275
21
0.1453752755905512
0
LINE
8
BLACK
6
CONTINUOUS
10
0.5108197637795275
20
0.1453752755905512
11
0.5109758267716535
21
0.1456233070866142
0
LINE
8
BLACK
6
CONTINUOUS
10
0.5109758267716535
20
0.1456233070866142
11
0.5110056692913386
21
0.1456952362204724
0
LINE
8
BLACK
6
CONTINUOUS
10
0.5110056692913386
20
0.1456952362204724
11
0.511072125984252
21
0.1457762204724409
0
LINE
8
BLACK
6
CONTINUOUS
10
0.511072125984252
20
0.1457762204724409
11
0.5111281102362205
21
0.1458651574803149
0
LINE
8
BLACK
6
CONTINUOUS
10
0.5111281102362205
20
0.1458651574803149
11
0.5111870866141732
21
0.1459163385826772
0
LINE
8
BLACK
6
CONTINUOUS
10
0.5111870866141732
20
0.1459163385826772
11
0.511372874015748
21
0.1461426771653543
0
LINE
8
BLACK
6
CONTINUOUS
10
0.511372874015748
20
0.1461426771653543
11
0.5132476377952756
21
0.1480174409448819
0
LINE
8
BLACK
6
CONTINUOUS
10
0.5132476377952756
20
0.1480174409448819
11
0.5134739763779528
21
0.1482032283464567
0
LINE
8
BLACK
6
CONTINUOUS
10
0.5134739763779528
20
0.1482032283464567
11
0.5135251574803149
21
0.1482622047244095
0
LINE
8
BLACK
6
CONTINUOUS
10
0.5135251574803149
20
0.1482622047244095
11
0.513614094488189
21
0.1483181889763779
0
LINE
8
BLACK
6
CONTINUOUS
10
0.513614094488189
20
0.1483181889763779
11
0.5136950787401575
21
0.1483846456692913
0
LINE
8
BLACK
6
CONTINUOUS
10
0.5136950787401575
20
0.1483846456692913
11
0.5137670078740157
21
0.1484144881889764
0
LINE
8
BLACK
6
CONTINUOUS
10
0.5137670078740157
20
0.1484144881889764
11
0.5140150393700788
21
0.1485705511811024
0
LINE
8
BLACK
6
CONTINUOUS
10
0.5140150393700788
20
0.1485705511811024
11
0.5177645669291339
21
0.1504453149606299
0
LINE
8
BLACK
6
CONTINUOUS
10
0.5177645669291339
20
0.1504453149606299
11
0.5183051574803149
21
0.1506522047244094
0
LINE
8
BLACK
6
CONTINUOUS
10
0.5183051574803149
20
0.1506522047244094
11
0.5184110236220473
21
0.1506597637795276
0
LINE
8
BLACK
6
CONTINUOUS
10
0.5184110236220473
20
0.1506597637795276
11
0.5185090157480314
21
0.1507003149606299
0
LINE
8
BLACK
6
CONTINUOUS
10
0.5185090157480314
20
0.1507003149606299
11
0.5190850787401575
21
0.1507570472440945
0
LINE
8
BLACK
6
CONTINUOUS
10
0.5190850787401575
20
0.1507570472440945
11
0.5284588976377953
21
0.1507570472440945
0
LINE
8
BLACK
6
CONTINUOUS
10
0.5284588976377953
20
0.1507570472440945
11
0.5290349606299213
21
0.1507003149606299
0
LINE
8
BLACK
6
CONTINUOUS
10
0.5290349606299213
20
0.1507003149606299
11
0.5291329527559056
21
0.1506597244094488
0
LINE
8
BLACK
6
CONTINUOUS
10
0.5291329527559056
20
0.1506597244094488
11
0.529238779527559
21
0.1506522047244094
0
LINE
8
BLACK
6
CONTINUOUS
10
0.529238779527559
20
0.1506522047244094
11
0.5297794094488188
21
0.1504453149606299
0
LINE
8
BLACK
6
CONTINUOUS
10
0.5297794094488188
20
0.1504453149606299
11
0.5305133070866141
21
0.1500783858267717
0
LINE
8
BLACK
6
CONTINUOUS
10
0.5305133070866141
20
0.1500783858267717
11
0.529536220472441
21
0.1598496456692913
0
LINE
8
BLACK
6
CONTINUOUS
10
0.529536220472441
20
0.1598496456692913
11
0.5134607874015747
21
0.1598496456692913
0
LINE
8
BLACK
6
CONTINUOUS
10
0.5134607874015747
20
0.1598496456692913
11
0.5128847244094488
21
0.1599063779527559
0
LINE
8
BLACK
6
CONTINUOUS
10
0.5128847244094488
20
0.1599063779527559
11
0.51182031496063
21
0.1603472834645669
0
LINE
8
BLACK
6
CONTINUOUS
10
0.51182031496063
20
0.1603472834645669
11
0.5110056692913386
21
0.1611619291338583
0
LINE
8
BLACK
6
CONTINUOUS
10
0.5110056692913386
20
0.1611619291338583
11
0.5105647637795275
21
0.1622263385826772
0
LINE
8
BLACK
6
CONTINUOUS
10
0.5105647637795275
20
0.1622263385826772
11
0.5105647637795275
21
0.1633784645669291
0
LINE
8
BLACK
6
CONTINUOUS
10
0.5105647637795275
20
0.1633784645669291
11
0.5110056692913386
21
0.164442874015748
0
LINE
8
BLACK
6
CONTINUOUS
10
0.5110056692913386
20
0.164442874015748
11
0.51182031496063
21
0.1652575196850394
0
LINE
8
BLACK
6
CONTINUOUS
10
0.51182031496063
20
0.1652575196850394
11
0.5128847244094488
21
0.1656984251968504
0
LINE
8
BLACK
6
CONTINUOUS
10
0.5128847244094488
20
0.1656984251968504
11
0.5134607874015747
21
0.165755157480315
0
LINE
8
BLACK
6
CONTINUOUS
10
0.5134607874015747
20
0.165755157480315
11
0.5322084251968504
21
0.165755157480315
0
LINE
8
BLACK
6
CONTINUOUS
10
0.5322084251968504
20
0.165755157480315
11
0.5324214566929134
21
0.1657342125984252
0
LINE
8
BLACK
6
CONTINUOUS
10
0.6061922440944881
20
0.1656984251968504
11
0.6064815354330708
21
0.1656984251968504
0
LINE
8
BLACK
6
CONTINUOUS
10
0.6064815354330708
20
0.1656984251968504
11
0.6067516141732283
21
0.1655865748031496
0
LINE
8
BLACK
6
CONTINUOUS
10
0.6067516141732283
20
0.1655865748031496
11
0.6070382677165355
21
0.1655292125984252
0
LINE
8
BLACK
6
CONTINUOUS
10
0.6070382677165355
20
0.1655292125984252
11
0.607278622047244
21
0.1653682677165354
0
LINE
8
BLACK
6
CONTINUOUS
10
0.607278622047244
20
0.1653682677165354
11
0.6075459448818897
21
0.1652575196850394
0
LINE
8
BLACK
6
CONTINUOUS
10
0.6075459448818897
20
0.1652575196850394
11
0.6077526377952756
21
0.1650508267716535
0
LINE
8
BLACK
6
CONTINUOUS
10
0.6077526377952756
20
0.1650508267716535
11
0.6079955511811024
21
0.1648881496062992
0
LINE
8
BLACK
6
CONTINUOUS
10
0.6079955511811024
20
0.1648881496062992
11
0.6083585433070866
21
0.1644449212598425
0
LINE
8
BLACK
6
CONTINUOUS
10
0.6083585433070866
20
0.1644449212598425
11
0.6083605905511811
21
0.164442874015748
0
LINE
8
BLACK
6
CONTINUOUS
10
0.6083605905511811
20
0.164442874015748
11
0.6083609448818897
21
0.1644420078740157
0
LINE
8
BLACK
6
CONTINUOUS
10
0.6083609448818897
20
0.1644420078740157
11
0.6083623228346456
21
0.1644403149606299
0
LINE
8
BLACK
6
CONTINUOUS
10
0.6083623228346456
20
0.1644403149606299
11
0.6119496456692913
21
0.1590592913385827
0
LINE
8
BLACK
6
CONTINUOUS
10
0.6119496456692913
20
0.1590592913385827
11
0.6151536220472441
21
0.1558553149606299
0
LINE
8
BLACK
6
CONTINUOUS
10
0.6151536220472441
20
0.1558553149606299
11
0.6184745669291338
21
0.154194842519685
0
LINE
8
BLACK
6
CONTINUOUS
10
0.6184745669291338
20
0.154194842519685
11
0.6189644488188977
21
0.1538864960629921
0
LINE
8
BLACK
6
CONTINUOUS
10
0.6189644488188977
20
0.1538864960629921
11
0.6197192913385826
21
0.1530161023622047
0
LINE
8
BLACK
6
CONTINUOUS
10
0.6197192913385826
20
0.1530161023622047
11
0.6200836220472441
21
0.1519231496062992
0
LINE
8
BLACK
6
CONTINUOUS
10
0.6200836220472441
20
0.1519231496062992
11
0.620001968503937
21
0.150773937007874
0
LINE
8
BLACK
6
CONTINUOUS
10
0.620001968503937
20
0.150773937007874
11
0.6194866929133858
21
0.1497434251968504
0
LINE
8
BLACK
6
CONTINUOUS
10
0.6194866929133858
20
0.1497434251968504
11
0.6186163385826772
21
0.1489885826771654
0
LINE
8
BLACK
6
CONTINUOUS
10
0.6186163385826772
20
0.1489885826771654
11
0.6175233464566929
21
0.1486242519685039
0
LINE
8
BLACK
6
CONTINUOUS
10
0.6175233464566929
20
0.1486242519685039
11
0.6163741338582677
21
0.148705905511811
0
LINE
8
BLACK
6
CONTINUOUS
10
0.6163741338582677
20
0.148705905511811
11
0.6158335433070866
21
0.1489127952755905
0
LINE
8
BLACK
6
CONTINUOUS
10
0.6158335433070866
20
0.1489127952755905
11
0.6120840157480315
21
0.1507875590551181
0
LINE
8
BLACK
6
CONTINUOUS
10
0.6120840157480315
20
0.1507875590551181
11
0.6118361811023622
21
0.1509435826771653
0
LINE
8
BLACK
6
CONTINUOUS
10
0.6118361811023622
20
0.1509435826771653
11
0.6117640551181103
21
0.1509734251968504
0
LINE
8
BLACK
6
CONTINUOUS
10
0.6117640551181103
20
0.1509734251968504
11
0.6116828740157481
21
0.1510400393700787
0
LINE
8
BLACK
6
CONTINUOUS
10
0.6116828740157481
20
0.1510400393700787
11
0.6115941338582677
21
0.151095905511811
0
LINE
8
BLACK
6
CONTINUOUS
10
0.6115941338582677
20
0.151095905511811
11
0.6115429921259843
21
0.151154842519685
0
LINE
8
BLACK
6
CONTINUOUS
10
0.6115429921259843
20
0.151154842519685
11
0.6113166141732284
21
0.1513406692913386
0
LINE
8
BLACK
6
CONTINUOUS
10
0.6113166141732284
20
0.1513406692913386
11
0.6088582283464566
21
0.1537990551181102
0
LINE
8
BLACK
6
CONTINUOUS
10
0.6088582283464566
20
0.1537990551181102
11
0.6088582283464566
21
0.1263850787401575
0
LINE
8
BLACK
6
CONTINUOUS
10
0.6088582283464566
20
0.1263850787401575
11
0.6171540551181102
21
0.1263850787401575
0
LINE
8
BLACK
6
CONTINUOUS
10
0.6171540551181102
20
0.1263850787401575
11
0.6177301181102363
21
0.1263283464566929
0
LINE
8
BLACK
6
CONTINUOUS
10
0.6177301181102363
20
0.1263283464566929
11
0.6187945275590551
21
0.1258874409448819
0
LINE
8
BLACK
6
CONTINUOUS
10
0.6187945275590551
20
0.1258874409448819
11
0.6196091732283464
21
0.1250727952755905
0
LINE
8
BLACK
6
CONTINUOUS
10
0.6196091732283464
20
0.1250727952755905
11
0.6200500787401575
21
0.1240083858267716
0
LINE
8
BLACK
6
CONTINUOUS
10
0.6200500787401575
20
0.1240083858267716
11
0.6200500787401575
21
0.1228562598425197
0
LINE
8
BLACK
6
CONTINUOUS
10
0.6200500787401575
20
0.1228562598425197
11
0.6196091732283464
21
0.1217918503937008
0
LINE
8
BLACK
6
CONTINUOUS
10
0.6196091732283464
20
0.1217918503937008
11
0.6187945275590551
21
0.1209772047244094
0
LINE
8
BLACK
6
CONTINUOUS
10
0.6187945275590551
20
0.1209772047244094
11
0.6177301181102363
21
0.1205362992125984
0
LINE
8
BLACK
6
CONTINUOUS
10
0.6177301181102363
20
0.1205362992125984
11
0.6171540551181102
21
0.1204795669291338
0
LINE
8
BLACK
6
CONTINUOUS
10
0.6171540551181102
20
0.1204795669291338
11
0.5946568897637795
21
0.1204795669291338
0
LINE
8
BLACK
6
CONTINUOUS
10
0.5946568897637795
20
0.1204795669291338
11
0.5940808267716535
21
0.1205362992125984
0
LINE
8
BLACK
6
CONTINUOUS
10
0.5940808267716535
20
0.1205362992125984
11
0.5930164173228346
21
0.1209772047244094
0
LINE
8
BLACK
6
CONTINUOUS
10
0.5930164173228346
20
0.1209772047244094
11
0.5922017716535433
21
0.1217918503937008
0
LINE
8
BLACK
6
CONTINUOUS
10
0.5922017716535433
20
0.1217918503937008
11
0.5917608661417323
21
0.1228562598425197
0
LINE
8
BLACK
6
CONTINUOUS
10
0.5917608661417323
20
0.1228562598425197
11
0.5917608661417323
21
0.1240083858267716
0
LINE
8
BLACK
6
CONTINUOUS
10
0.5917608661417323
20
0.1240083858267716
11
0.5922017716535433
21
0.1250727952755905
0
LINE
8
BLACK
6
CONTINUOUS
10
0.5922017716535433
20
0.1250727952755905
11
0.5930164173228346
21
0.1258874409448819
0
LINE
8
BLACK
6
CONTINUOUS
10
0.5930164173228346
20
0.1258874409448819
11
0.5940808267716535
21
0.1263283464566929
0
LINE
8
BLACK
6
CONTINUOUS
10
0.5940808267716535
20
0.1263283464566929
11
0.5946568897637795
21
0.1263850787401575
0
LINE
8
BLACK
6
CONTINUOUS
10
0.5946568897637795
20
0.1263850787401575
11
0.602952716535433
21
0.1263850787401575
0
LINE
8
BLACK
6
CONTINUOUS
10
0.602952716535433
20
0.1263850787401575
11
0.602952716535433
21
0.1628024015748031
0
LINE
8
BLACK
6
CONTINUOUS
10
0.602952716535433
20
0.1628024015748031
11
0.6029529133858268
21
0.1628044881889764
0
LINE
8
BLACK
6
CONTINUOUS
10
0.6029529133858268
20
0.1628044881889764
11
0.602952716535433
21
0.1628055118110236
0
LINE
8
BLACK
6
CONTINUOUS
10
0.602952716535433
20
0.1628055118110236
11
0.6029533070866142
21
0.1628085433070866
0
LINE
8
BLACK
6
CONTINUOUS
10
0.6029533070866142
20
0.1628085433070866
11
0.6030094488188976
21
0.1633784645669291
0
LINE
8
BLACK
6
CONTINUOUS
10
0.6030094488188976
20
0.1633784645669291
11
0.6031212992125984
21
0.1636485826771653
0
LINE
8
BLACK
6
CONTINUOUS
10
0.6031212992125984
20
0.1636485826771653
11
0.6031786614173228
21
0.1639351968503937
0
LINE
8
BLACK
6
CONTINUOUS
10
0.6031786614173228
20
0.1639351968503937
11
0.6033396062992126
21
0.1641755905511811
0
LINE
8
BLACK
6
CONTINUOUS
10
0.6033396062992126
20
0.1641755905511811
11
0.6034503543307086
21
0.164442874015748
0
LINE
8
BLACK
6
CONTINUOUS
10
0.6034503543307086
20
0.164442874015748
11
0.6036570472440945
21
0.1646496062992126
0
LINE
8
BLACK
6
CONTINUOUS
10
0.6036570472440945
20
0.1646496062992126
11
0.6038197244094488
21
0.1648924803149606
0
LINE
8
BLACK
6
CONTINUOUS
10
0.6038197244094488
20
0.1648924803149606
11
0.6040604330708661
21
0.1650529921259843
0
LINE
8
BLACK
6
CONTINUOUS
10
0.6040604330708661
20
0.1650529921259843
11
0.6042649999999999
21
0.1652575196850394
0
LINE
8
BLACK
6
CONTINUOUS
10
0.6042649999999999
20
0.1652575196850394
11
0.6045350787401574
21
0.1653694094488189
0
LINE
8
BLACK
6
CONTINUOUS
10
0.6045350787401574
20
0.1653694094488189
11
0.6047783464566929
21
0.1655315748031496
0
LINE
8
BLACK
6
CONTINUOUS
10
0.6047783464566929
20
0.1655315748031496
11
0.6050621259842519
21
0.1655877165354331
0
LINE
8
BLACK
6
CONTINUOUS
10
0.6050621259842519
20
0.1655877165354331
11
0.6053294094488189
21
0.1656984251968504
0
LINE
8
BLACK
6
CONTINUOUS
10
0.6053294094488189
20
0.1656984251968504
11
0.605621811023622
21
0.1656984251968504
0
LINE
8
BLACK
6
CONTINUOUS
10
0.605621811023622
20
0.1656984251968504
11
0.6059085826771653
21
0.165755157480315
0
LINE
8
BLACK
6
CONTINUOUS
10
0.6059085826771653
20
0.165755157480315
11
0.6061922440944881
21
0.1656984251968504
0
LINE
8
BLACK
6
CONTINUOUS
10
0.6552254330708661
20
0.1656984251968504
11
0.656289842519685
21
0.1652575196850394
0
LINE
8
BLACK
6
CONTINUOUS
10
0.656289842519685
20
0.1652575196850394
11
0.6571044881889764
21
0.164442874015748
0
LINE
8
BLACK
6
CONTINUOUS
10
0.6571044881889764
20
0.164442874015748
11
0.6575453937007874
21
0.1633784645669291
0
LINE
8
BLACK
6
CONTINUOUS
10
0.6575453937007874
20
0.1633784645669291
11
0.6576021259842519
21
0.1628024015748031
0
LINE
8
BLACK
6
CONTINUOUS
10
0.6576021259842519
20
0.1628024015748031
11
0.6576021259842519
21
0.1234323228346457
0
LINE
8
BLACK
6
CONTINUOUS
10
0.6576021259842519
20
0.1234323228346457
11
0.6575453937007874
21
0.1228562598425197
0
LINE
8
BLACK
6
CONTINUOUS
10
0.6575453937007874
20
0.1228562598425197
11
0.6571044881889764
21
0.1217918503937008
0
LINE
8
BLACK
6
CONTINUOUS
10
0.6571044881889764
20
0.1217918503937008
11
0.656289842519685
21
0.1209772047244094
0
LINE
8
BLACK
6
CONTINUOUS
10
0.656289842519685
20
0.1209772047244094
11
0.6552254330708661
21
0.1205362992125984
0
LINE
8
BLACK
6
CONTINUOUS
10
0.6552254330708661
20
0.1205362992125984
11
0.6546493700787401
21
0.1204795669291338
0
LINE
8
BLACK
6
CONTINUOUS
10
0.6546493700787401
20
0.1204795669291338
11
0.6452755511811024
21
0.1204795669291338
0
LINE
8
BLACK
6
CONTINUOUS
10
0.6452755511811024
20
0.1204795669291338
11
0.644983937007874
21
0.1205083070866142
0
LINE
8
BLACK
6
CONTINUOUS
10
0.644983937007874
20
0.1205083070866142
11
0.6449062204724409
21
0.1205027559055118
0
LINE
8
BLACK
6
CONTINUOUS
10
0.6449062204724409
20
0.1205027559055118
11
0.644803937007874
21
0.1205260236220472
0
LINE
8
BLACK
6
CONTINUOUS
10
0.644803937007874
20
0.1205260236220472
11
0.6446994881889764
21
0.1205362992125984
0
LINE
8
BLACK
6
CONTINUOUS
10
0.6446994881889764
20
0.1205362992125984
11
0.6446274015748031
21
0.1205661811023622
0
LINE
8
BLACK
6
CONTINUOUS
10
0.6446274015748031
20
0.1205661811023622
11
0.6443417716535433
21
0.1206311023622047
0
LINE
8
BLACK
6
CONTINUOUS
10
0.6443417716535433
20
0.1206311023622047
11
0.6387175196850393
21
0.1225058661417323
0
LINE
8
BLACK
6
CONTINUOUS
10
0.6387175196850393
20
0.1225058661417323
11
0.638188937007874
21
0.1227418503937008
0
LINE
8
BLACK
6
CONTINUOUS
10
0.638188937007874
20
0.1227418503937008
11
0.6381088188976378
21
0.1228113385826772
0
LINE
8
BLACK
6
CONTINUOUS
10
0.6381088188976378
20
0.1228113385826772
11
0.6380107874015748
21
0.1228519291338583
0
LINE
8
BLACK
6
CONTINUOUS
10
0.6380107874015748
20
0.1228519291338583
11
0.6375633464566929
21
0.1232191732283465
0
LINE
8
BLACK
6
CONTINUOUS
10
0.6375633464566929
20
0.1232191732283465
11
0.6338138188976378
21
0.1269687401574803
0
LINE
8
BLACK
6
CONTINUOUS
10
0.6338138188976378
20
0.1269687401574803
11
0.6336280314960629
21
0.1271951181102362
0
LINE
8
BLACK
6
CONTINUOUS
10
0.6336280314960629
20
0.1271951181102362
11
0.6335690551181102
21
0.1272462598425197
0
LINE
8
BLACK
6
CONTINUOUS
10
0.6335690551181102
20
0.1272462598425197
11
0.6335130708661417
21
0.1273351968503937
0
LINE
8
BLACK
6
CONTINUOUS
10
0.6335130708661417
20
0.1273351968503937
11
0.6334465748031496
21
0.1274162204724409
0
LINE
8
BLACK
6
CONTINUOUS
10
0.6334465748031496
20
0.1274162204724409
11
0.6334167322834645
21
0.1274882677165354
0
LINE
8
BLACK
6
CONTINUOUS
10
0.6334167322834645
20
0.1274882677165354
11
0.6332607086614173
21
0.1277361417322835
0
LINE
8
BLACK
6
CONTINUOUS
10
0.6332607086614173
20
0.1277361417322835
11
0.6313859448818897
21
0.1314856692913386
0
LINE
8
BLACK
6
CONTINUOUS
10
0.6313859448818897
20
0.1314856692913386
11
0.6313698031496063
21
0.1315277952755906
0
LINE
8
BLACK
6
CONTINUOUS
10
0.6313698031496063
20
0.1315277952755906
11
0.631357125984252
21
0.1315449212598425
0
LINE
8
BLACK
6
CONTINUOUS
10
0.631357125984252
20
0.1315449212598425
11
0.6312706692913386
21
0.1317868897637795
0
LINE
8
BLACK
6
CONTINUOUS
10
0.6312706692913386
20
0.1317868897637795
11
0.6311790551181102
21
0.1320262992125984
0
LINE
8
BLACK
6
CONTINUOUS
10
0.6311790551181102
20
0.1320262992125984
11
0.6311775196850393
21
0.1320475590551181
0
LINE
8
BLACK
6
CONTINUOUS
10
0.6311775196850393
20
0.1320475590551181
11
0.6311623622047244
21
0.1320900393700787
0
LINE
8
BLACK
6
CONTINUOUS
10
0.6311623622047244
20
0.1320900393700787
11
0.6292875984251969
21
0.139589094488189
0
LINE
8
BLACK
6
CONTINUOUS
10
0.6292875984251969
20
0.139589094488189
11
0.6292727952755905
21
0.1396889763779527
0
LINE
8
BLACK
6
CONTINUOUS
10
0.6292727952755905
20
0.1396889763779527
11
0.6292561811023621
21
0.1397291732283465
0
LINE
8
BLACK
6
CONTINUOUS
10
0.6292561811023621
20
0.1397291732283465
11
0.6292348031496063
21
0.1399462204724409
0
LINE
8
BLACK
6
CONTINUOUS
10
0.6292348031496063
20
0.1399462204724409
11
0.6292029527559055
21
0.1401616929133858
0
LINE
8
BLACK
6
CONTINUOUS
10
0.6292029527559055
20
0.1401616929133858
11
0.6292093307086614
21
0.1402047244094488
0
LINE
8
BLACK
6
CONTINUOUS
10
0.6292093307086614
20
0.1402047244094488
11
0.6291994488188977
21
0.1403052362204724
0
LINE
8
BLACK
6
CONTINUOUS
10
0.6291994488188977
20
0.1403052362204724
11
0.6291994488188977
21
0.1459295275590551
0
LINE
8
BLACK
6
CONTINUOUS
10
0.6291994488188977
20
0.1459295275590551
11
0.6292093307086614
21
0.1460300787401575
0
LINE
8
BLACK
6
CONTINUOUS
10
0.6292093307086614
20
0.1460300787401575
11
0.6292029527559055
21
0.1460730708661417
0
LINE
8
BLACK
6
CONTINUOUS
10
0.6292029527559055
20
0.1460730708661417
11
0.6292348031496063
21
0.1462885826771654
0
LINE
8
BLACK
6
CONTINUOUS
10
0.6292348031496063
20
0.1462885826771654
11
0.6292561811023621
21
0.1465055905511811
0
LINE
8
BLACK
6
CONTINUOUS
10
0.6292561811023621
20
0.1465055905511811
11
0.6292727952755905
21
0.1465458267716535
0
LINE
8
BLACK
6
CONTINUOUS
10
0.6292727952755905
20
0.1465458267716535
11
0.6292875984251969
21
0.1466456692913386
0
LINE
8
BLACK
6
CONTINUOUS
10
0.6292875984251969
20
0.1466456692913386
11
0.6311623622047244
21
0.1541447244094488
0
LINE
8
BLACK
6
CONTINUOUS
10
0.6311623622047244
20
0.1541447244094488
11
0.6311775196850393
21
0.1541872440944882
0
LINE
8
BLACK
6
CONTINUOUS
10
0.6311775196850393
20
0.1541872440944882
11
0.6311790551181102
21
0.1542084645669291
0
LINE
8
BLACK
6
CONTINUOUS
10
0.6311790551181102
20
0.1542084645669291
11
0.631271062992126
21
0.154448937007874
0
LINE
8
BLACK
6
CONTINUOUS
10
0.631271062992126
20
0.154448937007874
11
0.631357125984252
21
0.154689842519685
0
LINE
8
BLACK
6
CONTINUOUS
10
0.631357125984252
20
0.154689842519685
11
0.6313698031496063
21
0.1547070078740158
0
LINE
8
BLACK
6
CONTINUOUS
10
0.6313698031496063
20
0.1547070078740158
11
0.6313859448818897
21
0.154749094488189
0
LINE
8
BLACK
6
CONTINUOUS
10
0.6313859448818897
20
0.154749094488189
11
0.6332607086614173
21
0.1584986220472441
0
LINE
8
BLACK
6
CONTINUOUS
10
0.6332607086614173
20
0.1584986220472441
11
0.6334167716535433
21
0.1587466535433071
0
LINE
8
BLACK
6
CONTINUOUS
10
0.6334167716535433
20
0.1587466535433071
11
0.6334466141732283
21
0.1588185826771653
0
LINE
8
BLACK
6
CONTINUOUS
10
0.6334466141732283
20
0.1588185826771653
11
0.6335130708661417
21
0.1588995669291338
0
LINE
8
BLACK
6
CONTINUOUS
10
0.6335130708661417
20
0.1588995669291338
11
0.6335690551181102
21
0.1589885039370079
0
LINE
8
BLACK
6
CONTINUOUS
10
0.6335690551181102
20
0.1589885039370079
11
0.6336280314960629
21
0.1590396850393701
0
LINE
8
BLACK
6
CONTINUOUS
10
0.6336280314960629
20
0.1590396850393701
11
0.6338138188976378
21
0.1592660236220473
0
LINE
8
BLACK
6
CONTINUOUS
10
0.6338138188976378
20
0.1592660236220473
11
0.6375633464566929
21
0.1630155511811024
0
LINE
8
BLACK
6
CONTINUOUS
10
0.6375633464566929
20
0.1630155511811024
11
0.6380107874015748
21
0.1633827952755905
0
LINE
8
BLACK
6
CONTINUOUS
10
0.6380107874015748
20
0.1633827952755905
11
0.6381088188976378
21
0.1634234251968504
0
LINE
8
BLACK
6
CONTINUOUS
10
0.6381088188976378
20
0.1634234251968504
11
0.638188937007874
21
0.163492874015748
0
LINE
8
BLACK
6
CONTINUOUS
10
0.638188937007874
20
0.163492874015748
11
0.6387175196850393
21
0.1637288582677165
0
LINE
8
BLACK
6
CONTINUOUS
10
0.6387175196850393
20
0.1637288582677165
11
0.6443417716535433
21
0.1656036220472441
0
LINE
8
BLACK
6
CONTINUOUS
10
0.6443417716535433
20
0.1656036220472441
11
0.6446274015748031
21
0.1656685826771654
0
LINE
8
BLACK
6
CONTINUOUS
10
0.6446274015748031
20
0.1656685826771654
11
0.6446994881889764
21
0.1656984251968504
0
LINE
8
BLACK
6
CONTINUOUS
10
0.6446994881889764
20
0.1656984251968504
11
0.644803937007874
21
0.1657087401574803
0
LINE
8
BLACK
6
CONTINUOUS
10
0.644803937007874
20
0.1657087401574803
11
0.6449062204724409
21
0.165731968503937
0
LINE
8
BLACK
6
CONTINUOUS
10
0.6449062204724409
20
0.165731968503937
11
0.644983937007874
21
0.1657264566929134
0
LINE
8
BLACK
6
CONTINUOUS
10
0.644983937007874
20
0.1657264566929134
11
0.6452755511811024
21
0.165755157480315
0
LINE
8
BLACK
6
CONTINUOUS
10
0.6452755511811024
20
0.165755157480315
11
0.6546493700787401
21
0.165755157480315
0
LINE
8
BLACK
6
CONTINUOUS
10
0.6546493700787401
20
0.165755157480315
11
0.6552254330708661
21
0.1656984251968504
0
LINE
8
BLACK
6
CONTINUOUS
10
0.6412462992125985
20
0.1583468503937008
11
0.6383284645669292
21
0.1554290157480315
0
LINE
8
BLACK
6
CONTINUOUS
10
0.6383284645669292
20
0.1554290157480315
11
0.6368129527559055
21
0.152398031496063
0
LINE
8
BLACK
6
CONTINUOUS
10
0.6368129527559055
20
0.152398031496063
11
0.6351049606299213
21
0.1455659842519685
0
LINE
8
BLACK
6
CONTINUOUS
10
0.6351049606299213
20
0.1455659842519685
11
0.6351049606299213
21
0.140668779527559
0
LINE
8
BLACK
6
CONTINUOUS
10
0.6351049606299213
20
0.140668779527559
11
0.6368129527559055
21
0.1338367322834646
0
LINE
8
BLACK
6
CONTINUOUS
10
0.6368129527559055
20
0.1338367322834646
11
0.6383284645669292
21
0.1308057480314961
0
LINE
8
BLACK
6
CONTINUOUS
10
0.6383284645669292
20
0.1308057480314961
11
0.6412462992125985
21
0.127887874015748
0
LINE
8
BLACK
6
CONTINUOUS
10
0.6412462992125985
20
0.127887874015748
11
0.6457546850393701
21
0.1263850787401575
0
LINE
8
BLACK
6
CONTINUOUS
10
0.6457546850393701
20
0.1263850787401575
11
0.6516966141732283
21
0.1263850787401575
0
LINE
8
BLACK
6
CONTINUOUS
10
0.6516966141732283
20
0.1263850787401575
11
0.6516966141732283
21
0.1598496456692913
0
LINE
8
BLACK
6
CONTINUOUS
10
0.6516966141732283
20
0.1598496456692913
11
0.6457546850393701
21
0.1598496456692913
0
LINE
8
BLACK
6
CONTINUOUS
10
0.6457546850393701
20
0.1598496456692913
11
0.6412462992125985
21
0.1583468503937008
0
LINE
8
BLACK
6
CONTINUOUS
10
-0.2211525196850394
20
0.1656984251968504
11
-0.2200881102362205
21
0.1652575196850394
0
LINE
8
BLACK
6
CONTINUOUS
10
-0.2200881102362205
20
0.1652575196850394
11
-0.2192734645669291
21
0.164442874015748
0
LINE
8
BLACK
6
CONTINUOUS
10
-0.2192734645669291
20
0.164442874015748
11
-0.2188325590551181
21
0.1633784645669291
0
LINE
8
BLACK
6
CONTINUOUS
10
-0.2188325590551181
20
0.1633784645669291
11
-0.2187758267716535
21
0.1628024015748031
0
LINE
8
BLACK
6
CONTINUOUS
10
-0.2187758267716535
20
0.1628024015748031
11
-0.2187758267716535
21
0.1234323228346457
0
LINE
8
BLACK
6
CONTINUOUS
10
-0.2187758267716535
20
0.1234323228346457
11
-0.2188325590551181
21
0.1228562598425197
0
LINE
8
BLACK
6
CONTINUOUS
10
-0.2188325590551181
20
0.1228562598425197
11
-0.2192734645669291
21
0.1217918503937008
0
LINE
8
BLACK
6
CONTINUOUS
10
-0.2192734645669291
20
0.1217918503937008
11
-0.2200881102362205
21
0.1209772047244094
0
LINE
8
BLACK
6
CONTINUOUS
10
-0.2200881102362205
20
0.1209772047244094
11
-0.2211525196850394
21
0.1205362992125984
0
LINE
8
BLACK
6
CONTINUOUS
10
-0.2211525196850394
20
0.1205362992125984
11
-0.2223046456692913
21
0.1205362992125984
0
LINE
8
BLACK
6
CONTINUOUS
10
-0.2223046456692913
20
0.1205362992125984
11
-0.2233690551181102
21
0.1209772047244094
0
LINE
8
BLACK
6
CONTINUOUS
10
-0.2233690551181102
20
0.1209772047244094
11
-0.2241837007874016
21
0.1217918503937008
0
LINE
8
BLACK
6
CONTINUOUS
10
-0.2241837007874016
20
0.1217918503937008
11
-0.2246246062992126
21
0.1228562598425197
0
LINE
8
BLACK
6
CONTINUOUS
10
-0.2246246062992126
20
0.1228562598425197
11
-0.2246813385826772
21
0.1234323228346457
0
LINE
8
BLACK
6
CONTINUOUS
10
-0.2246813385826772
20
0.1234323228346457
11
-0.2246813385826772
21
0.1392272440944882
0
LINE
8
BLACK
6
CONTINUOUS
10
-0.2246813385826772
20
0.1392272440944882
11
-0.2295650393700787
21
0.1392272440944882
0
LINE
8
BLACK
6
CONTINUOUS
10
-0.2295650393700787
20
0.1392272440944882
11
-0.2418067716535433
21
0.1217390157480315
0
LINE
8
BLACK
6
CONTINUOUS
10
-0.2418067716535433
20
0.1217390157480315
11
-0.2421835826771654
21
0.1212996456692913
0
LINE
8
BLACK
6
CONTINUOUS
10
-0.2421835826771654
20
0.1212996456692913
11
-0.2431551968503937
21
0.1206804724409449
0
LINE
8
BLACK
6
CONTINUOUS
10
-0.2431551968503937
20
0.1206804724409449
11
-0.2442897244094488
21
0.1204802755905512
0
LINE
8
BLACK
6
CONTINUOUS
10
-0.2442897244094488
20
0.1204802755905512
11
-0.2454145669291339
21
0.1207294488188976
0
LINE
8
BLACK
6
CONTINUOUS
10
-0.2454145669291339
20
0.1207294488188976
11
-0.2463584251968504
21
0.121390157480315
0
LINE
8
BLACK
6
CONTINUOUS
10
-0.2463584251968504
20
0.121390157480315
11
-0.2469775984251968
21
0.1223617716535433
0
LINE
8
BLACK
6
CONTINUOUS
10
-0.2469775984251968
20
0.1223617716535433
11
-0.2471777952755906
21
0.1234962992125984
0
LINE
8
BLACK
6
CONTINUOUS
10
-0.2471777952755906
20
0.1234962992125984
11
-0.2469286220472441
21
0.1246211417322835
0
LINE
8
BLACK
6
CONTINUOUS
10
-0.2469286220472441
20
0.1246211417322835
11
-0.2466447244094488
21
0.1251256299212598
0
LINE
8
BLACK
6
CONTINUOUS
10
-0.2466447244094488
20
0.1251256299212598
11
-0.2367705905511811
21
0.1392315748031496
0
LINE
8
BLACK
6
CONTINUOUS
10
-0.2367705905511811
20
0.1392315748031496
11
-0.2373027559055118
21
0.1392839763779528
0
LINE
8
BLACK
6
CONTINUOUS
10
-0.2373027559055118
20
0.1392839763779528
11
-0.2374007480314961
21
0.1393245669291339
0
LINE
8
BLACK
6
CONTINUOUS
10
-0.2374007480314961
20
0.1393245669291339
11
-0.2375066141732284
21
0.1393320866141732
0
LINE
8
BLACK
6
CONTINUOUS
10
-0.2375066141732284
20
0.1393320866141732
11
-0.2380472047244094
21
0.1395389763779528
0
LINE
8
BLACK
6
CONTINUOUS
10
-0.2380472047244094
20
0.1395389763779528
11
-0.2417967322834646
21
0.1414137401574803
0
LINE
8
BLACK
6
CONTINUOUS
10
-0.2417967322834646
20
0.1414137401574803
11
-0.2420447637795275
21
0.141569842519685
0
LINE
8
BLACK
6
CONTINUOUS
10
-0.2420447637795275
20
0.141569842519685
11
-0.2421166929133858
21
0.1415996456692913
0
LINE
8
BLACK
6
CONTINUOUS
10
-0.2421166929133858
20
0.1415996456692913
11
-0.2421976771653543
21
0.1416661417322835
0
LINE
8
BLACK
6
CONTINUOUS
10
-0.2421976771653543
20
0.1416661417322835
11
-0.2422866141732283
21
0.1417220866141732
0
LINE
8
BLACK
6
CONTINUOUS
10
-0.2422866141732283
20
0.1417220866141732
11
-0.2423377952755905
21
0.1417811023622047
0
LINE
8
BLACK
6
CONTINUOUS
10
-0.2423377952755905
20
0.1417811023622047
11
-0.2425641338582677
21
0.1419668503937008
0
LINE
8
BLACK
6
CONTINUOUS
10
-0.2425641338582677
20
0.1419668503937008
11
-0.2444388976377953
21
0.1438416141732284
0
LINE
8
BLACK
6
CONTINUOUS
10
-0.2444388976377953
20
0.1438416141732284
11
-0.2446246850393701
21
0.1440679921259843
0
LINE
8
BLACK
6
CONTINUOUS
10
-0.2446246850393701
20
0.1440679921259843
11
-0.2446836614173228
21
0.1441191338582677
0
LINE
8
BLACK
6
CONTINUOUS
10
-0.2446836614173228
20
0.1441191338582677
11
-0.2447396456692913
21
0.1442081102362205
0
LINE
8
BLACK
6
CONTINUOUS
10
-0.2447396456692913
20
0.1442081102362205
11
-0.2448061023622047
21
0.1442890551181102
0
LINE
8
BLACK
6
CONTINUOUS
10
-0.2448061023622047
20
0.1442890551181102
11
-0.2448359448818898
21
0.1443610236220473
0
LINE
8
BLACK
6
CONTINUOUS
10
-0.2448359448818898
20
0.1443610236220473
11
-0.2449920078740157
21
0.1446090157480315
0
LINE
8
BLACK
6
CONTINUOUS
10
-0.2449920078740157
20
0.1446090157480315
11
-0.2468667716535433
21
0.1483585433070866
0
LINE
8
BLACK
6
CONTINUOUS
10
-0.2468667716535433
20
0.1483585433070866
11
-0.2470736614173228
21
0.1488991732283464
0
LINE
8
BLACK
6
CONTINUOUS
10
-0.2470736614173228
20
0.1488991732283464
11
-0.2470811811023622
21
0.149005
0
LINE
8
BLACK
6
CONTINUOUS
10
-0.2470811811023622
20
0.149005
11
-0.2471217716535433
21
0.1491029921259842
0
LINE
8
BLACK
6
CONTINUOUS
10
-0.2471217716535433
20
0.1491029921259842
11
-0.2471785039370079
21
0.1496790551181102
0
LINE
8
BLACK
6
CONTINUOUS
10
-0.2471785039370079
20
0.1496790551181102
11
-0.2471785039370079
21
0.1553033464566929
0
LINE
8
BLACK
6
CONTINUOUS
10
-0.2471785039370079
20
0.1553033464566929
11
-0.2471217716535433
21
0.1558794094488189
0
LINE
8
BLACK
6
CONTINUOUS
10
-0.2471217716535433
20
0.1558794094488189
11
-0.2470811811023622
21
0.1559774409448819
0
LINE
8
BLACK
6
CONTINUOUS
10
-0.2470811811023622
20
0.1559774409448819
11
-0.2470736614173228
21
0.1560832283464567
0
LINE
8
BLACK
6
CONTINUOUS
10
-0.2470736614173228
20
0.1560832283464567
11
-0.2468667716535433
21
0.1566238582677165
0
LINE
8
BLACK
6
CONTINUOUS
10
-0.2468667716535433
20
0.1566238582677165
11
-0.2449920078740157
21
0.1603733858267717
0
LINE
8
BLACK
6
CONTINUOUS
10
-0.2449920078740157
20
0.1603733858267717
11
-0.2448359448818898
21
0.1606214173228346
0
LINE
8
BLACK
6
CONTINUOUS
10
-0.2448359448818898
20
0.1606214173228346
11
-0.2448061023622047
21
0.1606933464566929
0
LINE
8
BLACK
6
CONTINUOUS
10
-0.2448061023622047
20
0.1606933464566929
11
-0.2447396456692913
21
0.1607743307086614
0
LINE
8
BLACK
6
CONTINUOUS
10
-0.2447396456692913
20
0.1607743307086614
11
-0.2446836614173228
21
0.1608632677165354
0
LINE
8
BLACK
6
CONTINUOUS
10
-0.2446836614173228
20
0.1608632677165354
11
-0.2446246850393701
21
0.1609144488188976
0
LINE
8
BLACK
6
CONTINUOUS
10
-0.2446246850393701
20
0.1609144488188976
11
-0.2444388976377953
21
0.1611407874015748
0
LINE
8
BLACK
6
CONTINUOUS
10
-0.2444388976377953
20
0.1611407874015748
11
-0.2425641338582677
21
0.1630155511811024
0
LINE
8
BLACK
6
CONTINUOUS
10
-0.2425641338582677
20
0.1630155511811024
11
-0.2423377952755905
21
0.1632013385826772
0
LINE
8
BLACK
6
CONTINUOUS
10
-0.2423377952755905
20
0.1632013385826772
11
-0.2422866141732283
21
0.1632603149606299
0
LINE
8
BLACK
6
CONTINUOUS
10
-0.2422866141732283
20
0.1632603149606299
11
-0.2421976771653543
21
0.1633162992125984
0
LINE
8
BLACK
6
CONTINUOUS
10
-0.2421976771653543
20
0.1633162992125984
11
-0.2421166929133858
21
0.1633827559055118
0
LINE
8
BLACK
6
CONTINUOUS
10
-0.2421166929133858
20
0.1633827559055118
11
-0.2420447637795275
21
0.1634125984251968
0
LINE
8
BLACK
6
CONTINUOUS
10
-0.2420447637795275
20
0.1634125984251968
11
-0.2417967322834646
21
0.1635686614173228
0
LINE
8
BLACK
6
CONTINUOUS
10
-0.2417967322834646
20
0.1635686614173228
11
-0.2380472047244094
21
0.1654434251968504
0
LINE
8
BLACK
6
CONTINUOUS
10
-0.2380472047244094
20
0.1654434251968504
11
-0.2375066141732284
21
0.1656503149606299
0
LINE
8
BLACK
6
CONTINUOUS
10
-0.2375066141732284
20
0.1656503149606299
11
-0.2374007480314961
21
0.165657874015748
0
LINE
8
BLACK
6
CONTINUOUS
10
-0.2374007480314961
20
0.165657874015748
11
-0.2373027559055118
21
0.1656984251968504
0
LINE
8
BLACK
6
CONTINUOUS
10
-0.2373027559055118
20
0.1656984251968504
11
-0.2367266929133858
21
0.165755157480315
0
LINE
8
BLACK
6
CONTINUOUS
10
-0.2367266929133858
20
0.165755157480315
11
-0.2217285826771654
21
0.165755157480315
0
LINE
8
BLACK
6
CONTINUOUS
10
-0.2217285826771654
20
0.165755157480315
11
-0.2211525196850394
21
0.1656984251968504
0
LINE
8
BLACK
6
CONTINUOUS
10
-0.238727125984252
20
0.158500905511811
11
-0.2399242519685039
21
0.1573037795275591
0
LINE
8
BLACK
6
CONTINUOUS
10
-0.2399242519685039
20
0.1573037795275591
11
-0.2412729921259842
21
0.1546062992125984
0
LINE
8
BLACK
6
CONTINUOUS
10
-0.2412729921259842
20
0.1546062992125984
11
-0.2412729921259842
21
0.1503761023622047
0
LINE
8
BLACK
6
CONTINUOUS
10
-0.2412729921259842
20
0.1503761023622047
11
-0.2399242519685039
21
0.1476786220472441
0
LINE
8
BLACK
6
CONTINUOUS
10
-0.2399242519685039
20
0.1476786220472441
11
-0.238727125984252
21
0.1464814960629921
0
LINE
8
BLACK
6
CONTINUOUS
10
-0.238727125984252
20
0.1464814960629921
11
-0.2360296456692913
21
0.1451327559055118
0
LINE
8
BLACK
6
CONTINUOUS
10
-0.2360296456692913
20
0.1451327559055118
11
-0.2246813385826772
21
0.1451327559055118
0
LINE
8
BLACK
6
CONTINUOUS
10
-0.2246813385826772
20
0.1451327559055118
11
-0.2246813385826772
21
0.1598496456692913
0
LINE
8
BLACK
6
CONTINUOUS
10
-0.2246813385826772
20
0.1598496456692913
11
-0.2360296456692913
21
0.1598496456692913
0
LINE
8
BLACK
6
CONTINUOUS
10
-0.2360296456692913
20
0.1598496456692913
11
-0.238727125984252
21
0.158500905511811
0
LINE
8
BLACK
6
CONTINUOUS
10
0.5721545669291338
20
0.1656984251968504
11
0.5732189763779527
21
0.1652575196850394
0
LINE
8
BLACK
6
CONTINUOUS
10
0.5732189763779527
20
0.1652575196850394
11
0.5740336220472441
21
0.164442874015748
0
LINE
8
BLACK
6
CONTINUOUS
10
0.5740336220472441
20
0.164442874015748
11
0.5744745275590551
21
0.1633784645669291
0
LINE
8
BLACK
6
CONTINUOUS
10
0.5744745275590551
20
0.1633784645669291
11
0.5745312598425196
21
0.1628024015748031
0
LINE
8
BLACK
6
CONTINUOUS
10
0.5745312598425196
20
0.1628024015748031
11
0.5745312598425196
21
0.1234323228346457
0
LINE
8
BLACK
6
CONTINUOUS
10
0.5745312598425196
20
0.1234323228346457
11
0.5744745275590551
21
0.1228562598425197
0
LINE
8
BLACK
6
CONTINUOUS
10
0.5744745275590551
20
0.1228562598425197
11
0.5740336220472441
21
0.1217918503937008
0
LINE
8
BLACK
6
CONTINUOUS
10
0.5740336220472441
20
0.1217918503937008
11
0.5732189763779527
21
0.1209772047244094
0
LINE
8
BLACK
6
CONTINUOUS
10
0.5732189763779527
20
0.1209772047244094
11
0.5721545669291338
21
0.1205362992125984
0
LINE
8
BLACK
6
CONTINUOUS
10
0.5721545669291338
20
0.1205362992125984
11
0.5710024409448818
21
0.1205362992125984
0
LINE
8
BLACK
6
CONTINUOUS
10
0.5710024409448818
20
0.1205362992125984
11
0.5699380314960629
21
0.1209772047244094
0
LINE
8
BLACK
6
CONTINUOUS
10
0.5699380314960629
20
0.1209772047244094
11
0.5691233858267717
21
0.1217918503937008
0
LINE
8
BLACK
6
CONTINUOUS
10
0.5691233858267717
20
0.1217918503937008
11
0.5686824803149606
21
0.1228562598425197
0
LINE
8
BLACK
6
CONTINUOUS
10
0.5686824803149606
20
0.1228562598425197
11
0.568625748031496
21
0.1234323228346457
0
LINE
8
BLACK
6
CONTINUOUS
10
0.568625748031496
20
0.1234323228346457
11
0.568625748031496
21
0.1392272440944882
0
LINE
8
BLACK
6
CONTINUOUS
10
0.568625748031496
20
0.1392272440944882
11
0.5637420472440945
21
0.1392272440944882
0
LINE
8
BLACK
6
CONTINUOUS
10
0.5637420472440945
20
0.1392272440944882
11
0.5515003149606299
21
0.1217390157480315
0
LINE
8
BLACK
6
CONTINUOUS
10
0.5515003149606299
20
0.1217390157480315
11
0.5511235039370078
21
0.1212996456692913
0
LINE
8
BLACK
6
CONTINUOUS
10
0.5511235039370078
20
0.1212996456692913
11
0.5501518897637795
21
0.1206804724409449
0
LINE
8
BLACK
6
CONTINUOUS
10
0.5501518897637795
20
0.1206804724409449
11
0.5490173622047244
21
0.1204802755905512
0
LINE
8
BLACK
6
CONTINUOUS
10
0.5490173622047244
20
0.1204802755905512
11
0.5478925196850394
21
0.1207294488188976
0
LINE
8
BLACK
6
CONTINUOUS
10
0.5478925196850394
20
0.1207294488188976
11
0.5469486614173228
21
0.121390157480315
0
LINE
8
BLACK
6
CONTINUOUS
10
0.5469486614173228
20
0.121390157480315
11
0.5463294881889764
21
0.1223617716535433
0
LINE
8
BLACK
6
CONTINUOUS
10
0.5463294881889764
20
0.1223617716535433
11
0.5461292913385827
21
0.1234962992125984
0
LINE
8
BLACK
6
CONTINUOUS
10
0.5461292913385827
20
0.1234962992125984
11
0.5463784645669291
21
0.1246211417322835
0
LINE
8
BLACK
6
CONTINUOUS
10
0.5463784645669291
20
0.1246211417322835
11
0.5466623622047244
21
0.1251256299212598
0
LINE
8
BLACK
6
CONTINUOUS
10
0.5466623622047244
20
0.1251256299212598
11
0.5565364960629922
21
0.1392315748031496
0
LINE
8
BLACK
6
CONTINUOUS
10
0.5565364960629922
20
0.1392315748031496
11
0.5560043307086614
21
0.1392839763779528
0
LINE
8
BLACK
6
CONTINUOUS
10
0.5560043307086614
20
0.1392839763779528
11
0.5559063385826771
21
0.1393245669291339
0
LINE
8
BLACK
6
CONTINUOUS
10
0.5559063385826771
20
0.1393245669291339
11
0.5558004724409449
21
0.1393320866141732
0
LINE
8
BLACK
6
CONTINUOUS
10
0.5558004724409449
20
0.1393320866141732
11
0.5552598818897637
21
0.1395389763779528
0
LINE
8
BLACK
6
CONTINUOUS
10
0.5552598818897637
20
0.1395389763779528
11
0.5515103543307086
21
0.1414137401574803
0
LINE
8
BLACK
6
CONTINUOUS
10
0.5515103543307086
20
0.1414137401574803
11
0.5512623228346456
21
0.141569842519685
0
LINE
8
BLACK
6
CONTINUOUS
10
0.5512623228346456
20
0.141569842519685
11
0.5511903937007874
21
0.1415996456692913
0
LINE
8
BLACK
6
CONTINUOUS
10
0.5511903937007874
20
0.1415996456692913
11
0.5511094094488189
21
0.1416661417322835
0
LINE
8
BLACK
6
CONTINUOUS
10
0.5511094094488189
20
0.1416661417322835
11
0.5510204724409449
21
0.1417220866141732
0
LINE
8
BLACK
6
CONTINUOUS
10
0.5510204724409449
20
0.1417220866141732
11
0.5509692913385826
21
0.1417811023622047
0
LINE
8
BLACK
6
CONTINUOUS
10
0.5509692913385826
20
0.1417811023622047
11
0.5507429527559055
21
0.1419668503937008
0
LINE
8
BLACK
6
CONTINUOUS
10
0.5507429527559055
20
0.1419668503937008
11
0.5488681889763779
21
0.1438416141732284
0
LINE
8
BLACK
6
CONTINUOUS
10
0.5488681889763779
20
0.1438416141732284
11
0.5486824015748032
21
0.1440679921259843
0
LINE
8
BLACK
6
CONTINUOUS
10
0.5486824015748032
20
0.1440679921259843
11
0.5486234251968504
21
0.1441191338582677
0
LINE
8
BLACK
6
CONTINUOUS
10
0.5486234251968504
20
0.1441191338582677
11
0.5485674409448819
21
0.1442081102362205
0
LINE
8
BLACK
6
CONTINUOUS
10
0.5485674409448819
20
0.1442081102362205
11
0.5485009842519685
21
0.1442890551181102
0
LINE
8
BLACK
6
CONTINUOUS
10
0.5485009842519685
20
0.1442890551181102
11
0.5484711417322835
21
0.1443610236220473
0
LINE
8
BLACK
6
CONTINUOUS
10
0.5484711417322835
20
0.1443610236220473
11
0.5483150787401575
21
0.1446090157480315
0
LINE
8
BLACK
6
CONTINUOUS
10
0.5483150787401575
20
0.1446090157480315
11
0.5464403149606299
21
0.1483585433070866
0
LINE
8
BLACK
6
CONTINUOUS
10
0.5464403149606299
20
0.1483585433070866
11
0.5462334251968504
21
0.1488991732283464
0
LINE
8
BLACK
6
CONTINUOUS
10
0.5462334251968504
20
0.1488991732283464
11
0.546225905511811
21
0.149005
0
LINE
8
BLACK
6
CONTINUOUS
10
0.546225905511811
20
0.149005
11
0.5461853149606299
21
0.1491029921259842
0
LINE
8
BLACK
6
CONTINUOUS
10
0.5461853149606299
20
0.1491029921259842
11
0.5461285826771654
21
0.1496790551181102
0
LINE
8
BLACK
6
CONTINUOUS
10
0.5461285826771654
20
0.1496790551181102
11
0.5461285826771654
21
0.1553033464566929
0
LINE
8
BLACK
6
CONTINUOUS
10
0.5461285826771654
20
0.1553033464566929
11
0.5461853149606299
21
0.1558794094488189
0
LINE
8
BLACK
6
CONTINUOUS
10
0.5461853149606299
20
0.1558794094488189
11
0.546225905511811
21
0.1559774409448819
0
LINE
8
BLACK
6
CONTINUOUS
10
0.546225905511811
20
0.1559774409448819
11
0.5462334251968504
21
0.1560832283464567
0
LINE
8
BLACK
6
CONTINUOUS
10
0.5462334251968504
20
0.1560832283464567
11
0.5464403149606299
21
0.1566238582677165
0
LINE
8
BLACK
6
CONTINUOUS
10
0.5464403149606299
20
0.1566238582677165
11
0.5483150787401575
21
0.1603733858267717
0
LINE
8
BLACK
6
CONTINUOUS
10
0.5483150787401575
20
0.1603733858267717
11
0.5484711417322835
21
0.1606214173228346
0
LINE
8
BLACK
6
CONTINUOUS
10
0.5484711417322835
20
0.1606214173228346
11
0.5485009842519685
21
0.1606933464566929
0
LINE
8
BLACK
6
CONTINUOUS
10
0.5485009842519685
20
0.1606933464566929
11
0.5485674409448819
21
0.1607743307086614
0
LINE
8
BLACK
6
CONTINUOUS
10
0.5485674409448819
20
0.1607743307086614
11
0.5486234251968504
21
0.1608632677165354
0
LINE
8
BLACK
6
CONTINUOUS
10
0.5486234251968504
20
0.1608632677165354
11
0.5486824015748032
21
0.1609144488188976
0
LINE
8
BLACK
6
CONTINUOUS
10
0.5486824015748032
20
0.1609144488188976
11
0.5488681889763779
21
0.1611407874015748
0
LINE
8
BLACK
6
CONTINUOUS
10
0.5488681889763779
20
0.1611407874015748
11
0.5507429527559055
21
0.1630155511811024
0
LINE
8
BLACK
6
CONTINUOUS
10
0.5507429527559055
20
0.1630155511811024
11
0.5509692913385826
21
0.1632013385826772
0
LINE
8
BLACK
6
CONTINUOUS
10
0.5509692913385826
20
0.1632013385826772
11
0.5510204724409449
21
0.1632603149606299
0
LINE
8
BLACK
6
CONTINUOUS
10
0.5510204724409449
20
0.1632603149606299
11
0.5511094094488189
21
0.1633162992125984
0
LINE
8
BLACK
6
CONTINUOUS
10
0.5511094094488189
20
0.1633162992125984
11
0.5511903937007874
21
0.1633827559055118
0
LINE
8
BLACK
6
CONTINUOUS
10
0.5511903937007874
20
0.1633827559055118
11
0.5512623228346456
21
0.1634125984251968
0
LINE
8
BLACK
6
CONTINUOUS
10
0.5512623228346456
20
0.1634125984251968
11
0.5515103543307086
21
0.1635686614173228
0
LINE
8
BLACK
6
CONTINUOUS
10
0.5515103543307086
20
0.1635686614173228
11
0.5552598818897637
21
0.1654434251968504
0
LINE
8
BLACK
6
CONTINUOUS
10
0.5552598818897637
20
0.1654434251968504
11
0.5558004724409449
21
0.1656503149606299
0
LINE
8
BLACK
6
CONTINUOUS
10
0.5558004724409449
20
0.1656503149606299
11
0.5559063385826771
21
0.165657874015748
0
LINE
8
BLACK
6
CONTINUOUS
10
0.5559063385826771
20
0.165657874015748
11
0.5560043307086614
21
0.1656984251968504
0
LINE
8
BLACK
6
CONTINUOUS
10
0.5560043307086614
20
0.1656984251968504
11
0.5565803937007874
21
0.165755157480315
0
LINE
8
BLACK
6
CONTINUOUS
10
0.5565803937007874
20
0.165755157480315
11
0.5715785039370078
21
0.165755157480315
0
LINE
8
BLACK
6
CONTINUOUS
10
0.5715785039370078
20
0.165755157480315
11
0.5721545669291338
21
0.1656984251968504
0
LINE
8
BLACK
6
CONTINUOUS
10
0.5545799606299212
20
0.158500905511811
11
0.5533828346456693
21
0.1573037795275591
0
LINE
8
BLACK
6
CONTINUOUS
10
0.5533828346456693
20
0.1573037795275591
11
0.552034094488189
21
0.1546062992125984
0
LINE
8
BLACK
6
CONTINUOUS
10
0.552034094488189
20
0.1546062992125984
11
0.552034094488189
21
0.1503761023622047
0
LINE
8
BLACK
6
CONTINUOUS
10
0.552034094488189
20
0.1503761023622047
11
0.5533828346456693
21
0.1476786220472441
0
LINE
8
BLACK
6
CONTINUOUS
10
0.5533828346456693
20
0.1476786220472441
11
0.5545799606299212
21
0.1464814960629921
0
LINE
8
BLACK
6
CONTINUOUS
10
0.5545799606299212
20
0.1464814960629921
11
0.5572774409448819
21
0.1451327559055118
0
LINE
8
BLACK
6
CONTINUOUS
10
0.5572774409448819
20
0.1451327559055118
11
0.568625748031496
21
0.1451327559055118
0
LINE
8
BLACK
6
CONTINUOUS
10
0.568625748031496
20
0.1451327559055118
11
0.568625748031496
21
0.1598496456692913
0
LINE
8
BLACK
6
CONTINUOUS
10
0.568625748031496
20
0.1598496456692913
11
0.5572774409448819
21
0.1598496456692913
0
LINE
8
BLACK
6
CONTINUOUS
10
0.5572774409448819
20
0.1598496456692913
11
0.5545799606299212
21
0.158500905511811
0
LINE
8
BLACK
6
CONTINUOUS
10
-0.3595500787401575
20
0.1675250393700787
11
-0.3585196456692913
21
0.167009842519685
0
LINE
8
BLACK
6
CONTINUOUS
10
-0.3585196456692913
20
0.167009842519685
11
-0.3577647637795275
21
0.1661394881889764
0
LINE
8
BLACK
6
CONTINUOUS
10
-0.3577647637795275
20
0.1661394881889764
11
-0.3575287795275591
21
0.165610905511811
0
LINE
8
BLACK
6
CONTINUOUS
10
-0.3575287795275591
20
0.165610905511811
11
-0.3481549606299212
21
0.1374894881889764
0
LINE
8
BLACK
6
CONTINUOUS
10
-0.3481549606299212
20
0.1374894881889764
11
-0.3480900393700787
21
0.1372038582677165
0
LINE
8
BLACK
6
CONTINUOUS
10
-0.3480900393700787
20
0.1372038582677165
11
-0.3480601574803149
21
0.1371317716535433
0
LINE
8
BLACK
6
CONTINUOUS
10
-0.3480601574803149
20
0.1371317716535433
11
-0.3480601574803149
21
0.1370725590551181
0
LINE
8
BLACK
6
CONTINUOUS
10
-0.3480601574803149
20
0.1370725590551181
11
-0.3480266141732283
21
0.1369250393700787
0
LINE
8
BLACK
6
CONTINUOUS
10
-0.3480266141732283
20
0.1369250393700787
11
-0.3480601574803149
21
0.136453188976378
0
LINE
8
BLACK
6
CONTINUOUS
10
-0.3480601574803149
20
0.136453188976378
11
-0.3480601574803149
21
0.1359796456692913
0
LINE
8
BLACK
6
CONTINUOUS
10
-0.3480601574803149
20
0.1359796456692913
11
-0.3481008267716535
21
0.1358815748031496
0
LINE
8
BLACK
6
CONTINUOUS
10
-0.3481008267716535
20
0.1358815748031496
11
-0.3481083070866142
21
0.1357758267716535
0
LINE
8
BLACK
6
CONTINUOUS
10
-0.3481083070866142
20
0.1357758267716535
11
-0.3483198818897638
21
0.1353527165354331
0
LINE
8
BLACK
6
CONTINUOUS
10
-0.3483198818897638
20
0.1353527165354331
11
-0.348501062992126
21
0.1349152362204724
0
LINE
8
BLACK
6
CONTINUOUS
10
-0.348501062992126
20
0.1349152362204724
11
-0.3485761023622047
21
0.1348402362204724
0
LINE
8
BLACK
6
CONTINUOUS
10
-0.3485761023622047
20
0.1348402362204724
11
-0.3486235039370079
21
0.1347453543307087
0
LINE
8
BLACK
6
CONTINUOUS
10
-0.3486235039370079
20
0.1347453543307087
11
-0.3489809842519685
21
0.1344353543307087
0
LINE
8
BLACK
6
CONTINUOUS
10
-0.3489809842519685
20
0.1344353543307087
11
-0.3493157086614173
21
0.1341005905511811
0
LINE
8
BLACK
6
CONTINUOUS
10
-0.3493157086614173
20
0.1341005905511811
11
-0.349413779527559
21
0.13406
0
LINE
8
BLACK
6
CONTINUOUS
10
-0.349413779527559
20
0.13406
11
-0.3494938976377953
21
0.1339904724409449
0
LINE
8
BLACK
6
CONTINUOUS
10
-0.3494938976377953
20
0.1339904724409449
11
-0.3499427559055118
21
0.1338408661417323
0
LINE
8
BLACK
6
CONTINUOUS
10
-0.3499427559055118
20
0.1338408661417323
11
-0.3503801181102362
21
0.1336596850393701
0
LINE
8
BLACK
6
CONTINUOUS
10
-0.3503801181102362
20
0.1336596850393701
11
-0.3505307874015748
21
0.1336448818897638
0
LINE
8
BLACK
6
CONTINUOUS
10
-0.3505307874015748
20
0.1336448818897638
11
-0.3505868897637795
21
0.1336261417322835
0
LINE
8
BLACK
6
CONTINUOUS
10
-0.3505868897637795
20
0.1336261417322835
11
-0.3506646456692913
21
0.1336316929133858
0
LINE
8
BLACK
6
CONTINUOUS
10
-0.3506646456692913
20
0.1336316929133858
11
-0.3509561811023622
21
0.1336029527559055
0
LINE
8
BLACK
6
CONTINUOUS
10
-0.3509561811023622
20
0.1336029527559055
11
-0.366751062992126
21
0.1336029527559055
0
LINE
8
BLACK
6
CONTINUOUS
10
-0.366751062992126
20
0.1336029527559055
11
-0.366751062992126
21
0.1234323228346457
0
LINE
8
BLACK
6
CONTINUOUS
10
-0.366751062992126
20
0.1234323228346457
11
-0.3668077952755905
21
0.1228562598425197
0
LINE
8
BLACK
6
CONTINUOUS
10
-0.3668077952755905
20
0.1228562598425197
11
-0.3672487007874016
21
0.1217918503937008
0
LINE
8
BLACK
6
CONTINUOUS
10
-0.3672487007874016
20
0.1217918503937008
11
-0.3680633464566929
21
0.1209772047244094
0
LINE
8
BLACK
6
CONTINUOUS
10
-0.3680633464566929
20
0.1209772047244094
11
-0.3691277559055118
21
0.1205362992125984
0
LINE
8
BLACK
6
CONTINUOUS
10
-0.3691277559055118
20
0.1205362992125984
11
-0.3702798818897638
21
0.1205362992125984
0
LINE
8
BLACK
6
CONTINUOUS
10
-0.3702798818897638
20
0.1205362992125984
11
-0.3713442913385827
21
0.1209772047244094
0
LINE
8
BLACK
6
CONTINUOUS
10
-0.3713442913385827
20
0.1209772047244094
11
-0.372158937007874
21
0.1217918503937008
0
LINE
8
BLACK
6
CONTINUOUS
10
-0.372158937007874
20
0.1217918503937008
11
-0.372599842519685
21
0.1228562598425197
0
LINE
8
BLACK
6
CONTINUOUS
10
-0.372599842519685
20
0.1228562598425197
11
-0.3726565748031496
21
0.1234323228346457
0
LINE
8
BLACK
6
CONTINUOUS
10
-0.3726565748031496
20
0.1234323228346457
11
-0.3726565748031496
21
0.1336029527559055
0
LINE
8
BLACK
6
CONTINUOUS
10
-0.3726565748031496
20
0.1336029527559055
11
-0.3753281102362205
21
0.1336029527559055
0
LINE
8
BLACK
6
CONTINUOUS
10
-0.3753281102362205
20
0.1336029527559055
11
-0.3759041732283465
21
0.1336596850393701
0
LINE
8
BLACK
6
CONTINUOUS
10
-0.3759041732283465
20
0.1336596850393701
11
-0.3769685826771653
21
0.1341005905511811
0
LINE
8
BLACK
6
CONTINUOUS
10
-0.3769685826771653
20
0.1341005905511811
11
-0.3777832283464567
21
0.1349152362204724
0
LINE
8
BLACK
6
CONTINUOUS
10
-0.3777832283464567
20
0.1349152362204724
11
-0.3782241338582677
21
0.1359796456692913
0
LINE
8
BLACK
6
CONTINUOUS
10
-0.3782241338582677
20
0.1359796456692913
11
-0.3782241338582677
21
0.1371317716535433
0
LINE
8
BLACK
6
CONTINUOUS
10
-0.3782241338582677
20
0.1371317716535433
11
-0.3777832283464567
21
0.1381961811023622
0
LINE
8
BLACK
6
CONTINUOUS
10
-0.3777832283464567
20
0.1381961811023622
11
-0.3769685826771653
21
0.1390108267716536
0
LINE
8
BLACK
6
CONTINUOUS
10
-0.3769685826771653
20
0.1390108267716536
11
-0.3759041732283465
21
0.1394517322834646
0
LINE
8
BLACK
6
CONTINUOUS
10
-0.3759041732283465
20
0.1394517322834646
11
-0.3753281102362205
21
0.1395084645669291
0
LINE
8
BLACK
6
CONTINUOUS
10
-0.3753281102362205
20
0.1395084645669291
11
-0.3726565748031496
21
0.1395084645669291
0
LINE
8
BLACK
6
CONTINUOUS
10
-0.3726565748031496
20
0.1395084645669291
11
-0.3726565748031496
21
0.1496790551181102
0
LINE
8
BLACK
6
CONTINUOUS
10
-0.3726565748031496
20
0.1496790551181102
11
-0.372599842519685
21
0.1502551181102362
0
LINE
8
BLACK
6
CONTINUOUS
10
-0.372599842519685
20
0.1502551181102362
11
-0.372158937007874
21
0.1513195275590551
0
LINE
8
BLACK
6
CONTINUOUS
10
-0.372158937007874
20
0.1513195275590551
11
-0.3713442913385827
21
0.1521341732283465
0
LINE
8
BLACK
6
CONTINUOUS
10
-0.3713442913385827
20
0.1521341732283465
11
-0.3702798818897638
21
0.1525750787401575
0
LINE
8
BLACK
6
CONTINUOUS
10
-0.3702798818897638
20
0.1525750787401575
11
-0.3691277559055118
21
0.1525750787401575
0
LINE
8
BLACK
6
CONTINUOUS
10
-0.3691277559055118
20
0.1525750787401575
11
-0.3680633464566929
21
0.1521341732283465
0
LINE
8
BLACK
6
CONTINUOUS
10
-0.3680633464566929
20
0.1521341732283465
11
-0.3672487007874016
21
0.1513195275590551
0
LINE
8
BLACK
6
CONTINUOUS
10
-0.3672487007874016
20
0.1513195275590551
11
-0.3668077952755905
21
0.1502551181102362
0
LINE
8
BLACK
6
CONTINUOUS
10
-0.3668077952755905
20
0.1502551181102362
11
-0.366751062992126
21
0.1496790551181102
0
LINE
8
BLACK
6
CONTINUOUS
10
-0.366751062992126
20
0.1496790551181102
11
-0.366751062992126
21
0.1395084645669291
0
LINE
8
BLACK
6
CONTINUOUS
10
-0.366751062992126
20
0.1395084645669291
11
-0.3550529133858268
21
0.1395084645669291
0
LINE
8
BLACK
6
CONTINUOUS
10
-0.3550529133858268
20
0.1395084645669291
11
-0.363131220472441
21
0.1637434251968504
0
LINE
8
BLACK
6
CONTINUOUS
10
-0.363131220472441
20
0.1637434251968504
11
-0.3632595669291339
21
0.164307874015748
0
LINE
8
BLACK
6
CONTINUOUS
10
-0.3632595669291339
20
0.164307874015748
11
-0.363177874015748
21
0.1654570866141732
0
LINE
8
BLACK
6
CONTINUOUS
10
-0.363177874015748
20
0.1654570866141732
11
-0.3626626771653543
21
0.1664875196850394
0
LINE
8
BLACK
6
CONTINUOUS
10
-0.3626626771653543
20
0.1664875196850394
11
-0.3617923228346457
21
0.1672424015748031
0
LINE
8
BLACK
6
CONTINUOUS
10
-0.3617923228346457
20
0.1672424015748031
11
-0.3606992913385827
21
0.1676067322834646
0
LINE
8
BLACK
6
CONTINUOUS
10
-0.3606992913385827
20
0.1676067322834646
11
-0.3595500787401575
21
0.1675250393700787
0
LINE
8
BLACK
6
CONTINUOUS
10
-0.0200777559055118
20
0.1523792519685039
11
-0.0187993307086614
21
0.1511008267716535
0
LINE
8
BLACK
6
CONTINUOUS
10
-0.0187993307086614
20
0.1511008267716535
11
-0.0187993307086614
21
0.149292874015748
0
LINE
8
BLACK
6
CONTINUOUS
10
-0.0187993307086614
20
0.149292874015748
11
-0.0200777559055118
21
0.1480144488188976
0
LINE
8
BLACK
6
CONTINUOUS
10
-0.0200777559055118
20
0.1480144488188976
11
-0.0209817322834646
21
0.1478346456692913
0
LINE
8
BLACK
6
CONTINUOUS
10
-0.0209817322834646
20
0.1478346456692913
11
-0.0388607874015748
21
0.1478346456692913
0
LINE
8
BLACK
6
CONTINUOUS
10
-0.0388607874015748
20
0.1478346456692913
11
-0.0397647637795276
21
0.1480144488188976
0
LINE
8
BLACK
6
CONTINUOUS
10
-0.0397647637795276
20
0.1480144488188976
11
-0.041043188976378
21
0.149292874015748
0
LINE
8
BLACK
6
CONTINUOUS
10
-0.041043188976378
20
0.149292874015748
11
-0.041043188976378
21
0.1511008267716535
0
LINE
8
BLACK
6
CONTINUOUS
10
-0.041043188976378
20
0.1511008267716535
11
-0.0397647637795276
21
0.1523792519685039
0
LINE
8
BLACK
6
CONTINUOUS
10
-0.0397647637795276
20
0.1523792519685039
11
-0.0388607874015748
21
0.1525590551181102
0
LINE
8
BLACK
6
CONTINUOUS
10
-0.0388607874015748
20
0.1525590551181102
11
-0.0209817322834646
21
0.1525590551181102
0
LINE
8
BLACK
6
CONTINUOUS
10
-0.0209817322834646
20
0.1525590551181102
11
-0.0200777559055118
21
0.1523792519685039
0
LINE
8
BLACK
6
CONTINUOUS
10
-0.1489177952755905
20
0.2007377952755905
11
-0.1488198031496063
21
0.2006972047244094
0
LINE
8
BLACK
6
CONTINUOUS
10
-0.1488198031496063
20
0.2006972047244094
11
-0.1487139763779528
21
0.2006896850393701
0
LINE
8
BLACK
6
CONTINUOUS
10
-0.1487139763779528
20
0.2006896850393701
11
-0.1481733464566929
21
0.2004827952755905
0
LINE
8
BLACK
6
CONTINUOUS
10
-0.1481733464566929
20
0.2004827952755905
11
-0.1444238188976378
21
0.198608031496063
0
LINE
8
BLACK
6
CONTINUOUS
10
-0.1444238188976378
20
0.198608031496063
11
-0.1441758267716536
21
0.198451968503937
0
LINE
8
BLACK
6
CONTINUOUS
10
-0.1441758267716536
20
0.198451968503937
11
-0.1441038582677165
21
0.198422125984252
0
LINE
8
BLACK
6
CONTINUOUS
10
-0.1441038582677165
20
0.198422125984252
11
-0.1440229133858268
21
0.1983556692913386
0
LINE
8
BLACK
6
CONTINUOUS
10
-0.1440229133858268
20
0.1983556692913386
11
-0.143933937007874
21
0.1982996850393701
0
LINE
8
BLACK
6
CONTINUOUS
10
-0.143933937007874
20
0.1982996850393701
11
-0.1438827952755906
21
0.1982407086614173
0
LINE
8
BLACK
6
CONTINUOUS
10
-0.1438827952755906
20
0.1982407086614173
11
-0.1436564173228346
21
0.1980549212598425
0
LINE
8
BLACK
6
CONTINUOUS
10
-0.1436564173228346
20
0.1980549212598425
11
-0.1417816535433071
21
0.1961801574803149
0
LINE
8
BLACK
6
CONTINUOUS
10
-0.1417816535433071
20
0.1961801574803149
11
-0.1414144488188976
21
0.1957327165354331
0
LINE
8
BLACK
6
CONTINUOUS
10
-0.1414144488188976
20
0.1957327165354331
11
-0.1409735433070866
21
0.1946683070866142
0
LINE
8
BLACK
6
CONTINUOUS
10
-0.1409735433070866
20
0.1946683070866142
11
-0.1409735433070866
21
0.1935162204724409
0
LINE
8
BLACK
6
CONTINUOUS
10
-0.1409735433070866
20
0.1935162204724409
11
-0.1414144488188976
21
0.192451811023622
0
LINE
8
BLACK
6
CONTINUOUS
10
-0.1414144488188976
20
0.192451811023622
11
-0.1422291338582677
21
0.191637125984252
0
LINE
8
BLACK
6
CONTINUOUS
10
-0.1422291338582677
20
0.191637125984252
11
-0.1432935433070866
21
0.1911962204724409
0
LINE
8
BLACK
6
CONTINUOUS
10
-0.1432935433070866
20
0.1911962204724409
11
-0.1444456299212598
21
0.1911962204724409
0
LINE
8
BLACK
6
CONTINUOUS
10
-0.1444456299212598
20
0.1911962204724409
11
-0.1455100393700787
21
0.191637125984252
0
LINE
8
BLACK
6
CONTINUOUS
10
-0.1455100393700787
20
0.191637125984252
11
-0.1459574803149606
21
0.1920043307086614
0
LINE
8
BLACK
6
CONTINUOUS
10
-0.1459574803149606
20
0.1920043307086614
11
-0.1474934251968504
21
0.1935402755905512
0
LINE
8
BLACK
6
CONTINUOUS
10
-0.1474934251968504
20
0.1935402755905512
11
-0.150190905511811
21
0.1948890157480315
0
LINE
8
BLACK
6
CONTINUOUS
10
-0.150190905511811
20
0.1948890157480315
11
-0.1581706299212598
21
0.1948890157480315
0
LINE
8
BLACK
6
CONTINUOUS
10
-0.1581706299212598
20
0.1948890157480315
11
-0.1608681102362205
21
0.1935402755905512
0
LINE
8
BLACK
6
CONTINUOUS
10
-0.1608681102362205
20
0.1935402755905512
11
-0.1620652362204724
21
0.1923431496062992
0
LINE
8
BLACK
6
CONTINUOUS
10
-0.1620652362204724
20
0.1923431496062992
11
-0.1634139763779527
21
0.1896456692913386
0
LINE
8
BLACK
6
CONTINUOUS
10
-0.1634139763779527
20
0.1896456692913386
11
-0.1634139763779527
21
0.1870723622047244
0
LINE
8
BLACK
6
CONTINUOUS
10
-0.1634139763779527
20
0.1870723622047244
11
-0.1619111811023622
21
0.182563937007874
0
LINE
8
BLACK
6
CONTINUOUS
10
-0.1619111811023622
20
0.182563937007874
11
-0.1399068897637795
21
0.1605596062992126
0
LINE
8
BLACK
6
CONTINUOUS
10
-0.1399068897637795
20
0.1605596062992126
11
-0.1395396456692913
21
0.1601121653543307
0
LINE
8
BLACK
6
CONTINUOUS
10
-0.1395396456692913
20
0.1601121653543307
11
-0.1390987795275591
21
0.1590477165354331
0
LINE
8
BLACK
6
CONTINUOUS
10
-0.1390987795275591
20
0.1590477165354331
11
-0.1390987795275591
21
0.1578956299212598
0
LINE
8
BLACK
6
CONTINUOUS
10
-0.1390987795275591
20
0.1578956299212598
11
-0.1395396850393701
21
0.1568312204724409
0
LINE
8
BLACK
6
CONTINUOUS
10
-0.1395396850393701
20
0.1568312204724409
11
-0.1403543307086614
21
0.1560165354330709
0
LINE
8
BLACK
6
CONTINUOUS
10
-0.1403543307086614
20
0.1560165354330709
11
-0.1409524409448819
21
0.1557688188976378
0
LINE
8
BLACK
6
CONTINUOUS
10
-0.1409524409448819
20
0.1557688188976378
11
-0.1414187401574803
21
0.1555756692913386
0
LINE
8
BLACK
6
CONTINUOUS
10
-0.1414187401574803
20
0.1555756692913386
11
-0.1419948031496063
21
0.155518937007874
0
LINE
8
BLACK
6
CONTINUOUS
10
-0.1419948031496063
20
0.155518937007874
11
-0.1663667322834646
21
0.155518937007874
0
LINE
8
BLACK
6
CONTINUOUS
10
-0.1663667322834646
20
0.155518937007874
11
-0.1669427952755906
21
0.1555756692913386
0
LINE
8
BLACK
6
CONTINUOUS
10
-0.1669427952755906
20
0.1555756692913386
11
-0.1680072047244094
21
0.1560165748031496
0
LINE
8
BLACK
6
CONTINUOUS
10
-0.1680072047244094
20
0.1560165748031496
11
-0.1688218503937008
21
0.1568312204724409
0
LINE
8
BLACK
6
CONTINUOUS
10
-0.1688218503937008
20
0.1568312204724409
11
-0.1692627559055118
21
0.1578956299212598
0
LINE
8
BLACK
6
CONTINUOUS
10
-0.1692627559055118
20
0.1578956299212598
11
-0.1692627559055118
21
0.1590477559055118
0
LINE
8
BLACK
6
CONTINUOUS
10
-0.1692627559055118
20
0.1590477559055118
11
-0.1688218503937008
21
0.1601121653543307
0
LINE
8
BLACK
6
CONTINUOUS
10
-0.1688218503937008
20
0.1601121653543307
11
-0.1680072047244094
21
0.1609268110236221
0
LINE
8
BLACK
6
CONTINUOUS
10
-0.1680072047244094
20
0.1609268110236221
11
-0.1669427952755906
21
0.1613677165354331
0
LINE
8
BLACK
6
CONTINUOUS
10
-0.1669427952755906
20
0.1613677165354331
11
-0.1663667322834646
21
0.1614244488188976
0
LINE
8
BLACK
6
CONTINUOUS
10
-0.1663667322834646
20
0.1614244488188976
11
-0.1491233858267716
21
0.1614244488188976
0
LINE
8
BLACK
6
CONTINUOUS
10
-0.1491233858267716
20
0.1614244488188976
11
-0.1665798818897638
21
0.1788809842519685
0
LINE
8
BLACK
6
CONTINUOUS
10
-0.1665798818897638
20
0.1788809842519685
11
-0.1669470866141732
21
0.1793284251968504
0
LINE
8
BLACK
6
CONTINUOUS
10
-0.1669470866141732
20
0.1793284251968504
11
-0.1669877165354331
21
0.1794264960629921
0
LINE
8
BLACK
6
CONTINUOUS
10
-0.1669877165354331
20
0.1794264960629921
11
-0.1670572047244094
21
0.1795066141732283
0
LINE
8
BLACK
6
CONTINUOUS
10
-0.1670572047244094
20
0.1795066141732283
11
-0.167293188976378
21
0.180035157480315
0
LINE
8
BLACK
6
CONTINUOUS
10
-0.167293188976378
20
0.180035157480315
11
-0.1691679527559055
21
0.1856594488188976
0
LINE
8
BLACK
6
CONTINUOUS
10
-0.1691679527559055
20
0.1856594488188976
11
-0.1692329133858268
21
0.1859450393700787
0
LINE
8
BLACK
6
CONTINUOUS
10
-0.1692329133858268
20
0.1859450393700787
11
-0.1692627559055118
21
0.186017125984252
0
LINE
8
BLACK
6
CONTINUOUS
10
-0.1692627559055118
20
0.186017125984252
11
-0.1692730708661417
21
0.1861216535433071
0
LINE
8
BLACK
6
CONTINUOUS
10
-0.1692730708661417
20
0.1861216535433071
11
-0.1692962992125984
21
0.1862238976377953
0
LINE
8
BLACK
6
CONTINUOUS
10
-0.1692962992125984
20
0.1862238976377953
11
-0.1692907874015748
21
0.1863016535433071
0
LINE
8
BLACK
6
CONTINUOUS
10
-0.1692907874015748
20
0.1863016535433071
11
-0.1693194881889764
21
0.1865931889763779
0
LINE
8
BLACK
6
CONTINUOUS
10
-0.1693194881889764
20
0.1865931889763779
11
-0.1693194881889764
21
0.1903427165354331
0
LINE
8
BLACK
6
CONTINUOUS
10
-0.1693194881889764
20
0.1903427165354331
11
-0.1692627559055118
21
0.1909187795275591
0
LINE
8
BLACK
6
CONTINUOUS
10
-0.1692627559055118
20
0.1909187795275591
11
-0.1692221653543307
21
0.191016811023622
0
LINE
8
BLACK
6
CONTINUOUS
10
-0.1692221653543307
20
0.191016811023622
11
-0.1692146456692913
21
0.1911225984251969
0
LINE
8
BLACK
6
CONTINUOUS
10
-0.1692146456692913
20
0.1911225984251969
11
-0.1690077559055118
21
0.1916632283464567
0
LINE
8
BLACK
6
CONTINUOUS
10
-0.1690077559055118
20
0.1916632283464567
11
-0.1671329921259843
21
0.1954127559055118
0
LINE
8
BLACK
6
CONTINUOUS
10
-0.1671329921259843
20
0.1954127559055118
11
-0.1669769291338583
21
0.1956607874015748
0
LINE
8
BLACK
6
CONTINUOUS
10
-0.1669769291338583
20
0.1956607874015748
11
-0.1669470866141732
21
0.1957327165354331
0
LINE
8
BLACK
6
CONTINUOUS
10
-0.1669470866141732
20
0.1957327165354331
11
-0.1668806299212598
21
0.1958137007874016
0
LINE
8
BLACK
6
CONTINUOUS
10
-0.1668806299212598
20
0.1958137007874016
11
-0.1668246456692913
21
0.1959026377952756
0
LINE
8
BLACK
6
CONTINUOUS
10
-0.1668246456692913
20
0.1959026377952756
11
-0.1667656692913386
21
0.1959538188976378
0
LINE
8
BLACK
6
CONTINUOUS
10
-0.1667656692913386
20
0.1959538188976378
11
-0.1665798818897638
21
0.1961801574803149
0
LINE
8
BLACK
6
CONTINUOUS
10
-0.1665798818897638
20
0.1961801574803149
11
-0.1647051181102362
21
0.1980549212598425
0
LINE
8
BLACK
6
CONTINUOUS
10
-0.1647051181102362
20
0.1980549212598425
11
-0.164478779527559
21
0.1982407086614173
0
LINE
8
BLACK
6
CONTINUOUS
10
-0.164478779527559
20
0.1982407086614173
11
-0.1644275984251969
21
0.1982996850393701
0
LINE
8
BLACK
6
CONTINUOUS
10
-0.1644275984251969
20
0.1982996850393701
11
-0.1643386614173228
21
0.1983556692913386
0
LINE
8
BLACK
6
CONTINUOUS
10
-0.1643386614173228
20
0.1983556692913386
11
-0.1642576771653543
21
0.198422125984252
0
LINE
8
BLACK
6
CONTINUOUS
10
-0.1642576771653543
20
0.198422125984252
11
-0.164185748031496
21
0.198451968503937
0
LINE
8
BLACK
6
CONTINUOUS
10
-0.164185748031496
20
0.198451968503937
11
-0.1639377165354331
21
0.198608031496063
0
LINE
8
BLACK
6
CONTINUOUS
10
-0.1639377165354331
20
0.198608031496063
11
-0.160188188976378
21
0.2004827952755905
0
LINE
8
BLACK
6
CONTINUOUS
10
-0.160188188976378
20
0.2004827952755905
11
-0.1596475984251969
21
0.2006896850393701
0
LINE
8
BLACK
6
CONTINUOUS
10
-0.1596475984251969
20
0.2006896850393701
11
-0.1595417322834646
21
0.2006972440944882
0
LINE
8
BLACK
6
CONTINUOUS
10
-0.1595417322834646
20
0.2006972440944882
11
-0.1594437401574803
21
0.2007377952755905
0
LINE
8
BLACK
6
CONTINUOUS
10
-0.1594437401574803
20
0.2007377952755905
11
-0.1588676771653543
21
0.2007945275590551
0
LINE
8
BLACK
6
CONTINUOUS
10
-0.1588676771653543
20
0.2007945275590551
11
-0.1494938582677165
21
0.2007945275590551
0
LINE
8
BLACK
6
CONTINUOUS
10
-0.1494938582677165
20
0.2007945275590551
11
-0.1489177952755905
21
0.2007377952755905
0
LINE
8
BLACK
6
CONTINUOUS
10
-0.105798188976378
20
0.2007377952755905
11
-0.1047337795275591
21
0.2002968897637795
0
LINE
8
BLACK
6
CONTINUOUS
10
-0.1047337795275591
20
0.2002968897637795
11
-0.1039191338582677
21
0.1994822440944882
0
LINE
8
BLACK
6
CONTINUOUS
10
-0.1039191338582677
20
0.1994822440944882
11
-0.1034782283464567
21
0.1984178346456693
0
LINE
8
BLACK
6
CONTINUOUS
10
-0.1034782283464567
20
0.1984178346456693
11
-0.1034214960629921
21
0.1978417716535433
0
LINE
8
BLACK
6
CONTINUOUS
10
-0.1034214960629921
20
0.1978417716535433
11
-0.1034214960629921
21
0.1584716929133858
0
LINE
8
BLACK
6
CONTINUOUS
10
-0.1034214960629921
20
0.1584716929133858
11
-0.1034782283464567
21
0.1578956299212598
0
LINE
8
BLACK
6
CONTINUOUS
10
-0.1034782283464567
20
0.1578956299212598
11
-0.1039191338582677
21
0.1568312204724409
0
LINE
8
BLACK
6
CONTINUOUS
10
-0.1039191338582677
20
0.1568312204724409
11
-0.1047337795275591
21
0.1560165748031496
0
LINE
8
BLACK
6
CONTINUOUS
10
-0.1047337795275591
20
0.1560165748031496
11
-0.105798188976378
21
0.1555756692913386
0
LINE
8
BLACK
6
CONTINUOUS
10
-0.105798188976378
20
0.1555756692913386
11
-0.1069503149606299
21
0.1555756692913386
0
LINE
8
BLACK
6
CONTINUOUS
10
-0.1069503149606299
20
0.1555756692913386
11
-0.1080147244094488
21
0.1560165748031496
0
LINE
8
BLACK
6
CONTINUOUS
10
-0.1080147244094488
20
0.1560165748031496
11
-0.1088293700787402
21
0.1568312204724409
0
LINE
8
BLACK
6
CONTINUOUS
10
-0.1088293700787402
20
0.1568312204724409
11
-0.1092702755905512
21
0.1578956299212598
0
LINE
8
BLACK
6
CONTINUOUS
10
-0.1092702755905512
20
0.1578956299212598
11
-0.1093270078740157
21
0.1584716929133858
0
LINE
8
BLACK
6
CONTINUOUS
10
-0.1093270078740157
20
0.1584716929133858
11
-0.1093270078740157
21
0.1742666141732283
0
LINE
8
BLACK
6
CONTINUOUS
10
-0.1093270078740157
20
0.1742666141732283
11
-0.1142107086614173
21
0.1742666141732283
0
LINE
8
BLACK
6
CONTINUOUS
10
-0.1142107086614173
20
0.1742666141732283
11
-0.1264524409448819
21
0.1567783858267716
0
LINE
8
BLACK
6
CONTINUOUS
10
-0.1264524409448819
20
0.1567783858267716
11
-0.1268292519685039
21
0.1563390157480315
0
LINE
8
BLACK
6
CONTINUOUS
10
-0.1268292519685039
20
0.1563390157480315
11
-0.1278008661417323
21
0.155719842519685
0
LINE
8
BLACK
6
CONTINUOUS
10
-0.1278008661417323
20
0.155719842519685
11
-0.1289353937007874
21
0.1555196456692913
0
LINE
8
BLACK
6
CONTINUOUS
10
-0.1289353937007874
20
0.1555196456692913
11
-0.1300602362204724
21
0.1557688188976378
0
LINE
8
BLACK
6
CONTINUOUS
10
-0.1300602362204724
20
0.1557688188976378
11
-0.131004094488189
21
0.1564295275590551
0
LINE
8
BLACK
6
CONTINUOUS
10
-0.131004094488189
20
0.1564295275590551
11
-0.1316232677165354
21
0.1574011417322835
0
LINE
8
BLACK
6
CONTINUOUS
10
-0.1316232677165354
20
0.1574011417322835
11
-0.1318234645669291
21
0.1585356692913386
0
LINE
8
BLACK
6
CONTINUOUS
10
-0.1318234645669291
20
0.1585356692913386
11
-0.1315742913385827
21
0.1596605118110236
0
LINE
8
BLACK
6
CONTINUOUS
10
-0.1315742913385827
20
0.1596605118110236
11
-0.1312903937007874
21
0.160165
0
LINE
8
BLACK
6
CONTINUOUS
10
-0.1312903937007874
20
0.160165
11
-0.1214162598425197
21
0.1742709448818898
0
LINE
8
BLACK
6
CONTINUOUS
10
-0.1214162598425197
20
0.1742709448818898
11
-0.1219484251968504
21
0.1743233464566929
0
LINE
8
BLACK
6
CONTINUOUS
10
-0.1219484251968504
20
0.1743233464566929
11
-0.1220464173228346
21
0.174363937007874
0
LINE
8
BLACK
6
CONTINUOUS
10
-0.1220464173228346
20
0.174363937007874
11
-0.1221522834645669
21
0.1743714566929134
0
LINE
8
BLACK
6
CONTINUOUS
10
-0.1221522834645669
20
0.1743714566929134
11
-0.122692874015748
21
0.1745783464566929
0
LINE
8
BLACK
6
CONTINUOUS
10
-0.122692874015748
20
0.1745783464566929
11
-0.1264424015748032
21
0.1764531102362205
0
LINE
8
BLACK
6
CONTINUOUS
10
-0.1264424015748032
20
0.1764531102362205
11
-0.1266904330708661
21
0.1766092125984252
0
LINE
8
BLACK
6
CONTINUOUS
10
-0.1266904330708661
20
0.1766092125984252
11
-0.1267623622047244
21
0.1766390157480315
0
LINE
8
BLACK
6
CONTINUOUS
10
-0.1267623622047244
20
0.1766390157480315
11
-0.1268433464566929
21
0.1767055118110236
0
LINE
8
BLACK
6
CONTINUOUS
10
-0.1268433464566929
20
0.1767055118110236
11
-0.1269322834645669
21
0.1767614566929134
0
LINE
8
BLACK
6
CONTINUOUS
10
-0.1269322834645669
20
0.1767614566929134
11
-0.1269834645669291
21
0.1768204724409449
0
LINE
8
BLACK
6
CONTINUOUS
10
-0.1269834645669291
20
0.1768204724409449
11
-0.1272098031496063
21
0.1770062204724409
0
LINE
8
BLACK
6
CONTINUOUS
10
-0.1272098031496063
20
0.1770062204724409
11
-0.1290845669291339
21
0.1788809842519685
0
LINE
8
BLACK
6
CONTINUOUS
10
-0.1290845669291339
20
0.1788809842519685
11
-0.1292703543307087
21
0.1791073622047244
0
LINE
8
BLACK
6
CONTINUOUS
10
-0.1292703543307087
20
0.1791073622047244
11
-0.1293293307086614
21
0.1791585039370079
0
LINE
8
BLACK
6
CONTINUOUS
10
-0.1293293307086614
20
0.1791585039370079
11
-0.1293853149606299
21
0.1792474803149606
0
LINE
8
BLACK
6
CONTINUOUS
10
-0.1293853149606299
20
0.1792474803149606
11
-0.1294517716535433
21
0.1793284251968504
0
LINE
8
BLACK
6
CONTINUOUS
10
-0.1294517716535433
20
0.1793284251968504
11
-0.1294816141732283
21
0.1794003937007874
0
LINE
8
BLACK
6
CONTINUOUS
10
-0.1294816141732283
20
0.1794003937007874
11
-0.1296376771653543
21
0.1796483858267716
0
LINE
8
BLACK
6
CONTINUOUS
10
-0.1296376771653543
20
0.1796483858267716
11
-0.1315124409448819
21
0.1833979133858268
0
LINE
8
BLACK
6
CONTINUOUS
10
-0.1315124409448819
20
0.1833979133858268
11
-0.1317193307086614
21
0.1839385433070866
0
LINE
8
BLACK
6
CONTINUOUS
10
-0.1317193307086614
20
0.1839385433070866
11
-0.1317268503937008
21
0.1840443700787402
0
LINE
8
BLACK
6
CONTINUOUS
10
-0.1317268503937008
20
0.1840443700787402
11
-0.1317674409448819
21
0.1841423622047244
0
LINE
8
BLACK
6
CONTINUOUS
10
-0.1317674409448819
20
0.1841423622047244
11
-0.1318241732283464
21
0.1847184251968504
0
LINE
8
BLACK
6
CONTINUOUS
10
-0.1318241732283464
20
0.1847184251968504
11
-0.1318241732283464
21
0.1903427165354331
0
LINE
8
BLACK
6
CONTINUOUS
10
-0.1318241732283464
20
0.1903427165354331
11
-0.1317674409448819
21
0.1909187795275591
0
LINE
8
BLACK
6
CONTINUOUS
10
-0.1317674409448819
20
0.1909187795275591
11
-0.1317268503937008
21
0.191016811023622
0
LINE
8
BLACK
6
CONTINUOUS
10
-0.1317268503937008
20
0.191016811023622
11
-0.1317193307086614
21
0.1911225984251969
0
LINE
8
BLACK
6
CONTINUOUS
10
-0.1317193307086614
20
0.1911225984251969
11
-0.1315124409448819
21
0.1916632283464567
0
LINE
8
BLACK
6
CONTINUOUS
10
-0.1315124409448819
20
0.1916632283464567
11
-0.1296376771653543
21
0.1954127559055118
0
LINE
8
BLACK
6
CONTINUOUS
10
-0.1296376771653543
20
0.1954127559055118
11
-0.1294816141732283
21
0.1956607874015748
0
LINE
8
BLACK
6
CONTINUOUS
10
-0.1294816141732283
20
0.1956607874015748
11
-0.1294517716535433
21
0.1957327165354331
0
LINE
8
BLACK
6
CONTINUOUS
10
-0.1294517716535433
20
0.1957327165354331
11
-0.1293853149606299
21
0.1958137007874016
0
LINE
8
BLACK
6
CONTINUOUS
10
-0.1293853149606299
20
0.1958137007874016
11
-0.1293293307086614
21
0.1959026377952756
0
LINE
8
BLACK
6
CONTINUOUS
10
-0.1293293307086614
20
0.1959026377952756
11
-0.1292703543307087
21
0.1959538188976378
0
LINE
8
BLACK
6
CONTINUOUS
10
-0.1292703543307087
20
0.1959538188976378
11
-0.1290845669291339
21
0.1961801574803149
0
LINE
8
BLACK
6
CONTINUOUS
10
-0.1290845669291339
20
0.1961801574803149
11
-0.1272098031496063
21
0.1980549212598425
0
LINE
8
BLACK
6
CONTINUOUS
10
-0.1272098031496063
20
0.1980549212598425
11
-0.1269834645669291
21
0.1982407086614173
0
LINE
8
BLACK
6
CONTINUOUS
10
-0.1269834645669291
20
0.1982407086614173
11
-0.1269322834645669
21
0.1982996850393701
0
LINE
8
BLACK
6
CONTINUOUS
10
-0.1269322834645669
20
0.1982996850393701
11
-0.1268433464566929
21
0.1983556692913386
0
LINE
8
BLACK
6
CONTINUOUS
10
-0.1268433464566929
20
0.1983556692913386
11
-0.1267623622047244
21
0.198422125984252
0
LINE
8
BLACK
6
CONTINUOUS
10
-0.1267623622047244
20
0.198422125984252
11
-0.1266904330708661
21
0.198451968503937
0
LINE
8
BLACK
6
CONTINUOUS
10
-0.1266904330708661
20
0.198451968503937
11
-0.1264424015748032
21
0.198608031496063
0
LINE
8
BLACK
6
CONTINUOUS
10
-0.1264424015748032
20
0.198608031496063
11
-0.122692874015748
21
0.2004827952755905
0
LINE
8
BLACK
6
CONTINUOUS
10
-0.122692874015748
20
0.2004827952755905
11
-0.1221522834645669
21
0.2006896850393701
0
LINE
8
BLACK
6
CONTINUOUS
10
-0.1221522834645669
20
0.2006896850393701
11
-0.1220464173228346
21
0.2006972440944882
0
LINE
8
BLACK
6
CONTINUOUS
10
-0.1220464173228346
20
0.2006972440944882
11
-0.1219484251968504
21
0.2007377952755905
0
LINE
8
BLACK
6
CONTINUOUS
10
-0.1219484251968504
20
0.2007377952755905
11
-0.1213723622047244
21
0.2007945275590551
0
LINE
8
BLACK
6
CONTINUOUS
10
-0.1213723622047244
20
0.2007945275590551
11
-0.1063742519685039
21
0.2007945275590551
0
LINE
8
BLACK
6
CONTINUOUS
10
-0.1063742519685039
20
0.2007945275590551
11
-0.105798188976378
21
0.2007377952755905
0
LINE
8
BLACK
6
CONTINUOUS
10
-0.1233727952755905
20
0.1935402755905512
11
-0.1245699212598425
21
0.1923431496062992
0
LINE
8
BLACK
6
CONTINUOUS
10
-0.1245699212598425
20
0.1923431496062992
11
-0.1259186614173228
21
0.1896456692913386
0
LINE
8
BLACK
6
CONTINUOUS
10
-0.1259186614173228
20
0.1896456692913386
11
-0.1259186614173228
21
0.1854154724409449
0
LINE
8
BLACK
6
CONTINUOUS
10
-0.1259186614173228
20
0.1854154724409449
11
-0.1245699212598425
21
0.1827179921259842
0
LINE
8
BLACK
6
CONTINUOUS
10
-0.1245699212598425
20
0.1827179921259842
11
-0.1233727952755905
21
0.1815208661417323
0
LINE
8
BLACK
6
CONTINUOUS
10
-0.1233727952755905
20
0.1815208661417323
11
-0.1206753149606299
21
0.180172125984252
0
LINE
8
BLACK
6
CONTINUOUS
10
-0.1206753149606299
20
0.180172125984252
11
-0.1093270078740157
21
0.180172125984252
0
LINE
8
BLACK
6
CONTINUOUS
10
-0.1093270078740157
20
0.180172125984252
11
-0.1093270078740157
21
0.1948890157480315
0
LINE
8
BLACK
6
CONTINUOUS
10
-0.1093270078740157
20
0.1948890157480315
11
-0.1206753149606299
21
0.1948890157480315
0
LINE
8
BLACK
6
CONTINUOUS
10
-0.1206753149606299
20
0.1948890157480315
11
-0.1233727952755905
21
0.1935402755905512
0
LINE
8
BLACK
6
CONTINUOUS
10
0.5868280708661417
20
0.2827937401574803
11
0.5870078740157481
21
0.2818897637795276
0
LINE
8
BLACK
6
CONTINUOUS
10
0.5870078740157481
20
0.2818897637795276
11
0.5870078740157481
21
0.1785433070866142
0
LINE
8
BLACK
6
CONTINUOUS
10
0.5870078740157481
20
0.1785433070866142
11
0.6578740157480315
21
0.1785433070866142
0
LINE
8
BLACK
6
CONTINUOUS
10
0.6578740157480315
20
0.1785433070866142
11
0.6578740157480315
21
0.2818897637795276
0
LINE
8
BLACK
6
CONTINUOUS
10
0.6578740157480315
20
0.2818897637795276
11
0.6580538188976378
21
0.2827937401574803
0
LINE
8
BLACK
6
CONTINUOUS
10
0.6580538188976378
20
0.2827937401574803
11
0.6593322440944882
21
0.2840721653543307
0
LINE
8
BLACK
6
CONTINUOUS
10
0.6593322440944882
20
0.2840721653543307
11
0.6611401968503937
21
0.2840721653543307
0
LINE
8
BLACK
6
CONTINUOUS
10
0.6611401968503937
20
0.2840721653543307
11
0.6624186220472441
21
0.2827937401574803
0
LINE
8
BLACK
6
CONTINUOUS
10
0.6624186220472441
20
0.2827937401574803
11
0.6625984251968504
21
0.2818897637795276
0
LINE
8
BLACK
6
CONTINUOUS
10
0.6625984251968504
20
0.2818897637795276
11
0.6625984251968504
21
0.1761811023622047
0
LINE
8
BLACK
6
CONTINUOUS
10
0.6625984251968504
20
0.1761811023622047
11
0.6624186220472441
21
0.175277125984252
0
LINE
8
BLACK
6
CONTINUOUS
10
0.6624186220472441
20
0.175277125984252
11
0.6611401968503937
21
0.1739987007874016
0
LINE
8
BLACK
6
CONTINUOUS
10
0.6611401968503937
20
0.1739987007874016
11
0.6602362204724409
21
0.1738188976377953
0
LINE
8
BLACK
6
CONTINUOUS
10
0.6602362204724409
20
0.1738188976377953
11
0.5846456692913385
21
0.1738188976377953
0
LINE
8
BLACK
6
CONTINUOUS
10
0.5846456692913385
20
0.1738188976377953
11
0.5837416929133858
21
0.1739987007874016
0
LINE
8
BLACK
6
CONTINUOUS
10
0.5837416929133858
20
0.1739987007874016
11
0.5824632677165354
21
0.175277125984252
0
LINE
8
BLACK
6
CONTINUOUS
10
0.5824632677165354
20
0.175277125984252
11
0.5822834645669291
21
0.1761811023622047
0
LINE
8
BLACK
6
CONTINUOUS
10
0.5822834645669291
20
0.1761811023622047
11
0.5822834645669291
21
0.2818897637795276
0
LINE
8
BLACK
6
CONTINUOUS
10
0.5822834645669291
20
0.2818897637795276
11
0.5824632677165354
21
0.2827937401574803
0
LINE
8
BLACK
6
CONTINUOUS
10
0.5824632677165354
20
0.2827937401574803
11
0.5837416929133858
21
0.2840721653543307
0
LINE
8
BLACK
6
CONTINUOUS
10
0.5837416929133858
20
0.2840721653543307
11
0.5855496456692914
21
0.2840721653543307
0
LINE
8
BLACK
6
CONTINUOUS
10
0.5855496456692914
20
0.2840721653543307
11
0.5868280708661417
21
0.2827937401574803
0
LINE
8
BLACK
6
CONTINUOUS
10
-0.0200777559055118
20
0.2102532677165354
11
-0.0187993307086614
21
0.208974842519685
0
LINE
8
BLACK
6
CONTINUOUS
10
-0.0187993307086614
20
0.208974842519685
11
-0.0187993307086614
21
0.2071668897637795
0
LINE
8
BLACK
6
CONTINUOUS
10
-0.0187993307086614
20
0.2071668897637795
11
-0.0200777559055118
21
0.2058884645669291
0
LINE
8
BLACK
6
CONTINUOUS
10
-0.0200777559055118
20
0.2058884645669291
11
-0.0209817322834646
21
0.2057086614173228
0
LINE
8
BLACK
6
CONTINUOUS
10
-0.0209817322834646
20
0.2057086614173228
11
-0.0388607874015748
21
0.2057086614173228
0
LINE
8
BLACK
6
CONTINUOUS
10
-0.0388607874015748
20
0.2057086614173228
11
-0.0397647637795276
21
0.2058884645669291
0
LINE
8
BLACK
6
CONTINUOUS
10
-0.0397647637795276
20
0.2058884645669291
11
-0.041043188976378
21
0.2071668897637795
0
LINE
8
BLACK
6
CONTINUOUS
10
-0.041043188976378
20
0.2071668897637795
11
-0.041043188976378
21
0.208974842519685
0
LINE
8
BLACK
6
CONTINUOUS
10
-0.041043188976378
20
0.208974842519685
11
-0.0397647637795276
21
0.2102532677165354
0
LINE
8
BLACK
6
CONTINUOUS
10
-0.0397647637795276
20
0.2102532677165354
11
-0.0388607874015748
21
0.2104330708661417
0
LINE
8
BLACK
6
CONTINUOUS
10
-0.0388607874015748
20
0.2104330708661417
11
-0.0209817322834646
21
0.2104330708661417
0
LINE
8
BLACK
6
CONTINUOUS
10
-0.0209817322834646
20
0.2104330708661417
11
-0.0200777559055118
21
0.2102532677165354
0
LINE
8
BLACK
6
CONTINUOUS
10
-0.0196840551181102
20
0.2330879133858268
11
-0.0184056299212598
21
0.2318094881889764
0
LINE
8
BLACK
6
CONTINUOUS
10
-0.0184056299212598
20
0.2318094881889764
11
-0.0184056299212598
21
0.2300015354330709
0
LINE
8
BLACK
6
CONTINUOUS
10
-0.0184056299212598
20
0.2300015354330709
11
-0.0196840551181102
21
0.2287231102362205
0
LINE
8
BLACK
6
CONTINUOUS
10
-0.0196840551181102
20
0.2287231102362205
11
-0.020588031496063
21
0.2285433070866142
0
LINE
8
BLACK
6
CONTINUOUS
10
-0.020588031496063
20
0.2285433070866142
11
-0.0384670866141732
21
0.2285433070866142
0
LINE
8
BLACK
6
CONTINUOUS
10
-0.0384670866141732
20
0.2285433070866142
11
-0.039371062992126
21
0.2287231102362205
0
LINE
8
BLACK
6
CONTINUOUS
10
-0.039371062992126
20
0.2287231102362205
11
-0.0406494881889764
21
0.2300015354330709
0
LINE
8
BLACK
6
CONTINUOUS
10
-0.0406494881889764
20
0.2300015354330709
11
-0.0406494881889764
21
0.2318094881889764
0
LINE
8
BLACK
6
CONTINUOUS
10
-0.0406494881889764
20
0.2318094881889764
11
-0.039371062992126
21
0.2330879133858268
0
LINE
8
BLACK
6
CONTINUOUS
10
-0.039371062992126
20
0.2330879133858268
11
-0.0384670866141732
21
0.2332677165354331
0
LINE
8
BLACK
6
CONTINUOUS
10
-0.0384670866141732
20
0.2332677165354331
11
-0.020588031496063
21
0.2332677165354331
0
LINE
8
BLACK
6
CONTINUOUS
10
-0.020588031496063
20
0.2332677165354331
11
-0.0196840551181102
21
0.2330879133858268
0
LINE
8
BLACK
6
CONTINUOUS
10
-0.4488018503937008
20
0.2529217716535433
11
-0.4486220472440945
21
0.2520177952755905
0
LINE
8
BLACK
6
CONTINUOUS
10
-0.4486220472440945
20
0.2520177952755905
11
-0.4486220472440945
21
0.2314467716535433
0
LINE
8
BLACK
6
CONTINUOUS
10
-0.4486220472440945
20
0.2314467716535433
11
-0.4488018503937008
21
0.2305427952755905
0
LINE
8
BLACK
6
CONTINUOUS
10
-0.4488018503937008
20
0.2305427952755905
11
-0.4500802755905512
21
0.2292643700787401
0
LINE
8
BLACK
6
CONTINUOUS
10
-0.4500802755905512
20
0.2292643700787401
11
-0.4518882283464567
21
0.2292643700787401
0
LINE
8
BLACK
6
CONTINUOUS
10
-0.4518882283464567
20
0.2292643700787401
11
-0.4531666535433071
21
0.2305427952755905
0
LINE
8
BLACK
6
CONTINUOUS
10
-0.4531666535433071
20
0.2305427952755905
11
-0.4533464566929134
21
0.2314467716535433
0
LINE
8
BLACK
6
CONTINUOUS
10
-0.4533464566929134
20
0.2314467716535433
11
-0.4533464566929134
21
0.2520177952755905
0
LINE
8
BLACK
6
CONTINUOUS
10
-0.4533464566929134
20
0.2520177952755905
11
-0.4531666535433071
21
0.2529217716535433
0
LINE
8
BLACK
6
CONTINUOUS
10
-0.4531666535433071
20
0.2529217716535433
11
-0.4518882283464567
21
0.2542001968503937
0
LINE
8
BLACK
6
CONTINUOUS
10
-0.4518882283464567
20
0.2542001968503937
11
-0.4500802755905512
21
0.2542001968503937
0
LINE
8
BLACK
6
CONTINUOUS
10
-0.4500802755905512
20
0.2542001968503937
11
-0.4488018503937008
21
0.2529217716535433
0
LINE
8
BLACK
6
CONTINUOUS
10
-0.3909278346456693
20
0.2529217716535433
11
-0.390748031496063
21
0.2520177952755905
0
LINE
8
BLACK
6
CONTINUOUS
10
-0.390748031496063
20
0.2520177952755905
11
-0.390748031496063
21
0.2314467716535433
0
LINE
8
BLACK
6
CONTINUOUS
10
-0.390748031496063
20
0.2314467716535433
11
-0.3909278346456693
21
0.2305427952755905
0
LINE
8
BLACK
6
CONTINUOUS
10
-0.3909278346456693
20
0.2305427952755905
11
-0.3922062598425197
21
0.2292643700787401
0
LINE
8
BLACK
6
CONTINUOUS
10
-0.3922062598425197
20
0.2292643700787401
11
-0.3940142125984252
21
0.2292643700787401
0
LINE
8
BLACK
6
CONTINUOUS
10
-0.3940142125984252
20
0.2292643700787401
11
-0.3952926377952756
21
0.2305427952755905
0
LINE
8
BLACK
6
CONTINUOUS
10
-0.3952926377952756
20
0.2305427952755905
11
-0.3954724409448819
21
0.2314467716535433
0
LINE
8
BLACK
6
CONTINUOUS
10
-0.3954724409448819
20
0.2314467716535433
11
-0.3954724409448819
21
0.2520177952755905
0
LINE
8
BLACK
6
CONTINUOUS
10
-0.3954724409448819
20
0.2520177952755905
11
-0.3952926377952756
21
0.2529217716535433
0
LINE
8
BLACK
6
CONTINUOUS
10
-0.3952926377952756
20
0.2529217716535433
11
-0.3940142125984252
21
0.2542001968503937
0
LINE
8
BLACK
6
CONTINUOUS
10
-0.3940142125984252
20
0.2542001968503937
11
-0.3922062598425197
21
0.2542001968503937
0
LINE
8
BLACK
6
CONTINUOUS
10
-0.3922062598425197
20
0.2542001968503937
11
-0.3909278346456693
21
0.2529217716535433
0
LINE
8
BLACK
6
CONTINUOUS
10
-0.370849094488189
20
0.2529217716535433
11
-0.3706692913385827
21
0.2520177952755905
0
LINE
8
BLACK
6
CONTINUOUS
10
-0.3706692913385827
20
0.2520177952755905
11
-0.3706692913385827
21
0.2314467716535433
0
LINE
8
BLACK
6
CONTINUOUS
10
-0.3706692913385827
20
0.2314467716535433
11
-0.370849094488189
21
0.2305427952755905
0
LINE
8
BLACK
6
CONTINUOUS
10
-0.370849094488189
20
0.2305427952755905
11
-0.3721275196850394
21
0.2292643700787401
0
LINE
8
BLACK
6
CONTINUOUS
10
-0.3721275196850394
20
0.2292643700787401
11
-0.3739354724409449
21
0.2292643700787401
0
LINE
8
BLACK
6
CONTINUOUS
10
-0.3739354724409449
20
0.2292643700787401
11
-0.3752138976377953
21
0.2305427952755905
0
LINE
8
BLACK
6
CONTINUOUS
10
-0.3752138976377953
20
0.2305427952755905
11
-0.3753937007874016
21
0.2314467716535433
0
LINE
8
BLACK
6
CONTINUOUS
10
-0.3753937007874016
20
0.2314467716535433
11
-0.3753937007874016
21
0.2520177952755905
0
LINE
8
BLACK
6
CONTINUOUS
10
-0.3753937007874016
20
0.2520177952755905
11
-0.3752138976377953
21
0.2529217716535433
0
LINE
8
BLACK
6
CONTINUOUS
10
-0.3752138976377953
20
0.2529217716535433
11
-0.3739354724409449
21
0.2542001968503937
0
LINE
8
BLACK
6
CONTINUOUS
10
-0.3739354724409449
20
0.2542001968503937
11
-0.3721275196850394
21
0.2542001968503937
0
LINE
8
BLACK
6
CONTINUOUS
10
-0.3721275196850394
20
0.2542001968503937
11
-0.370849094488189
21
0.2529217716535433
0
LINE
8
BLACK
6
CONTINUOUS
10
-0.3129750787401575
20
0.2529217716535433
11
-0.3127952755905511
21
0.2520177952755905
0
LINE
8
BLACK
6
CONTINUOUS
10
-0.3127952755905511
20
0.2520177952755905
11
-0.3127952755905511
21
0.2314467716535433
0
LINE
8
BLACK
6
CONTINUOUS
10
-0.3127952755905511
20
0.2314467716535433
11
-0.3129750787401575
21
0.2305427952755905
0
LINE
8
BLACK
6
CONTINUOUS
10
-0.3129750787401575
20
0.2305427952755905
11
-0.3142535039370078
21
0.2292643700787401
0
LINE
8
BLACK
6
CONTINUOUS
10
-0.3142535039370078
20
0.2292643700787401
11
-0.3160614566929134
21
0.2292643700787401
0
LINE
8
BLACK
6
CONTINUOUS
10
-0.3160614566929134
20
0.2292643700787401
11
-0.3173398818897638
21
0.2305427952755905
0
LINE
8
BLACK
6
CONTINUOUS
10
-0.3173398818897638
20
0.2305427952755905
11
-0.3175196850393701
21
0.2314467716535433
0
LINE
8
BLACK
6
CONTINUOUS
10
-0.3175196850393701
20
0.2314467716535433
11
-0.3175196850393701
21
0.2520177952755905
0
LINE
8
BLACK
6
CONTINUOUS
10
-0.3175196850393701
20
0.2520177952755905
11
-0.3173398818897638
21
0.2529217716535433
0
LINE
8
BLACK
6
CONTINUOUS
10
-0.3173398818897638
20
0.2529217716535433
11
-0.3160614566929134
21
0.2542001968503937
0
LINE
8
BLACK
6
CONTINUOUS
10
-0.3160614566929134
20
0.2542001968503937
11
-0.3142535039370078
21
0.2542001968503937
0
LINE
8
BLACK
6
CONTINUOUS
10
-0.3142535039370078
20
0.2542001968503937
11
-0.3129750787401575
21
0.2529217716535433
0
LINE
8
BLACK
6
CONTINUOUS
10
0.0972611417322835
20
0.2529217716535433
11
0.0974409448818898
21
0.2520177952755905
0
LINE
8
BLACK
6
CONTINUOUS
10
0.0974409448818898
20
0.2520177952755905
11
0.0974409448818898
21
0.2314467716535433
0
LINE
8
BLACK
6
CONTINUOUS
10
0.0974409448818898
20
0.2314467716535433
11
0.0972611417322835
21
0.2305427952755905
0
LINE
8
BLACK
6
CONTINUOUS
10
0.0972611417322835
20
0.2305427952755905
11
0.0959827165354331
21
0.2292643700787401
0
LINE
8
BLACK
6
CONTINUOUS
10
0.0959827165354331
20
0.2292643700787401
11
0.0941747637795276
21
0.2292643700787401
0
LINE
8
BLACK
6
CONTINUOUS
10
0.0941747637795276
20
0.2292643700787401
11
0.0928963385826772
21
0.2305427952755905
0
LINE
8
BLACK
6
CONTINUOUS
10
0.0928963385826772
20
0.2305427952755905
11
0.0927165354330709
21
0.2314467716535433
0
LINE
8
BLACK
6
CONTINUOUS
10
0.0927165354330709
20
0.2314467716535433
11
0.0927165354330709
21
0.2520177952755905
0
LINE
8
BLACK
6
CONTINUOUS
10
0.0927165354330709
20
0.2520177952755905
11
0.0928963385826772
21
0.2529217716535433
0
LINE
8
BLACK
6
CONTINUOUS
10
0.0928963385826772
20
0.2529217716535433
11
0.0941747637795276
21
0.2542001968503937
0
LINE
8
BLACK
6
CONTINUOUS
10
0.0941747637795276
20
0.2542001968503937
11
0.0959827165354331
21
0.2542001968503937
0
LINE
8
BLACK
6
CONTINUOUS
10
0.0959827165354331
20
0.2542001968503937
11
0.0972611417322835
21
0.2529217716535433
0
LINE
8
BLACK
6
CONTINUOUS
10
0.155135157480315
20
0.2529217716535433
11
0.1553149606299213
21
0.2520177952755905
0
LINE
8
BLACK
6
CONTINUOUS
10
0.1553149606299213
20
0.2520177952755905
11
0.1553149606299213
21
0.2314467716535433
0
LINE
8
BLACK
6
CONTINUOUS
10
0.1553149606299213
20
0.2314467716535433
11
0.155135157480315
21
0.2305427952755905
0
LINE
8
BLACK
6
CONTINUOUS
10
0.155135157480315
20
0.2305427952755905
11
0.1538567322834646
21
0.2292643700787401
0
LINE
8
BLACK
6
CONTINUOUS
10
0.1538567322834646
20
0.2292643700787401
11
0.152048779527559
21
0.2292643700787401
0
LINE
8
BLACK
6
CONTINUOUS
10
0.152048779527559
20
0.2292643700787401
11
0.1507703543307087
21
0.2305427952755905
0
LINE
8
BLACK
6
CONTINUOUS
10
0.1507703543307087
20
0.2305427952755905
11
0.1505905511811024
21
0.2314467716535433
0
LINE
8
BLACK
6
CONTINUOUS
10
0.1505905511811024
20
0.2314467716535433
11
0.1505905511811024
21
0.2520177952755905
0
LINE
8
BLACK
6
CONTINUOUS
10
0.1505905511811024
20
0.2520177952755905
11
0.1507703543307087
21
0.2529217716535433
0
LINE
8
BLACK
6
CONTINUOUS
10
0.1507703543307087
20
0.2529217716535433
11
0.152048779527559
21
0.2542001968503937
0
LINE
8
BLACK
6
CONTINUOUS
10
0.152048779527559
20
0.2542001968503937
11
0.1538567322834646
21
0.2542001968503937
0
LINE
8
BLACK
6
CONTINUOUS
10
0.1538567322834646
20
0.2542001968503937
11
0.155135157480315
21
0.2529217716535433
0
LINE
8
BLACK
6
CONTINUOUS
10
0.1775761023622047
20
0.2529217716535433
11
0.177755905511811
21
0.2520177952755905
0
LINE
8
BLACK
6
CONTINUOUS
10
0.177755905511811
20
0.2520177952755905
11
0.177755905511811
21
0.2314467716535433
0
LINE
8
BLACK
6
CONTINUOUS
10
0.177755905511811
20
0.2314467716535433
11
0.1775761023622047
21
0.2305427952755905
0
LINE
8
BLACK
6
CONTINUOUS
10
0.1775761023622047
20
0.2305427952755905
11
0.1762976771653543
21
0.2292643700787401
0
LINE
8
BLACK
6
CONTINUOUS
10
0.1762976771653543
20
0.2292643700787401
11
0.1744897244094488
21
0.2292643700787401
0
LINE
8
BLACK
6
CONTINUOUS
10
0.1744897244094488
20
0.2292643700787401
11
0.1732112992125984
21
0.2305427952755905
0
LINE
8
BLACK
6
CONTINUOUS
10
0.1732112992125984
20
0.2305427952755905
11
0.1730314960629921
21
0.2314467716535433
0
LINE
8
BLACK
6
CONTINUOUS
10
0.1730314960629921
20
0.2314467716535433
11
0.1730314960629921
21
0.2520177952755905
0
LINE
8
BLACK
6
CONTINUOUS
10
0.1730314960629921
20
0.2520177952755905
11
0.1732112992125984
21
0.2529217716535433
0
LINE
8
BLACK
6
CONTINUOUS
10
0.1732112992125984
20
0.2529217716535433
11
0.1744897244094488
21
0.2542001968503937
0
LINE
8
BLACK
6
CONTINUOUS
10
0.1744897244094488
20
0.2542001968503937
11
0.1762976771653543
21
0.2542001968503937
0
LINE
8
BLACK
6
CONTINUOUS
10
0.1762976771653543
20
0.2542001968503937
11
0.1775761023622047
21
0.2529217716535433
0
LINE
8
BLACK
6
CONTINUOUS
10
0.2354501181102362
20
0.2529217716535433
11
0.2356299212598425
21
0.2520177952755905
0
LINE
8
BLACK
6
CONTINUOUS
10
0.2356299212598425
20
0.2520177952755905
11
0.2356299212598425
21
0.2314467716535433
0
LINE
8
BLACK
6
CONTINUOUS
10
0.2356299212598425
20
0.2314467716535433
11
0.2354501181102362
21
0.2305427952755905
0
LINE
8
BLACK
6
CONTINUOUS
10
0.2354501181102362
20
0.2305427952755905
11
0.2341716929133858
21
0.2292643700787401
0
LINE
8
BLACK
6
CONTINUOUS
10
0.2341716929133858
20
0.2292643700787401
11
0.2323637401574803
21
0.2292643700787401
0
LINE
8
BLACK
6
CONTINUOUS
10
0.2323637401574803
20
0.2292643700787401
11
0.2310853149606299
21
0.2305427952755905
0
LINE
8
BLACK
6
CONTINUOUS
10
0.2310853149606299
20
0.2305427952755905
11
0.2309055118110236
21
0.2314467716535433
0
LINE
8
BLACK
6
CONTINUOUS
10
0.2309055118110236
20
0.2314467716535433
11
0.2309055118110236
21
0.2520177952755905
0
LINE
8
BLACK
6
CONTINUOUS
10
0.2309055118110236
20
0.2520177952755905
11
0.2310853149606299
21
0.2529217716535433
0
LINE
8
BLACK
6
CONTINUOUS
10
0.2310853149606299
20
0.2529217716535433
11
0.2323637401574803
21
0.2542001968503937
0
LINE
8
BLACK
6
CONTINUOUS
10
0.2323637401574803
20
0.2542001968503937
11
0.2341716929133858
21
0.2542001968503937
0
LINE
8
BLACK
6
CONTINUOUS
10
0.2341716929133858
20
0.2542001968503937
11
0.2354501181102362
21
0.2529217716535433
0
LINE
8
BLACK
6
CONTINUOUS
10
0.2645839763779527
20
0.2529217716535433
11
0.264763779527559
21
0.2520177952755905
0
LINE
8
BLACK
6
CONTINUOUS
10
0.264763779527559
20
0.2520177952755905
11
0.264763779527559
21
0.2314467716535433
0
LINE
8
BLACK
6
CONTINUOUS
10
0.264763779527559
20
0.2314467716535433
11
0.2645839763779527
21
0.2305427952755905
0
LINE
8
BLACK
6
CONTINUOUS
10
0.2645839763779527
20
0.2305427952755905
11
0.2633055511811024
21
0.2292643700787401
0
LINE
8
BLACK
6
CONTINUOUS
10
0.2633055511811024
20
0.2292643700787401
11
0.2614975984251968
21
0.2292643700787401
0
LINE
8
BLACK
6
CONTINUOUS
10
0.2614975984251968
20
0.2292643700787401
11
0.2602191732283464
21
0.2305427952755905
0
LINE
8
BLACK
6
CONTINUOUS
10
0.2602191732283464
20
0.2305427952755905
11
0.2600393700787402
21
0.2314467716535433
0
LINE
8
BLACK
6
CONTINUOUS
10
0.2600393700787402
20
0.2314467716535433
11
0.2600393700787402
21
0.2520177952755905
0
LINE
8
BLACK
6
CONTINUOUS
10
0.2600393700787402
20
0.2520177952755905
11
0.2602191732283464
21
0.2529217716535433
0
LINE
8
BLACK
6
CONTINUOUS
10
0.2602191732283464
20
0.2529217716535433
11
0.2614975984251968
21
0.2542001968503937
0
LINE
8
BLACK
6
CONTINUOUS
10
0.2614975984251968
20
0.2542001968503937
11
0.2633055511811024
21
0.2542001968503937
0
LINE
8
BLACK
6
CONTINUOUS
10
0.2633055511811024
20
0.2542001968503937
11
0.2645839763779527
21
0.2529217716535433
0
LINE
8
BLACK
6
CONTINUOUS
10
0.3224579921259842
20
0.2529217716535433
11
0.3226377952755906
21
0.2520177952755905
0
LINE
8
BLACK
6
CONTINUOUS
10
0.3226377952755906
20
0.2520177952755905
11
0.3226377952755906
21
0.2314467716535433
0
LINE
8
BLACK
6
CONTINUOUS
10
0.3226377952755906
20
0.2314467716535433
11
0.3224579921259842
21
0.2305427952755905
0
LINE
8
BLACK
6
CONTINUOUS
10
0.3224579921259842
20
0.2305427952755905
11
0.3211795669291339
21
0.2292643700787401
0
LINE
8
BLACK
6
CONTINUOUS
10
0.3211795669291339
20
0.2292643700787401
11
0.3193716141732283
21
0.2292643700787401
0
LINE
8
BLACK
6
CONTINUOUS
10
0.3193716141732283
20
0.2292643700787401
11
0.3180931889763779
21
0.2305427952755905
0
LINE
8
BLACK
6
CONTINUOUS
10
0.3180931889763779
20
0.2305427952755905
11
0.3179133858267716
21
0.2314467716535433
0
LINE
8
BLACK
6
CONTINUOUS
10
0.3179133858267716
20
0.2314467716535433
11
0.3179133858267716
21
0.2520177952755905
0
LINE
8
BLACK
6
CONTINUOUS
10
0.3179133858267716
20
0.2520177952755905
11
0.3180931889763779
21
0.2529217716535433
0
LINE
8
BLACK
6
CONTINUOUS
10
0.3180931889763779
20
0.2529217716535433
11
0.3193716141732283
21
0.2542001968503937
0
LINE
8
BLACK
6
CONTINUOUS
10
0.3193716141732283
20
0.2542001968503937
11
0.3211795669291339
21
0.2542001968503937
0
LINE
8
BLACK
6
CONTINUOUS
10
0.3211795669291339
20
0.2542001968503937
11
0.3224579921259842
21
0.2529217716535433
0
LINE
8
BLACK
6
CONTINUOUS
10
0.342143031496063
20
0.2529217716535433
11
0.3423228346456693
21
0.2520177952755905
0
LINE
8
BLACK
6
CONTINUOUS
10
0.3423228346456693
20
0.2520177952755905
11
0.3423228346456693
21
0.2314467716535433
0
LINE
8
BLACK
6
CONTINUOUS
10
0.3423228346456693
20
0.2314467716535433
11
0.342143031496063
21
0.2305427952755905
0
LINE
8
BLACK
6
CONTINUOUS
10
0.342143031496063
20
0.2305427952755905
11
0.3408646062992126
21
0.2292643700787401
0
LINE
8
BLACK
6
CONTINUOUS
10
0.3408646062992126
20
0.2292643700787401
11
0.3390566535433071
21
0.2292643700787401
0
LINE
8
BLACK
6
CONTINUOUS
10
0.3390566535433071
20
0.2292643700787401
11
0.3377782283464567
21
0.2305427952755905
0
LINE
8
BLACK
6
CONTINUOUS
10
0.3377782283464567
20
0.2305427952755905
11
0.3375984251968504
21
0.2314467716535433
0
LINE
8
BLACK
6
CONTINUOUS
10
0.3375984251968504
20
0.2314467716535433
11
0.3375984251968504
21
0.2520177952755905
0
LINE
8
BLACK
6
CONTINUOUS
10
0.3375984251968504
20
0.2520177952755905
11
0.3377782283464567
21
0.2529217716535433
0
LINE
8
BLACK
6
CONTINUOUS
10
0.3377782283464567
20
0.2529217716535433
11
0.3390566535433071
21
0.2542001968503937
0
LINE
8
BLACK
6
CONTINUOUS
10
0.3390566535433071
20
0.2542001968503937
11
0.3408646062992126
21
0.2542001968503937
0
LINE
8
BLACK
6
CONTINUOUS
10
0.3408646062992126
20
0.2542001968503937
11
0.342143031496063
21
0.2529217716535433
0
LINE
8
BLACK
6
CONTINUOUS
10
0.4000170472440945
20
0.2529217716535433
11
0.4001968503937008
21
0.2520177952755905
0
LINE
8
BLACK
6
CONTINUOUS
10
0.4001968503937008
20
0.2520177952755905
11
0.4001968503937008
21
0.2314467716535433
0
LINE
8
BLACK
6
CONTINUOUS
10
0.4001968503937008
20
0.2314467716535433
11
0.4000170472440945
21
0.2305427952755905
0
LINE
8
BLACK
6
CONTINUOUS
10
0.4000170472440945
20
0.2305427952755905
11
0.3987386220472441
21
0.2292643700787401
0
LINE
8
BLACK
6
CONTINUOUS
10
0.3987386220472441
20
0.2292643700787401
11
0.3969306692913386
21
0.2292643700787401
0
LINE
8
BLACK
6
CONTINUOUS
10
0.3969306692913386
20
0.2292643700787401
11
0.3956522440944882
21
0.2305427952755905
0
LINE
8
BLACK
6
CONTINUOUS
10
0.3956522440944882
20
0.2305427952755905
11
0.3954724409448819
21
0.2314467716535433
0
LINE
8
BLACK
6
CONTINUOUS
10
0.3954724409448819
20
0.2314467716535433
11
0.3954724409448819
21
0.2520177952755905
0
LINE
8
BLACK
6
CONTINUOUS
10
0.3954724409448819
20
0.2520177952755905
11
0.3956522440944882
21
0.2529217716535433
0
LINE
8
BLACK
6
CONTINUOUS
10
0.3956522440944882
20
0.2529217716535433
11
0.3969306692913386
21
0.2542001968503937
0
LINE
8
BLACK
6
CONTINUOUS
10
0.3969306692913386
20
0.2542001968503937
11
0.3987386220472441
21
0.2542001968503937
0
LINE
8
BLACK
6
CONTINUOUS
10
0.3987386220472441
20
0.2542001968503937
11
0.4000170472440945
21
0.2529217716535433
0
LINE
8
BLACK
6
CONTINUOUS
10
0.4362375196850394
20
0.2529217716535433
11
0.4364173228346457
21
0.2520177952755905
0
LINE
8
BLACK
6
CONTINUOUS
10
0.4364173228346457
20
0.2520177952755905
11
0.4364173228346457
21
0.2314467716535433
0
LINE
8
BLACK
6
CONTINUOUS
10
0.4364173228346457
20
0.2314467716535433
11
0.4362375196850394
21
0.2305427952755905
0
LINE
8
BLACK
6
CONTINUOUS
10
0.4362375196850394
20
0.2305427952755905
11
0.434959094488189
21
0.2292643700787401
0
LINE
8
BLACK
6
CONTINUOUS
10
0.434959094488189
20
0.2292643700787401
11
0.4331511417322835
21
0.2292643700787401
0
LINE
8
BLACK
6
CONTINUOUS
10
0.4331511417322835
20
0.2292643700787401
11
0.4318727165354331
21
0.2305427952755905
0
LINE
8
BLACK
6
CONTINUOUS
10
0.4318727165354331
20
0.2305427952755905
11
0.4316929133858268
21
0.2314467716535433
0
LINE
8
BLACK
6
CONTINUOUS
10
0.4316929133858268
20
0.2314467716535433
11
0.4316929133858268
21
0.2520177952755905
0
LINE
8
BLACK
6
CONTINUOUS
10
0.4316929133858268
20
0.2520177952755905
11
0.4318727165354331
21
0.2529217716535433
0
LINE
8
BLACK
6
CONTINUOUS
10
0.4318727165354331
20
0.2529217716535433
11
0.4331511417322835
21
0.2542001968503937
0
LINE
8
BLACK
6
CONTINUOUS
10
0.4331511417322835
20
0.2542001968503937
11
0.434959094488189
21
0.2542001968503937
0
LINE
8
BLACK
6
CONTINUOUS
10
0.434959094488189
20
0.2542001968503937
11
0.4362375196850394
21
0.2529217716535433
0
LINE
8
BLACK
6
CONTINUOUS
10
0.4941115354330708
20
0.2529217716535433
11
0.4942913385826772
21
0.2520177952755905
0
LINE
8
BLACK
6
CONTINUOUS
10
0.4942913385826772
20
0.2520177952755905
11
0.4942913385826772
21
0.2314467716535433
0
LINE
8
BLACK
6
CONTINUOUS
10
0.4942913385826772
20
0.2314467716535433
11
0.4941115354330708
21
0.2305427952755905
0
LINE
8
BLACK
6
CONTINUOUS
10
0.4941115354330708
20
0.2305427952755905
11
0.4928331102362205
21
0.2292643700787401
0
LINE
8
BLACK
6
CONTINUOUS
10
0.4928331102362205
20
0.2292643700787401
11
0.4910251574803149
21
0.2292643700787401
0
LINE
8
BLACK
6
CONTINUOUS
10
0.4910251574803149
20
0.2292643700787401
11
0.4897467322834645
21
0.2305427952755905
0
LINE
8
BLACK
6
CONTINUOUS
10
0.4897467322834645
20
0.2305427952755905
11
0.4895669291338582
21
0.2314467716535433
0
LINE
8
BLACK
6
CONTINUOUS
10
0.4895669291338582
20
0.2314467716535433
11
0.4895669291338582
21
0.2520177952755905
0
LINE
8
BLACK
6
CONTINUOUS
10
0.4895669291338582
20
0.2520177952755905
11
0.4897467322834645
21
0.2529217716535433
0
LINE
8
BLACK
6
CONTINUOUS
10
0.4897467322834645
20
0.2529217716535433
11
0.4910251574803149
21
0.2542001968503937
0
LINE
8
BLACK
6
CONTINUOUS
10
0.4910251574803149
20
0.2542001968503937
11
0.4928331102362205
21
0.2542001968503937
0
LINE
8
BLACK
6
CONTINUOUS
10
0.4928331102362205
20
0.2542001968503937
11
0.4941115354330708
21
0.2529217716535433
0
LINE
8
BLACK
6
CONTINUOUS
10
0.5156666535433071
20
0.2515757874015748
11
0.5158464566929134
21
0.250671811023622
0
LINE
8
BLACK
6
CONTINUOUS
10
0.5158464566929134
20
0.250671811023622
11
0.5158464566929134
21
0.2327927559055118
0
LINE
8
BLACK
6
CONTINUOUS
10
0.5158464566929134
20
0.2327927559055118
11
0.5156666535433071
21
0.231888779527559
0
LINE
8
BLACK
6
CONTINUOUS
10
0.5156666535433071
20
0.231888779527559
11
0.5143882283464567
21
0.2306103543307086
0
LINE
8
BLACK
6
CONTINUOUS
10
0.5143882283464567
20
0.2306103543307086
11
0.5125802755905512
21
0.2306103543307086
0
LINE
8
BLACK
6
CONTINUOUS
10
0.5125802755905512
20
0.2306103543307086
11
0.5113018503937008
21
0.231888779527559
0
LINE
8
BLACK
6
CONTINUOUS
10
0.5113018503937008
20
0.231888779527559
11
0.5111220472440945
21
0.2327927559055118
0
LINE
8
BLACK
6
CONTINUOUS
10
0.5111220472440945
20
0.2327927559055118
11
0.5111220472440945
21
0.250671811023622
0
LINE
8
BLACK
6
CONTINUOUS
10
0.5111220472440945
20
0.250671811023622
11
0.5113018503937008
21
0.2515757874015748
0
LINE
8
BLACK
6
CONTINUOUS
10
0.5113018503937008
20
0.2515757874015748
11
0.5125802755905512
21
0.2528542125984252
0
LINE
8
BLACK
6
CONTINUOUS
10
0.5125802755905512
20
0.2528542125984252
11
0.5143882283464567
21
0.2528542125984252
0
LINE
8
BLACK
6
CONTINUOUS
10
0.5143882283464567
20
0.2528542125984252
11
0.5156666535433071
21
0.2515757874015748
0
LINE
8
BLACK
6
CONTINUOUS
10
0.5735406692913386
20
0.2515757874015748
11
0.5737204724409448
21
0.250671811023622
0
LINE
8
BLACK
6
CONTINUOUS
10
0.5737204724409448
20
0.250671811023622
11
0.5737204724409448
21
0.2327927559055118
0
LINE
8
BLACK
6
CONTINUOUS
10
0.5737204724409448
20
0.2327927559055118
11
0.5735406692913386
21
0.231888779527559
0
LINE
8
BLACK
6
CONTINUOUS
10
0.5735406692913386
20
0.231888779527559
11
0.5722622440944882
21
0.2306103543307086
0
LINE
8
BLACK
6
CONTINUOUS
10
0.5722622440944882
20
0.2306103543307086
11
0.5704542913385827
21
0.2306103543307086
0
LINE
8
BLACK
6
CONTINUOUS
10
0.5704542913385827
20
0.2306103543307086
11
0.5691758661417323
21
0.231888779527559
0
LINE
8
BLACK
6
CONTINUOUS
10
0.5691758661417323
20
0.231888779527559
11
0.568996062992126
21
0.2327927559055118
0
LINE
8
BLACK
6
CONTINUOUS
10
0.568996062992126
20
0.2327927559055118
11
0.568996062992126
21
0.250671811023622
0
LINE
8
BLACK
6
CONTINUOUS
10
0.568996062992126
20
0.250671811023622
11
0.5691758661417323
21
0.2515757874015748
0
LINE
8
BLACK
6
CONTINUOUS
10
0.5691758661417323
20
0.2515757874015748
11
0.5704542913385827
21
0.2528542125984252
0
LINE
8
BLACK
6
CONTINUOUS
10
0.5704542913385827
20
0.2528542125984252
11
0.5722622440944882
21
0.2528542125984252
0
LINE
8
BLACK
6
CONTINUOUS
10
0.5722622440944882
20
0.2528542125984252
11
0.5735406692913386
21
0.2515757874015748
0
LINE
8
BLACK
6
CONTINUOUS
10
-0.2944711417322834
20
0.2519694881889764
11
-0.2942913385826771
21
0.2510655118110236
0
LINE
8
BLACK
6
CONTINUOUS
10
-0.2942913385826771
20
0.2510655118110236
11
-0.2942913385826771
21
0.2331864566929134
0
LINE
8
BLACK
6
CONTINUOUS
10
-0.2942913385826771
20
0.2331864566929134
11
-0.2944711417322834
21
0.2322824803149606
0
LINE
8
BLACK
6
CONTINUOUS
10
-0.2944711417322834
20
0.2322824803149606
11
-0.2957495669291338
21
0.2310040551181102
0
LINE
8
BLACK
6
CONTINUOUS
10
-0.2957495669291338
20
0.2310040551181102
11
-0.2975575196850394
21
0.2310040551181102
0
LINE
8
BLACK
6
CONTINUOUS
10
-0.2975575196850394
20
0.2310040551181102
11
-0.2988359448818897
21
0.2322824803149606
0
LINE
8
BLACK
6
CONTINUOUS
10
-0.2988359448818897
20
0.2322824803149606
11
-0.2990157480314961
21
0.2331864566929134
0
LINE
8
BLACK
6
CONTINUOUS
10
-0.2990157480314961
20
0.2331864566929134
11
-0.2990157480314961
21
0.2510655118110236
0
LINE
8
BLACK
6
CONTINUOUS
10
-0.2990157480314961
20
0.2510655118110236
11
-0.2988359448818897
21
0.2519694881889764
0
LINE
8
BLACK
6
CONTINUOUS
10
-0.2988359448818897
20
0.2519694881889764
11
-0.2975575196850394
21
0.2532479133858268
0
LINE
8
BLACK
6
CONTINUOUS
10
-0.2975575196850394
20
0.2532479133858268
11
-0.2957495669291338
21
0.2532479133858268
0
LINE
8
BLACK
6
CONTINUOUS
10
-0.2957495669291338
20
0.2532479133858268
11
-0.2944711417322834
21
0.2519694881889764
0
LINE
8
BLACK
6
CONTINUOUS
10
-0.236597125984252
20
0.2519694881889764
11
-0.2364173228346457
21
0.2510655118110236
0
LINE
8
BLACK
6
CONTINUOUS
10
-0.2364173228346457
20
0.2510655118110236
11
-0.2364173228346457
21
0.2331864566929134
0
LINE
8
BLACK
6
CONTINUOUS
10
-0.2364173228346457
20
0.2331864566929134
11
-0.236597125984252
21
0.2322824803149606
0
LINE
8
BLACK
6
CONTINUOUS
10
-0.236597125984252
20
0.2322824803149606
11
-0.2378755511811023
21
0.2310040551181102
0
LINE
8
BLACK
6
CONTINUOUS
10
-0.2378755511811023
20
0.2310040551181102
11
-0.2396835039370079
21
0.2310040551181102
0
LINE
8
BLACK
6
CONTINUOUS
10
-0.2396835039370079
20
0.2310040551181102
11
-0.2409619291338582
21
0.2322824803149606
0
LINE
8
BLACK
6
CONTINUOUS
10
-0.2409619291338582
20
0.2322824803149606
11
-0.2411417322834646
21
0.2331864566929134
0
LINE
8
BLACK
6
CONTINUOUS
10
-0.2411417322834646
20
0.2331864566929134
11
-0.2411417322834646
21
0.2510655118110236
0
LINE
8
BLACK
6
CONTINUOUS
10
-0.2411417322834646
20
0.2510655118110236
11
-0.2409619291338582
21
0.2519694881889764
0
LINE
8
BLACK
6
CONTINUOUS
10
-0.2409619291338582
20
0.2519694881889764
11
-0.2396835039370079
21
0.2532479133858268
0
LINE
8
BLACK
6
CONTINUOUS
10
-0.2396835039370079
20
0.2532479133858268
11
-0.2378755511811023
21
0.2532479133858268
0
LINE
8
BLACK
6
CONTINUOUS
10
-0.2378755511811023
20
0.2532479133858268
11
-0.236597125984252
21
0.2519694881889764
0
LINE
8
BLACK
6
CONTINUOUS
10
-0.1437809448818897
20
0.2838086614173228
11
-0.1427165354330709
21
0.2833677559055118
0
LINE
8
BLACK
6
CONTINUOUS
10
-0.1427165354330709
20
0.2833677559055118
11
-0.1419018897637795
21
0.2825531102362205
0
LINE
8
BLACK
6
CONTINUOUS
10
-0.1419018897637795
20
0.2825531102362205
11
-0.1414609842519685
21
0.2814887007874016
0
LINE
8
BLACK
6
CONTINUOUS
10
-0.1414609842519685
20
0.2814887007874016
11
-0.1414609842519685
21
0.2803365748031496
0
LINE
8
BLACK
6
CONTINUOUS
10
-0.1414609842519685
20
0.2803365748031496
11
-0.1419018897637795
21
0.2792721653543307
0
LINE
8
BLACK
6
CONTINUOUS
10
-0.1419018897637795
20
0.2792721653543307
11
-0.1427165354330709
21
0.2784575196850393
0
LINE
8
BLACK
6
CONTINUOUS
10
-0.1427165354330709
20
0.2784575196850393
11
-0.1437809448818897
21
0.2780166141732283
0
LINE
8
BLACK
6
CONTINUOUS
10
-0.1437809448818897
20
0.2780166141732283
11
-0.1443570078740158
21
0.2779598818897638
0
LINE
8
BLACK
6
CONTINUOUS
10
-0.1443570078740158
20
0.2779598818897638
11
-0.1622217716535433
21
0.2779598818897638
0
LINE
8
BLACK
6
CONTINUOUS
10
-0.1622217716535433
20
0.2779598818897638
11
-0.1533834251968504
21
0.267858937007874
0
LINE
8
BLACK
6
CONTINUOUS
10
-0.1533834251968504
20
0.267858937007874
11
-0.1532054330708661
21
0.2676099606299213
0
LINE
8
BLACK
6
CONTINUOUS
10
-0.1532054330708661
20
0.2676099606299213
11
-0.1531504724409449
21
0.267555
0
LINE
8
BLACK
6
CONTINUOUS
10
-0.1531504724409449
20
0.267555
11
-0.1531288976377953
21
0.2675029133858268
0
LINE
8
BLACK
6
CONTINUOUS
10
-0.1531288976377953
20
0.2675029133858268
11
-0.1530467716535433
21
0.267388031496063
0
LINE
8
BLACK
6
CONTINUOUS
10
-0.1530467716535433
20
0.267388031496063
11
-0.1528931889763779
21
0.2669338188976378
0
LINE
8
BLACK
6
CONTINUOUS
10
-0.1528931889763779
20
0.2669338188976378
11
-0.1527095669291338
21
0.2664905905511811
0
LINE
8
BLACK
6
CONTINUOUS
10
-0.1527095669291338
20
0.2664905905511811
11
-0.1527095669291338
21
0.2663909842519685
0
LINE
8
BLACK
6
CONTINUOUS
10
-0.1527095669291338
20
0.2663909842519685
11
-0.1526776771653543
21
0.2662966535433071
0
LINE
8
BLACK
6
CONTINUOUS
10
-0.1526776771653543
20
0.2662966535433071
11
-0.1527095669291338
21
0.2658181889763779
0
LINE
8
BLACK
6
CONTINUOUS
10
-0.1527095669291338
20
0.2658181889763779
11
-0.1527095669291338
21
0.2653384645669291
0
LINE
8
BLACK
6
CONTINUOUS
10
-0.1527095669291338
20
0.2653384645669291
11
-0.1527476771653543
21
0.2652464960629921
0
LINE
8
BLACK
6
CONTINUOUS
10
-0.1527476771653543
20
0.2652464960629921
11
-0.1527542913385827
21
0.2651471259842519
0
LINE
8
BLACK
6
CONTINUOUS
10
-0.1527542913385827
20
0.2651471259842519
11
-0.1529670078740157
21
0.2647170078740158
0
LINE
8
BLACK
6
CONTINUOUS
10
-0.1529670078740157
20
0.2647170078740158
11
-0.1531504724409449
21
0.2642740551181103
0
LINE
8
BLACK
6
CONTINUOUS
10
-0.1531504724409449
20
0.2642740551181103
11
-0.1532208267716536
21
0.2642037401574803
0
LINE
8
BLACK
6
CONTINUOUS
10
-0.1532208267716536
20
0.2642037401574803
11
-0.153265
21
0.2641143700787402
0
LINE
8
BLACK
6
CONTINUOUS
10
-0.153265
20
0.2641143700787402
11
-0.1536261417322834
21
0.2637984251968504
0
LINE
8
BLACK
6
CONTINUOUS
10
-0.1536261417322834
20
0.2637984251968504
11
-0.1539651181102362
21
0.2634594094488189
0
LINE
8
BLACK
6
CONTINUOUS
10
-0.1539651181102362
20
0.2634594094488189
11
-0.154057125984252
21
0.2634212992125984
0
LINE
8
BLACK
6
CONTINUOUS
10
-0.154057125984252
20
0.2634212992125984
11
-0.1541320866141732
21
0.2633557086614173
0
LINE
8
BLACK
6
CONTINUOUS
10
-0.1541320866141732
20
0.2633557086614173
11
-0.1545863385826772
21
0.263202125984252
0
LINE
8
BLACK
6
CONTINUOUS
10
-0.1545863385826772
20
0.263202125984252
11
-0.1550295275590551
21
0.2630185039370079
0
LINE
8
BLACK
6
CONTINUOUS
10
-0.1550295275590551
20
0.2630185039370079
11
-0.1551701181102362
21
0.2630046850393701
0
LINE
8
BLACK
6
CONTINUOUS
10
-0.1551701181102362
20
0.2630046850393701
11
-0.1552234645669291
21
0.2629866141732283
0
LINE
8
BLACK
6
CONTINUOUS
10
-0.1552234645669291
20
0.2629866141732283
11
-0.1553009448818898
21
0.2629918110236221
0
LINE
8
BLACK
6
CONTINUOUS
10
-0.1553009448818898
20
0.2629918110236221
11
-0.1556055905511811
21
0.2629617716535433
0
LINE
8
BLACK
6
CONTINUOUS
10
-0.1556055905511811
20
0.2629617716535433
11
-0.1605328346456693
21
0.2629617716535433
0
LINE
8
BLACK
6
CONTINUOUS
10
-0.1605328346456693
20
0.2629617716535433
11
-0.1632303149606299
21
0.261613031496063
0
LINE
8
BLACK
6
CONTINUOUS
10
-0.1632303149606299
20
0.261613031496063
11
-0.1644274409448819
21
0.260415905511811
0
LINE
8
BLACK
6
CONTINUOUS
10
-0.1644274409448819
20
0.260415905511811
11
-0.1657761811023622
21
0.2577184251968504
0
LINE
8
BLACK
6
CONTINUOUS
10
-0.1657761811023622
20
0.2577184251968504
11
-0.1657761811023622
21
0.2497387007874016
0
LINE
8
BLACK
6
CONTINUOUS
10
-0.1657761811023622
20
0.2497387007874016
11
-0.1644274409448819
21
0.2470412204724409
0
LINE
8
BLACK
6
CONTINUOUS
10
-0.1644274409448819
20
0.2470412204724409
11
-0.1632303149606299
21
0.2458440551181102
0
LINE
8
BLACK
6
CONTINUOUS
10
-0.1632303149606299
20
0.2458440551181102
11
-0.1605328346456693
21
0.2444953149606299
0
LINE
8
BLACK
6
CONTINUOUS
10
-0.1605328346456693
20
0.2444953149606299
11
-0.1506783464566929
21
0.2444953149606299
0
LINE
8
BLACK
6
CONTINUOUS
10
-0.1506783464566929
20
0.2444953149606299
11
-0.147980905511811
21
0.2458440551181102
0
LINE
8
BLACK
6
CONTINUOUS
10
-0.147980905511811
20
0.2458440551181102
11
-0.1464449606299213
21
0.24738
0
LINE
8
BLACK
6
CONTINUOUS
10
-0.1464449606299213
20
0.24738
11
-0.1459974803149606
21
0.2477472440944882
0
LINE
8
BLACK
6
CONTINUOUS
10
-0.1459974803149606
20
0.2477472440944882
11
-0.1449330708661417
21
0.2481881496062992
0
LINE
8
BLACK
6
CONTINUOUS
10
-0.1449330708661417
20
0.2481881496062992
11
-0.1437809842519685
21
0.2481881496062992
0
LINE
8
BLACK
6
CONTINUOUS
10
-0.1437809842519685
20
0.2481881496062992
11
-0.1427165748031496
21
0.2477472834645669
0
LINE
8
BLACK
6
CONTINUOUS
10
-0.1427165748031496
20
0.2477472834645669
11
-0.1419018897637795
21
0.2469325984251969
0
LINE
8
BLACK
6
CONTINUOUS
10
-0.1419018897637795
20
0.2469325984251969
11
-0.1414609842519685
21
0.2458681889763779
0
LINE
8
BLACK
6
CONTINUOUS
10
-0.1414609842519685
20
0.2458681889763779
11
-0.1414609842519685
21
0.2447161023622047
0
LINE
8
BLACK
6
CONTINUOUS
10
-0.1414609842519685
20
0.2447161023622047
11
-0.1419018503937008
21
0.2436516929133858
0
LINE
8
BLACK
6
CONTINUOUS
10
-0.1419018503937008
20
0.2436516929133858
11
-0.142269094488189
21
0.2432042125984252
0
LINE
8
BLACK
6
CONTINUOUS
10
-0.142269094488189
20
0.2432042125984252
11
-0.1441438188976378
21
0.2413294488188976
0
LINE
8
BLACK
6
CONTINUOUS
10
-0.1441438188976378
20
0.2413294488188976
11
-0.1443701968503937
21
0.2411437007874016
0
LINE
8
BLACK
6
CONTINUOUS
10
-0.1443701968503937
20
0.2411437007874016
11
-0.1444213779527559
21
0.2410846456692913
0
LINE
8
BLACK
6
CONTINUOUS
10
-0.1444213779527559
20
0.2410846456692913
11
-0.1445103543307087
21
0.2410286614173228
0
LINE
8
BLACK
6
CONTINUOUS
10
-0.1445103543307087
20
0.2410286614173228
11
-0.1445912992125984
21
0.2409622047244094
0
LINE
8
BLACK
6
CONTINUOUS
10
-0.1445912992125984
20
0.2409622047244094
11
-0.1446632677165354
21
0.2409324015748031
0
LINE
8
BLACK
6
CONTINUOUS
10
-0.1446632677165354
20
0.2409324015748031
11
-0.1449112598425197
21
0.2407762992125984
0
LINE
8
BLACK
6
CONTINUOUS
10
-0.1449112598425197
20
0.2407762992125984
11
-0.1486607874015748
21
0.2389015354330709
0
LINE
8
BLACK
6
CONTINUOUS
10
-0.1486607874015748
20
0.2389015354330709
11
-0.1492014173228347
21
0.2386946456692913
0
LINE
8
BLACK
6
CONTINUOUS
10
-0.1492014173228347
20
0.2386946456692913
11
-0.1493072440944882
21
0.2386871653543307
0
LINE
8
BLACK
6
CONTINUOUS
10
-0.1493072440944882
20
0.2386871653543307
11
-0.1494052362204724
21
0.2386465354330708
0
LINE
8
BLACK
6
CONTINUOUS
10
-0.1494052362204724
20
0.2386465354330708
11
-0.1499812992125984
21
0.2385898031496063
0
LINE
8
BLACK
6
CONTINUOUS
10
-0.1499812992125984
20
0.2385898031496063
11
-0.1612298818897638
21
0.2385898031496063
0
LINE
8
BLACK
6
CONTINUOUS
10
-0.1612298818897638
20
0.2385898031496063
11
-0.1618059448818898
21
0.2386465354330708
0
LINE
8
BLACK
6
CONTINUOUS
10
-0.1618059448818898
20
0.2386465354330708
11
-0.161903937007874
21
0.238687125984252
0
LINE
8
BLACK
6
CONTINUOUS
10
-0.161903937007874
20
0.238687125984252
11
-0.1620098031496063
21
0.2386946456692913
0
LINE
8
BLACK
6
CONTINUOUS
10
-0.1620098031496063
20
0.2386946456692913
11
-0.1625503937007874
21
0.2389015354330709
0
LINE
8
BLACK
6
CONTINUOUS
10
-0.1625503937007874
20
0.2389015354330709
11
-0.1662999212598425
21
0.2407762992125984
0
LINE
8
BLACK
6
CONTINUOUS
10
-0.1662999212598425
20
0.2407762992125984
11
-0.1665479527559055
21
0.2409324015748031
0
LINE
8
BLACK
6
CONTINUOUS
10
-0.1665479527559055
20
0.2409324015748031
11
-0.1666198818897638
21
0.2409622047244094
0
LINE
8
BLACK
6
CONTINUOUS
10
-0.1666198818897638
20
0.2409622047244094
11
-0.1667008661417323
21
0.2410286614173228
0
LINE
8
BLACK
6
CONTINUOUS
10
-0.1667008661417323
20
0.2410286614173228
11
-0.1667898031496063
21
0.2410846456692913
0
LINE
8
BLACK
6
CONTINUOUS
10
-0.1667898031496063
20
0.2410846456692913
11
-0.1668410236220473
21
0.2411437007874016
0
LINE
8
BLACK
6
CONTINUOUS
10
-0.1668410236220473
20
0.2411437007874016
11
-0.1670673622047244
21
0.2413294488188976
0
LINE
8
BLACK
6
CONTINUOUS
10
-0.1670673622047244
20
0.2413294488188976
11
-0.168942125984252
21
0.2432042519685039
0
LINE
8
BLACK
6
CONTINUOUS
10
-0.168942125984252
20
0.2432042519685039
11
-0.169127874015748
21
0.2434305905511811
0
LINE
8
BLACK
6
CONTINUOUS
10
-0.169127874015748
20
0.2434305905511811
11
-0.1691868503937008
21
0.2434817322834646
0
LINE
8
BLACK
6
CONTINUOUS
10
-0.1691868503937008
20
0.2434817322834646
11
-0.1692428346456693
21
0.2435706692913386
0
LINE
8
BLACK
6
CONTINUOUS
10
-0.1692428346456693
20
0.2435706692913386
11
-0.1693093307086614
21
0.2436516929133858
0
LINE
8
BLACK
6
CONTINUOUS
10
-0.1693093307086614
20
0.2436516929133858
11
-0.1693391732283465
21
0.2437237401574803
0
LINE
8
BLACK
6
CONTINUOUS
10
-0.1693391732283465
20
0.2437237401574803
11
-0.1694951968503937
21
0.2439716141732284
0
LINE
8
BLACK
6
CONTINUOUS
10
-0.1694951968503937
20
0.2439716141732284
11
-0.1713699606299213
21
0.2477211417322835
0
LINE
8
BLACK
6
CONTINUOUS
10
-0.1713699606299213
20
0.2477211417322835
11
-0.1715768503937008
21
0.2482617716535433
0
LINE
8
BLACK
6
CONTINUOUS
10
-0.1715768503937008
20
0.2482617716535433
11
-0.1715843700787402
21
0.2483675984251968
0
LINE
8
BLACK
6
CONTINUOUS
10
-0.1715843700787402
20
0.2483675984251968
11
-0.1716249606299212
21
0.2484655905511811
0
LINE
8
BLACK
6
CONTINUOUS
10
-0.1716249606299212
20
0.2484655905511811
11
-0.1716816929133858
21
0.2490416535433071
0
LINE
8
BLACK
6
CONTINUOUS
10
-0.1716816929133858
20
0.2490416535433071
11
-0.1716816929133858
21
0.2584154724409449
0
LINE
8
BLACK
6
CONTINUOUS
10
-0.1716816929133858
20
0.2584154724409449
11
-0.1716249606299212
21
0.2589915354330709
0
LINE
8
BLACK
6
CONTINUOUS
10
-0.1716249606299212
20
0.2589915354330709
11
-0.1715843700787402
21
0.2590895669291339
0
LINE
8
BLACK
6
CONTINUOUS
10
-0.1715843700787402
20
0.2590895669291339
11
-0.1715768503937008
21
0.2591953543307087
0
LINE
8
BLACK
6
CONTINUOUS
10
-0.1715768503937008
20
0.2591953543307087
11
-0.1713699606299213
21
0.2597359842519685
0
LINE
8
BLACK
6
CONTINUOUS
10
-0.1713699606299213
20
0.2597359842519685
11
-0.1694951968503937
21
0.2634855118110236
0
LINE
8
BLACK
6
CONTINUOUS
10
-0.1694951968503937
20
0.2634855118110236
11
-0.1693391338582677
21
0.2637335433070866
0
LINE
8
BLACK
6
CONTINUOUS
10
-0.1693391338582677
20
0.2637335433070866
11
-0.1693092913385827
21
0.2638054724409449
0
LINE
8
BLACK
6
CONTINUOUS
10
-0.1693092913385827
20
0.2638054724409449
11
-0.1692428346456693
21
0.2638864566929134
0
LINE
8
BLACK
6
CONTINUOUS
10
-0.1692428346456693
20
0.2638864566929134
11
-0.1691868503937008
21
0.2639753937007874
0
LINE
8
BLACK
6
CONTINUOUS
10
-0.1691868503937008
20
0.2639753937007874
11
-0.169127874015748
21
0.2640265748031496
0
LINE
8
BLACK
6
CONTINUOUS
10
-0.169127874015748
20
0.2640265748031496
11
-0.1689420866141732
21
0.2642529133858268
0
LINE
8
BLACK
6
CONTINUOUS
10
-0.1689420866141732
20
0.2642529133858268
11
-0.1670673228346457
21
0.2661276771653543
0
LINE
8
BLACK
6
CONTINUOUS
10
-0.1670673228346457
20
0.2661276771653543
11
-0.1668409842519685
21
0.2663134645669291
0
LINE
8
BLACK
6
CONTINUOUS
10
-0.1668409842519685
20
0.2663134645669291
11
-0.1667898031496063
21
0.2663724409448819
0
LINE
8
BLACK
6
CONTINUOUS
10
-0.1667898031496063
20
0.2663724409448819
11
-0.1667008661417323
21
0.2664284251968504
0
LINE
8
BLACK
6
CONTINUOUS
10
-0.1667008661417323
20
0.2664284251968504
11
-0.1666198818897638
21
0.2664948818897638
0
LINE
8
BLACK
6
CONTINUOUS
10
-0.1666198818897638
20
0.2664948818897638
11
-0.1665479527559055
21
0.2665247244094488
0
LINE
8
BLACK
6
CONTINUOUS
10
-0.1665479527559055
20
0.2665247244094488
11
-0.1662999212598425
21
0.2666807874015748
0
LINE
8
BLACK
6
CONTINUOUS
10
-0.1662999212598425
20
0.2666807874015748
11
-0.1625503937007874
21
0.2685555511811024
0
LINE
8
BLACK
6
CONTINUOUS
10
-0.1625503937007874
20
0.2685555511811024
11
-0.1620182283464567
21
0.2687592519685039
0
LINE
8
BLACK
6
CONTINUOUS
10
-0.1620182283464567
20
0.2687592519685039
11
-0.1709511023622047
21
0.2789682283464567
0
LINE
8
BLACK
6
CONTINUOUS
10
-0.1709511023622047
20
0.2789682283464567
11
-0.1711291338582677
21
0.2792172440944882
0
LINE
8
BLACK
6
CONTINUOUS
10
-0.1711291338582677
20
0.2792172440944882
11
-0.1711840551181102
21
0.2792721653543307
0
LINE
8
BLACK
6
CONTINUOUS
10
-0.1711840551181102
20
0.2792721653543307
11
-0.1712056692913386
21
0.2793242913385827
0
LINE
8
BLACK
6
CONTINUOUS
10
-0.1712056692913386
20
0.2793242913385827
11
-0.1712877559055118
21
0.2794391338582677
0
LINE
8
BLACK
6
CONTINUOUS
10
-0.1712877559055118
20
0.2794391338582677
11
-0.1714413779527559
21
0.2798933858267716
0
LINE
8
BLACK
6
CONTINUOUS
10
-0.1714413779527559
20
0.2798933858267716
11
-0.1716249606299212
21
0.2803365748031496
0
LINE
8
BLACK
6
CONTINUOUS
10
-0.1716249606299212
20
0.2803365748031496
11
-0.1716249606299212
21
0.2804362204724409
0
LINE
8
BLACK
6
CONTINUOUS
10
-0.1716249606299212
20
0.2804362204724409
11
-0.1716568503937008
21
0.2805305118110236
0
LINE
8
BLACK
6
CONTINUOUS
10
-0.1716568503937008
20
0.2805305118110236
11
-0.1716249606299212
21
0.2810090157480315
0
LINE
8
BLACK
6
CONTINUOUS
10
-0.1716249606299212
20
0.2810090157480315
11
-0.1716249606299212
21
0.2814887007874016
0
LINE
8
BLACK
6
CONTINUOUS
10
-0.1716249606299212
20
0.2814887007874016
11
-0.1715868897637795
21
0.2815807086614173
0
LINE
8
BLACK
6
CONTINUOUS
10
-0.1715868897637795
20
0.2815807086614173
11
-0.1715802362204724
21
0.2816800393700787
0
LINE
8
BLACK
6
CONTINUOUS
10
-0.1715802362204724
20
0.2816800393700787
11
-0.1713675590551181
21
0.2821101968503937
0
LINE
8
BLACK
6
CONTINUOUS
10
-0.1713675590551181
20
0.2821101968503937
11
-0.1711840551181102
21
0.2825531102362205
0
LINE
8
BLACK
6
CONTINUOUS
10
-0.1711840551181102
20
0.2825531102362205
11
-0.1711137401574803
21
0.2826234645669291
0
LINE
8
BLACK
6
CONTINUOUS
10
-0.1711137401574803
20
0.2826234645669291
11
-0.1710695275590551
21
0.2827127952755906
0
LINE
8
BLACK
6
CONTINUOUS
10
-0.1710695275590551
20
0.2827127952755906
11
-0.1707084251968504
21
0.2830287795275591
0
LINE
8
BLACK
6
CONTINUOUS
10
-0.1707084251968504
20
0.2830287795275591
11
-0.1703694094488189
21
0.2833677559055118
0
LINE
8
BLACK
6
CONTINUOUS
10
-0.1703694094488189
20
0.2833677559055118
11
-0.1702774409448819
21
0.283405905511811
0
LINE
8
BLACK
6
CONTINUOUS
10
-0.1702774409448819
20
0.283405905511811
11
-0.1702024409448819
21
0.2834714566929134
0
LINE
8
BLACK
6
CONTINUOUS
10
-0.1702024409448819
20
0.2834714566929134
11
-0.1697482283464567
21
0.2836250787401575
0
LINE
8
BLACK
6
CONTINUOUS
10
-0.1697482283464567
20
0.2836250787401575
11
-0.169305
21
0.2838086614173228
0
LINE
8
BLACK
6
CONTINUOUS
10
-0.169305
20
0.2838086614173228
11
-0.1691644488188976
21
0.2838225196850394
0
LINE
8
BLACK
6
CONTINUOUS
10
-0.1691644488188976
20
0.2838225196850394
11
-0.169111062992126
21
0.2838405511811024
0
LINE
8
BLACK
6
CONTINUOUS
10
-0.169111062992126
20
0.2838405511811024
11
-0.1690336220472441
21
0.2838353937007874
0
LINE
8
BLACK
6
CONTINUOUS
10
-0.1690336220472441
20
0.2838353937007874
11
-0.168728937007874
21
0.2838653937007874
0
LINE
8
BLACK
6
CONTINUOUS
10
-0.168728937007874
20
0.2838653937007874
11
-0.1443570078740158
21
0.2838653937007874
0
LINE
8
BLACK
6
CONTINUOUS
10
-0.1443570078740158
20
0.2838653937007874
11
-0.1437809448818897
21
0.2838086614173228
0
LINE
8
BLACK
6
CONTINUOUS
10
-0.1081603937007874
20
0.2838086614173228
11
-0.1070959842519685
21
0.2833677559055118
0
LINE
8
BLACK
6
CONTINUOUS
10
-0.1070959842519685
20
0.2833677559055118
11
-0.1062813385826772
21
0.2825531102362205
0
LINE
8
BLACK
6
CONTINUOUS
10
-0.1062813385826772
20
0.2825531102362205
11
-0.1058404330708661
21
0.2814887007874016
0
LINE
8
BLACK
6
CONTINUOUS
10
-0.1058404330708661
20
0.2814887007874016
11
-0.1057837007874016
21
0.2809126377952756
0
LINE
8
BLACK
6
CONTINUOUS
10
-0.1057837007874016
20
0.2809126377952756
11
-0.1057837007874016
21
0.2415425590551181
0
LINE
8
BLACK
6
CONTINUOUS
10
-0.1057837007874016
20
0.2415425590551181
11
-0.1058404330708661
21
0.2409664960629921
0
LINE
8
BLACK
6
CONTINUOUS
10
-0.1058404330708661
20
0.2409664960629921
11
-0.1062813385826772
21
0.2399020866141732
0
LINE
8
BLACK
6
CONTINUOUS
10
-0.1062813385826772
20
0.2399020866141732
11
-0.1070959842519685
21
0.2390874409448819
0
LINE
8
BLACK
6
CONTINUOUS
10
-0.1070959842519685
20
0.2390874409448819
11
-0.1081603937007874
21
0.2386465354330708
0
LINE
8
BLACK
6
CONTINUOUS
10
-0.1081603937007874
20
0.2386465354330708
11
-0.1093125196850394
21
0.2386465354330708
0
LINE
8
BLACK
6
CONTINUOUS
10
-0.1093125196850394
20
0.2386465354330708
11
-0.1103769291338583
21
0.2390874409448819
0
LINE
8
BLACK
6
CONTINUOUS
10
-0.1103769291338583
20
0.2390874409448819
11
-0.1111915748031496
21
0.2399020866141732
0
LINE
8
BLACK
6
CONTINUOUS
10
-0.1111915748031496
20
0.2399020866141732
11
-0.1116324803149606
21
0.2409664960629921
0
LINE
8
BLACK
6
CONTINUOUS
10
-0.1116324803149606
20
0.2409664960629921
11
-0.1116892125984252
21
0.2415425590551181
0
LINE
8
BLACK
6
CONTINUOUS
10
-0.1116892125984252
20
0.2415425590551181
11
-0.1116892125984252
21
0.2573374803149606
0
LINE
8
BLACK
6
CONTINUOUS
10
-0.1116892125984252
20
0.2573374803149606
11
-0.1165729133858268
21
0.2573374803149606
0
LINE
8
BLACK
6
CONTINUOUS
10
-0.1165729133858268
20
0.2573374803149606
11
-0.1288146456692913
21
0.2398492519685039
0
LINE
8
BLACK
6
CONTINUOUS
10
-0.1288146456692913
20
0.2398492519685039
11
-0.1291914566929134
21
0.2394098818897638
0
LINE
8
BLACK
6
CONTINUOUS
10
-0.1291914566929134
20
0.2394098818897638
11
-0.1301630708661417
21
0.2387907086614173
0
LINE
8
BLACK
6
CONTINUOUS
10
-0.1301630708661417
20
0.2387907086614173
11
-0.1312975984251968
21
0.2385905118110236
0
LINE
8
BLACK
6
CONTINUOUS
10
-0.1312975984251968
20
0.2385905118110236
11
-0.1324224409448819
21
0.2388396850393701
0
LINE
8
BLACK
6
CONTINUOUS
10
-0.1324224409448819
20
0.2388396850393701
11
-0.1333662992125984
21
0.2395003937007874
0
LINE
8
BLACK
6
CONTINUOUS
10
-0.1333662992125984
20
0.2395003937007874
11
-0.1339854724409449
21
0.2404720078740157
0
LINE
8
BLACK
6
CONTINUOUS
10
-0.1339854724409449
20
0.2404720078740157
11
-0.1341856692913386
21
0.2416065354330709
0
LINE
8
BLACK
6
CONTINUOUS
10
-0.1341856692913386
20
0.2416065354330709
11
-0.1339364960629921
21
0.2427313779527559
0
LINE
8
BLACK
6
CONTINUOUS
10
-0.1339364960629921
20
0.2427313779527559
11
-0.1336525984251968
21
0.2432358661417323
0
LINE
8
BLACK
6
CONTINUOUS
10
-0.1336525984251968
20
0.2432358661417323
11
-0.1237784645669291
21
0.257341811023622
0
LINE
8
BLACK
6
CONTINUOUS
10
-0.1237784645669291
20
0.257341811023622
11
-0.1243106299212598
21
0.2573942125984252
0
LINE
8
BLACK
6
CONTINUOUS
10
-0.1243106299212598
20
0.2573942125984252
11
-0.1244086220472441
21
0.2574348031496063
0
LINE
8
BLACK
6
CONTINUOUS
10
-0.1244086220472441
20
0.2574348031496063
11
-0.1245144881889764
21
0.2574423228346457
0
LINE
8
BLACK
6
CONTINUOUS
10
-0.1245144881889764
20
0.2574423228346457
11
-0.1250550787401575
21
0.2576492125984252
0
LINE
8
BLACK
6
CONTINUOUS
10
-0.1250550787401575
20
0.2576492125984252
11
-0.1288046062992126
21
0.2595239763779528
0
LINE
8
BLACK
6
CONTINUOUS
10
-0.1288046062992126
20
0.2595239763779528
11
-0.1290526377952756
21
0.2596800787401575
0
LINE
8
BLACK
6
CONTINUOUS
10
-0.1290526377952756
20
0.2596800787401575
11
-0.1291245669291338
21
0.2597098818897638
0
LINE
8
BLACK
6
CONTINUOUS
10
-0.1291245669291338
20
0.2597098818897638
11
-0.1292055511811024
21
0.2597763779527559
0
LINE
8
BLACK
6
CONTINUOUS
10
-0.1292055511811024
20
0.2597763779527559
11
-0.1292944881889764
21
0.2598323228346457
0
LINE
8
BLACK
6
CONTINUOUS
10
-0.1292944881889764
20
0.2598323228346457
11
-0.1293456692913386
21
0.2598913385826772
0
LINE
8
BLACK
6
CONTINUOUS
10
-0.1293456692913386
20
0.2598913385826772
11
-0.1295720078740157
21
0.2600770866141732
0
LINE
8
BLACK
6
CONTINUOUS
10
-0.1295720078740157
20
0.2600770866141732
11
-0.1314467716535433
21
0.2619518503937008
0
LINE
8
BLACK
6
CONTINUOUS
10
-0.1314467716535433
20
0.2619518503937008
11
-0.1316325590551181
21
0.2621782283464567
0
LINE
8
BLACK
6
CONTINUOUS
10
-0.1316325590551181
20
0.2621782283464567
11
-0.1316915354330709
21
0.2622293700787401
0
LINE
8
BLACK
6
CONTINUOUS
10
-0.1316915354330709
20
0.2622293700787401
11
-0.1317475196850394
21
0.2623183464566929
0
LINE
8
BLACK
6
CONTINUOUS
10
-0.1317475196850394
20
0.2623183464566929
11
-0.1318139763779528
21
0.2623992913385827
0
LINE
8
BLACK
6
CONTINUOUS
10
-0.1318139763779528
20
0.2623992913385827
11
-0.1318438188976378
21
0.2624712598425197
0
LINE
8
BLACK
6
CONTINUOUS
10
-0.1318438188976378
20
0.2624712598425197
11
-0.1319998818897638
21
0.2627192519685039
0
LINE
8
BLACK
6
CONTINUOUS
10
-0.1319998818897638
20
0.2627192519685039
11
-0.1338746456692913
21
0.266468779527559
0
LINE
8
BLACK
6
CONTINUOUS
10
-0.1338746456692913
20
0.266468779527559
11
-0.1340815354330709
21
0.2670094094488189
0
LINE
8
BLACK
6
CONTINUOUS
10
-0.1340815354330709
20
0.2670094094488189
11
-0.1340890551181102
21
0.2671152362204725
0
LINE
8
BLACK
6
CONTINUOUS
10
-0.1340890551181102
20
0.2671152362204725
11
-0.1341296456692913
21
0.2672132283464567
0
LINE
8
BLACK
6
CONTINUOUS
10
-0.1341296456692913
20
0.2672132283464567
11
-0.1341863779527559
21
0.2677892913385826
0
LINE
8
BLACK
6
CONTINUOUS
10
-0.1341863779527559
20
0.2677892913385826
11
-0.1341863779527559
21
0.2734135826771654
0
LINE
8
BLACK
6
CONTINUOUS
10
-0.1341863779527559
20
0.2734135826771654
11
-0.1341296456692913
21
0.2739896456692913
0
LINE
8
BLACK
6
CONTINUOUS
10
-0.1341296456692913
20
0.2739896456692913
11
-0.1340890551181102
21
0.2740876771653543
0
LINE
8
BLACK
6
CONTINUOUS
10
-0.1340890551181102
20
0.2740876771653543
11
-0.1340815354330709
21
0.2741934645669291
0
LINE
8
BLACK
6
CONTINUOUS
10
-0.1340815354330709
20
0.2741934645669291
11
-0.1338746456692913
21
0.274734094488189
0
LINE
8
BLACK
6
CONTINUOUS
10
-0.1338746456692913
20
0.274734094488189
11
-0.1319998818897638
21
0.2784836220472441
0
LINE
8
BLACK
6
CONTINUOUS
10
-0.1319998818897638
20
0.2784836220472441
11
-0.1318438188976378
21
0.2787316535433071
0
LINE
8
BLACK
6
CONTINUOUS
10
-0.1318438188976378
20
0.2787316535433071
11
-0.1318139763779528
21
0.2788035826771654
0
LINE
8
BLACK
6
CONTINUOUS
10
-0.1318139763779528
20
0.2788035826771654
11
-0.1317475196850394
21
0.2788845669291338
0
LINE
8
BLACK
6
CONTINUOUS
10
-0.1317475196850394
20
0.2788845669291338
11
-0.1316915354330709
21
0.2789735039370079
0
LINE
8
BLACK
6
CONTINUOUS
10
-0.1316915354330709
20
0.2789735039370079
11
-0.1316325590551181
21
0.2790246850393701
0
LINE
8
BLACK
6
CONTINUOUS
10
-0.1316325590551181
20
0.2790246850393701
11
-0.1314467716535433
21
0.2792510236220472
0
LINE
8
BLACK
6
CONTINUOUS
10
-0.1314467716535433
20
0.2792510236220472
11
-0.1295720078740157
21
0.2811257874015748
0
LINE
8
BLACK
6
CONTINUOUS
10
-0.1295720078740157
20
0.2811257874015748
11
-0.1293456692913386
21
0.2813115748031496
0
LINE
8
BLACK
6
CONTINUOUS
10
-0.1293456692913386
20
0.2813115748031496
11
-0.1292944881889764
21
0.2813705511811024
0
LINE
8
BLACK
6
CONTINUOUS
10
-0.1292944881889764
20
0.2813705511811024
11
-0.1292055511811024
21
0.2814265354330708
0
LINE
8
BLACK
6
CONTINUOUS
10
-0.1292055511811024
20
0.2814265354330708
11
-0.1291245669291338
21
0.2814929921259842
0
LINE
8
BLACK
6
CONTINUOUS
10
-0.1291245669291338
20
0.2814929921259842
11
-0.1290526377952756
21
0.2815228346456693
0
LINE
8
BLACK
6
CONTINUOUS
10
-0.1290526377952756
20
0.2815228346456693
11
-0.1288046062992126
21
0.2816788976377952
0
LINE
8
BLACK
6
CONTINUOUS
10
-0.1288046062992126
20
0.2816788976377952
11
-0.1250550787401575
21
0.2835536614173229
0
LINE
8
BLACK
6
CONTINUOUS
10
-0.1250550787401575
20
0.2835536614173229
11
-0.1245144881889764
21
0.2837605511811024
0
LINE
8
BLACK
6
CONTINUOUS
10
-0.1245144881889764
20
0.2837605511811024
11
-0.1244086220472441
21
0.2837681102362204
0
LINE
8
BLACK
6
CONTINUOUS
10
-0.1244086220472441
20
0.2837681102362204
11
-0.1243106299212598
21
0.2838086614173228
0
LINE
8
BLACK
6
CONTINUOUS
10
-0.1243106299212598
20
0.2838086614173228
11
-0.1237345669291339
21
0.2838653937007874
0
LINE
8
BLACK
6
CONTINUOUS
10
-0.1237345669291339
20
0.2838653937007874
11
-0.1087364566929134
21
0.2838653937007874
0
LINE
8
BLACK
6
CONTINUOUS
10
-0.1087364566929134
20
0.2838653937007874
11
-0.1081603937007874
21
0.2838086614173228
0
LINE
8
BLACK
6
CONTINUOUS
10
-0.125735
20
0.2766111417322835
11
-0.126932125984252
21
0.2754140157480315
0
LINE
8
BLACK
6
CONTINUOUS
10
-0.126932125984252
20
0.2754140157480315
11
-0.1282808661417323
21
0.2727165354330708
0
LINE
8
BLACK
6
CONTINUOUS
10
-0.1282808661417323
20
0.2727165354330708
11
-0.1282808661417323
21
0.2684863385826772
0
LINE
8
BLACK
6
CONTINUOUS
10
-0.1282808661417323
20
0.2684863385826772
11
-0.126932125984252
21
0.2657888582677165
0
LINE
8
BLACK
6
CONTINUOUS
10
-0.126932125984252
20
0.2657888582677165
11
-0.125735
21
0.2645917322834646
0
LINE
8
BLACK
6
CONTINUOUS
10
-0.125735
20
0.2645917322834646
11
-0.1230375196850394
21
0.2632429921259842
0
LINE
8
BLACK
6
CONTINUOUS
10
-0.1230375196850394
20
0.2632429921259842
11
-0.1116892125984252
21
0.2632429921259842
0
LINE
8
BLACK
6
CONTINUOUS
10
-0.1116892125984252
20
0.2632429921259842
11
-0.1116892125984252
21
0.2779598818897638
0
LINE
8
BLACK
6
CONTINUOUS
10
-0.1116892125984252
20
0.2779598818897638
11
-0.1230375196850394
21
0.2779598818897638
0
LINE
8
BLACK
6
CONTINUOUS
10
-0.1230375196850394
20
0.2779598818897638
11
-0.125735
21
0.2766111417322835
0
LINE
8
BLACK
6
CONTINUOUS
10
-0.0196840551181102
20
0.2909619291338583
11
-0.0184056299212598
21
0.2896835039370079
0
LINE
8
BLACK
6
CONTINUOUS
10
-0.0184056299212598
20
0.2896835039370079
11
-0.0184056299212598
21
0.2878755511811024
0
LINE
8
BLACK
6
CONTINUOUS
10
-0.0184056299212598
20
0.2878755511811024
11
-0.0196840551181102
21
0.286597125984252
0
LINE
8
BLACK
6
CONTINUOUS
10
-0.0196840551181102
20
0.286597125984252
11
-0.020588031496063
21
0.2864173228346457
0
LINE
8
BLACK
6
CONTINUOUS
10
-0.020588031496063
20
0.2864173228346457
11
-0.0384670866141732
21
0.2864173228346457
0
LINE
8
BLACK
6
CONTINUOUS
10
-0.0384670866141732
20
0.2864173228346457
11
-0.039371062992126
21
0.286597125984252
0
LINE
8
BLACK
6
CONTINUOUS
10
-0.039371062992126
20
0.286597125984252
11
-0.0406494881889764
21
0.2878755511811024
0
LINE
8
BLACK
6
CONTINUOUS
10
-0.0406494881889764
20
0.2878755511811024
11
-0.0406494881889764
21
0.2896835039370079
0
LINE
8
BLACK
6
CONTINUOUS
10
-0.0406494881889764
20
0.2896835039370079
11
-0.039371062992126
21
0.2909619291338583
0
LINE
8
BLACK
6
CONTINUOUS
10
-0.039371062992126
20
0.2909619291338583
11
-0.0384670866141732
21
0.2911417322834646
0
LINE
8
BLACK
6
CONTINUOUS
10
-0.0384670866141732
20
0.2911417322834646
11
-0.020588031496063
21
0.2911417322834646
0
LINE
8
BLACK
6
CONTINUOUS
10
-0.020588031496063
20
0.2911417322834646
11
-0.0196840551181102
21
0.2909619291338583
0
LINE
8
BLACK
6
CONTINUOUS
10
0.2782475590551181
20
0.361367716535433
11
0.2783455511811024
21
0.361327125984252
0
LINE
8
BLACK
6
CONTINUOUS
10
0.2783455511811024
20
0.361327125984252
11
0.2784513779527559
21
0.3613196062992126
0
LINE
8
BLACK
6
CONTINUOUS
10
0.2784513779527559
20
0.3613196062992126
11
0.2789920078740157
21
0.3611127165354331
0
LINE
8
BLACK
6
CONTINUOUS
10
0.2789920078740157
20
0.3611127165354331
11
0.2827415354330708
21
0.3592379527559055
0
LINE
8
BLACK
6
CONTINUOUS
10
0.2827415354330708
20
0.3592379527559055
11
0.2829895275590551
21
0.3590818897637795
0
LINE
8
BLACK
6
CONTINUOUS
10
0.2829895275590551
20
0.3590818897637795
11
0.2830614960629921
21
0.3590520472440945
0
LINE
8
BLACK
6
CONTINUOUS
10
0.2830614960629921
20
0.3590520472440945
11
0.2831424409448819
21
0.3589855905511811
0
LINE
8
BLACK
6
CONTINUOUS
10
0.2831424409448819
20
0.3589855905511811
11
0.2832314173228346
21
0.3589296062992126
0
LINE
8
BLACK
6
CONTINUOUS
10
0.2832314173228346
20
0.3589296062992126
11
0.2832825590551181
21
0.3588706299212598
0
LINE
8
BLACK
6
CONTINUOUS
10
0.2832825590551181
20
0.3588706299212598
11
0.283508937007874
21
0.358684842519685
0
LINE
8
BLACK
6
CONTINUOUS
10
0.283508937007874
20
0.358684842519685
11
0.2853837007874016
21
0.3568100787401575
0
LINE
8
BLACK
6
CONTINUOUS
10
0.2853837007874016
20
0.3568100787401575
11
0.285750905511811
21
0.3563626377952756
0
LINE
8
BLACK
6
CONTINUOUS
10
0.285750905511811
20
0.3563626377952756
11
0.2861918110236221
21
0.3552982283464567
0
LINE
8
BLACK
6
CONTINUOUS
10
0.2861918110236221
20
0.3552982283464567
11
0.2861918110236221
21
0.3541461417322835
0
LINE
8
BLACK
6
CONTINUOUS
10
0.2861918110236221
20
0.3541461417322835
11
0.285750905511811
21
0.3530817322834646
0
LINE
8
BLACK
6
CONTINUOUS
10
0.285750905511811
20
0.3530817322834646
11
0.2849362204724409
21
0.3522670472440945
0
LINE
8
BLACK
6
CONTINUOUS
10
0.2849362204724409
20
0.3522670472440945
11
0.283871811023622
21
0.3518261417322834
0
LINE
8
BLACK
6
CONTINUOUS
10
0.283871811023622
20
0.3518261417322834
11
0.2827197244094488
21
0.3518261417322834
0
LINE
8
BLACK
6
CONTINUOUS
10
0.2827197244094488
20
0.3518261417322834
11
0.2816553149606299
21
0.3522670472440945
0
LINE
8
BLACK
6
CONTINUOUS
10
0.2816553149606299
20
0.3522670472440945
11
0.281207874015748
21
0.352634251968504
0
LINE
8
BLACK
6
CONTINUOUS
10
0.281207874015748
20
0.352634251968504
11
0.2796719291338582
21
0.3541701968503937
0
LINE
8
BLACK
6
CONTINUOUS
10
0.2796719291338582
20
0.3541701968503937
11
0.2769744488188977
21
0.355518937007874
0
LINE
8
BLACK
6
CONTINUOUS
10
0.2769744488188977
20
0.355518937007874
11
0.2689947244094488
21
0.355518937007874
0
LINE
8
BLACK
6
CONTINUOUS
10
0.2689947244094488
20
0.355518937007874
11
0.2662972440944882
21
0.3541701968503937
0
LINE
8
BLACK
6
CONTINUOUS
10
0.2662972440944882
20
0.3541701968503937
11
0.2651001181102362
21
0.3529730708661417
0
LINE
8
BLACK
6
CONTINUOUS
10
0.2651001181102362
20
0.3529730708661417
11
0.2637513779527559
21
0.3502755905511811
0
LINE
8
BLACK
6
CONTINUOUS
10
0.2637513779527559
20
0.3502755905511811
11
0.2637513779527559
21
0.3477022834645669
0
LINE
8
BLACK
6
CONTINUOUS
10
0.2637513779527559
20
0.3477022834645669
11
0.2652541732283464
21
0.3431938582677165
0
LINE
8
BLACK
6
CONTINUOUS
10
0.2652541732283464
20
0.3431938582677165
11
0.2872584645669291
21
0.3211895275590551
0
LINE
8
BLACK
6
CONTINUOUS
10
0.2872584645669291
20
0.3211895275590551
11
0.2876257086614173
21
0.3207420866141732
0
LINE
8
BLACK
6
CONTINUOUS
10
0.2876257086614173
20
0.3207420866141732
11
0.2880665748031496
21
0.3196776377952756
0
LINE
8
BLACK
6
CONTINUOUS
10
0.2880665748031496
20
0.3196776377952756
11
0.2880665748031496
21
0.3185255511811024
0
LINE
8
BLACK
6
CONTINUOUS
10
0.2880665748031496
20
0.3185255511811024
11
0.2876256692913386
21
0.3174611417322835
0
LINE
8
BLACK
6
CONTINUOUS
10
0.2876256692913386
20
0.3174611417322835
11
0.2868110236220472
21
0.3166464566929134
0
LINE
8
BLACK
6
CONTINUOUS
10
0.2868110236220472
20
0.3166464566929134
11
0.2860583464566929
21
0.3163347244094488
0
LINE
8
BLACK
6
CONTINUOUS
10
0.2860583464566929
20
0.3163347244094488
11
0.2857466141732283
21
0.3162055905511811
0
LINE
8
BLACK
6
CONTINUOUS
10
0.2857466141732283
20
0.3162055905511811
11
0.2851705511811023
21
0.3161488582677165
0
LINE
8
BLACK
6
CONTINUOUS
10
0.2851705511811023
20
0.3161488582677165
11
0.2607986220472441
21
0.3161488582677165
0
LINE
8
BLACK
6
CONTINUOUS
10
0.2607986220472441
20
0.3161488582677165
11
0.2602225590551181
21
0.3162055905511811
0
LINE
8
BLACK
6
CONTINUOUS
10
0.2602225590551181
20
0.3162055905511811
11
0.2591581496062992
21
0.3166464960629921
0
LINE
8
BLACK
6
CONTINUOUS
10
0.2591581496062992
20
0.3166464960629921
11
0.2583435039370079
21
0.3174611417322835
0
LINE
8
BLACK
6
CONTINUOUS
10
0.2583435039370079
20
0.3174611417322835
11
0.2579025984251969
21
0.3185255511811024
0
LINE
8
BLACK
6
CONTINUOUS
10
0.2579025984251969
20
0.3185255511811024
11
0.2579025984251969
21
0.3196776771653543
0
LINE
8
BLACK
6
CONTINUOUS
10
0.2579025984251969
20
0.3196776771653543
11
0.2583435039370079
21
0.3207420866141732
0
LINE
8
BLACK
6
CONTINUOUS
10
0.2583435039370079
20
0.3207420866141732
11
0.2591581496062992
21
0.3215567322834645
0
LINE
8
BLACK
6
CONTINUOUS
10
0.2591581496062992
20
0.3215567322834645
11
0.2602225590551181
21
0.3219976377952756
0
LINE
8
BLACK
6
CONTINUOUS
10
0.2602225590551181
20
0.3219976377952756
11
0.2607986220472441
21
0.3220543700787402
0
LINE
8
BLACK
6
CONTINUOUS
10
0.2607986220472441
20
0.3220543700787402
11
0.278041968503937
21
0.3220543700787402
0
LINE
8
BLACK
6
CONTINUOUS
10
0.278041968503937
20
0.3220543700787402
11
0.2605854724409449
21
0.339510905511811
0
LINE
8
BLACK
6
CONTINUOUS
10
0.2605854724409449
20
0.339510905511811
11
0.2602182677165354
21
0.3399583464566929
0
LINE
8
BLACK
6
CONTINUOUS
10
0.2602182677165354
20
0.3399583464566929
11
0.2601776377952756
21
0.3400564173228346
0
LINE
8
BLACK
6
CONTINUOUS
10
0.2601776377952756
20
0.3400564173228346
11
0.2601081496062992
21
0.3401365354330709
0
LINE
8
BLACK
6
CONTINUOUS
10
0.2601081496062992
20
0.3401365354330709
11
0.2598721653543307
21
0.3406650787401574
0
LINE
8
BLACK
6
CONTINUOUS
10
0.2598721653543307
20
0.3406650787401574
11
0.2579974015748032
21
0.3462893700787402
0
LINE
8
BLACK
6
CONTINUOUS
10
0.2579974015748032
20
0.3462893700787402
11
0.2579324409448819
21
0.3465749606299213
0
LINE
8
BLACK
6
CONTINUOUS
10
0.2579324409448819
20
0.3465749606299213
11
0.2579025984251969
21
0.3466470472440945
0
LINE
8
BLACK
6
CONTINUOUS
10
0.2579025984251969
20
0.3466470472440945
11
0.2578922834645669
21
0.3467515748031496
0
LINE
8
BLACK
6
CONTINUOUS
10
0.2578922834645669
20
0.3467515748031496
11
0.2578690551181103
21
0.3468538188976378
0
LINE
8
BLACK
6
CONTINUOUS
10
0.2578690551181103
20
0.3468538188976378
11
0.2578745669291339
21
0.3469315748031496
0
LINE
8
BLACK
6
CONTINUOUS
10
0.2578745669291339
20
0.3469315748031496
11
0.2578458661417323
21
0.3472231102362205
0
LINE
8
BLACK
6
CONTINUOUS
10
0.2578458661417323
20
0.3472231102362205
11
0.2578458661417323
21
0.3509726377952756
0
LINE
8
BLACK
6
CONTINUOUS
10
0.2578458661417323
20
0.3509726377952756
11
0.2579025984251969
21
0.3515487007874016
0
LINE
8
BLACK
6
CONTINUOUS
10
0.2579025984251969
20
0.3515487007874016
11
0.257943188976378
21
0.3516467322834645
0
LINE
8
BLACK
6
CONTINUOUS
10
0.257943188976378
20
0.3516467322834645
11
0.2579507086614173
21
0.3517525196850393
0
LINE
8
BLACK
6
CONTINUOUS
10
0.2579507086614173
20
0.3517525196850393
11
0.2581575984251969
21
0.3522931496062992
0
LINE
8
BLACK
6
CONTINUOUS
10
0.2581575984251969
20
0.3522931496062992
11
0.2600323622047244
21
0.3560426771653543
0
LINE
8
BLACK
6
CONTINUOUS
10
0.2600323622047244
20
0.3560426771653543
11
0.2601884251968504
21
0.3562907086614173
0
LINE
8
BLACK
6
CONTINUOUS
10
0.2601884251968504
20
0.3562907086614173
11
0.2602182677165354
21
0.3563626377952756
0
LINE
8
BLACK
6
CONTINUOUS
10
0.2602182677165354
20
0.3563626377952756
11
0.2602847244094488
21
0.3564436220472441
0
LINE
8
BLACK
6
CONTINUOUS
10
0.2602847244094488
20
0.3564436220472441
11
0.2603407086614173
21
0.3565325590551181
0
LINE
8
BLACK
6
CONTINUOUS
10
0.2603407086614173
20
0.3565325590551181
11
0.2603996850393701
21
0.3565837401574803
0
LINE
8
BLACK
6
CONTINUOUS
10
0.2603996850393701
20
0.3565837401574803
11
0.2605854724409449
21
0.3568100787401575
0
LINE
8
BLACK
6
CONTINUOUS
10
0.2605854724409449
20
0.3568100787401575
11
0.2624602362204724
21
0.358684842519685
0
LINE
8
BLACK
6
CONTINUOUS
10
0.2624602362204724
20
0.358684842519685
11
0.2626865748031496
21
0.3588706299212598
0
LINE
8
BLACK
6
CONTINUOUS
10
0.2626865748031496
20
0.3588706299212598
11
0.2627377559055118
21
0.3589296062992126
0
LINE
8
BLACK
6
CONTINUOUS
10
0.2627377559055118
20
0.3589296062992126
11
0.2628266929133858
21
0.3589855905511811
0
LINE
8
BLACK
6
CONTINUOUS
10
0.2628266929133858
20
0.3589855905511811
11
0.2629076771653543
21
0.3590520472440945
0
LINE
8
BLACK
6
CONTINUOUS
10
0.2629076771653543
20
0.3590520472440945
11
0.2629796062992126
21
0.3590818897637795
0
LINE
8
BLACK
6
CONTINUOUS
10
0.2629796062992126
20
0.3590818897637795
11
0.2632276377952756
21
0.3592379527559055
0
LINE
8
BLACK
6
CONTINUOUS
10
0.2632276377952756
20
0.3592379527559055
11
0.2669771653543307
21
0.3611127165354331
0
LINE
8
BLACK
6
CONTINUOUS
10
0.2669771653543307
20
0.3611127165354331
11
0.2675177559055118
21
0.3613196062992126
0
LINE
8
BLACK
6
CONTINUOUS
10
0.2675177559055118
20
0.3613196062992126
11
0.2676236220472441
21
0.3613271653543307
0
LINE
8
BLACK
6
CONTINUOUS
10
0.2676236220472441
20
0.3613271653543307
11
0.2677216141732283
21
0.361367716535433
0
LINE
8
BLACK
6
CONTINUOUS
10
0.2677216141732283
20
0.361367716535433
11
0.2682976771653543
21
0.3614244488188976
0
LINE
8
BLACK
6
CONTINUOUS
10
0.2682976771653543
20
0.3614244488188976
11
0.2776714960629921
21
0.3614244488188976
0
LINE
8
BLACK
6
CONTINUOUS
10
0.2776714960629921
20
0.3614244488188976
11
0.2782475590551181
21
0.361367716535433
0
LINE
8
BLACK
6
CONTINUOUS
10
0.3098340551181102
20
0.361395748031496
11
0.309911811023622
21
0.3614012598425197
0
LINE
8
BLACK
6
CONTINUOUS
10
0.309911811023622
20
0.3614012598425197
11
0.3100140551181103
21
0.361378031496063
0
LINE
8
BLACK
6
CONTINUOUS
10
0.3100140551181103
20
0.361378031496063
11
0.3101185826771654
21
0.361367716535433
0
LINE
8
BLACK
6
CONTINUOUS
10
0.3101185826771654
20
0.361367716535433
11
0.3101906692913386
21
0.361337874015748
0
LINE
8
BLACK
6
CONTINUOUS
10
0.3101906692913386
20
0.361337874015748
11
0.3104762598425197
21
0.3612729133858268
0
LINE
8
BLACK
6
CONTINUOUS
10
0.3104762598425197
20
0.3612729133858268
11
0.3161005511811024
21
0.3593981496062992
0
LINE
8
BLACK
6
CONTINUOUS
10
0.3161005511811024
20
0.3593981496062992
11
0.316629094488189
21
0.3591621653543307
0
LINE
8
BLACK
6
CONTINUOUS
10
0.316629094488189
20
0.3591621653543307
11
0.3167092125984252
21
0.3590926771653543
0
LINE
8
BLACK
6
CONTINUOUS
10
0.3167092125984252
20
0.3590926771653543
11
0.3168072834645669
21
0.3590520472440945
0
LINE
8
BLACK
6
CONTINUOUS
10
0.3168072834645669
20
0.3590520472440945
11
0.3172547244094488
21
0.358684842519685
0
LINE
8
BLACK
6
CONTINUOUS
10
0.3172547244094488
20
0.358684842519685
11
0.3210042519685039
21
0.3549353149606299
0
LINE
8
BLACK
6
CONTINUOUS
10
0.3210042519685039
20
0.3549353149606299
11
0.3211900787401575
21
0.354708937007874
0
LINE
8
BLACK
6
CONTINUOUS
10
0.3211900787401575
20
0.354708937007874
11
0.3212490157480315
21
0.3546577952755905
0
LINE
8
BLACK
6
CONTINUOUS
10
0.3212490157480315
20
0.3546577952755905
11
0.3213048818897637
21
0.3545690551181102
0
LINE
8
BLACK
6
CONTINUOUS
10
0.3213048818897637
20
0.3545690551181102
11
0.3213714960629921
21
0.3544878740157481
0
LINE
8
BLACK
6
CONTINUOUS
10
0.3213714960629921
20
0.3544878740157481
11
0.3214013385826772
21
0.3544157480314961
0
LINE
8
BLACK
6
CONTINUOUS
10
0.3214013385826772
20
0.3544157480314961
11
0.3215573622047244
21
0.3541679133858268
0
LINE
8
BLACK
6
CONTINUOUS
10
0.3215573622047244
20
0.3541679133858268
11
0.323432125984252
21
0.3504183858267717
0
LINE
8
BLACK
6
CONTINUOUS
10
0.323432125984252
20
0.3504183858267717
11
0.3234482283464567
21
0.3503762992125984
0
LINE
8
BLACK
6
CONTINUOUS
10
0.3234482283464567
20
0.3503762992125984
11
0.3234609448818898
21
0.3503591338582677
0
LINE
8
BLACK
6
CONTINUOUS
10
0.3234609448818898
20
0.3503591338582677
11
0.3235472440944882
21
0.3501175590551181
0
LINE
8
BLACK
6
CONTINUOUS
10
0.3235472440944882
20
0.3501175590551181
11
0.3236390157480315
21
0.3498777952755905
0
LINE
8
BLACK
6
CONTINUOUS
10
0.3236390157480315
20
0.3498777952755905
11
0.3236405118110236
21
0.3498565354330709
0
LINE
8
BLACK
6
CONTINUOUS
10
0.3236405118110236
20
0.3498565354330709
11
0.3236557086614173
21
0.3498140157480315
0
LINE
8
BLACK
6
CONTINUOUS
10
0.3236557086614173
20
0.3498140157480315
11
0.3255304724409449
21
0.3423149606299212
0
LINE
8
BLACK
6
CONTINUOUS
10
0.3255304724409449
20
0.3423149606299212
11
0.3255452362204724
21
0.3422151181102362
0
LINE
8
BLACK
6
CONTINUOUS
10
0.3255452362204724
20
0.3422151181102362
11
0.3255618897637795
21
0.3421748818897637
0
LINE
8
BLACK
6
CONTINUOUS
10
0.3255618897637795
20
0.3421748818897637
11
0.3255832283464567
21
0.341957874015748
0
LINE
8
BLACK
6
CONTINUOUS
10
0.3255832283464567
20
0.341957874015748
11
0.3256151181102362
21
0.3417423622047244
0
LINE
8
BLACK
6
CONTINUOUS
10
0.3256151181102362
20
0.3417423622047244
11
0.3256087007874016
21
0.3416993700787401
0
LINE
8
BLACK
6
CONTINUOUS
10
0.3256087007874016
20
0.3416993700787401
11
0.3256186220472441
21
0.3415988188976378
0
LINE
8
BLACK
6
CONTINUOUS
10
0.3256186220472441
20
0.3415988188976378
11
0.3256186220472441
21
0.3359745275590551
0
LINE
8
BLACK
6
CONTINUOUS
10
0.3256186220472441
20
0.3359745275590551
11
0.3256087007874016
21
0.3358740157480315
0
LINE
8
BLACK
6
CONTINUOUS
10
0.3256087007874016
20
0.3358740157480315
11
0.3256151181102362
21
0.3358309842519685
0
LINE
8
BLACK
6
CONTINUOUS
10
0.3256151181102362
20
0.3358309842519685
11
0.3255832283464567
21
0.3356155118110236
0
LINE
8
BLACK
6
CONTINUOUS
10
0.3255832283464567
20
0.3356155118110236
11
0.3255618897637795
21
0.3353984645669291
0
LINE
8
BLACK
6
CONTINUOUS
10
0.3255618897637795
20
0.3353984645669291
11
0.3255452362204724
21
0.3353582677165354
0
LINE
8
BLACK
6
CONTINUOUS
10
0.3255452362204724
20
0.3353582677165354
11
0.3255304724409449
21
0.3352583858267716
0
LINE
8
BLACK
6
CONTINUOUS
10
0.3255304724409449
20
0.3352583858267716
11
0.3236557086614173
21
0.3277593307086614
0
LINE
8
BLACK
6
CONTINUOUS
10
0.3236557086614173
20
0.3277593307086614
11
0.3236405118110236
21
0.3277168503937008
0
LINE
8
BLACK
6
CONTINUOUS
10
0.3236405118110236
20
0.3277168503937008
11
0.3236390157480315
21
0.3276955511811023
0
LINE
8
BLACK
6
CONTINUOUS
10
0.3236390157480315
20
0.3276955511811023
11
0.3235472440944882
21
0.3274558267716535
0
LINE
8
BLACK
6
CONTINUOUS
10
0.3235472440944882
20
0.3274558267716535
11
0.3234609448818898
21
0.3272142125984252
0
LINE
8
BLACK
6
CONTINUOUS
10
0.3234609448818898
20
0.3272142125984252
11
0.3234482283464567
21
0.3271970866141732
0
LINE
8
BLACK
6
CONTINUOUS
10
0.3234482283464567
20
0.3271970866141732
11
0.323432125984252
21
0.3271549606299213
0
LINE
8
BLACK
6
CONTINUOUS
10
0.323432125984252
20
0.3271549606299213
11
0.3215573622047244
21
0.3234054330708661
0
LINE
8
BLACK
6
CONTINUOUS
10
0.3215573622047244
20
0.3234054330708661
11
0.3214012992125984
21
0.3231575590551181
0
LINE
8
BLACK
6
CONTINUOUS
10
0.3214012992125984
20
0.3231575590551181
11
0.3213714960629921
21
0.3230855118110236
0
LINE
8
BLACK
6
CONTINUOUS
10
0.3213714960629921
20
0.3230855118110236
11
0.3213049606299213
21
0.3230044881889764
0
LINE
8
BLACK
6
CONTINUOUS
10
0.3213049606299213
20
0.3230044881889764
11
0.3212490157480315
21
0.3229155511811024
0
LINE
8
BLACK
6
CONTINUOUS
10
0.3212490157480315
20
0.3229155511811024
11
0.32119
21
0.3228644094488189
0
LINE
8
BLACK
6
CONTINUOUS
10
0.32119
20
0.3228644094488189
11
0.3210042913385827
21
0.3226380708661417
0
LINE
8
BLACK
6
CONTINUOUS
10
0.3210042913385827
20
0.3226380708661417
11
0.3172547244094488
21
0.3188884645669292
0
LINE
8
BLACK
6
CONTINUOUS
10
0.3172547244094488
20
0.3188884645669292
11
0.3168072834645669
21
0.3185212598425197
0
LINE
8
BLACK
6
CONTINUOUS
10
0.3168072834645669
20
0.3185212598425197
11
0.3167092125984252
21
0.3184806692913386
0
LINE
8
BLACK
6
CONTINUOUS
10
0.3167092125984252
20
0.3184806692913386
11
0.316629094488189
21
0.3184111417322835
0
LINE
8
BLACK
6
CONTINUOUS
10
0.316629094488189
20
0.3184111417322835
11
0.3161005511811024
21
0.3181751574803149
0
LINE
8
BLACK
6
CONTINUOUS
10
0.3161005511811024
20
0.3181751574803149
11
0.3104762598425197
21
0.3163003937007874
0
LINE
8
BLACK
6
CONTINUOUS
10
0.3104762598425197
20
0.3163003937007874
11
0.3101906692913386
21
0.3162354724409449
0
LINE
8
BLACK
6
CONTINUOUS
10
0.3101906692913386
20
0.3162354724409449
11
0.3101185826771654
21
0.3162055905511811
0
LINE
8
BLACK
6
CONTINUOUS
10
0.3101185826771654
20
0.3162055905511811
11
0.3100140551181103
21
0.3161953149606299
0
LINE
8
BLACK
6
CONTINUOUS
10
0.3100140551181103
20
0.3161953149606299
11
0.309911811023622
21
0.3161720472440945
0
LINE
8
BLACK
6
CONTINUOUS
10
0.309911811023622
20
0.3161720472440945
11
0.3098340551181102
21
0.3161775984251968
0
LINE
8
BLACK
6
CONTINUOUS
10
0.3098340551181102
20
0.3161775984251968
11
0.3095425196850394
21
0.3161488582677165
0
LINE
8
BLACK
6
CONTINUOUS
10
0.3095425196850394
20
0.3161488582677165
11
0.3057929921259843
21
0.3161488582677165
0
LINE
8
BLACK
6
CONTINUOUS
10
0.3057929921259843
20
0.3161488582677165
11
0.3055013779527559
21
0.3161775984251968
0
LINE
8
BLACK
6
CONTINUOUS
10
0.3055013779527559
20
0.3161775984251968
11
0.3054236614173228
21
0.3161720472440945
0
LINE
8
BLACK
6
CONTINUOUS
10
0.3054236614173228
20
0.3161720472440945
11
0.3053213779527559
21
0.3161953149606299
0
LINE
8
BLACK
6
CONTINUOUS
10
0.3053213779527559
20
0.3161953149606299
11
0.3052169291338583
21
0.3162055905511811
0
LINE
8
BLACK
6
CONTINUOUS
10
0.3052169291338583
20
0.3162055905511811
11
0.305144842519685
21
0.3162354724409449
0
LINE
8
BLACK
6
CONTINUOUS
10
0.305144842519685
20
0.3162354724409449
11
0.3048592125984252
21
0.3163003937007874
0
LINE
8
BLACK
6
CONTINUOUS
10
0.3048592125984252
20
0.3163003937007874
11
0.2992349606299213
21
0.3181751574803149
0
LINE
8
BLACK
6
CONTINUOUS
10
0.2992349606299213
20
0.3181751574803149
11
0.2987063779527559
21
0.3184111417322835
0
LINE
8
BLACK
6
CONTINUOUS
10
0.2987063779527559
20
0.3184111417322835
11
0.2986261811023622
21
0.3184807086614173
0
LINE
8
BLACK
6
CONTINUOUS
10
0.2986261811023622
20
0.3184807086614173
11
0.2985282283464567
21
0.3185212598425197
0
LINE
8
BLACK
6
CONTINUOUS
10
0.2985282283464567
20
0.3185212598425197
11
0.298080748031496
21
0.3188885039370079
0
LINE
8
BLACK
6
CONTINUOUS
10
0.298080748031496
20
0.3188885039370079
11
0.2962059842519685
21
0.3207633070866142
0
LINE
8
BLACK
6
CONTINUOUS
10
0.2962059842519685
20
0.3207633070866142
11
0.295838779527559
21
0.3212107480314961
0
LINE
8
BLACK
6
CONTINUOUS
10
0.295838779527559
20
0.3212107480314961
11
0.2953979133858268
21
0.3222751574803149
0
LINE
8
BLACK
6
CONTINUOUS
10
0.2953979133858268
20
0.3222751574803149
11
0.2953979133858268
21
0.3234272440944882
0
LINE
8
BLACK
6
CONTINUOUS
10
0.2953979133858268
20
0.3234272440944882
11
0.2958388188976378
21
0.3244916535433071
0
LINE
8
BLACK
6
CONTINUOUS
10
0.2958388188976378
20
0.3244916535433071
11
0.2966535039370078
21
0.3253063385826772
0
LINE
8
BLACK
6
CONTINUOUS
10
0.2966535039370078
20
0.3253063385826772
11
0.2977179133858268
21
0.3257472047244094
0
LINE
8
BLACK
6
CONTINUOUS
10
0.2977179133858268
20
0.3257472047244094
11
0.29887
21
0.3257472047244094
0
LINE
8
BLACK
6
CONTINUOUS
10
0.29887
20
0.3257472047244094
11
0.2999344094488189
21
0.3253062992125984
0
LINE
8
BLACK
6
CONTINUOUS
10
0.2999344094488189
20
0.3253062992125984
11
0.3003818897637795
21
0.3249390551181102
0
LINE
8
BLACK
6
CONTINUOUS
10
0.3003818897637795
20
0.3249390551181102
11
0.3017637401574803
21
0.3235571653543307
0
LINE
8
BLACK
6
CONTINUOUS
10
0.3017637401574803
20
0.3235571653543307
11
0.306272125984252
21
0.3220543700787402
0
LINE
8
BLACK
6
CONTINUOUS
10
0.306272125984252
20
0.3220543700787402
11
0.3090633858267716
21
0.3220543700787402
0
LINE
8
BLACK
6
CONTINUOUS
10
0.3090633858267716
20
0.3220543700787402
11
0.3135717716535433
21
0.3235572047244095
0
LINE
8
BLACK
6
CONTINUOUS
10
0.3135717716535433
20
0.3235572047244095
11
0.3164895669291338
21
0.3264750393700787
0
LINE
8
BLACK
6
CONTINUOUS
10
0.3164895669291338
20
0.3264750393700787
11
0.3180050787401575
21
0.3295060236220472
0
LINE
8
BLACK
6
CONTINUOUS
10
0.3180050787401575
20
0.3295060236220472
11
0.3197131102362205
21
0.3363380708661417
0
LINE
8
BLACK
6
CONTINUOUS
10
0.3197131102362205
20
0.3363380708661417
11
0.3197131102362205
21
0.3412352755905512
0
LINE
8
BLACK
6
CONTINUOUS
10
0.3197131102362205
20
0.3412352755905512
11
0.3180050787401575
21
0.3480673228346456
0
LINE
8
BLACK
6
CONTINUOUS
10
0.3180050787401575
20
0.3480673228346456
11
0.3164896062992126
21
0.3510983070866142
0
LINE
8
BLACK
6
CONTINUOUS
10
0.3164896062992126
20
0.3510983070866142
11
0.3135717716535433
21
0.3540161417322835
0
LINE
8
BLACK
6
CONTINUOUS
10
0.3135717716535433
20
0.3540161417322835
11
0.3090633858267716
21
0.355518937007874
0
LINE
8
BLACK
6
CONTINUOUS
10
0.3090633858267716
20
0.355518937007874
11
0.306272125984252
21
0.355518937007874
0
LINE
8
BLACK
6
CONTINUOUS
10
0.306272125984252
20
0.355518937007874
11
0.3017637401574803
21
0.3540161417322835
0
LINE
8
BLACK
6
CONTINUOUS
10
0.3017637401574803
20
0.3540161417322835
11
0.3003818503937008
21
0.352634251968504
0
LINE
8
BLACK
6
CONTINUOUS
10
0.3003818503937008
20
0.352634251968504
11
0.2999344094488189
21
0.3522670472440945
0
LINE
8
BLACK
6
CONTINUOUS
10
0.2999344094488189
20
0.3522670472440945
11
0.2988699606299213
21
0.3518261417322834
0
LINE
8
BLACK
6
CONTINUOUS
10
0.2988699606299213
20
0.3518261417322834
11
0.2977179133858268
21
0.3518261417322834
0
LINE
8
BLACK
6
CONTINUOUS
10
0.2977179133858268
20
0.3518261417322834
11
0.2966534645669291
21
0.3522670472440945
0
LINE
8
BLACK
6
CONTINUOUS
10
0.2966534645669291
20
0.3522670472440945
11
0.2958388188976378
21
0.3530816929133858
0
LINE
8
BLACK
6
CONTINUOUS
10
0.2958388188976378
20
0.3530816929133858
11
0.2953979133858268
21
0.3541461417322835
0
LINE
8
BLACK
6
CONTINUOUS
10
0.2953979133858268
20
0.3541461417322835
11
0.2953979133858268
21
0.3552981889763779
0
LINE
8
BLACK
6
CONTINUOUS
10
0.2953979133858268
20
0.3552981889763779
11
0.2958388188976378
21
0.3563626377952756
0
LINE
8
BLACK
6
CONTINUOUS
10
0.2958388188976378
20
0.3563626377952756
11
0.2962060236220472
21
0.3568100787401575
0
LINE
8
BLACK
6
CONTINUOUS
10
0.2962060236220472
20
0.3568100787401575
11
0.2980807874015748
21
0.358684842519685
0
LINE
8
BLACK
6
CONTINUOUS
10
0.2980807874015748
20
0.358684842519685
11
0.2985282283464567
21
0.3590520472440945
0
LINE
8
BLACK
6
CONTINUOUS
10
0.2985282283464567
20
0.3590520472440945
11
0.2986261811023622
21
0.3590926377952756
0
LINE
8
BLACK
6
CONTINUOUS
10
0.2986261811023622
20
0.3590926377952756
11
0.2987063779527559
21
0.3591621653543307
0
LINE
8
BLACK
6
CONTINUOUS
10
0.2987063779527559
20
0.3591621653543307
11
0.2992349606299213
21
0.3593981496062992
0
LINE
8
BLACK
6
CONTINUOUS
10
0.2992349606299213
20
0.3593981496062992
11
0.3048592125984252
21
0.3612729133858268
0
LINE
8
BLACK
6
CONTINUOUS
10
0.3048592125984252
20
0.3612729133858268
11
0.305144842519685
21
0.361337874015748
0
LINE
8
BLACK
6
CONTINUOUS
10
0.305144842519685
20
0.361337874015748
11
0.3052169291338583
21
0.361367716535433
0
LINE
8
BLACK
6
CONTINUOUS
10
0.3052169291338583
20
0.361367716535433
11
0.3053213779527559
21
0.361378031496063
0
LINE
8
BLACK
6
CONTINUOUS
10
0.3053213779527559
20
0.361378031496063
11
0.3054236614173228
21
0.3614012598425197
0
LINE
8
BLACK
6
CONTINUOUS
10
0.3054236614173228
20
0.3614012598425197
11
0.3055013779527559
21
0.361395748031496
0
LINE
8
BLACK
6
CONTINUOUS
10
0.3055013779527559
20
0.361395748031496
11
0.3057929921259843
21
0.3614244488188976
0
LINE
8
BLACK
6
CONTINUOUS
10
0.3057929921259843
20
0.3614244488188976
11
0.3095425196850394
21
0.3614244488188976
0
LINE
8
BLACK
6
CONTINUOUS
10
0.3095425196850394
20
0.3614244488188976
11
0.3098340551181102
21
0.361395748031496
0
LINE
8
BLACK
6
CONTINUOUS
10
-0.4387624803149606
20
0.4648803543307087
11
-0.4385826771653543
21
0.4639763779527559
0
LINE
8
BLACK
6
CONTINUOUS
10
-0.4385826771653543
20
0.4639763779527559
11
-0.4385826771653543
21
0.3816929133858268
0
LINE
8
BLACK
6
CONTINUOUS
10
-0.4385826771653543
20
0.3816929133858268
11
0.4346456692913386
21
0.3816929133858268
0
LINE
8
BLACK
6
CONTINUOUS
10
0.4346456692913386
20
0.3816929133858268
11
0.4346456692913386
21
0.4639763779527559
0
LINE
8
BLACK
6
CONTINUOUS
10
0.4346456692913386
20
0.4639763779527559
11
0.4348254724409449
21
0.4648803543307087
0
LINE
8
BLACK
6
CONTINUOUS
10
0.4348254724409449
20
0.4648803543307087
11
0.4361038976377953
21
0.466158779527559
0
LINE
8
BLACK
6
CONTINUOUS
10
0.4361038976377953
20
0.466158779527559
11
0.4379118503937008
21
0.466158779527559
0
LINE
8
BLACK
6
CONTINUOUS
10
0.4379118503937008
20
0.466158779527559
11
0.4391902755905512
21
0.4648803543307087
0
LINE
8
BLACK
6
CONTINUOUS
10
0.4391902755905512
20
0.4648803543307087
11
0.4393700787401575
21
0.4639763779527559
0
LINE
8
BLACK
6
CONTINUOUS
10
0.4393700787401575
20
0.4639763779527559
11
0.4393700787401575
21
0.3793307086614173
0
LINE
8
BLACK
6
CONTINUOUS
10
0.4393700787401575
20
0.3793307086614173
11
0.4391902755905512
21
0.3784267322834646
0
LINE
8
BLACK
6
CONTINUOUS
10
0.4391902755905512
20
0.3784267322834646
11
0.4379118503937008
21
0.3771483070866142
0
LINE
8
BLACK
6
CONTINUOUS
10
0.4379118503937008
20
0.3771483070866142
11
0.437007874015748
21
0.3769685039370079
0
LINE
8
BLACK
6
CONTINUOUS
10
0.437007874015748
20
0.3769685039370079
11
-0.4409448818897638
21
0.3769685039370079
0
LINE
8
BLACK
6
CONTINUOUS
10
-0.4409448818897638
20
0.3769685039370079
11
-0.4418488582677165
21
0.3771483070866142
0
LINE
8
BLACK
6
CONTINUOUS
10
-0.4418488582677165
20
0.3771483070866142
11
-0.4431272834645669
21
0.3784267322834646
0
LINE
8
BLACK
6
CONTINUOUS
10
-0.4431272834645669
20
0.3784267322834646
11
-0.4433070866141732
21
0.3793307086614173
0
LINE
8
BLACK
6
CONTINUOUS
10
-0.4433070866141732
20
0.3793307086614173
11
-0.4433070866141732
21
0.4639763779527559
0
LINE
8
BLACK
6
CONTINUOUS
10
-0.4433070866141732
20
0.4639763779527559
11
-0.4431272834645669
21
0.4648803543307087
0
LINE
8
BLACK
6
CONTINUOUS
10
-0.4431272834645669
20
0.4648803543307087
11
-0.4418488582677165
21
0.466158779527559
0
LINE
8
BLACK
6
CONTINUOUS
10
-0.4418488582677165
20
0.466158779527559
11
-0.440040905511811
21
0.466158779527559
0
LINE
8
BLACK
6
CONTINUOUS
10
-0.440040905511811
20
0.466158779527559
11
-0.4387624803149606
21
0.4648803543307087
0
LINE
8
BLACK
6
CONTINUOUS
10
-0.5309364960629921
20
0.4464737401574803
11
-0.5296580708661417
21
0.4451953149606299
0
LINE
8
BLACK
6
CONTINUOUS
10
-0.5296580708661417
20
0.4451953149606299
11
-0.5296580708661417
21
0.4433873622047244
0
LINE
8
BLACK
6
CONTINUOUS
10
-0.5296580708661417
20
0.4433873622047244
11
-0.5309364960629921
21
0.442108937007874
0
LINE
8
BLACK
6
CONTINUOUS
10
-0.5309364960629921
20
0.442108937007874
11
-0.5318404724409449
21
0.4419291338582677
0
LINE
8
BLACK
6
CONTINUOUS
10
-0.5318404724409449
20
0.4419291338582677
11
-0.5524114960629921
21
0.4419291338582677
0
LINE
8
BLACK
6
CONTINUOUS
10
-0.5524114960629921
20
0.4419291338582677
11
-0.5533154724409449
21
0.442108937007874
0
LINE
8
BLACK
6
CONTINUOUS
10
-0.5533154724409449
20
0.442108937007874
11
-0.5545938976377952
21
0.4433873622047244
0
LINE
8
BLACK
6
CONTINUOUS
10
-0.5545938976377952
20
0.4433873622047244
11
-0.5545938976377952
21
0.4451953149606299
0
LINE
8
BLACK
6
CONTINUOUS
10
-0.5545938976377952
20
0.4451953149606299
11
-0.5533154724409449
21
0.4464737401574803
0
LINE
8
BLACK
6
CONTINUOUS
10
-0.5533154724409449
20
0.4464737401574803
11
-0.5524114960629921
21
0.4466535433070866
0
LINE
8
BLACK
6
CONTINUOUS
10
-0.5524114960629921
20
0.4466535433070866
11
-0.5318404724409449
21
0.4466535433070866
0
LINE
8
BLACK
6
CONTINUOUS
10
-0.5318404724409449
20
0.4466535433070866
11
-0.5309364960629921
21
0.4464737401574803
0
LINE
8
BLACK
6
CONTINUOUS
10
-0.6805263385826772
20
0.497588188976378
11
-0.6804283464566929
21
0.4975475984251969
0
LINE
8
BLACK
6
CONTINUOUS
10
-0.6804283464566929
20
0.4975475984251969
11
-0.6803225196850393
21
0.4975400787401575
0
LINE
8
BLACK
6
CONTINUOUS
10
-0.6803225196850393
20
0.4975400787401575
11
-0.6797818897637795
21
0.497333188976378
0
LINE
8
BLACK
6
CONTINUOUS
10
-0.6797818897637795
20
0.497333188976378
11
-0.6760323622047244
21
0.4954584251968504
0
LINE
8
BLACK
6
CONTINUOUS
10
-0.6760323622047244
20
0.4954584251968504
11
-0.6757843700787401
21
0.4953023622047244
0
LINE
8
BLACK
6
CONTINUOUS
10
-0.6757843700787401
20
0.4953023622047244
11
-0.6757124015748032
21
0.4952725196850394
0
LINE
8
BLACK
6
CONTINUOUS
10
-0.6757124015748032
20
0.4952725196850394
11
-0.6756314566929134
21
0.495206062992126
0
LINE
8
BLACK
6
CONTINUOUS
10
-0.6756314566929134
20
0.495206062992126
11
-0.6755424803149607
21
0.4951500787401575
0
LINE
8
BLACK
6
CONTINUOUS
10
-0.6755424803149607
20
0.4951500787401575
11
-0.6754913385826772
21
0.4950911023622047
0
LINE
8
BLACK
6
CONTINUOUS
10
-0.6754913385826772
20
0.4950911023622047
11
-0.6752649606299213
21
0.4949053149606299
0
LINE
8
BLACK
6
CONTINUOUS
10
-0.6752649606299213
20
0.4949053149606299
11
-0.6733901968503937
21
0.4930305511811023
0
LINE
8
BLACK
6
CONTINUOUS
10
-0.6733901968503937
20
0.4930305511811023
11
-0.6733888976377953
21
0.4930289763779527
0
LINE
8
BLACK
6
CONTINUOUS
10
-0.6733888976377953
20
0.4930289763779527
11
-0.673388031496063
21
0.4930283858267717
0
LINE
8
BLACK
6
CONTINUOUS
10
-0.673388031496063
20
0.4930283858267717
11
-0.6731997244094488
21
0.4927984251968504
0
LINE
8
BLACK
6
CONTINUOUS
10
-0.6731997244094488
20
0.4927984251968504
11
-0.6730229921259843
21
0.4925831102362205
0
LINE
8
BLACK
6
CONTINUOUS
10
-0.6730229921259843
20
0.4925831102362205
11
-0.6730226377952756
21
0.4925822440944882
0
LINE
8
BLACK
6
CONTINUOUS
10
-0.6730226377952756
20
0.4925822440944882
11
-0.6730212598425197
21
0.4925805511811023
0
LINE
8
BLACK
6
CONTINUOUS
10
-0.6730212598425197
20
0.4925805511811023
11
-0.6692717322834646
21
0.4869562204724409
0
LINE
8
BLACK
6
CONTINUOUS
10
-0.6692717322834646
20
0.4869562204724409
11
-0.6691022834645669
21
0.4866383464566929
0
LINE
8
BLACK
6
CONTINUOUS
10
-0.6691022834645669
20
0.4866383464566929
11
-0.6690587401574803
21
0.4865796062992126
0
LINE
8
BLACK
6
CONTINUOUS
10
-0.6690587401574803
20
0.4865796062992126
11
-0.6690339763779527
21
0.4865102362204724
0
LINE
8
BLACK
6
CONTINUOUS
10
-0.6690339763779527
20
0.4865102362204724
11
-0.6689994094488189
21
0.4864454330708661
0
LINE
8
BLACK
6
CONTINUOUS
10
-0.6689994094488189
20
0.4864454330708661
11
-0.6689853149606299
21
0.4863740157480315
0
LINE
8
BLACK
6
CONTINUOUS
10
-0.6689853149606299
20
0.4863740157480315
11
-0.6688639763779527
21
0.4860344881889764
0
LINE
8
BLACK
6
CONTINUOUS
10
-0.6688639763779527
20
0.4860344881889764
11
-0.6669892125984251
21
0.4785354330708662
0
LINE
8
BLACK
6
CONTINUOUS
10
-0.6669892125984251
20
0.4785354330708662
11
-0.6669744488188977
21
0.4784355905511811
0
LINE
8
BLACK
6
CONTINUOUS
10
-0.6669744488188977
20
0.4784355905511811
11
-0.6669577952755905
21
0.4783953543307087
0
LINE
8
BLACK
6
CONTINUOUS
10
-0.6669577952755905
20
0.4783953543307087
11
-0.6669364566929133
21
0.4781783464566929
0
LINE
8
BLACK
6
CONTINUOUS
10
-0.6669364566929133
20
0.4781783464566929
11
-0.6669045669291338
21
0.4779628346456693
0
LINE
8
BLACK
6
CONTINUOUS
10
-0.6669045669291338
20
0.4779628346456693
11
-0.6669109842519685
21
0.477919842519685
0
LINE
8
BLACK
6
CONTINUOUS
10
-0.6669109842519685
20
0.477919842519685
11
-0.6669010629921259
21
0.4778192913385826
0
LINE
8
BLACK
6
CONTINUOUS
10
-0.6669010629921259
20
0.4778192913385826
11
-0.6669010629921259
21
0.4628211811023622
0
LINE
8
BLACK
6
CONTINUOUS
10
-0.6669010629921259
20
0.4628211811023622
11
-0.6669577952755905
21
0.4622451181102362
0
LINE
8
BLACK
6
CONTINUOUS
10
-0.6669577952755905
20
0.4622451181102362
11
-0.6669983858267716
21
0.4621471653543307
0
LINE
8
BLACK
6
CONTINUOUS
10
-0.6669983858267716
20
0.4621471653543307
11
-0.667005905511811
21
0.4620412598425196
0
LINE
8
BLACK
6
CONTINUOUS
10
-0.667005905511811
20
0.4620412598425196
11
-0.6672127952755905
21
0.4615006692913386
0
LINE
8
BLACK
6
CONTINUOUS
10
-0.6672127952755905
20
0.4615006692913386
11
-0.6690875590551181
21
0.4577511417322834
0
LINE
8
BLACK
6
CONTINUOUS
10
-0.6690875590551181
20
0.4577511417322834
11
-0.6692436220472441
21
0.4575032677165354
0
LINE
8
BLACK
6
CONTINUOUS
10
-0.6692436220472441
20
0.4575032677165354
11
-0.6692734251968504
21
0.4574312204724409
0
LINE
8
BLACK
6
CONTINUOUS
10
-0.6692734251968504
20
0.4574312204724409
11
-0.6693399606299213
21
0.4573501968503937
0
LINE
8
BLACK
6
CONTINUOUS
10
-0.6693399606299213
20
0.4573501968503937
11
-0.6693959055118111
21
0.4572612598425197
0
LINE
8
BLACK
6
CONTINUOUS
10
-0.6693959055118111
20
0.4572612598425197
11
-0.6694549212598425
21
0.4572101181102362
0
LINE
8
BLACK
6
CONTINUOUS
10
-0.6694549212598425
20
0.4572101181102362
11
-0.6696406692913386
21
0.4569837401574803
0
LINE
8
BLACK
6
CONTINUOUS
10
-0.6696406692913386
20
0.4569837401574803
11
-0.6715153937007874
21
0.4551089763779527
0
LINE
8
BLACK
6
CONTINUOUS
10
-0.6715153937007874
20
0.4551089763779527
11
-0.6717417716535433
21
0.4549232283464567
0
LINE
8
BLACK
6
CONTINUOUS
10
-0.6717417716535433
20
0.4549232283464567
11
-0.6717929527559054
21
0.4548641732283464
0
LINE
8
BLACK
6
CONTINUOUS
10
-0.6717929527559054
20
0.4548641732283464
11
-0.6718819291338582
21
0.4548081889763779
0
LINE
8
BLACK
6
CONTINUOUS
10
-0.6718819291338582
20
0.4548081889763779
11
-0.6719628740157481
21
0.4547417322834645
0
LINE
8
BLACK
6
CONTINUOUS
10
-0.6719628740157481
20
0.4547417322834645
11
-0.672034842519685
21
0.4547119291338583
0
LINE
8
BLACK
6
CONTINUOUS
10
-0.672034842519685
20
0.4547119291338583
11
-0.6722828346456693
21
0.4545558267716535
0
LINE
8
BLACK
6
CONTINUOUS
10
-0.6722828346456693
20
0.4545558267716535
11
-0.6760323622047244
21
0.452681062992126
0
LINE
8
BLACK
6
CONTINUOUS
10
-0.6760323622047244
20
0.452681062992126
11
-0.6765729921259842
21
0.4524741732283464
0
LINE
8
BLACK
6
CONTINUOUS
10
-0.6765729921259842
20
0.4524741732283464
11
-0.6766788188976378
21
0.4524666929133858
0
LINE
8
BLACK
6
CONTINUOUS
10
-0.6766788188976378
20
0.4524666929133858
11
-0.6767768110236221
21
0.452426062992126
0
LINE
8
BLACK
6
CONTINUOUS
10
-0.6767768110236221
20
0.452426062992126
11
-0.6773528740157481
21
0.4523693307086614
0
LINE
8
BLACK
6
CONTINUOUS
10
-0.6773528740157481
20
0.4523693307086614
11
-0.6848519291338583
21
0.4523693307086614
0
LINE
8
BLACK
6
CONTINUOUS
10
-0.6848519291338583
20
0.4523693307086614
11
-0.6854279921259843
21
0.452426062992126
0
LINE
8
BLACK
6
CONTINUOUS
10
-0.6854279921259843
20
0.452426062992126
11
-0.6855259842519685
21
0.4524666535433071
0
LINE
8
BLACK
6
CONTINUOUS
10
-0.6855259842519685
20
0.4524666535433071
11
-0.6856318503937008
21
0.4524741732283464
0
LINE
8
BLACK
6
CONTINUOUS
10
-0.6856318503937008
20
0.4524741732283464
11
-0.6861724409448818
21
0.452681062992126
0
LINE
8
BLACK
6
CONTINUOUS
10
-0.6861724409448818
20
0.452681062992126
11
-0.6899219685039369
21
0.4545558267716535
0
LINE
8
BLACK
6
CONTINUOUS
10
-0.6899219685039369
20
0.4545558267716535
11
-0.69017
21
0.4547119291338583
0
LINE
8
BLACK
6
CONTINUOUS
10
-0.69017
20
0.4547119291338583
11
-0.6902419291338583
21
0.4547417322834645
0
LINE
8
BLACK
6
CONTINUOUS
10
-0.6902419291338583
20
0.4547417322834645
11
-0.6903229133858267
21
0.4548081889763779
0
LINE
8
BLACK
6
CONTINUOUS
10
-0.6903229133858267
20
0.4548081889763779
11
-0.6904118503937008
21
0.4548641732283464
0
LINE
8
BLACK
6
CONTINUOUS
10
-0.6904118503937008
20
0.4548641732283464
11
-0.6904630708661417
21
0.4549232283464567
0
LINE
8
BLACK
6
CONTINUOUS
10
-0.6904630708661417
20
0.4549232283464567
11
-0.6906894094488188
21
0.4551089763779527
0
LINE
8
BLACK
6
CONTINUOUS
10
-0.6906894094488188
20
0.4551089763779527
11
-0.6925641732283464
21
0.456983779527559
0
LINE
8
BLACK
6
CONTINUOUS
10
-0.6925641732283464
20
0.456983779527559
11
-0.6927499212598425
21
0.4572101181102362
0
LINE
8
BLACK
6
CONTINUOUS
10
-0.6927499212598425
20
0.4572101181102362
11
-0.6928088976377953
21
0.4572612598425197
0
LINE
8
BLACK
6
CONTINUOUS
10
-0.6928088976377953
20
0.4572612598425197
11
-0.6928648818897638
21
0.4573501968503937
0
LINE
8
BLACK
6
CONTINUOUS
10
-0.6928648818897638
20
0.4573501968503937
11
-0.6929313779527559
21
0.4574312204724409
0
LINE
8
BLACK
6
CONTINUOUS
10
-0.6929313779527559
20
0.4574312204724409
11
-0.6929612204724409
21
0.4575032677165354
0
LINE
8
BLACK
6
CONTINUOUS
10
-0.6929612204724409
20
0.4575032677165354
11
-0.6931172440944882
21
0.4577511417322834
0
LINE
8
BLACK
6
CONTINUOUS
10
-0.6931172440944882
20
0.4577511417322834
11
-0.6949920078740157
21
0.4615006692913386
0
LINE
8
BLACK
6
CONTINUOUS
10
-0.6949920078740157
20
0.4615006692913386
11
-0.6951988976377953
21
0.4620412992125984
0
LINE
8
BLACK
6
CONTINUOUS
10
-0.6951988976377953
20
0.4620412992125984
11
-0.6952064173228346
21
0.4621471259842519
0
LINE
8
BLACK
6
CONTINUOUS
10
-0.6952064173228346
20
0.4621471259842519
11
-0.6952470078740157
21
0.4622451181102362
0
LINE
8
BLACK
6
CONTINUOUS
10
-0.6952470078740157
20
0.4622451181102362
11
-0.6953037401574803
21
0.4628211811023622
0
LINE
8
BLACK
6
CONTINUOUS
10
-0.6953037401574803
20
0.4628211811023622
11
-0.6953037401574803
21
0.472195
0
LINE
8
BLACK
6
CONTINUOUS
10
-0.6953037401574803
20
0.472195
11
-0.6952470078740157
21
0.472771062992126
0
LINE
8
BLACK
6
CONTINUOUS
10
-0.6952470078740157
20
0.472771062992126
11
-0.6952064173228346
21
0.472869094488189
0
LINE
8
BLACK
6
CONTINUOUS
10
-0.6952064173228346
20
0.472869094488189
11
-0.6951988976377953
21
0.4729748818897638
0
LINE
8
BLACK
6
CONTINUOUS
10
-0.6951988976377953
20
0.4729748818897638
11
-0.6949920078740157
21
0.4735155118110236
0
LINE
8
BLACK
6
CONTINUOUS
10
-0.6949920078740157
20
0.4735155118110236
11
-0.6931172440944882
21
0.4772650393700787
0
LINE
8
BLACK
6
CONTINUOUS
10
-0.6931172440944882
20
0.4772650393700787
11
-0.6929611811023622
21
0.4775130708661417
0
LINE
8
BLACK
6
CONTINUOUS
10
-0.6929611811023622
20
0.4775130708661417
11
-0.6929313385826772
21
0.477585
0
LINE
8
BLACK
6
CONTINUOUS
10
-0.6929313385826772
20
0.477585
11
-0.6928648818897638
21
0.4776659842519685
0
LINE
8
BLACK
6
CONTINUOUS
10
-0.6928648818897638
20
0.4776659842519685
11
-0.6928088976377953
21
0.4777549212598425
0
LINE
8
BLACK
6
CONTINUOUS
10
-0.6928088976377953
20
0.4777549212598425
11
-0.6927499212598425
21
0.4778061023622047
0
LINE
8
BLACK
6
CONTINUOUS
10
-0.6927499212598425
20
0.4778061023622047
11
-0.6925641338582676
21
0.4780324409448819
0
LINE
8
BLACK
6
CONTINUOUS
10
-0.6925641338582676
20
0.4780324409448819
11
-0.6906893700787401
21
0.4799072047244095
0
LINE
8
BLACK
6
CONTINUOUS
10
-0.6906893700787401
20
0.4799072047244095
11
-0.690463031496063
21
0.4800929921259842
0
LINE
8
BLACK
6
CONTINUOUS
10
-0.690463031496063
20
0.4800929921259842
11
-0.6904118503937008
21
0.480151968503937
0
LINE
8
BLACK
6
CONTINUOUS
10
-0.6904118503937008
20
0.480151968503937
11
-0.6903229133858267
21
0.4802079527559055
0
LINE
8
BLACK
6
CONTINUOUS
10
-0.6903229133858267
20
0.4802079527559055
11
-0.6902419291338583
21
0.4802744094488189
0
LINE
8
BLACK
6
CONTINUOUS
10
-0.6902419291338583
20
0.4802744094488189
11
-0.69017
21
0.4803042519685039
0
LINE
8
BLACK
6
CONTINUOUS
10
-0.69017
20
0.4803042519685039
11
-0.6899219685039369
21
0.4804603149606299
0
LINE
8
BLACK
6
CONTINUOUS
10
-0.6899219685039369
20
0.4804603149606299
11
-0.6861724409448818
21
0.4823350787401575
0
LINE
8
BLACK
6
CONTINUOUS
10
-0.6861724409448818
20
0.4823350787401575
11
-0.6856318503937008
21
0.482541968503937
0
LINE
8
BLACK
6
CONTINUOUS
10
-0.6856318503937008
20
0.482541968503937
11
-0.6855259842519685
21
0.4825495275590551
0
LINE
8
BLACK
6
CONTINUOUS
10
-0.6855259842519685
20
0.4825495275590551
11
-0.6854279921259843
21
0.4825900787401575
0
LINE
8
BLACK
6
CONTINUOUS
10
-0.6854279921259843
20
0.4825900787401575
11
-0.6848519291338583
21
0.4826468110236221
0
LINE
8
BLACK
6
CONTINUOUS
10
-0.6848519291338583
20
0.4826468110236221
11
-0.6773528740157481
21
0.4826468110236221
0
LINE
8
BLACK
6
CONTINUOUS
10
-0.6773528740157481
20
0.4826468110236221
11
-0.6767768110236221
21
0.4825900787401575
0
LINE
8
BLACK
6
CONTINUOUS
10
-0.6767768110236221
20
0.4825900787401575
11
-0.6766788188976378
21
0.4825494881889764
0
LINE
8
BLACK
6
CONTINUOUS
10
-0.6766788188976378
20
0.4825494881889764
11
-0.6765729921259842
21
0.482541968503937
0
LINE
8
BLACK
6
CONTINUOUS
10
-0.6765729921259842
20
0.482541968503937
11
-0.6760323622047244
21
0.4823350787401575
0
LINE
8
BLACK
6
CONTINUOUS
10
-0.6760323622047244
20
0.4823350787401575
11
-0.673739842519685
21
0.4811888188976378
0
LINE
8
BLACK
6
CONTINUOUS
10
-0.673739842519685
20
0.4811888188976378
11
-0.6744691338582677
21
0.4841059842519685
0
LINE
8
BLACK
6
CONTINUOUS
10
-0.6744691338582677
20
0.4841059842519685
11
-0.6777728346456693
21
0.4890615354330708
0
LINE
8
BLACK
6
CONTINUOUS
10
-0.6777728346456693
20
0.4890615354330708
11
-0.679101968503937
21
0.4903906692913386
0
LINE
8
BLACK
6
CONTINUOUS
10
-0.679101968503937
20
0.4903906692913386
11
-0.6817994488188976
21
0.4917394094488189
0
LINE
8
BLACK
6
CONTINUOUS
10
-0.6817994488188976
20
0.4917394094488189
11
-0.6886014566929134
21
0.4917394094488189
0
LINE
8
BLACK
6
CONTINUOUS
10
-0.6886014566929134
20
0.4917394094488189
11
-0.6891775196850394
21
0.4917961417322835
0
LINE
8
BLACK
6
CONTINUOUS
10
-0.6891775196850394
20
0.4917961417322835
11
-0.6902419291338583
21
0.4922370472440944
0
LINE
8
BLACK
6
CONTINUOUS
10
-0.6902419291338583
20
0.4922370472440944
11
-0.6910565748031496
21
0.4930516929133858
0
LINE
8
BLACK
6
CONTINUOUS
10
-0.6910565748031496
20
0.4930516929133858
11
-0.6914974803149606
21
0.4941161023622047
0
LINE
8
BLACK
6
CONTINUOUS
10
-0.6914974803149606
20
0.4941161023622047
11
-0.6914974803149606
21
0.4952682283464567
0
LINE
8
BLACK
6
CONTINUOUS
10
-0.6914974803149606
20
0.4952682283464567
11
-0.6910565748031496
21
0.4963326377952756
0
LINE
8
BLACK
6
CONTINUOUS
10
-0.6910565748031496
20
0.4963326377952756
11
-0.6902419291338583
21
0.4971472834645669
0
LINE
8
BLACK
6
CONTINUOUS
10
-0.6902419291338583
20
0.4971472834645669
11
-0.6891775196850394
21
0.497588188976378
0
LINE
8
BLACK
6
CONTINUOUS
10
-0.6891775196850394
20
0.497588188976378
11
-0.6886014566929134
21
0.4976449212598425
0
LINE
8
BLACK
6
CONTINUOUS
10
-0.6886014566929134
20
0.4976449212598425
11
-0.6811024015748032
21
0.4976449212598425
0
LINE
8
BLACK
6
CONTINUOUS
10
-0.6811024015748032
20
0.4976449212598425
11
-0.6805263385826772
21
0.497588188976378
0
LINE
8
BLACK
6
CONTINUOUS
10
-0.6868523622047243
20
0.4753925590551181
11
-0.6880494881889764
21
0.4741954330708661
0
LINE
8
BLACK
6
CONTINUOUS
10
-0.6880494881889764
20
0.4741954330708661
11
-0.6893982283464567
21
0.4714979527559055
0
LINE
8
BLACK
6
CONTINUOUS
10
-0.6893982283464567
20
0.4714979527559055
11
-0.6893982283464567
21
0.4635182283464567
0
LINE
8
BLACK
6
CONTINUOUS
10
-0.6893982283464567
20
0.4635182283464567
11
-0.6880494881889764
21
0.460820748031496
0
LINE
8
BLACK
6
CONTINUOUS
10
-0.6880494881889764
20
0.460820748031496
11
-0.6868523622047243
21
0.4596235826771654
0
LINE
8
BLACK
6
CONTINUOUS
10
-0.6868523622047243
20
0.4596235826771654
11
-0.6841548818897638
21
0.458274842519685
0
LINE
8
BLACK
6
CONTINUOUS
10
-0.6841548818897638
20
0.458274842519685
11
-0.6780499212598425
21
0.458274842519685
0
LINE
8
BLACK
6
CONTINUOUS
10
-0.6780499212598425
20
0.458274842519685
11
-0.6753524803149606
21
0.4596235826771654
0
LINE
8
BLACK
6
CONTINUOUS
10
-0.6753524803149606
20
0.4596235826771654
11
-0.6741553543307086
21
0.460820748031496
0
LINE
8
BLACK
6
CONTINUOUS
10
-0.6741553543307086
20
0.460820748031496
11
-0.6728065748031495
21
0.4635182283464567
0
LINE
8
BLACK
6
CONTINUOUS
10
-0.6728065748031495
20
0.4635182283464567
11
-0.6728065748031495
21
0.4714979527559055
0
LINE
8
BLACK
6
CONTINUOUS
10
-0.6728065748031495
20
0.4714979527559055
11
-0.6741553149606299
21
0.4741954330708661
0
LINE
8
BLACK
6
CONTINUOUS
10
-0.6741553149606299
20
0.4741954330708661
11
-0.6753524409448819
21
0.4753925590551181
0
LINE
8
BLACK
6
CONTINUOUS
10
-0.6753524409448819
20
0.4753925590551181
11
-0.6780499212598425
21
0.4767412992125984
0
LINE
8
BLACK
6
CONTINUOUS
10
-0.6780499212598425
20
0.4767412992125984
11
-0.6841548818897638
21
0.4767412992125984
0
LINE
8
BLACK
6
CONTINUOUS
10
-0.6841548818897638
20
0.4767412992125984
11
-0.6868523622047243
21
0.4753925590551181
0
LINE
8
BLACK
6
CONTINUOUS
10
-0.6433155511811024
20
0.4976162204724409
11
-0.6432377952755906
21
0.4976217322834646
0
LINE
8
BLACK
6
CONTINUOUS
10
-0.6432377952755906
20
0.4976217322834646
11
-0.6431355511811023
21
0.4975985039370079
0
LINE
8
BLACK
6
CONTINUOUS
10
-0.6431355511811023
20
0.4975985039370079
11
-0.6430310236220472
21
0.497588188976378
0
LINE
8
BLACK
6
CONTINUOUS
10
-0.6430310236220472
20
0.497588188976378
11
-0.642958937007874
21
0.4975583464566929
0
LINE
8
BLACK
6
CONTINUOUS
10
-0.642958937007874
20
0.4975583464566929
11
-0.6426733464566929
21
0.4974933858267717
0
LINE
8
BLACK
6
CONTINUOUS
10
-0.6426733464566929
20
0.4974933858267717
11
-0.6370490551181103
21
0.4956186220472441
0
LINE
8
BLACK
6
CONTINUOUS
10
-0.6370490551181103
20
0.4956186220472441
11
-0.6365205118110236
21
0.4953826377952756
0
LINE
8
BLACK
6
CONTINUOUS
10
-0.6365205118110236
20
0.4953826377952756
11
-0.6364403937007874
21
0.4953131496062992
0
LINE
8
BLACK
6
CONTINUOUS
10
-0.6364403937007874
20
0.4953131496062992
11
-0.6363423228346456
21
0.4952725196850394
0
LINE
8
BLACK
6
CONTINUOUS
10
-0.6363423228346456
20
0.4952725196850394
11
-0.6358948818897637
21
0.4949053149606299
0
LINE
8
BLACK
6
CONTINUOUS
10
-0.6358948818897637
20
0.4949053149606299
11
-0.6321453543307086
21
0.4911557874015748
0
LINE
8
BLACK
6
CONTINUOUS
10
-0.6321453543307086
20
0.4911557874015748
11
-0.6319595275590552
21
0.4909294094488189
0
LINE
8
BLACK
6
CONTINUOUS
10
-0.6319595275590552
20
0.4909294094488189
11
-0.6319005905511811
21
0.4908782677165354
0
LINE
8
BLACK
6
CONTINUOUS
10
-0.6319005905511811
20
0.4908782677165354
11
-0.6318447244094488
21
0.4907895275590551
0
LINE
8
BLACK
6
CONTINUOUS
10
-0.6318447244094488
20
0.4907895275590551
11
-0.6317781102362204
21
0.4907083464566929
0
LINE
8
BLACK
6
CONTINUOUS
10
-0.6317781102362204
20
0.4907083464566929
11
-0.6317482677165355
21
0.4906362204724409
0
LINE
8
BLACK
6
CONTINUOUS
10
-0.6317482677165355
20
0.4906362204724409
11
-0.6315922440944882
21
0.4903883858267716
0
LINE
8
BLACK
6
CONTINUOUS
10
-0.6315922440944882
20
0.4903883858267716
11
-0.6297174803149607
21
0.4866388582677165
0
LINE
8
BLACK
6
CONTINUOUS
10
-0.6297174803149607
20
0.4866388582677165
11
-0.6297013779527559
21
0.4865967716535433
0
LINE
8
BLACK
6
CONTINUOUS
10
-0.6297013779527559
20
0.4865967716535433
11
-0.6296886614173228
21
0.4865796062992126
0
LINE
8
BLACK
6
CONTINUOUS
10
-0.6296886614173228
20
0.4865796062992126
11
-0.6296023622047244
21
0.486338031496063
0
LINE
8
BLACK
6
CONTINUOUS
10
-0.6296023622047244
20
0.486338031496063
11
-0.6295105905511811
21
0.4860982677165354
0
LINE
8
BLACK
6
CONTINUOUS
10
-0.6295105905511811
20
0.4860982677165354
11
-0.6295090944881889
21
0.4860770078740158
0
LINE
8
BLACK
6
CONTINUOUS
10
-0.6295090944881889
20
0.4860770078740158
11
-0.6294938976377953
21
0.4860344881889764
0
LINE
8
BLACK
6
CONTINUOUS
10
-0.6294938976377953
20
0.4860344881889764
11
-0.6276191338582677
21
0.4785354330708662
0
LINE
8
BLACK
6
CONTINUOUS
10
-0.6276191338582677
20
0.4785354330708662
11
-0.6276043700787401
21
0.4784355905511811
0
LINE
8
BLACK
6
CONTINUOUS
10
-0.6276043700787401
20
0.4784355905511811
11
-0.6275877165354331
21
0.4783953543307087
0
LINE
8
BLACK
6
CONTINUOUS
10
-0.6275877165354331
20
0.4783953543307087
11
-0.6275663779527559
21
0.4781783464566929
0
LINE
8
BLACK
6
CONTINUOUS
10
-0.6275663779527559
20
0.4781783464566929
11
-0.6275344881889764
21
0.4779628346456693
0
LINE
8
BLACK
6
CONTINUOUS
10
-0.6275344881889764
20
0.4779628346456693
11
-0.627540905511811
21
0.477919842519685
0
LINE
8
BLACK
6
CONTINUOUS
10
-0.627540905511811
20
0.477919842519685
11
-0.6275309842519685
21
0.4778192913385826
0
LINE
8
BLACK
6
CONTINUOUS
10
-0.6275309842519685
20
0.4778192913385826
11
-0.6275309842519685
21
0.472195
0
LINE
8
BLACK
6
CONTINUOUS
10
-0.6275309842519685
20
0.472195
11
-0.627540905511811
21
0.4720944881889764
0
LINE
8
BLACK
6
CONTINUOUS
10
-0.627540905511811
20
0.4720944881889764
11
-0.6275344881889764
21
0.4720514566929134
0
LINE
8
BLACK
6
CONTINUOUS
10
-0.6275344881889764
20
0.4720514566929134
11
-0.6275663779527559
21
0.4718359842519685
0
LINE
8
BLACK
6
CONTINUOUS
10
-0.6275663779527559
20
0.4718359842519685
11
-0.6275877165354331
21
0.471618937007874
0
LINE
8
BLACK
6
CONTINUOUS
10
-0.6275877165354331
20
0.471618937007874
11
-0.6276043700787401
21
0.4715787401574803
0
LINE
8
BLACK
6
CONTINUOUS
10
-0.6276043700787401
20
0.4715787401574803
11
-0.6276191338582677
21
0.4714788582677165
0
LINE
8
BLACK
6
CONTINUOUS
10
-0.6276191338582677
20
0.4714788582677165
11
-0.6294938976377953
21
0.4639798031496063
0
LINE
8
BLACK
6
CONTINUOUS
10
-0.6294938976377953
20
0.4639798031496063
11
-0.6295090944881889
21
0.4639373228346457
0
LINE
8
BLACK
6
CONTINUOUS
10
-0.6295090944881889
20
0.4639373228346457
11
-0.6295105905511811
21
0.4639160236220473
0
LINE
8
BLACK
6
CONTINUOUS
10
-0.6295105905511811
20
0.4639160236220473
11
-0.6296023622047244
21
0.4636762992125984
0
LINE
8
BLACK
6
CONTINUOUS
10
-0.6296023622047244
20
0.4636762992125984
11
-0.6296886614173228
21
0.4634346850393701
0
LINE
8
BLACK
6
CONTINUOUS
10
-0.6296886614173228
20
0.4634346850393701
11
-0.6297013779527559
21
0.4634175590551181
0
LINE
8
BLACK
6
CONTINUOUS
10
-0.6297013779527559
20
0.4634175590551181
11
-0.6297174803149607
21
0.4633754330708661
0
LINE
8
BLACK
6
CONTINUOUS
10
-0.6297174803149607
20
0.4633754330708661
11
-0.6315922440944882
21
0.459625905511811
0
LINE
8
BLACK
6
CONTINUOUS
10
-0.6315922440944882
20
0.459625905511811
11
-0.6317483070866141
21
0.459378031496063
0
LINE
8
BLACK
6
CONTINUOUS
10
-0.6317483070866141
20
0.459378031496063
11
-0.6317781102362204
21
0.4593059842519685
0
LINE
8
BLACK
6
CONTINUOUS
10
-0.6317781102362204
20
0.4593059842519685
11
-0.6318446456692913
21
0.4592249606299212
0
LINE
8
BLACK
6
CONTINUOUS
10
-0.6318446456692913
20
0.4592249606299212
11
-0.6319005905511811
21
0.4591360236220473
0
LINE
8
BLACK
6
CONTINUOUS
10
-0.6319005905511811
20
0.4591360236220473
11
-0.6319596062992126
21
0.4590848818897638
0
LINE
8
BLACK
6
CONTINUOUS
10
-0.6319596062992126
20
0.4590848818897638
11
-0.6321453149606299
21
0.4588585433070866
0
LINE
8
BLACK
6
CONTINUOUS
10
-0.6321453149606299
20
0.4588585433070866
11
-0.6358948818897637
21
0.455108937007874
0
LINE
8
BLACK
6
CONTINUOUS
10
-0.6358948818897637
20
0.455108937007874
11
-0.6363423228346456
21
0.4547417322834645
0
LINE
8
BLACK
6
CONTINUOUS
10
-0.6363423228346456
20
0.4547417322834645
11
-0.6364403937007874
21
0.4547011417322834
0
LINE
8
BLACK
6
CONTINUOUS
10
-0.6364403937007874
20
0.4547011417322834
11
-0.6365205118110236
21
0.4546316141732283
0
LINE
8
BLACK
6
CONTINUOUS
10
-0.6365205118110236
20
0.4546316141732283
11
-0.6370490551181103
21
0.4543956299212598
0
LINE
8
BLACK
6
CONTINUOUS
10
-0.6370490551181103
20
0.4543956299212598
11
-0.6426733464566929
21
0.4525208661417323
0
LINE
8
BLACK
6
CONTINUOUS
10
-0.6426733464566929
20
0.4525208661417323
11
-0.642958937007874
21
0.4524559448818897
0
LINE
8
BLACK
6
CONTINUOUS
10
-0.642958937007874
20
0.4524559448818897
11
-0.6430310236220472
21
0.452426062992126
0
LINE
8
BLACK
6
CONTINUOUS
10
-0.6430310236220472
20
0.452426062992126
11
-0.6431355511811023
21
0.4524157874015748
0
LINE
8
BLACK
6
CONTINUOUS
10
-0.6431355511811023
20
0.4524157874015748
11
-0.6432377952755906
21
0.4523925196850394
0
LINE
8
BLACK
6
CONTINUOUS
10
-0.6432377952755906
20
0.4523925196850394
11
-0.6433155511811024
21
0.4523980708661417
0
LINE
8
BLACK
6
CONTINUOUS
10
-0.6433155511811024
20
0.4523980708661417
11
-0.6436070866141732
21
0.4523693307086614
0
LINE
8
BLACK
6
CONTINUOUS
10
-0.6436070866141732
20
0.4523693307086614
11
-0.6473566141732283
21
0.4523693307086614
0
LINE
8
BLACK
6
CONTINUOUS
10
-0.6473566141732283
20
0.4523693307086614
11
-0.6476482283464566
21
0.4523980708661417
0
LINE
8
BLACK
6
CONTINUOUS
10
-0.6476482283464566
20
0.4523980708661417
11
-0.6477259448818897
21
0.4523925196850394
0
LINE
8
BLACK
6
CONTINUOUS
10
-0.6477259448818897
20
0.4523925196850394
11
-0.6478282283464567
21
0.4524157874015748
0
LINE
8
BLACK
6
CONTINUOUS
10
-0.6478282283464567
20
0.4524157874015748
11
-0.6479326771653543
21
0.452426062992126
0
LINE
8
BLACK
6
CONTINUOUS
10
-0.6479326771653543
20
0.452426062992126
11
-0.6480047637795275
21
0.4524559448818897
0
LINE
8
BLACK
6
CONTINUOUS
10
-0.6480047637795275
20
0.4524559448818897
11
-0.6482903937007873
21
0.4525208661417323
0
LINE
8
BLACK
6
CONTINUOUS
10
-0.6482903937007873
20
0.4525208661417323
11
-0.6539146456692914
21
0.4543956299212598
0
LINE
8
BLACK
6
CONTINUOUS
10
-0.6539146456692914
20
0.4543956299212598
11
-0.6544432283464566
21
0.4546316141732283
0
LINE
8
BLACK
6
CONTINUOUS
10
-0.6544432283464566
20
0.4546316141732283
11
-0.6545234251968504
21
0.4547011811023622
0
LINE
8
BLACK
6
CONTINUOUS
10
-0.6545234251968504
20
0.4547011811023622
11
-0.6546213779527559
21
0.4547417322834645
0
LINE
8
BLACK
6
CONTINUOUS
10
-0.6546213779527559
20
0.4547417322834645
11
-0.6550688582677165
21
0.4551089763779527
0
LINE
8
BLACK
6
CONTINUOUS
10
-0.6550688582677165
20
0.4551089763779527
11
-0.6569436220472441
21
0.456983779527559
0
LINE
8
BLACK
6
CONTINUOUS
10
-0.6569436220472441
20
0.456983779527559
11
-0.6573108267716535
21
0.4574312204724409
0
LINE
8
BLACK
6
CONTINUOUS
10
-0.6573108267716535
20
0.4574312204724409
11
-0.6577516929133859
21
0.4584956299212598
0
LINE
8
BLACK
6
CONTINUOUS
10
-0.6577516929133859
20
0.4584956299212598
11
-0.6577516929133859
21
0.4596477165354331
0
LINE
8
BLACK
6
CONTINUOUS
10
-0.6577516929133859
20
0.4596477165354331
11
-0.6573107874015748
21
0.460712125984252
0
LINE
8
BLACK
6
CONTINUOUS
10
-0.6573107874015748
20
0.460712125984252
11
-0.6564961023622047
21
0.461526811023622
0
LINE
8
BLACK
6
CONTINUOUS
10
-0.6564961023622047
20
0.461526811023622
11
-0.6554316929133858
21
0.4619676771653543
0
LINE
8
BLACK
6
CONTINUOUS
10
-0.6554316929133858
20
0.4619676771653543
11
-0.6542796062992126
21
0.4619676771653543
0
LINE
8
BLACK
6
CONTINUOUS
10
-0.6542796062992126
20
0.4619676771653543
11
-0.6532151968503936
21
0.4615267716535433
0
LINE
8
BLACK
6
CONTINUOUS
10
-0.6532151968503936
20
0.4615267716535433
11
-0.6527677165354331
21
0.4611595275590551
0
LINE
8
BLACK
6
CONTINUOUS
10
-0.6527677165354331
20
0.4611595275590551
11
-0.6513858661417322
21
0.4597776377952756
0
LINE
8
BLACK
6
CONTINUOUS
10
-0.6513858661417322
20
0.4597776377952756
11
-0.6468774803149606
21
0.458274842519685
0
LINE
8
BLACK
6
CONTINUOUS
10
-0.6468774803149606
20
0.458274842519685
11
-0.6440862204724409
21
0.458274842519685
0
LINE
8
BLACK
6
CONTINUOUS
10
-0.6440862204724409
20
0.458274842519685
11
-0.6395778346456693
21
0.4597776771653543
0
LINE
8
BLACK
6
CONTINUOUS
10
-0.6395778346456693
20
0.4597776771653543
11
-0.6366600393700788
21
0.4626955118110236
0
LINE
8
BLACK
6
CONTINUOUS
10
-0.6366600393700788
20
0.4626955118110236
11
-0.6351445275590551
21
0.4657264960629921
0
LINE
8
BLACK
6
CONTINUOUS
10
-0.6351445275590551
20
0.4657264960629921
11
-0.6334364960629921
21
0.4725585433070866
0
LINE
8
BLACK
6
CONTINUOUS
10
-0.6334364960629921
20
0.4725585433070866
11
-0.6334364960629921
21
0.477455748031496
0
LINE
8
BLACK
6
CONTINUOUS
10
-0.6334364960629921
20
0.477455748031496
11
-0.6351445275590551
21
0.4842877952755905
0
LINE
8
BLACK
6
CONTINUOUS
10
-0.6351445275590551
20
0.4842877952755905
11
-0.63666
21
0.487318779527559
0
LINE
8
BLACK
6
CONTINUOUS
10
-0.63666
20
0.487318779527559
11
-0.6395778346456693
21
0.4902366141732283
0
LINE
8
BLACK
6
CONTINUOUS
10
-0.6395778346456693
20
0.4902366141732283
11
-0.6440862204724409
21
0.4917394094488189
0
LINE
8
BLACK
6
CONTINUOUS
10
-0.6440862204724409
20
0.4917394094488189
11
-0.6468774803149606
21
0.4917394094488189
0
LINE
8
BLACK
6
CONTINUOUS
10
-0.6468774803149606
20
0.4917394094488189
11
-0.6513858661417322
21
0.4902366141732283
0
LINE
8
BLACK
6
CONTINUOUS
10
-0.6513858661417322
20
0.4902366141732283
11
-0.6527677559055118
21
0.4888547244094488
0
LINE
8
BLACK
6
CONTINUOUS
10
-0.6527677559055118
20
0.4888547244094488
11
-0.6532151968503936
21
0.4884875196850393
0
LINE
8
BLACK
6
CONTINUOUS
10
-0.6532151968503936
20
0.4884875196850393
11
-0.6542796456692913
21
0.4880466141732283
0
LINE
8
BLACK
6
CONTINUOUS
10
-0.6542796456692913
20
0.4880466141732283
11
-0.6554316929133858
21
0.4880466141732283
0
LINE
8
BLACK
6
CONTINUOUS
10
-0.6554316929133858
20
0.4880466141732283
11
-0.6564961417322834
21
0.4884875196850393
0
LINE
8
BLACK
6
CONTINUOUS
10
-0.6564961417322834
20
0.4884875196850393
11
-0.6573107874015748
21
0.4893021653543307
0
LINE
8
BLACK
6
CONTINUOUS
10
-0.6573107874015748
20
0.4893021653543307
11
-0.6577516929133859
21
0.4903666141732284
0
LINE
8
BLACK
6
CONTINUOUS
10
-0.6577516929133859
20
0.4903666141732284
11
-0.6577516929133859
21
0.4915186614173228
0
LINE
8
BLACK
6
CONTINUOUS
10
-0.6577516929133859
20
0.4915186614173228
11
-0.6573107874015748
21
0.4925831102362205
0
LINE
8
BLACK
6
CONTINUOUS
10
-0.6573107874015748
20
0.4925831102362205
11
-0.6569435826771653
21
0.4930305511811023
0
LINE
8
BLACK
6
CONTINUOUS
10
-0.6569435826771653
20
0.4930305511811023
11
-0.6550688188976378
21
0.4949053149606299
0
LINE
8
BLACK
6
CONTINUOUS
10
-0.6550688188976378
20
0.4949053149606299
11
-0.6546213779527559
21
0.4952725196850394
0
LINE
8
BLACK
6
CONTINUOUS
10
-0.6546213779527559
20
0.4952725196850394
11
-0.6545234251968504
21
0.4953131102362205
0
LINE
8
BLACK
6
CONTINUOUS
10
-0.6545234251968504
20
0.4953131102362205
11
-0.6544432283464566
21
0.4953826377952756
0
LINE
8
BLACK
6
CONTINUOUS
10
-0.6544432283464566
20
0.4953826377952756
11
-0.6539146456692914
21
0.4956186220472441
0
LINE
8
BLACK
6
CONTINUOUS
10
-0.6539146456692914
20
0.4956186220472441
11
-0.6482903937007873
21
0.4974933858267717
0
LINE
8
BLACK
6
CONTINUOUS
10
-0.6482903937007873
20
0.4974933858267717
11
-0.6480047637795275
21
0.4975583464566929
0
LINE
8
BLACK
6
CONTINUOUS
10
-0.6480047637795275
20
0.4975583464566929
11
-0.6479326771653543
21
0.497588188976378
0
LINE
8
BLACK
6
CONTINUOUS
10
-0.6479326771653543
20
0.497588188976378
11
-0.6478282283464567
21
0.4975985039370079
0
LINE
8
BLACK
6
CONTINUOUS
10
-0.6478282283464567
20
0.4975985039370079
11
-0.6477259448818897
21
0.4976217322834646
0
LINE
8
BLACK
6
CONTINUOUS
10
-0.6477259448818897
20
0.4976217322834646
11
-0.6476482283464566
21
0.4976162204724409
0
LINE
8
BLACK
6
CONTINUOUS
10
-0.6476482283464566
20
0.4976162204724409
11
-0.6473566141732283
21
0.4976449212598425
0
LINE
8
BLACK
6
CONTINUOUS
10
-0.6473566141732283
20
0.4976449212598425
11
-0.6436070866141732
21
0.4976449212598425
0
LINE
8
BLACK
6
CONTINUOUS
10
-0.6436070866141732
20
0.4976449212598425
11
-0.6433155511811024
21
0.4976162204724409
0
LINE
8
BLACK
6
CONTINUOUS
10
-0.5309364960629921
20
0.5043477559055118
11
-0.5296580708661417
21
0.5030693307086614
0
LINE
8
BLACK
6
CONTINUOUS
10
-0.5296580708661417
20
0.5030693307086614
11
-0.5296580708661417
21
0.5012613779527559
0
LINE
8
BLACK
6
CONTINUOUS
10
-0.5296580708661417
20
0.5012613779527559
11
-0.5309364960629921
21
0.4999829527559055
0
LINE
8
BLACK
6
CONTINUOUS
10
-0.5309364960629921
20
0.4999829527559055
11
-0.5318404724409449
21
0.4998031496062992
0
LINE
8
BLACK
6
CONTINUOUS
10
-0.5318404724409449
20
0.4998031496062992
11
-0.5524114960629921
21
0.4998031496062992
0
LINE
8
BLACK
6
CONTINUOUS
10
-0.5524114960629921
20
0.4998031496062992
11
-0.5533154724409449
21
0.4999829527559055
0
LINE
8
BLACK
6
CONTINUOUS
10
-0.5533154724409449
20
0.4999829527559055
11
-0.5545938976377952
21
0.5012613779527559
0
LINE
8
BLACK
6
CONTINUOUS
10
-0.5545938976377952
20
0.5012613779527559
11
-0.5545938976377952
21
0.5030693307086614
0
LINE
8
BLACK
6
CONTINUOUS
10
-0.5545938976377952
20
0.5030693307086614
11
-0.5533154724409449
21
0.5043477559055118
0
LINE
8
BLACK
6
CONTINUOUS
10
-0.5533154724409449
20
0.5043477559055118
11
-0.5524114960629921
21
0.5045275590551181
0
LINE
8
BLACK
6
CONTINUOUS
10
-0.5524114960629921
20
0.5045275590551181
11
-0.5318404724409449
21
0.5045275590551181
0
LINE
8
BLACK
6
CONTINUOUS
10
-0.5318404724409449
20
0.5045275590551181
11
-0.5309364960629921
21
0.5043477559055118
0
LINE
8
BLACK
6
CONTINUOUS
10
-0.5313301968503937
20
0.5279698031496063
11
-0.5300517716535433
21
0.5266913779527559
0
LINE
8
BLACK
6
CONTINUOUS
10
-0.5300517716535433
20
0.5266913779527559
11
-0.5300517716535433
21
0.5248834251968504
0
LINE
8
BLACK
6
CONTINUOUS
10
-0.5300517716535433
20
0.5248834251968504
11
-0.5313301968503937
21
0.523605
0
LINE
8
BLACK
6
CONTINUOUS
10
-0.5313301968503937
20
0.523605
11
-0.5322341732283464
21
0.5234251968503937
0
LINE
8
BLACK
6
CONTINUOUS
10
-0.5322341732283464
20
0.5234251968503937
11
-0.5528051968503936
21
0.5234251968503937
0
LINE
8
BLACK
6
CONTINUOUS
10
-0.5528051968503936
20
0.5234251968503937
11
-0.5537091732283465
21
0.523605
0
LINE
8
BLACK
6
CONTINUOUS
10
-0.5537091732283465
20
0.523605
11
-0.5549875984251968
21
0.5248834251968504
0
LINE
8
BLACK
6
CONTINUOUS
10
-0.5549875984251968
20
0.5248834251968504
11
-0.5549875984251968
21
0.5266913779527559
0
LINE
8
BLACK
6
CONTINUOUS
10
-0.5549875984251968
20
0.5266913779527559
11
-0.5537091732283465
21
0.5279698031496063
0
LINE
8
BLACK
6
CONTINUOUS
10
-0.5537091732283465
20
0.5279698031496063
11
-0.5528051968503936
21
0.5281496062992126
0
LINE
8
BLACK
6
CONTINUOUS
10
-0.5528051968503936
20
0.5281496062992126
11
-0.5322341732283464
21
0.5281496062992126
0
LINE
8
BLACK
6
CONTINUOUS
10
-0.5322341732283464
20
0.5281496062992126
11
-0.5313301968503937
21
0.5279698031496063
0
LINE
8
BLACK
6
CONTINUOUS
10
-0.6409533464566929
20
0.5791122834645669
11
-0.640875590551181
21
0.5791177952755905
0
LINE
8
BLACK
6
CONTINUOUS
10
-0.640875590551181
20
0.5791177952755905
11
-0.6407733464566929
21
0.5790945669291339
0
LINE
8
BLACK
6
CONTINUOUS
10
-0.6407733464566929
20
0.5790945669291339
11
-0.6406688188976378
21
0.5790842519685039
0
LINE
8
BLACK
6
CONTINUOUS
10
-0.6406688188976378
20
0.5790842519685039
11
-0.6405967322834646
21
0.5790544094488189
0
LINE
8
BLACK
6
CONTINUOUS
10
-0.6405967322834646
20
0.5790544094488189
11
-0.6403111417322834
21
0.5789894488188976
0
LINE
8
BLACK
6
CONTINUOUS
10
-0.6403111417322834
20
0.5789894488188976
11
-0.6346868503937008
21
0.57711468503937
0
LINE
8
BLACK
6
CONTINUOUS
10
-0.6346868503937008
20
0.57711468503937
11
-0.6341583070866141
21
0.5768787007874016
0
LINE
8
BLACK
6
CONTINUOUS
10
-0.6341583070866141
20
0.5768787007874016
11
-0.6340781889763779
21
0.5768092125984252
0
LINE
8
BLACK
6
CONTINUOUS
10
-0.6340781889763779
20
0.5768092125984252
11
-0.6339801181102362
21
0.5767685826771654
0
LINE
8
BLACK
6
CONTINUOUS
10
-0.6339801181102362
20
0.5767685826771654
11
-0.6335326771653543
21
0.5764013779527559
0
LINE
8
BLACK
6
CONTINUOUS
10
-0.6335326771653543
20
0.5764013779527559
11
-0.6297831496062992
21
0.5726518503937008
0
LINE
8
BLACK
6
CONTINUOUS
10
-0.6297831496062992
20
0.5726518503937008
11
-0.6295973228346456
21
0.5724254724409449
0
LINE
8
BLACK
6
CONTINUOUS
10
-0.6295973228346456
20
0.5724254724409449
11
-0.6295383858267717
21
0.5723743307086614
0
LINE
8
BLACK
6
CONTINUOUS
10
-0.6295383858267717
20
0.5723743307086614
11
-0.6294825196850393
21
0.5722855905511811
0
LINE
8
BLACK
6
CONTINUOUS
10
-0.6294825196850393
20
0.5722855905511811
11
-0.629415905511811
21
0.5722044094488189
0
LINE
8
BLACK
6
CONTINUOUS
10
-0.629415905511811
20
0.5722044094488189
11
-0.629386062992126
21
0.5721322834645669
0
LINE
8
BLACK
6
CONTINUOUS
10
-0.629386062992126
20
0.5721322834645669
11
-0.6292300393700787
21
0.5718844488188977
0
LINE
8
BLACK
6
CONTINUOUS
10
-0.6292300393700787
20
0.5718844488188977
11
-0.6273552755905512
21
0.5681349212598426
0
LINE
8
BLACK
6
CONTINUOUS
10
-0.6273552755905512
20
0.5681349212598426
11
-0.6273391732283464
21
0.5680928346456693
0
LINE
8
BLACK
6
CONTINUOUS
10
-0.6273391732283464
20
0.5680928346456693
11
-0.6273264566929134
21
0.5680756692913386
0
LINE
8
BLACK
6
CONTINUOUS
10
-0.6273264566929134
20
0.5680756692913386
11
-0.6272401574803149
21
0.567834094488189
0
LINE
8
BLACK
6
CONTINUOUS
10
-0.6272401574803149
20
0.567834094488189
11
-0.6271483858267717
21
0.5675943307086614
0
LINE
8
BLACK
6
CONTINUOUS
10
-0.6271483858267717
20
0.5675943307086614
11
-0.6271468897637795
21
0.5675730708661417
0
LINE
8
BLACK
6
CONTINUOUS
10
-0.6271468897637795
20
0.5675730708661417
11
-0.6271316929133858
21
0.5675305511811023
0
LINE
8
BLACK
6
CONTINUOUS
10
-0.6271316929133858
20
0.5675305511811023
11
-0.6252569291338582
21
0.5600314960629921
0
LINE
8
BLACK
6
CONTINUOUS
10
-0.6252569291338582
20
0.5600314960629921
11
-0.6252421653543307
21
0.5599316535433071
0
LINE
8
BLACK
6
CONTINUOUS
10
-0.6252421653543307
20
0.5599316535433071
11
-0.6252255118110236
21
0.5598914173228347
0
LINE
8
BLACK
6
CONTINUOUS
10
-0.6252255118110236
20
0.5598914173228347
11
-0.6252041732283464
21
0.5596744094488189
0
LINE
8
BLACK
6
CONTINUOUS
10
-0.6252041732283464
20
0.5596744094488189
11
-0.6251722834645669
21
0.5594588976377952
0
LINE
8
BLACK
6
CONTINUOUS
10
-0.6251722834645669
20
0.5594588976377952
11
-0.6251787007874016
21
0.559415905511811
0
LINE
8
BLACK
6
CONTINUOUS
10
-0.6251787007874016
20
0.559415905511811
11
-0.625168779527559
21
0.5593153543307087
0
LINE
8
BLACK
6
CONTINUOUS
10
-0.625168779527559
20
0.5593153543307087
11
-0.625168779527559
21
0.553691062992126
0
LINE
8
BLACK
6
CONTINUOUS
10
-0.625168779527559
20
0.553691062992126
11
-0.6251787007874016
21
0.5535905511811023
0
LINE
8
BLACK
6
CONTINUOUS
10
-0.6251787007874016
20
0.5535905511811023
11
-0.6251722834645669
21
0.5535475196850393
0
LINE
8
BLACK
6
CONTINUOUS
10
-0.6251722834645669
20
0.5535475196850393
11
-0.6252041732283464
21
0.5533320472440945
0
LINE
8
BLACK
6
CONTINUOUS
10
-0.6252041732283464
20
0.5533320472440945
11
-0.6252255118110236
21
0.553115
0
LINE
8
BLACK
6
CONTINUOUS
10
-0.6252255118110236
20
0.553115
11
-0.6252421653543307
21
0.5530748031496063
0
LINE
8
BLACK
6
CONTINUOUS
10
-0.6252421653543307
20
0.5530748031496063
11
-0.6252569291338582
21
0.5529749212598425
0
LINE
8
BLACK
6
CONTINUOUS
10
-0.6252569291338582
20
0.5529749212598425
11
-0.6271316929133858
21
0.5454758661417323
0
LINE
8
BLACK
6
CONTINUOUS
10
-0.6271316929133858
20
0.5454758661417323
11
-0.6271468897637795
21
0.5454333858267716
0
LINE
8
BLACK
6
CONTINUOUS
10
-0.6271468897637795
20
0.5454333858267716
11
-0.6271483858267717
21
0.5454120866141732
0
LINE
8
BLACK
6
CONTINUOUS
10
-0.6271483858267717
20
0.5454120866141732
11
-0.6272401574803149
21
0.5451723622047244
0
LINE
8
BLACK
6
CONTINUOUS
10
-0.6272401574803149
20
0.5451723622047244
11
-0.6273264566929134
21
0.5449307480314961
0
LINE
8
BLACK
6
CONTINUOUS
10
-0.6273264566929134
20
0.5449307480314961
11
-0.6273391732283464
21
0.544913622047244
0
LINE
8
BLACK
6
CONTINUOUS
10
-0.6273391732283464
20
0.544913622047244
11
-0.6273552755905512
21
0.5448714960629921
0
LINE
8
BLACK
6
CONTINUOUS
10
-0.6273552755905512
20
0.5448714960629921
11
-0.6292300393700787
21
0.541121968503937
0
LINE
8
BLACK
6
CONTINUOUS
10
-0.6292300393700787
20
0.541121968503937
11
-0.6293861023622047
21
0.540874094488189
0
LINE
8
BLACK
6
CONTINUOUS
10
-0.6293861023622047
20
0.540874094488189
11
-0.629415905511811
21
0.5408020472440945
0
LINE
8
BLACK
6
CONTINUOUS
10
-0.629415905511811
20
0.5408020472440945
11
-0.6294824409448819
21
0.5407210236220472
0
LINE
8
BLACK
6
CONTINUOUS
10
-0.6294824409448819
20
0.5407210236220472
11
-0.6295383858267717
21
0.5406320866141732
0
LINE
8
BLACK
6
CONTINUOUS
10
-0.6295383858267717
20
0.5406320866141732
11
-0.6295974015748032
21
0.5405809448818898
0
LINE
8
BLACK
6
CONTINUOUS
10
-0.6295974015748032
20
0.5405809448818898
11
-0.6297831102362205
21
0.5403546062992126
0
LINE
8
BLACK
6
CONTINUOUS
10
-0.6297831102362205
20
0.5403546062992126
11
-0.6335326771653543
21
0.536605
0
LINE
8
BLACK
6
CONTINUOUS
10
-0.6335326771653543
20
0.536605
11
-0.6339801181102362
21
0.5362377952755906
0
LINE
8
BLACK
6
CONTINUOUS
10
-0.6339801181102362
20
0.5362377952755906
11
-0.6340781889763779
21
0.5361972047244095
0
LINE
8
BLACK
6
CONTINUOUS
10
-0.6340781889763779
20
0.5361972047244095
11
-0.6341583070866141
21
0.5361276771653544
0
LINE
8
BLACK
6
CONTINUOUS
10
-0.6341583070866141
20
0.5361276771653544
11
-0.6346868503937008
21
0.5358916929133858
0
LINE
8
BLACK
6
CONTINUOUS
10
-0.6346868503937008
20
0.5358916929133858
11
-0.6403111417322834
21
0.5340169291338582
0
LINE
8
BLACK
6
CONTINUOUS
10
-0.6403111417322834
20
0.5340169291338582
11
-0.6405967322834646
21
0.5339520078740158
0
LINE
8
BLACK
6
CONTINUOUS
10
-0.6405967322834646
20
0.5339520078740158
11
-0.6406688188976378
21
0.5339221259842519
0
LINE
8
BLACK
6
CONTINUOUS
10
-0.6406688188976378
20
0.5339221259842519
11
-0.6407733464566929
21
0.5339118503937008
0
LINE
8
BLACK
6
CONTINUOUS
10
-0.6407733464566929
20
0.5339118503937008
11
-0.640875590551181
21
0.5338885826771653
0
LINE
8
BLACK
6
CONTINUOUS
10
-0.640875590551181
20
0.5338885826771653
11
-0.6409533464566929
21
0.5338941338582677
0
LINE
8
BLACK
6
CONTINUOUS
10
-0.6409533464566929
20
0.5338941338582677
11
-0.6412448818897638
21
0.5338653937007873
0
LINE
8
BLACK
6
CONTINUOUS
10
-0.6412448818897638
20
0.5338653937007873
11
-0.6449944094488189
21
0.5338653937007873
0
LINE
8
BLACK
6
CONTINUOUS
10
-0.6449944094488189
20
0.5338653937007873
11
-0.6452860236220472
21
0.5338941338582677
0
LINE
8
BLACK
6
CONTINUOUS
10
-0.6452860236220472
20
0.5338941338582677
11
-0.6453637401574803
21
0.5338885826771653
0
LINE
8
BLACK
6
CONTINUOUS
10
-0.6453637401574803
20
0.5338885826771653
11
-0.6454660236220472
21
0.5339118503937008
0
LINE
8
BLACK
6
CONTINUOUS
10
-0.6454660236220472
20
0.5339118503937008
11
-0.6455704724409449
21
0.5339221259842519
0
LINE
8
BLACK
6
CONTINUOUS
10
-0.6455704724409449
20
0.5339221259842519
11
-0.6456425590551181
21
0.5339520078740158
0
LINE
8
BLACK
6
CONTINUOUS
10
-0.6456425590551181
20
0.5339520078740158
11
-0.6459281889763779
21
0.5340169291338582
0
LINE
8
BLACK
6
CONTINUOUS
10
-0.6459281889763779
20
0.5340169291338582
11
-0.6515524409448818
21
0.5358916929133858
0
LINE
8
BLACK
6
CONTINUOUS
10
-0.6515524409448818
20
0.5358916929133858
11
-0.6520810236220472
21
0.5361276771653544
0
LINE
8
BLACK
6
CONTINUOUS
10
-0.6520810236220472
20
0.5361276771653544
11
-0.652161220472441
21
0.5361972440944882
0
LINE
8
BLACK
6
CONTINUOUS
10
-0.652161220472441
20
0.5361972440944882
11
-0.6522591732283465
21
0.5362377952755906
0
LINE
8
BLACK
6
CONTINUOUS
10
-0.6522591732283465
20
0.5362377952755906
11
-0.652706653543307
21
0.5366050393700788
0
LINE
8
BLACK
6
CONTINUOUS
10
-0.652706653543307
20
0.5366050393700788
11
-0.6545814173228346
21
0.5384798425196851
0
LINE
8
BLACK
6
CONTINUOUS
10
-0.6545814173228346
20
0.5384798425196851
11
-0.6549486220472441
21
0.5389272834645669
0
LINE
8
BLACK
6
CONTINUOUS
10
-0.6549486220472441
20
0.5389272834645669
11
-0.6553894881889764
21
0.5399916929133858
0
LINE
8
BLACK
6
CONTINUOUS
10
-0.6553894881889764
20
0.5399916929133858
11
-0.6553894881889764
21
0.541143779527559
0
LINE
8
BLACK
6
CONTINUOUS
10
-0.6553894881889764
20
0.541143779527559
11
-0.6549485826771654
21
0.5422081889763779
0
LINE
8
BLACK
6
CONTINUOUS
10
-0.6549485826771654
20
0.5422081889763779
11
-0.6541338976377953
21
0.543022874015748
0
LINE
8
BLACK
6
CONTINUOUS
10
-0.6541338976377953
20
0.543022874015748
11
-0.6530694881889764
21
0.5434637401574803
0
LINE
8
BLACK
6
CONTINUOUS
10
-0.6530694881889764
20
0.5434637401574803
11
-0.6519174015748032
21
0.5434637401574803
0
LINE
8
BLACK
6
CONTINUOUS
10
-0.6519174015748032
20
0.5434637401574803
11
-0.6508529921259842
21
0.5430228346456693
0
LINE
8
BLACK
6
CONTINUOUS
10
-0.6508529921259842
20
0.5430228346456693
11
-0.6504055118110236
21
0.5426555905511811
0
LINE
8
BLACK
6
CONTINUOUS
10
-0.6504055118110236
20
0.5426555905511811
11
-0.6490236614173228
21
0.5412737007874016
0
LINE
8
BLACK
6
CONTINUOUS
10
-0.6490236614173228
20
0.5412737007874016
11
-0.6445152755905512
21
0.5397709055118111
0
LINE
8
BLACK
6
CONTINUOUS
10
-0.6445152755905512
20
0.5397709055118111
11
-0.6417240157480315
21
0.5397709055118111
0
LINE
8
BLACK
6
CONTINUOUS
10
-0.6417240157480315
20
0.5397709055118111
11
-0.6372156299212598
21
0.5412737401574803
0
LINE
8
BLACK
6
CONTINUOUS
10
-0.6372156299212598
20
0.5412737401574803
11
-0.6342978346456692
21
0.5441915748031496
0
LINE
8
BLACK
6
CONTINUOUS
10
-0.6342978346456692
20
0.5441915748031496
11
-0.6327823228346456
21
0.5472225590551181
0
LINE
8
BLACK
6
CONTINUOUS
10
-0.6327823228346456
20
0.5472225590551181
11
-0.6310742913385826
21
0.5540546062992125
0
LINE
8
BLACK
6
CONTINUOUS
10
-0.6310742913385826
20
0.5540546062992125
11
-0.6310742913385826
21
0.558951811023622
0
LINE
8
BLACK
6
CONTINUOUS
10
-0.6310742913385826
20
0.558951811023622
11
-0.6327823228346456
21
0.5657838582677165
0
LINE
8
BLACK
6
CONTINUOUS
10
-0.6327823228346456
20
0.5657838582677165
11
-0.6342977952755905
21
0.5688148425196851
0
LINE
8
BLACK
6
CONTINUOUS
10
-0.6342977952755905
20
0.5688148425196851
11
-0.6372156299212598
21
0.5717326771653544
0
LINE
8
BLACK
6
CONTINUOUS
10
-0.6372156299212598
20
0.5717326771653544
11
-0.6417240157480315
21
0.5732354724409449
0
LINE
8
BLACK
6
CONTINUOUS
10
-0.6417240157480315
20
0.5732354724409449
11
-0.6445152755905512
21
0.5732354724409449
0
LINE
8
BLACK
6
CONTINUOUS
10
-0.6445152755905512
20
0.5732354724409449
11
-0.6490236614173228
21
0.5717326771653544
0
LINE
8
BLACK
6
CONTINUOUS
10
-0.6490236614173228
20
0.5717326771653544
11
-0.6504055511811023
21
0.5703507874015747
0
LINE
8
BLACK
6
CONTINUOUS
10
-0.6504055511811023
20
0.5703507874015747
11
-0.6508529921259842
21
0.5699835826771653
0
LINE
8
BLACK
6
CONTINUOUS
10
-0.6508529921259842
20
0.5699835826771653
11
-0.6519174409448819
21
0.5695426771653543
0
LINE
8
BLACK
6
CONTINUOUS
10
-0.6519174409448819
20
0.5695426771653543
11
-0.6530694881889764
21
0.5695426771653543
0
LINE
8
BLACK
6
CONTINUOUS
10
-0.6530694881889764
20
0.5695426771653543
11
-0.654133937007874
21
0.5699835826771653
0
LINE
8
BLACK
6
CONTINUOUS
10
-0.654133937007874
20
0.5699835826771653
11
-0.6549485826771654
21
0.5707982283464567
0
LINE
8
BLACK
6
CONTINUOUS
10
-0.6549485826771654
20
0.5707982283464567
11
-0.6553894881889764
21
0.5718626771653543
0
LINE
8
BLACK
6
CONTINUOUS
10
-0.6553894881889764
20
0.5718626771653543
11
-0.6553894881889764
21
0.5730147244094488
0
LINE
8
BLACK
6
CONTINUOUS
10
-0.6553894881889764
20
0.5730147244094488
11
-0.6549485826771654
21
0.5740791732283465
0
LINE
8
BLACK
6
CONTINUOUS
10
-0.6549485826771654
20
0.5740791732283465
11
-0.6545813779527558
21
0.5745266141732284
0
LINE
8
BLACK
6
CONTINUOUS
10
-0.6545813779527558
20
0.5745266141732284
11
-0.6527066141732283
21
0.5764013779527559
0
LINE
8
BLACK
6
CONTINUOUS
10
-0.6527066141732283
20
0.5764013779527559
11
-0.6522591732283465
21
0.5767685826771654
0
LINE
8
BLACK
6
CONTINUOUS
10
-0.6522591732283465
20
0.5767685826771654
11
-0.652161220472441
21
0.5768091732283465
0
LINE
8
BLACK
6
CONTINUOUS
10
-0.652161220472441
20
0.5768091732283465
11
-0.6520810236220472
21
0.5768787007874016
0
LINE
8
BLACK
6
CONTINUOUS
10
-0.6520810236220472
20
0.5768787007874016
11
-0.6515524409448818
21
0.57711468503937
0
LINE
8
BLACK
6
CONTINUOUS
10
-0.6515524409448818
20
0.57711468503937
11
-0.6459281889763779
21
0.5789894488188976
0
LINE
8
BLACK
6
CONTINUOUS
10
-0.6459281889763779
20
0.5789894488188976
11
-0.6456425590551181
21
0.5790544094488189
0
LINE
8
BLACK
6
CONTINUOUS
10
-0.6456425590551181
20
0.5790544094488189
11
-0.6455704724409449
21
0.5790842519685039
0
LINE
8
BLACK
6
CONTINUOUS
10
-0.6455704724409449
20
0.5790842519685039
11
-0.6454660236220472
21
0.5790945669291339
0
LINE
8
BLACK
6
CONTINUOUS
10
-0.6454660236220472
20
0.5790945669291339
11
-0.6453637401574803
21
0.5791177952755905
0
LINE
8
BLACK
6
CONTINUOUS
10
-0.6453637401574803
20
0.5791177952755905
11
-0.6452860236220472
21
0.5791122834645669
0
LINE
8
BLACK
6
CONTINUOUS
10
-0.6452860236220472
20
0.5791122834645669
11
-0.6449944094488189
21
0.5791409842519685
0
LINE
8
BLACK
6
CONTINUOUS
10
-0.6449944094488189
20
0.5791409842519685
11
-0.6412448818897638
21
0.5791409842519685
0
LINE
8
BLACK
6
CONTINUOUS
10
-0.6412448818897638
20
0.5791409842519685
11
-0.6409533464566929
21
0.5791122834645669
0
LINE
8
BLACK
6
CONTINUOUS
10
-0.6650407874015748
20
0.5790842519685039
11
-0.6639763779527559
21
0.5786433464566929
0
LINE
8
BLACK
6
CONTINUOUS
10
-0.6639763779527559
20
0.5786433464566929
11
-0.6631617322834645
21
0.5778287007874016
0
LINE
8
BLACK
6
CONTINUOUS
10
-0.6631617322834645
20
0.5778287007874016
11
-0.6627208267716536
21
0.5767642913385826
0
LINE
8
BLACK
6
CONTINUOUS
10
-0.6627208267716536
20
0.5767642913385826
11
-0.6627208267716536
21
0.5756121653543307
0
LINE
8
BLACK
6
CONTINUOUS
10
-0.6627208267716536
20
0.5756121653543307
11
-0.6631617322834645
21
0.5745477559055118
0
LINE
8
BLACK
6
CONTINUOUS
10
-0.6631617322834645
20
0.5745477559055118
11
-0.6639763779527559
21
0.5737331102362204
0
LINE
8
BLACK
6
CONTINUOUS
10
-0.6639763779527559
20
0.5737331102362204
11
-0.6650407874015748
21
0.5732922047244094
0
LINE
8
BLACK
6
CONTINUOUS
10
-0.6650407874015748
20
0.5732922047244094
11
-0.6656168503937008
21
0.5732354724409449
0
LINE
8
BLACK
6
CONTINUOUS
10
-0.6656168503937008
20
0.5732354724409449
11
-0.6873855511811023
21
0.5732354724409449
0
LINE
8
BLACK
6
CONTINUOUS
10
-0.6873855511811023
20
0.5732354724409449
11
-0.6722766535433071
21
0.5379812992125984
0
LINE
8
BLACK
6
CONTINUOUS
10
-0.6722766535433071
20
0.5379812992125984
11
-0.6721018897637795
21
0.5374294881889764
0
LINE
8
BLACK
6
CONTINUOUS
10
-0.6721018897637795
20
0.5374294881889764
11
-0.6720878346456692
21
0.5362774409448818
0
LINE
8
BLACK
6
CONTINUOUS
10
-0.6720878346456692
20
0.5362774409448818
11
-0.6725157086614173
21
0.5352077559055118
0
LINE
8
BLACK
6
CONTINUOUS
10
-0.6725157086614173
20
0.5352077559055118
11
-0.6733203937007873
21
0.5343832283464567
0
LINE
8
BLACK
6
CONTINUOUS
10
-0.6733203937007873
20
0.5343832283464567
11
-0.6743793700787402
21
0.5339293700787402
0
LINE
8
BLACK
6
CONTINUOUS
10
-0.6743793700787402
20
0.5339293700787402
11
-0.6755313779527559
21
0.5339153543307087
0
LINE
8
BLACK
6
CONTINUOUS
10
-0.6755313779527559
20
0.5339153543307087
11
-0.676601062992126
21
0.5343432283464566
0
LINE
8
BLACK
6
CONTINUOUS
10
-0.676601062992126
20
0.5343432283464566
11
-0.6774256299212599
21
0.535147874015748
0
LINE
8
BLACK
6
CONTINUOUS
10
-0.6774256299212599
20
0.535147874015748
11
-0.6777046850393701
21
0.535655
0
LINE
8
BLACK
6
CONTINUOUS
10
-0.6777046850393701
20
0.535655
11
-0.6945775590551181
21
0.5750250787401575
0
LINE
8
BLACK
6
CONTINUOUS
10
-0.6945775590551181
20
0.5750250787401575
11
-0.6947523228346456
21
0.5755769291338583
0
LINE
8
BLACK
6
CONTINUOUS
10
-0.6947523228346456
20
0.5755769291338583
11
-0.6947525590551181
21
0.5755952362204724
0
LINE
8
BLACK
6
CONTINUOUS
10
-0.6947525590551181
20
0.5755952362204724
11
-0.6947595669291339
21
0.5756121653543307
0
LINE
8
BLACK
6
CONTINUOUS
10
-0.6947595669291339
20
0.5756121653543307
11
-0.6947595669291339
21
0.5761707086614173
0
LINE
8
BLACK
6
CONTINUOUS
10
-0.6947595669291339
20
0.5761707086614173
11
-0.6947663779527559
21
0.576728937007874
0
LINE
8
BLACK
6
CONTINUOUS
10
-0.6947663779527559
20
0.576728937007874
11
-0.6947595669291339
21
0.5767459842519684
0
LINE
8
BLACK
6
CONTINUOUS
10
-0.6947595669291339
20
0.5767459842519684
11
-0.6947595669291339
21
0.5767642913385826
0
LINE
8
BLACK
6
CONTINUOUS
10
-0.6947595669291339
20
0.5767642913385826
11
-0.6945461417322835
21
0.5772796456692914
0
LINE
8
BLACK
6
CONTINUOUS
10
-0.6945461417322835
20
0.5772796456692914
11
-0.6943385039370079
21
0.5777986220472441
0
LINE
8
BLACK
6
CONTINUOUS
10
-0.6943385039370079
20
0.5777986220472441
11
-0.6943257086614173
21
0.5778117716535432
0
LINE
8
BLACK
6
CONTINUOUS
10
-0.6943257086614173
20
0.5778117716535432
11
-0.6943186614173228
21
0.5778287007874016
0
LINE
8
BLACK
6
CONTINUOUS
10
-0.6943186614173228
20
0.5778287007874016
11
-0.6939242125984252
21
0.5782231889763779
0
LINE
8
BLACK
6
CONTINUOUS
10
-0.6939242125984252
20
0.5782231889763779
11
-0.6935338188976378
21
0.578623188976378
0
LINE
8
BLACK
6
CONTINUOUS
10
-0.6935338188976378
20
0.578623188976378
11
-0.693516968503937
21
0.5786304330708661
0
LINE
8
BLACK
6
CONTINUOUS
10
-0.693516968503937
20
0.5786304330708661
11
-0.6935040157480314
21
0.5786433464566929
0
LINE
8
BLACK
6
CONTINUOUS
10
-0.6935040157480314
20
0.5786433464566929
11
-0.6929882677165354
21
0.5788570078740157
0
LINE
8
BLACK
6
CONTINUOUS
10
-0.6929882677165354
20
0.5788570078740157
11
-0.6924748425196851
21
0.5790770078740157
0
LINE
8
BLACK
6
CONTINUOUS
10
-0.6924748425196851
20
0.5790770078740157
11
-0.6924565748031496
21
0.5790772440944881
0
LINE
8
BLACK
6
CONTINUOUS
10
-0.6924565748031496
20
0.5790772440944881
11
-0.6924396062992125
21
0.5790842519685039
0
LINE
8
BLACK
6
CONTINUOUS
10
-0.6924396062992125
20
0.5790842519685039
11
-0.6918635433070865
21
0.5791409842519685
0
LINE
8
BLACK
6
CONTINUOUS
10
-0.6918635433070865
20
0.5791409842519685
11
-0.6656168503937008
21
0.5791409842519685
0
LINE
8
BLACK
6
CONTINUOUS
10
-0.6656168503937008
20
0.5791409842519685
11
-0.6650407874015748
21
0.5790842519685039
0
LINE
8
BLACK
6
CONTINUOUS
10
-0.3109026377952756
20
0.5867933858267717
11
-0.3073423228346457
21
0.5847378346456693
0
LINE
8
BLACK
6
CONTINUOUS
10
-0.3073423228346457
20
0.5847378346456693
11
-0.3044353937007874
21
0.581830905511811
0
LINE
8
BLACK
6
CONTINUOUS
10
-0.3044353937007874
20
0.581830905511811
11
-0.302379842519685
21
0.5782705905511811
0
LINE
8
BLACK
6
CONTINUOUS
10
-0.302379842519685
20
0.5782705905511811
11
-0.3013158267716535
21
0.5742996062992126
0
LINE
8
BLACK
6
CONTINUOUS
10
-0.3013158267716535
20
0.5742996062992126
11
-0.3013158267716535
21
0.5701885826771653
0
LINE
8
BLACK
6
CONTINUOUS
10
-0.3013158267716535
20
0.5701885826771653
11
-0.302379842519685
21
0.5662175984251968
0
LINE
8
BLACK
6
CONTINUOUS
10
-0.302379842519685
20
0.5662175984251968
11
-0.3044353937007874
21
0.5626572834645669
0
LINE
8
BLACK
6
CONTINUOUS
10
-0.3044353937007874
20
0.5626572834645669
11
-0.3073423228346457
21
0.5597503543307086
0
LINE
8
BLACK
6
CONTINUOUS
10
-0.3073423228346457
20
0.5597503543307086
11
-0.3109026377952756
21
0.5576948031496063
0
LINE
8
BLACK
6
CONTINUOUS
10
-0.3109026377952756
20
0.5576948031496063
11
-0.3148736220472441
21
0.5566307874015748
0
LINE
8
BLACK
6
CONTINUOUS
10
-0.3148736220472441
20
0.5566307874015748
11
-0.3189846456692914
21
0.5566307874015748
0
LINE
8
BLACK
6
CONTINUOUS
10
-0.3189846456692914
20
0.5566307874015748
11
-0.3229556299212598
21
0.5576948031496063
0
LINE
8
BLACK
6
CONTINUOUS
10
-0.3229556299212598
20
0.5576948031496063
11
-0.3265159448818897
21
0.5597503543307086
0
LINE
8
BLACK
6
CONTINUOUS
10
-0.3265159448818897
20
0.5597503543307086
11
-0.329422874015748
21
0.5626572834645669
0
LINE
8
BLACK
6
CONTINUOUS
10
-0.329422874015748
20
0.5626572834645669
11
-0.3314784251968504
21
0.5662175984251968
0
LINE
8
BLACK
6
CONTINUOUS
10
-0.3314784251968504
20
0.5662175984251968
11
-0.3325424409448819
21
0.5701885826771653
0
LINE
8
BLACK
6
CONTINUOUS
10
-0.3325424409448819
20
0.5701885826771653
11
-0.3325424409448819
21
0.5737990551181102
0
LINE
8
BLACK
6
CONTINUOUS
10
-0.3325424409448819
20
0.5737990551181102
11
-0.3325424409448819
21
0.5742996062992126
0
LINE
8
BLACK
6
CONTINUOUS
10
-0.3325424409448819
20
0.5742996062992126
11
-0.3314784251968504
21
0.5782705905511811
0
LINE
8
BLACK
6
CONTINUOUS
10
-0.3314784251968504
20
0.5782705905511811
11
-0.329422874015748
21
0.581830905511811
0
LINE
8
BLACK
6
CONTINUOUS
10
-0.329422874015748
20
0.581830905511811
11
-0.3265159448818897
21
0.5847378346456693
0
LINE
8
BLACK
6
CONTINUOUS
10
-0.3265159448818897
20
0.5847378346456693
11
-0.3229556299212598
21
0.5867933858267717
0
LINE
8
BLACK
6
CONTINUOUS
10
-0.3229556299212598
20
0.5867933858267717
11
-0.3189846456692914
21
0.5878574015748032
0
LINE
8
BLACK
6
CONTINUOUS
10
-0.3189846456692914
20
0.5878574015748032
11
-0.3148736220472441
21
0.5878574015748032
0
LINE
8
BLACK
6
CONTINUOUS
10
-0.3148736220472441
20
0.5878574015748032
11
-0.3109026377952756
21
0.5867933858267717
0
LINE
8
BLACK
6
CONTINUOUS
10
-0.3287401574803149
20
0.5706891338582677
11
-0.3279352755905512
21
0.5676851968503936
0
LINE
8
BLACK
6
CONTINUOUS
10
-0.3279352755905512
20
0.5676851968503936
11
-0.3263803149606299
21
0.5649919291338582
0
LINE
8
BLACK
6
CONTINUOUS
10
-0.3263803149606299
20
0.5649919291338582
11
-0.3241812992125984
21
0.5627929133858267
0
LINE
8
BLACK
6
CONTINUOUS
10
-0.3241812992125984
20
0.5627929133858267
11
-0.321488031496063
21
0.5612379527559055
0
LINE
8
BLACK
6
CONTINUOUS
10
-0.321488031496063
20
0.5612379527559055
11
-0.318484094488189
21
0.5604330708661417
0
LINE
8
BLACK
6
CONTINUOUS
10
-0.318484094488189
20
0.5604330708661417
11
-0.3153741732283464
21
0.5604330708661417
0
LINE
8
BLACK
6
CONTINUOUS
10
-0.3153741732283464
20
0.5604330708661417
11
-0.3123702362204724
21
0.5612379527559055
0
LINE
8
BLACK
6
CONTINUOUS
10
-0.3123702362204724
20
0.5612379527559055
11
-0.309676968503937
21
0.5627929133858267
0
LINE
8
BLACK
6
CONTINUOUS
10
-0.309676968503937
20
0.5627929133858267
11
-0.3074779527559055
21
0.5649919291338582
0
LINE
8
BLACK
6
CONTINUOUS
10
-0.3074779527559055
20
0.5649919291338582
11
-0.3059229921259842
21
0.5676851968503936
0
LINE
8
BLACK
6
CONTINUOUS
10
-0.3059229921259842
20
0.5676851968503936
11
-0.3051181102362205
21
0.5706891338582677
0
LINE
8
BLACK
6
CONTINUOUS
10
-0.3051181102362205
20
0.5706891338582677
11
-0.3051181102362205
21
0.5737990551181102
0
LINE
8
BLACK
6
CONTINUOUS
10
-0.3051181102362205
20
0.5737990551181102
11
-0.3059229921259842
21
0.5768029921259843
0
LINE
8
BLACK
6
CONTINUOUS
10
-0.3059229921259842
20
0.5768029921259843
11
-0.3074779527559055
21
0.5794962598425196
0
LINE
8
BLACK
6
CONTINUOUS
10
-0.3074779527559055
20
0.5794962598425196
11
-0.309676968503937
21
0.5816952755905511
0
LINE
8
BLACK
6
CONTINUOUS
10
-0.309676968503937
20
0.5816952755905511
11
-0.3123702362204724
21
0.5832502362204725
0
LINE
8
BLACK
6
CONTINUOUS
10
-0.3123702362204724
20
0.5832502362204725
11
-0.3153741732283464
21
0.5840551181102362
0
LINE
8
BLACK
6
CONTINUOUS
10
-0.3153741732283464
20
0.5840551181102362
11
-0.318484094488189
21
0.5840551181102362
0
LINE
8
BLACK
6
CONTINUOUS
10
-0.318484094488189
20
0.5840551181102362
11
-0.321488031496063
21
0.5832502362204725
0
LINE
8
BLACK
6
CONTINUOUS
10
-0.321488031496063
20
0.5832502362204725
11
-0.3241812992125984
21
0.5816952755905511
0
LINE
8
BLACK
6
CONTINUOUS
10
-0.3241812992125984
20
0.5816952755905511
11
-0.3263803149606299
21
0.5794962598425196
0
LINE
8
BLACK
6
CONTINUOUS
10
-0.3263803149606299
20
0.5794962598425196
11
-0.3279352755905512
21
0.5768029921259843
0
LINE
8
BLACK
6
CONTINUOUS
10
-0.3279352755905512
20
0.5768029921259843
11
-0.3287401574803149
21
0.5737990551181102
0
LINE
8
BLACK
6
CONTINUOUS
10
-0.3287401574803149
20
0.5737990551181102
11
-0.3287401574803149
21
0.5706891338582677
0
LINE
8
BLACK
6
CONTINUOUS
10
0.3190186220472441
20
0.5867933858267717
11
0.322578937007874
21
0.5847378346456693
0
LINE
8
BLACK
6
CONTINUOUS
10
0.322578937007874
20
0.5847378346456693
11
0.3254858661417322
21
0.581830905511811
0
LINE
8
BLACK
6
CONTINUOUS
10
0.3254858661417322
20
0.581830905511811
11
0.3275414173228346
21
0.5782705905511811
0
LINE
8
BLACK
6
CONTINUOUS
10
0.3275414173228346
20
0.5782705905511811
11
0.3286054330708661
21
0.5742996062992126
0
LINE
8
BLACK
6
CONTINUOUS
10
0.3286054330708661
20
0.5742996062992126
11
0.3286054330708661
21
0.5701885826771653
0
LINE
8
BLACK
6
CONTINUOUS
10
0.3286054330708661
20
0.5701885826771653
11
0.3275414173228346
21
0.5662175984251968
0
LINE
8
BLACK
6
CONTINUOUS
10
0.3275414173228346
20
0.5662175984251968
11
0.3254858661417322
21
0.5626572834645669
0
LINE
8
BLACK
6
CONTINUOUS
10
0.3254858661417322
20
0.5626572834645669
11
0.322578937007874
21
0.5597503543307086
0
LINE
8
BLACK
6
CONTINUOUS
10
0.322578937007874
20
0.5597503543307086
11
0.3190186220472441
21
0.5576948031496063
0
LINE
8
BLACK
6
CONTINUOUS
10
0.3190186220472441
20
0.5576948031496063
11
0.3150476377952756
21
0.5566307874015748
0
LINE
8
BLACK
6
CONTINUOUS
10
0.3150476377952756
20
0.5566307874015748
11
0.3109366141732283
21
0.5566307874015748
0
LINE
8
BLACK
6
CONTINUOUS
10
0.3109366141732283
20
0.5566307874015748
11
0.3069656299212598
21
0.5576948031496063
0
LINE
8
BLACK
6
CONTINUOUS
10
0.3069656299212598
20
0.5576948031496063
11
0.3034053149606299
21
0.5597503543307086
0
LINE
8
BLACK
6
CONTINUOUS
10
0.3034053149606299
20
0.5597503543307086
11
0.3004983858267716
21
0.5626572834645669
0
LINE
8
BLACK
6
CONTINUOUS
10
0.3004983858267716
20
0.5626572834645669
11
0.2984428346456693
21
0.5662175984251968
0
LINE
8
BLACK
6
CONTINUOUS
10
0.2984428346456693
20
0.5662175984251968
11
0.2973788188976378
21
0.5701885826771653
0
LINE
8
BLACK
6
CONTINUOUS
10
0.2973788188976378
20
0.5701885826771653
11
0.2973788188976378
21
0.5737990551181102
0
LINE
8
BLACK
6
CONTINUOUS
10
0.2973788188976378
20
0.5737990551181102
11
0.2973788188976378
21
0.5742996062992126
0
LINE
8
BLACK
6
CONTINUOUS
10
0.2973788188976378
20
0.5742996062992126
11
0.2984428346456693
21
0.5782705905511811
0
LINE
8
BLACK
6
CONTINUOUS
10
0.2984428346456693
20
0.5782705905511811
11
0.3004983858267716
21
0.581830905511811
0
LINE
8
BLACK
6
CONTINUOUS
10
0.3004983858267716
20
0.581830905511811
11
0.3034053149606299
21
0.5847378346456693
0
LINE
8
BLACK
6
CONTINUOUS
10
0.3034053149606299
20
0.5847378346456693
11
0.3069656299212598
21
0.5867933858267717
0
LINE
8
BLACK
6
CONTINUOUS
10
0.3069656299212598
20
0.5867933858267717
11
0.3109366141732283
21
0.5878574015748032
0
LINE
8
BLACK
6
CONTINUOUS
10
0.3109366141732283
20
0.5878574015748032
11
0.3150476377952756
21
0.5878574015748032
0
LINE
8
BLACK
6
CONTINUOUS
10
0.3150476377952756
20
0.5878574015748032
11
0.3190186220472441
21
0.5867933858267717
0
LINE
8
BLACK
6
CONTINUOUS
10
0.3011811023622047
20
0.5706891338582677
11
0.3019859842519685
21
0.5676851968503936
0
LINE
8
BLACK
6
CONTINUOUS
10
0.3019859842519685
20
0.5676851968503936
11
0.3035409448818898
21
0.5649919291338582
0
LINE
8
BLACK
6
CONTINUOUS
10
0.3035409448818898
20
0.5649919291338582
11
0.3057399606299213
21
0.5627929133858267
0
LINE
8
BLACK
6
CONTINUOUS
10
0.3057399606299213
20
0.5627929133858267
11
0.3084332283464567
21
0.5612379527559055
0
LINE
8
BLACK
6
CONTINUOUS
10
0.3084332283464567
20
0.5612379527559055
11
0.3114371653543307
21
0.5604330708661417
0
LINE
8
BLACK
6
CONTINUOUS
10
0.3114371653543307
20
0.5604330708661417
11
0.3145470866141732
21
0.5604330708661417
0
LINE
8
BLACK
6
CONTINUOUS
10
0.3145470866141732
20
0.5604330708661417
11
0.3175510236220472
21
0.5612379527559055
0
LINE
8
BLACK
6
CONTINUOUS
10
0.3175510236220472
20
0.5612379527559055
11
0.3202442913385827
21
0.5627929133858267
0
LINE
8
BLACK
6
CONTINUOUS
10
0.3202442913385827
20
0.5627929133858267
11
0.3224433070866142
21
0.5649919291338582
0
LINE
8
BLACK
6
CONTINUOUS
10
0.3224433070866142
20
0.5649919291338582
11
0.3239982677165354
21
0.5676851968503936
0
LINE
8
BLACK
6
CONTINUOUS
10
0.3239982677165354
20
0.5676851968503936
11
0.3248031496062992
21
0.5706891338582677
0
LINE
8
BLACK
6
CONTINUOUS
10
0.3248031496062992
20
0.5706891338582677
11
0.3248031496062992
21
0.5737990551181102
0
LINE
8
BLACK
6
CONTINUOUS
10
0.3248031496062992
20
0.5737990551181102
11
0.3239982677165354
21
0.5768029921259843
0
LINE
8
BLACK
6
CONTINUOUS
10
0.3239982677165354
20
0.5768029921259843
11
0.3224433070866142
21
0.5794962598425196
0
LINE
8
BLACK
6
CONTINUOUS
10
0.3224433070866142
20
0.5794962598425196
11
0.3202442913385827
21
0.5816952755905511
0
LINE
8
BLACK
6
CONTINUOUS
10
0.3202442913385827
20
0.5816952755905511
11
0.3175510236220472
21
0.5832502362204725
0
LINE
8
BLACK
6
CONTINUOUS
10
0.3175510236220472
20
0.5832502362204725
11
0.3145470866141732
21
0.5840551181102362
0
LINE
8
BLACK
6
CONTINUOUS
10
0.3145470866141732
20
0.5840551181102362
11
0.3114371653543307
21
0.5840551181102362
0
LINE
8
BLACK
6
CONTINUOUS
10
0.3114371653543307
20
0.5840551181102362
11
0.3084332283464567
21
0.5832502362204725
0
LINE
8
BLACK
6
CONTINUOUS
10
0.3084332283464567
20
0.5832502362204725
11
0.3057399606299213
21
0.5816952755905511
0
LINE
8
BLACK
6
CONTINUOUS
10
0.3057399606299213
20
0.5816952755905511
11
0.3035409448818898
21
0.5794962598425196
0
LINE
8
BLACK
6
CONTINUOUS
10
0.3035409448818898
20
0.5794962598425196
11
0.3019859842519685
21
0.5768029921259843
0
LINE
8
BLACK
6
CONTINUOUS
10
0.3019859842519685
20
0.5768029921259843
11
0.3011811023622047
21
0.5737990551181102
0
LINE
8
BLACK
6
CONTINUOUS
10
0.3011811023622047
20
0.5737990551181102
11
0.3011811023622047
21
0.5706891338582677
0
LINE
8
BLACK
6
CONTINUOUS
10
-0.5313301968503937
20
0.5858438188976378
11
-0.5300517716535433
21
0.5845653937007874
0
LINE
8
BLACK
6
CONTINUOUS
10
-0.5300517716535433
20
0.5845653937007874
11
-0.5300517716535433
21
0.5827574409448819
0
LINE
8
BLACK
6
CONTINUOUS
10
-0.5300517716535433
20
0.5827574409448819
11
-0.5313301968503937
21
0.5814790157480315
0
LINE
8
BLACK
6
CONTINUOUS
10
-0.5313301968503937
20
0.5814790157480315
11
-0.5322341732283464
21
0.5812992125984252
0
LINE
8
BLACK
6
CONTINUOUS
10
-0.5322341732283464
20
0.5812992125984252
11
-0.5528051968503936
21
0.5812992125984252
0
LINE
8
BLACK
6
CONTINUOUS
10
-0.5528051968503936
20
0.5812992125984252
11
-0.5537091732283465
21
0.5814790157480315
0
LINE
8
BLACK
6
CONTINUOUS
10
-0.5537091732283465
20
0.5814790157480315
11
-0.5549875984251968
21
0.5827574409448819
0
LINE
8
BLACK
6
CONTINUOUS
10
-0.5549875984251968
20
0.5827574409448819
11
-0.5549875984251968
21
0.5845653937007874
0
LINE
8
BLACK
6
CONTINUOUS
10
-0.5549875984251968
20
0.5845653937007874
11
-0.5537091732283465
21
0.5858438188976378
0
LINE
8
BLACK
6
CONTINUOUS
10
-0.5537091732283465
20
0.5858438188976378
11
-0.5528051968503936
21
0.5860236220472441
0
LINE
8
BLACK
6
CONTINUOUS
10
-0.5528051968503936
20
0.5860236220472441
11
-0.5322341732283464
21
0.5860236220472441
0
LINE
8
BLACK
6
CONTINUOUS
10
-0.5322341732283464
20
0.5860236220472441
11
-0.5313301968503937
21
0.5858438188976378
0
CIRCLE
8
BLACK
10
0.3868110236220472
20
-0.5023622047244094
40
0.0068897637795276
0
CIRCLE
8
BLACK
10
0.2868110236220472
20
-0.5023622047244094
40
0.0068897637795276
0
CIRCLE
8
BLACK
10
0.1868110236220472
20
-0.5023622047244094
40
0.0068897637795276
0
CIRCLE
8
BLACK
10
0.5980314960629921
20
-0.3980314960629921
40
0.0068897637795276
0
CIRCLE
8
BLACK
10
-0.6019685039370078
20
-0.3980314960629921
40
0.0068897637795276
0
CIRCLE
8
BLACK
10
0.5980314960629921
20
0.8019685039370078
40
0.0068897637795276
0
CIRCLE
8
BLACK
10
0.0318897637795276
20
-0.408267716535433
40
0.0068897637795276
0
CIRCLE
8
BLACK
10
0.0318897637795276
20
-0.508267716535433
40
0.0068897637795276
0
CIRCLE
8
BLACK
10
-0.0681102362204724
20
-0.408267716535433
40
0.0068897637795276
0
CIRCLE
8
BLACK
10
-0.0681102362204724
20
-0.508267716535433
40
0.0068897637795276
0
CIRCLE
8
BLACK
10
-0.1681102362204724
20
-0.408267716535433
40
0.0068897637795276
0
CIRCLE
8
BLACK
10
-0.1681102362204724
20
-0.508267716535433
40
0.0068897637795276
0
CIRCLE
8
BLACK
10
-0.2681102362204724
20
-0.408267716535433
40
0.0068897637795276
0
CIRCLE
8
BLACK
10
-0.2681102362204724
20
-0.508267716535433
40
0.0068897637795276
0
CIRCLE
8
BLACK
10
-0.3681102362204725
20
-0.408267716535433
40
0.0068897637795276
0
CIRCLE
8
BLACK
10
-0.3681102362204725
20
-0.508267716535433
40
0.0068897637795276
0
CIRCLE
8
BLACK
10
-0.6019685039370078
20
0.8019685039370078
40
0.0068897637795276
  0
ENDSEC
  0
EOF
