  0
SECTION
  2
HEADER
  9
$ANGBASE
  50
0.0
  9
$ANGDIR
  70
1
  9
$MEASUREMENT
  70
0
  0
ENDSEC
  0
SECTION
  2
TABLES
  0
TABLE
  2
LTYPE
  70
4
  0
LTYPE
  5
40F
  2
CONTINUOUS
  70
0
  3
Solid line
  72
65
  73
0
  40
0.0
  0
LTYPE
  5
410
  2
DASHDOT
 70
0
  3
Dash Dot ____ _ ____ _
 72
65
 73
4
 40
2.0
 49
1.25
 49
-0.25
 49
0.25
 49
-0.25
  0
LTYPE
  5
411
  2
DASHED
 70
0
  3
Dashed __ __ __ __ __
 72
65
 73
2
 40
0.75
 49
0.5
 49
-0.25
  0
LTYPE
  5
43B
  2
DOTTED
 70
0
  3
Dotted .  .  .  .
 72
65
 73
2
 40
0.2
 49
0.0
 49
-0.2
  0
ENDTAB
  0
TABLE
  2
STYLE
  70
4
  0
STYLE
  2
KICAD
  70
0
  40
0
  41
1
  42
1
  50
0
  71
0
  3
isocp.shx
  0
STYLE
  2
KICADB
  70
0
  40
0
  41
1
  42
1
  50
0
  71
0
  3
isocp.shx
  0
STYLE
  2
KICADI
  70
0
  40
0
  41
1
  42
1
  50
15
  71
0
  3
isocp.shx
  0
STYLE
  2
KICADBI
  70
0
  40
0
  41
1
  42
1
  50
15
  71
0
  3
isocp.shx
  0
ENDTAB
  0
TABLE
  2
LAYER
  70
1
  0
LAYER
  2
BLACK
  70
0
  62
7
  6
CONTINUOUS
  0
ENDTAB
  0
ENDSEC
  0
SECTION
  2
ENTITIES
0
LINE
8
BLACK
6
CONTINUOUS
10
-0.0172062598425197
20
-0.3537231102362204
11
-0.0159278346456693
21
-0.3550015354330708
0
LINE
8
BLACK
6
CONTINUOUS
10
-0.0159278346456693
20
-0.3550015354330708
11
-0.015748031496063
21
-0.3559055118110236
0
LINE
8
BLACK
6
CONTINUOUS
10
-0.015748031496063
20
-0.3559055118110236
11
-0.015748031496063
21
-0.4559055118110236
0
LINE
8
BLACK
6
CONTINUOUS
10
-0.015748031496063
20
-0.4559055118110236
11
0.084251968503937
21
-0.4559055118110236
0
LINE
8
BLACK
6
CONTINUOUS
10
0.084251968503937
20
-0.4559055118110236
11
0.0851559448818898
21
-0.4560853149606299
0
LINE
8
BLACK
6
CONTINUOUS
10
0.0851559448818898
20
-0.4560853149606299
11
0.0864343700787401
21
-0.4573637401574803
0
LINE
8
BLACK
6
CONTINUOUS
10
0.0864343700787401
20
-0.4573637401574803
11
0.0866141732283465
21
-0.4582677165354331
0
LINE
8
BLACK
6
CONTINUOUS
10
0.0866141732283465
20
-0.4582677165354331
11
0.0866141732283465
21
-0.5606299212598425
0
LINE
8
BLACK
6
CONTINUOUS
10
0.0866141732283465
20
-0.5606299212598425
11
0.0864343700787401
21
-0.5615338976377953
0
LINE
8
BLACK
6
CONTINUOUS
10
0.0864343700787401
20
-0.5615338976377953
11
0.0851559448818898
21
-0.5628123228346457
0
LINE
8
BLACK
6
CONTINUOUS
10
0.0851559448818898
20
-0.5628123228346457
11
0.084251968503937
21
-0.562992125984252
0
LINE
8
BLACK
6
CONTINUOUS
10
0.084251968503937
20
-0.562992125984252
11
-0.4204724409448819
21
-0.562992125984252
0
LINE
8
BLACK
6
CONTINUOUS
10
-0.4204724409448819
20
-0.562992125984252
11
-0.4213764173228347
21
-0.5628123228346457
0
LINE
8
BLACK
6
CONTINUOUS
10
-0.4213764173228347
20
-0.5628123228346457
11
-0.422654842519685
21
-0.5615338976377953
0
LINE
8
BLACK
6
CONTINUOUS
10
-0.422654842519685
20
-0.5615338976377953
11
-0.4228346456692914
21
-0.5606299212598425
0
LINE
8
BLACK
6
CONTINUOUS
10
-0.4228346456692914
20
-0.5606299212598425
11
-0.4228346456692914
21
-0.3559055118110236
0
LINE
8
BLACK
6
CONTINUOUS
10
-0.4228346456692914
20
-0.3559055118110236
11
-0.422654842519685
21
-0.3550015354330708
0
LINE
8
BLACK
6
CONTINUOUS
10
-0.422654842519685
20
-0.3550015354330708
11
-0.4213764173228347
21
-0.3537231102362204
0
LINE
8
BLACK
6
CONTINUOUS
10
-0.4213764173228347
20
-0.3537231102362204
11
-0.4204724409448819
21
-0.3535433070866142
0
LINE
8
BLACK
6
CONTINUOUS
10
-0.4204724409448819
20
-0.3535433070866142
11
-0.0181102362204724
21
-0.3535433070866142
0
LINE
8
BLACK
6
CONTINUOUS
10
-0.0181102362204724
20
-0.3535433070866142
11
-0.0172062598425197
21
-0.3537231102362204
0
LINE
8
BLACK
6
CONTINUOUS
10
-0.4181102362204724
20
-0.358267716535433
11
-0.4181102362204724
21
-0.5582677165354331
0
LINE
8
BLACK
6
CONTINUOUS
10
-0.4181102362204724
20
-0.5582677165354331
11
0.0818897637795276
21
-0.5582677165354331
0
LINE
8
BLACK
6
CONTINUOUS
10
0.0818897637795276
20
-0.5582677165354331
11
0.0818897637795276
21
-0.4606299212598425
0
LINE
8
BLACK
6
CONTINUOUS
10
0.0818897637795276
20
-0.4606299212598425
11
-0.0181102362204724
21
-0.4606299212598425
0
LINE
8
BLACK
6
CONTINUOUS
10
-0.0181102362204724
20
-0.4606299212598425
11
-0.0190142125984252
21
-0.4604501181102362
0
LINE
8
BLACK
6
CONTINUOUS
10
-0.0190142125984252
20
-0.4604501181102362
11
-0.0202926377952756
21
-0.4591716929133858
0
LINE
8
BLACK
6
CONTINUOUS
10
-0.0202926377952756
20
-0.4591716929133858
11
-0.0204724409448819
21
-0.4582677165354331
0
LINE
8
BLACK
6
CONTINUOUS
10
-0.0204724409448819
20
-0.4582677165354331
11
-0.0204724409448819
21
-0.358267716535433
0
LINE
8
BLACK
6
CONTINUOUS
10
-0.0204724409448819
20
-0.358267716535433
11
-0.4181102362204724
21
-0.358267716535433
0
LINE
8
BLACK
6
CONTINUOUS
10
0.337715
20
-0.4478175984251969
11
0.3389934251968504
21
-0.4490960236220473
0
LINE
8
BLACK
6
CONTINUOUS
10
0.3389934251968504
20
-0.4490960236220473
11
0.3391732283464567
21
-0.45
0
LINE
8
BLACK
6
CONTINUOUS
10
0.3391732283464567
20
-0.45
11
0.3391732283464567
21
-0.5547244094488188
0
LINE
8
BLACK
6
CONTINUOUS
10
0.3391732283464567
20
-0.5547244094488188
11
0.3389934251968504
21
-0.5556283858267717
0
LINE
8
BLACK
6
CONTINUOUS
10
0.3389934251968504
20
-0.5556283858267717
11
0.337715
21
-0.5569068110236221
0
LINE
8
BLACK
6
CONTINUOUS
10
0.337715
20
-0.5569068110236221
11
0.3368110236220472
21
-0.5570866141732284
0
LINE
8
BLACK
6
CONTINUOUS
10
0.3368110236220472
20
-0.5570866141732284
11
0.1344488188976378
21
-0.5570866141732284
0
LINE
8
BLACK
6
CONTINUOUS
10
0.1344488188976378
20
-0.5570866141732284
11
0.133544842519685
21
-0.5569068110236221
0
LINE
8
BLACK
6
CONTINUOUS
10
0.133544842519685
20
-0.5569068110236221
11
0.1322664173228346
21
-0.5556283858267717
0
LINE
8
BLACK
6
CONTINUOUS
10
0.1322664173228346
20
-0.5556283858267717
11
0.1320866141732283
21
-0.5547244094488188
0
LINE
8
BLACK
6
CONTINUOUS
10
0.1320866141732283
20
-0.5547244094488188
11
0.1320866141732283
21
-0.45
0
LINE
8
BLACK
6
CONTINUOUS
10
0.1320866141732283
20
-0.45
11
0.1322664173228346
21
-0.4490960236220473
0
LINE
8
BLACK
6
CONTINUOUS
10
0.1322664173228346
20
-0.4490960236220473
11
0.133544842519685
21
-0.4478175984251969
0
LINE
8
BLACK
6
CONTINUOUS
10
0.133544842519685
20
-0.4478175984251969
11
0.1344488188976378
21
-0.4476377952755906
0
LINE
8
BLACK
6
CONTINUOUS
10
0.1344488188976378
20
-0.4476377952755906
11
0.3368110236220472
21
-0.4476377952755906
0
LINE
8
BLACK
6
CONTINUOUS
10
0.3368110236220472
20
-0.4476377952755906
11
0.337715
21
-0.4478175984251969
0
LINE
8
BLACK
6
CONTINUOUS
10
0.1368110236220473
20
-0.4523622047244094
11
0.1368110236220473
21
-0.5523622047244094
0
LINE
8
BLACK
6
CONTINUOUS
10
0.1368110236220473
20
-0.5523622047244094
11
0.3344488188976378
21
-0.5523622047244094
0
LINE
8
BLACK
6
CONTINUOUS
10
0.3344488188976378
20
-0.5523622047244094
11
0.3344488188976378
21
-0.4523622047244094
0
LINE
8
BLACK
6
CONTINUOUS
10
0.3344488188976378
20
-0.4523622047244094
11
0.1368110236220473
21
-0.4523622047244094
0
LINE
8
BLACK
6
CONTINUOUS
10
0.4400772047244094
20
-0.4478175984251969
11
0.4413556299212598
21
-0.4490960236220473
0
LINE
8
BLACK
6
CONTINUOUS
10
0.4413556299212598
20
-0.4490960236220473
11
0.4415354330708661
21
-0.45
0
LINE
8
BLACK
6
CONTINUOUS
10
0.4415354330708661
20
-0.45
11
0.4415354330708661
21
-0.5023622047244094
0
LINE
8
BLACK
6
CONTINUOUS
10
0.4415354330708661
20
-0.5023622047244094
11
0.4413556299212598
21
-0.5032661811023622
0
LINE
8
BLACK
6
CONTINUOUS
10
0.4413556299212598
20
-0.5032661811023622
11
0.4400772047244094
21
-0.5045446062992126
0
LINE
8
BLACK
6
CONTINUOUS
10
0.4400772047244094
20
-0.5045446062992126
11
0.4382692519685039
21
-0.5045446062992126
0
LINE
8
BLACK
6
CONTINUOUS
10
0.4382692519685039
20
-0.5045446062992126
11
0.4369908267716535
21
-0.5032661811023622
0
LINE
8
BLACK
6
CONTINUOUS
10
0.4369908267716535
20
-0.5032661811023622
11
0.4368110236220472
21
-0.5023622047244094
0
LINE
8
BLACK
6
CONTINUOUS
10
0.4368110236220472
20
-0.5023622047244094
11
0.4368110236220472
21
-0.4523622047244094
0
LINE
8
BLACK
6
CONTINUOUS
10
0.4368110236220472
20
-0.4523622047244094
11
0.3868110236220472
21
-0.4523622047244094
0
LINE
8
BLACK
6
CONTINUOUS
10
0.3868110236220472
20
-0.4523622047244094
11
0.3859070472440945
21
-0.4521824015748032
0
LINE
8
BLACK
6
CONTINUOUS
10
0.3859070472440945
20
-0.4521824015748032
11
0.3846286220472441
21
-0.4509039763779528
0
LINE
8
BLACK
6
CONTINUOUS
10
0.3846286220472441
20
-0.4509039763779528
11
0.3846286220472441
21
-0.4490960236220473
0
LINE
8
BLACK
6
CONTINUOUS
10
0.3846286220472441
20
-0.4490960236220473
11
0.3859070472440945
21
-0.4478175984251969
0
LINE
8
BLACK
6
CONTINUOUS
10
0.3859070472440945
20
-0.4478175984251969
11
0.3868110236220472
21
-0.4476377952755906
0
LINE
8
BLACK
6
CONTINUOUS
10
0.3868110236220472
20
-0.4476377952755906
11
0.4391732283464567
21
-0.4476377952755906
0
LINE
8
BLACK
6
CONTINUOUS
10
0.4391732283464567
20
-0.4476377952755906
11
0.4400772047244094
21
-0.4478175984251969
0
LINE
8
BLACK
6
CONTINUOUS
10
0.3060357086614173
20
-0.3758948818897638
11
0.3064743700787402
21
-0.3773362598425197
0
LINE
8
BLACK
6
CONTINUOUS
10
0.3064743700787402
20
-0.3773362598425197
11
0.3062520866141732
21
-0.3780714566929134
0
LINE
8
BLACK
6
CONTINUOUS
10
0.3062520866141732
20
-0.3780714566929134
11
0.2792555118110236
21
-0.4286901181102362
0
LINE
8
BLACK
6
CONTINUOUS
10
0.2792555118110236
20
-0.4286901181102362
11
0.2787687795275591
21
-0.4292842913385826
0
LINE
8
BLACK
6
CONTINUOUS
10
0.2787687795275591
20
-0.4292842913385826
11
0.2773274409448819
21
-0.4297229921259842
0
LINE
8
BLACK
6
CONTINUOUS
10
0.2773274409448819
20
-0.4297229921259842
11
0.2759980708661418
21
-0.4290139763779527
0
LINE
8
BLACK
6
CONTINUOUS
10
0.2759980708661418
20
-0.4290139763779527
11
0.2755593700787402
21
-0.4275726377952756
0
LINE
8
BLACK
6
CONTINUOUS
10
0.2755593700787402
20
-0.4275726377952756
11
0.2757816535433071
21
-0.4268374409448819
0
LINE
8
BLACK
6
CONTINUOUS
10
0.2757816535433071
20
-0.4268374409448819
11
0.3027782677165354
21
-0.3762187401574803
0
LINE
8
BLACK
6
CONTINUOUS
10
0.3027782677165354
20
-0.3762187401574803
11
0.303265
21
-0.3756245669291339
0
LINE
8
BLACK
6
CONTINUOUS
10
0.303265
20
-0.3756245669291339
11
0.3047063385826771
21
-0.375185905511811
0
LINE
8
BLACK
6
CONTINUOUS
10
0.3047063385826771
20
-0.375185905511811
11
0.3060357086614173
21
-0.3758948818897638
0
LINE
8
BLACK
6
CONTINUOUS
10
0.1772686614173228
20
-0.3845976377952756
11
0.1773562598425197
21
-0.3845774409448819
0
LINE
8
BLACK
6
CONTINUOUS
10
0.1773562598425197
20
-0.3845774409448819
11
0.1775651968503937
21
-0.3846566141732283
0
LINE
8
BLACK
6
CONTINUOUS
10
0.1775651968503937
20
-0.3846566141732283
11
0.1777844488188976
21
-0.3847002362204724
0
LINE
8
BLACK
6
CONTINUOUS
10
0.1777844488188976
20
-0.3847002362204724
11
0.1778479921259843
21
-0.384763779527559
0
LINE
8
BLACK
6
CONTINUOUS
10
0.1778479921259843
20
-0.384763779527559
11
0.1780744488188976
21
-0.3848496062992126
0
LINE
8
BLACK
6
CONTINUOUS
10
0.1780744488188976
20
-0.3848496062992126
11
0.181074094488189
21
-0.3867244488188976
0
LINE
8
BLACK
6
CONTINUOUS
10
0.181074094488189
20
-0.3867244488188976
11
0.1813147637795275
21
-0.3869508661417323
0
LINE
8
BLACK
6
CONTINUOUS
10
0.1813147637795275
20
-0.3869508661417323
11
0.1815679133858268
21
-0.3871639763779527
0
LINE
8
BLACK
6
CONTINUOUS
10
0.1815679133858268
20
-0.3871639763779527
11
0.1830677165354331
21
-0.3890387401574803
0
LINE
8
BLACK
6
CONTINUOUS
10
0.1830677165354331
20
-0.3890387401574803
11
0.1832006692913386
21
-0.389295157480315
0
LINE
8
BLACK
6
CONTINUOUS
10
0.1832006692913386
20
-0.389295157480315
11
0.1833582677165354
21
-0.3895373622047244
0
LINE
8
BLACK
6
CONTINUOUS
10
0.1833582677165354
20
-0.3895373622047244
11
0.1848581102362205
21
-0.3932868897637795
0
LINE
8
BLACK
6
CONTINUOUS
10
0.1848581102362205
20
-0.3932868897637795
11
0.1849262992125984
21
-0.393653031496063
0
LINE
8
BLACK
6
CONTINUOUS
10
0.1849262992125984
20
-0.393653031496063
11
0.1849988976377953
21
-0.3940179921259843
0
LINE
8
BLACK
6
CONTINUOUS
10
0.1849988976377953
20
-0.3940179921259843
11
0.1849988976377953
21
-0.4015170472440945
0
LINE
8
BLACK
6
CONTINUOUS
10
0.1849988976377953
20
-0.4015170472440945
11
0.1849262992125984
21
-0.401881968503937
0
LINE
8
BLACK
6
CONTINUOUS
10
0.1849262992125984
20
-0.401881968503937
11
0.1848581102362205
21
-0.4022481496062992
0
LINE
8
BLACK
6
CONTINUOUS
10
0.1848581102362205
20
-0.4022481496062992
11
0.1833582677165354
21
-0.4059976771653543
0
LINE
8
BLACK
6
CONTINUOUS
10
0.1833582677165354
20
-0.4059976771653543
11
0.1832006692913386
21
-0.406239842519685
0
LINE
8
BLACK
6
CONTINUOUS
10
0.1832006692913386
20
-0.406239842519685
11
0.1830677165354331
21
-0.4064962992125984
0
LINE
8
BLACK
6
CONTINUOUS
10
0.1830677165354331
20
-0.4064962992125984
11
0.1815679133858268
21
-0.408371062992126
0
LINE
8
BLACK
6
CONTINUOUS
10
0.1815679133858268
20
-0.408371062992126
11
0.1813146062992126
21
-0.408584251968504
0
LINE
8
BLACK
6
CONTINUOUS
10
0.1813146062992126
20
-0.408584251968504
11
0.1810740551181102
21
-0.4088106299212598
0
LINE
8
BLACK
6
CONTINUOUS
10
0.1810740551181102
20
-0.4088106299212598
11
0.1807452755905512
21
-0.4090161023622047
0
LINE
8
BLACK
6
CONTINUOUS
10
0.1807452755905512
20
-0.4090161023622047
11
0.1810740551181102
21
-0.4092215748031496
0
LINE
8
BLACK
6
CONTINUOUS
10
0.1810740551181102
20
-0.4092215748031496
11
0.1813146062992126
21
-0.4094479133858268
0
LINE
8
BLACK
6
CONTINUOUS
10
0.1813146062992126
20
-0.4094479133858268
11
0.1815679133858268
21
-0.4096611417322835
0
LINE
8
BLACK
6
CONTINUOUS
10
0.1815679133858268
20
-0.4096611417322835
11
0.1830677165354331
21
-0.411535905511811
0
LINE
8
BLACK
6
CONTINUOUS
10
0.1830677165354331
20
-0.411535905511811
11
0.1832006692913386
21
-0.4117923228346457
0
LINE
8
BLACK
6
CONTINUOUS
10
0.1832006692913386
20
-0.4117923228346457
11
0.1833582677165354
21
-0.4120345275590551
0
LINE
8
BLACK
6
CONTINUOUS
10
0.1833582677165354
20
-0.4120345275590551
11
0.1848581102362205
21
-0.4157840551181102
0
LINE
8
BLACK
6
CONTINUOUS
10
0.1848581102362205
20
-0.4157840551181102
11
0.1849262992125984
21
-0.4161501968503937
0
LINE
8
BLACK
6
CONTINUOUS
10
0.1849262992125984
20
-0.4161501968503937
11
0.1849988976377953
21
-0.4165151574803149
0
LINE
8
BLACK
6
CONTINUOUS
10
0.1849988976377953
20
-0.4165151574803149
11
0.1849988976377953
21
-0.4183899212598425
0
LINE
8
BLACK
6
CONTINUOUS
10
0.1849988976377953
20
-0.4183899212598425
11
0.1849262992125984
21
-0.418754842519685
0
LINE
8
BLACK
6
CONTINUOUS
10
0.1849262992125984
20
-0.418754842519685
11
0.1848581102362205
21
-0.4191210236220472
0
LINE
8
BLACK
6
CONTINUOUS
10
0.1848581102362205
20
-0.4191210236220472
11
0.1833582677165354
21
-0.4228705511811023
0
LINE
8
BLACK
6
CONTINUOUS
10
0.1833582677165354
20
-0.4228705511811023
11
0.1832006692913386
21
-0.4231127165354331
0
LINE
8
BLACK
6
CONTINUOUS
10
0.1832006692913386
20
-0.4231127165354331
11
0.1830677165354331
21
-0.4233691732283464
0
LINE
8
BLACK
6
CONTINUOUS
10
0.1830677165354331
20
-0.4233691732283464
11
0.1815679133858268
21
-0.425243937007874
0
LINE
8
BLACK
6
CONTINUOUS
10
0.1815679133858268
20
-0.425243937007874
11
0.1813146062992126
21
-0.4254571259842519
0
LINE
8
BLACK
6
CONTINUOUS
10
0.1813146062992126
20
-0.4254571259842519
11
0.1810740551181102
21
-0.4256835039370079
0
LINE
8
BLACK
6
CONTINUOUS
10
0.1810740551181102
20
-0.4256835039370079
11
0.1780744488188976
21
-0.4275582677165354
0
LINE
8
BLACK
6
CONTINUOUS
10
0.1780744488188976
20
-0.4275582677165354
11
0.1778479921259843
21
-0.4276440551181102
0
LINE
8
BLACK
6
CONTINUOUS
10
0.1778479921259843
20
-0.4276440551181102
11
0.1777844488188976
21
-0.4277076377952756
0
LINE
8
BLACK
6
CONTINUOUS
10
0.1777844488188976
20
-0.4277076377952756
11
0.177565157480315
21
-0.427751220472441
0
LINE
8
BLACK
6
CONTINUOUS
10
0.177565157480315
20
-0.427751220472441
11
0.1773562204724409
21
-0.4278304330708662
0
LINE
8
BLACK
6
CONTINUOUS
10
0.1773562204724409
20
-0.4278304330708662
11
0.1772686614173228
21
-0.4278101968503937
0
LINE
8
BLACK
6
CONTINUOUS
10
0.1772686614173228
20
-0.4278101968503937
11
0.1770311417322835
21
-0.4278574803149606
0
LINE
8
BLACK
6
CONTINUOUS
10
0.1770311417322835
20
-0.4278574803149606
11
0.1710318897637795
21
-0.4278574803149606
0
LINE
8
BLACK
6
CONTINUOUS
10
0.1710318897637795
20
-0.4278574803149606
11
0.1707944094488189
21
-0.4278102362204724
0
LINE
8
BLACK
6
CONTINUOUS
10
0.1707944094488189
20
-0.4278102362204724
11
0.170706811023622
21
-0.4278304724409449
0
LINE
8
BLACK
6
CONTINUOUS
10
0.170706811023622
20
-0.4278304724409449
11
0.1704976771653543
21
-0.427751220472441
0
LINE
8
BLACK
6
CONTINUOUS
10
0.1704976771653543
20
-0.427751220472441
11
0.1702785826771654
21
-0.4277076377952756
0
LINE
8
BLACK
6
CONTINUOUS
10
0.1702785826771654
20
-0.4277076377952756
11
0.170215
21
-0.4276440551181102
0
LINE
8
BLACK
6
CONTINUOUS
10
0.170215
20
-0.4276440551181102
11
0.1699885826771654
21
-0.4275582677165354
0
LINE
8
BLACK
6
CONTINUOUS
10
0.1699885826771654
20
-0.4275582677165354
11
0.166988937007874
21
-0.4256835039370079
0
LINE
8
BLACK
6
CONTINUOUS
10
0.166988937007874
20
-0.4256835039370079
11
0.1667479921259842
21
-0.425456811023622
0
LINE
8
BLACK
6
CONTINUOUS
10
0.1667479921259842
20
-0.425456811023622
11
0.1664951181102362
21
-0.425243937007874
0
LINE
8
BLACK
6
CONTINUOUS
10
0.1664951181102362
20
-0.425243937007874
11
0.1649952755905512
21
-0.4233691732283464
0
LINE
8
BLACK
6
CONTINUOUS
10
0.1649952755905512
20
-0.4233691732283464
11
0.1648622047244094
21
-0.4231125196850394
0
LINE
8
BLACK
6
CONTINUOUS
10
0.1648622047244094
20
-0.4231125196850394
11
0.1647047244094488
21
-0.4228705118110236
0
LINE
8
BLACK
6
CONTINUOUS
10
0.1647047244094488
20
-0.4228705118110236
11
0.1632049212598425
21
-0.4191209842519685
0
LINE
8
BLACK
6
CONTINUOUS
10
0.1632049212598425
20
-0.4191209842519685
11
0.163136811023622
21
-0.4187554330708662
0
LINE
8
BLACK
6
CONTINUOUS
10
0.163136811023622
20
-0.4187554330708662
11
0.1630641338582677
21
-0.4183899212598425
0
LINE
8
BLACK
6
CONTINUOUS
10
0.1630641338582677
20
-0.4183899212598425
11
0.1630641338582677
21
-0.4165151574803149
0
LINE
8
BLACK
6
CONTINUOUS
10
0.1630641338582677
20
-0.4165151574803149
11
0.163136811023622
21
-0.4161496062992126
0
LINE
8
BLACK
6
CONTINUOUS
10
0.163136811023622
20
-0.4161496062992126
11
0.1632049212598425
21
-0.415784094488189
0
LINE
8
BLACK
6
CONTINUOUS
10
0.1632049212598425
20
-0.415784094488189
11
0.1647047244094488
21
-0.4120345669291339
0
LINE
8
BLACK
6
CONTINUOUS
10
0.1647047244094488
20
-0.4120345669291339
11
0.1648622047244094
21
-0.4117925196850394
0
LINE
8
BLACK
6
CONTINUOUS
10
0.1648622047244094
20
-0.4117925196850394
11
0.1649952755905512
21
-0.411535905511811
0
LINE
8
BLACK
6
CONTINUOUS
10
0.1649952755905512
20
-0.411535905511811
11
0.1664951181102362
21
-0.4096611417322835
0
LINE
8
BLACK
6
CONTINUOUS
10
0.1664951181102362
20
-0.4096611417322835
11
0.1667479921259842
21
-0.4094482283464567
0
LINE
8
BLACK
6
CONTINUOUS
10
0.1667479921259842
20
-0.4094482283464567
11
0.166988937007874
21
-0.4092215748031496
0
LINE
8
BLACK
6
CONTINUOUS
10
0.166988937007874
20
-0.4092215748031496
11
0.1673176771653543
21
-0.4090161023622047
0
LINE
8
BLACK
6
CONTINUOUS
10
0.1673176771653543
20
-0.4090161023622047
11
0.166988937007874
21
-0.4088106299212598
0
LINE
8
BLACK
6
CONTINUOUS
10
0.166988937007874
20
-0.4088106299212598
11
0.1667479921259842
21
-0.408583937007874
0
LINE
8
BLACK
6
CONTINUOUS
10
0.1667479921259842
20
-0.408583937007874
11
0.1664951181102362
21
-0.408371062992126
0
LINE
8
BLACK
6
CONTINUOUS
10
0.1664951181102362
20
-0.408371062992126
11
0.1649952755905512
21
-0.4064962992125984
0
LINE
8
BLACK
6
CONTINUOUS
10
0.1649952755905512
20
-0.4064962992125984
11
0.1648622047244094
21
-0.4062396456692913
0
LINE
8
BLACK
6
CONTINUOUS
10
0.1648622047244094
20
-0.4062396456692913
11
0.1647047244094488
21
-0.4059976377952756
0
LINE
8
BLACK
6
CONTINUOUS
10
0.1647047244094488
20
-0.4059976377952756
11
0.1632049212598425
21
-0.4022481102362205
0
LINE
8
BLACK
6
CONTINUOUS
10
0.1632049212598425
20
-0.4022481102362205
11
0.163136811023622
21
-0.4018825590551181
0
LINE
8
BLACK
6
CONTINUOUS
10
0.163136811023622
20
-0.4018825590551181
11
0.1630641338582677
21
-0.4015170472440945
0
LINE
8
BLACK
6
CONTINUOUS
10
0.1630641338582677
20
-0.4015170472440945
11
0.1630641338582677
21
-0.3940179921259843
0
LINE
8
BLACK
6
CONTINUOUS
10
0.1630641338582677
20
-0.3940179921259843
11
0.163136811023622
21
-0.3936524409448819
0
LINE
8
BLACK
6
CONTINUOUS
10
0.163136811023622
20
-0.3936524409448819
11
0.1632049212598425
21
-0.3932869291338583
0
LINE
8
BLACK
6
CONTINUOUS
10
0.1632049212598425
20
-0.3932869291338583
11
0.1647047244094488
21
-0.3895374015748032
0
LINE
8
BLACK
6
CONTINUOUS
10
0.1647047244094488
20
-0.3895374015748032
11
0.1648622047244094
21
-0.3892953543307087
0
LINE
8
BLACK
6
CONTINUOUS
10
0.1648622047244094
20
-0.3892953543307087
11
0.1649952755905512
21
-0.3890387401574803
0
LINE
8
BLACK
6
CONTINUOUS
10
0.1649952755905512
20
-0.3890387401574803
11
0.1664951181102362
21
-0.3871639763779527
0
LINE
8
BLACK
6
CONTINUOUS
10
0.1664951181102362
20
-0.3871639763779527
11
0.1667479921259842
21
-0.3869510629921259
0
LINE
8
BLACK
6
CONTINUOUS
10
0.1667479921259842
20
-0.3869510629921259
11
0.166988937007874
21
-0.3867244094488189
0
LINE
8
BLACK
6
CONTINUOUS
10
0.166988937007874
20
-0.3867244094488189
11
0.1699885433070866
21
-0.3848496062992126
0
LINE
8
BLACK
6
CONTINUOUS
10
0.1699885433070866
20
-0.3848496062992126
11
0.1702150393700787
21
-0.3847637401574803
0
LINE
8
BLACK
6
CONTINUOUS
10
0.1702150393700787
20
-0.3847637401574803
11
0.1702785826771654
21
-0.3847002362204724
0
LINE
8
BLACK
6
CONTINUOUS
10
0.1702785826771654
20
-0.3847002362204724
11
0.1704977559055118
21
-0.3846566141732283
0
LINE
8
BLACK
6
CONTINUOUS
10
0.1704977559055118
20
-0.3846566141732283
11
0.1707067716535433
21
-0.3845774409448819
0
LINE
8
BLACK
6
CONTINUOUS
10
0.1707067716535433
20
-0.3845774409448819
11
0.1707943307086614
21
-0.3845976377952756
0
LINE
8
BLACK
6
CONTINUOUS
10
0.1707943307086614
20
-0.3845976377952756
11
0.1710318897637795
21
-0.3845503937007874
0
LINE
8
BLACK
6
CONTINUOUS
10
0.1710318897637795
20
-0.3845503937007874
11
0.1770311417322835
21
-0.3845503937007874
0
LINE
8
BLACK
6
CONTINUOUS
10
0.1770311417322835
20
-0.3845503937007874
11
0.1772686614173228
21
-0.3845976377952756
0
LINE
8
BLACK
6
CONTINUOUS
10
0.1693599212598425
20
-0.4123824015748032
11
0.1682517716535433
21
-0.4137675590551181
0
LINE
8
BLACK
6
CONTINUOUS
10
0.1682517716535433
20
-0.4137675590551181
11
0.1670011417322834
21
-0.4168942519685039
0
LINE
8
BLACK
6
CONTINUOUS
10
0.1670011417322834
20
-0.4168942519685039
11
0.1670011417322834
21
-0.4180107874015748
0
LINE
8
BLACK
6
CONTINUOUS
10
0.1670011417322834
20
-0.4180107874015748
11
0.1682517716535433
21
-0.4211374803149606
0
LINE
8
BLACK
6
CONTINUOUS
10
0.1682517716535433
20
-0.4211374803149606
11
0.1693599212598425
21
-0.4225226377952756
0
LINE
8
BLACK
6
CONTINUOUS
10
0.1693599212598425
20
-0.4225226377952756
11
0.1715964566929134
21
-0.4239204724409449
0
LINE
8
BLACK
6
CONTINUOUS
10
0.1715964566929134
20
-0.4239204724409449
11
0.1764665748031496
21
-0.4239204724409449
0
LINE
8
BLACK
6
CONTINUOUS
10
0.1764665748031496
20
-0.4239204724409449
11
0.178703031496063
21
-0.4225226377952756
0
LINE
8
BLACK
6
CONTINUOUS
10
0.178703031496063
20
-0.4225226377952756
11
0.1798111417322835
21
-0.4211375590551181
0
LINE
8
BLACK
6
CONTINUOUS
10
0.1798111417322835
20
-0.4211375590551181
11
0.1810618897637795
21
-0.4180107480314961
0
LINE
8
BLACK
6
CONTINUOUS
10
0.1810618897637795
20
-0.4180107480314961
11
0.1810618897637795
21
-0.4168942913385827
0
LINE
8
BLACK
6
CONTINUOUS
10
0.1810618897637795
20
-0.4168942913385827
11
0.1798111417322835
21
-0.4137674803149606
0
LINE
8
BLACK
6
CONTINUOUS
10
0.1798111417322835
20
-0.4137674803149606
11
0.178703031496063
21
-0.4123824015748032
0
LINE
8
BLACK
6
CONTINUOUS
10
0.178703031496063
20
-0.4123824015748032
11
0.1764665748031496
21
-0.4109846062992126
0
LINE
8
BLACK
6
CONTINUOUS
10
0.1764665748031496
20
-0.4109846062992126
11
0.1715964566929134
21
-0.4109846062992126
0
LINE
8
BLACK
6
CONTINUOUS
10
0.1715964566929134
20
-0.4109846062992126
11
0.1693599212598425
21
-0.4123824015748032
0
LINE
8
BLACK
6
CONTINUOUS
10
0.1693599606299213
20
-0.3898851968503937
11
0.1682517716535433
21
-0.3912703937007874
0
LINE
8
BLACK
6
CONTINUOUS
10
0.1682517716535433
20
-0.3912703937007874
11
0.1670011417322834
21
-0.3943970866141732
0
LINE
8
BLACK
6
CONTINUOUS
10
0.1670011417322834
20
-0.3943970866141732
11
0.1670011417322834
21
-0.4011379133858268
0
LINE
8
BLACK
6
CONTINUOUS
10
0.1670011417322834
20
-0.4011379133858268
11
0.1682517716535433
21
-0.4042646062992126
0
LINE
8
BLACK
6
CONTINUOUS
10
0.1682517716535433
20
-0.4042646062992126
11
0.1693599212598425
21
-0.4056497637795276
0
LINE
8
BLACK
6
CONTINUOUS
10
0.1693599212598425
20
-0.4056497637795276
11
0.1715964566929134
21
-0.4070475984251968
0
LINE
8
BLACK
6
CONTINUOUS
10
0.1715964566929134
20
-0.4070475984251968
11
0.1764665748031496
21
-0.4070475984251968
0
LINE
8
BLACK
6
CONTINUOUS
10
0.1764665748031496
20
-0.4070475984251968
11
0.178703031496063
21
-0.4056497637795276
0
LINE
8
BLACK
6
CONTINUOUS
10
0.178703031496063
20
-0.4056497637795276
11
0.1798111417322835
21
-0.4042646850393701
0
LINE
8
BLACK
6
CONTINUOUS
10
0.1798111417322835
20
-0.4042646850393701
11
0.1810618897637795
21
-0.401137874015748
0
LINE
8
BLACK
6
CONTINUOUS
10
0.1810618897637795
20
-0.401137874015748
11
0.1810618897637795
21
-0.394397125984252
0
LINE
8
BLACK
6
CONTINUOUS
10
0.1810618897637795
20
-0.394397125984252
11
0.1798111417322835
21
-0.3912703149606299
0
LINE
8
BLACK
6
CONTINUOUS
10
0.1798111417322835
20
-0.3912703149606299
11
0.178703031496063
21
-0.3898851968503937
0
LINE
8
BLACK
6
CONTINUOUS
10
0.178703031496063
20
-0.3898851968503937
11
0.1764665748031496
21
-0.3884874015748032
0
LINE
8
BLACK
6
CONTINUOUS
10
0.1764665748031496
20
-0.3884874015748032
11
0.1715964566929134
21
-0.3884874015748032
0
LINE
8
BLACK
6
CONTINUOUS
10
0.1715964566929134
20
-0.3884874015748032
11
0.1693599606299213
21
-0.3898851968503937
0
LINE
8
BLACK
6
CONTINUOUS
10
0.208329842519685
20
-0.385042874015748
11
0.2089920866141732
21
-0.3863961417322835
0
LINE
8
BLACK
6
CONTINUOUS
10
0.2089920866141732
20
-0.3863961417322835
11
0.2088894881889764
21
-0.3871573228346457
0
LINE
8
BLACK
6
CONTINUOUS
10
0.2088894881889764
20
-0.3871573228346457
11
0.1962849606299213
21
-0.4239204724409449
0
LINE
8
BLACK
6
CONTINUOUS
10
0.1962849606299213
20
-0.4239204724409449
11
0.2145264566929134
21
-0.4239204724409449
0
LINE
8
BLACK
6
CONTINUOUS
10
0.2145264566929134
20
-0.4239204724409449
11
0.2152797637795276
21
-0.4240703149606299
0
LINE
8
BLACK
6
CONTINUOUS
10
0.2152797637795276
20
-0.4240703149606299
11
0.2163451181102362
21
-0.4251356692913386
0
LINE
8
BLACK
6
CONTINUOUS
10
0.2163451181102362
20
-0.4251356692913386
11
0.2163451181102362
21
-0.4266422834645669
0
LINE
8
BLACK
6
CONTINUOUS
10
0.2163451181102362
20
-0.4266422834645669
11
0.2152797637795276
21
-0.4277076377952756
0
LINE
8
BLACK
6
CONTINUOUS
10
0.2152797637795276
20
-0.4277076377952756
11
0.2145264566929134
21
-0.4278574803149606
0
LINE
8
BLACK
6
CONTINUOUS
10
0.2145264566929134
20
-0.4278574803149606
11
0.1935290551181102
21
-0.4278574803149606
0
LINE
8
BLACK
6
CONTINUOUS
10
0.1935290551181102
20
-0.4278574803149606
11
0.1927757480314961
21
-0.4277076377952756
0
LINE
8
BLACK
6
CONTINUOUS
10
0.1927757480314961
20
-0.4277076377952756
11
0.1925408267716535
21
-0.4274727165354331
0
LINE
8
BLACK
6
CONTINUOUS
10
0.1925408267716535
20
-0.4274727165354331
11
0.1922266141732283
21
-0.427365
0
LINE
8
BLACK
6
CONTINUOUS
10
0.1922266141732283
20
-0.427365
11
0.1920287007874016
21
-0.4269605905511811
0
LINE
8
BLACK
6
CONTINUOUS
10
0.1920287007874016
20
-0.4269605905511811
11
0.1917103937007874
21
-0.4266422834645669
0
LINE
8
BLACK
6
CONTINUOUS
10
0.1917103937007874
20
-0.4266422834645669
11
0.1917103937007874
21
-0.4263101181102362
0
LINE
8
BLACK
6
CONTINUOUS
10
0.1917103937007874
20
-0.4263101181102362
11
0.1915643700787402
21
-0.4260117322834646
0
LINE
8
BLACK
6
CONTINUOUS
10
0.1915643700787402
20
-0.4260117322834646
11
0.191666968503937
21
-0.4252505511811023
0
LINE
8
BLACK
6
CONTINUOUS
10
0.191666968503937
20
-0.4252505511811023
11
0.2051653149606299
21
-0.3858804724409449
0
LINE
8
BLACK
6
CONTINUOUS
10
0.2051653149606299
20
-0.3858804724409449
11
0.2055513779527559
21
-0.3852164960629921
0
LINE
8
BLACK
6
CONTINUOUS
10
0.2055513779527559
20
-0.3852164960629921
11
0.2069046456692913
21
-0.3845542125984252
0
LINE
8
BLACK
6
CONTINUOUS
10
0.2069046456692913
20
-0.3845542125984252
11
0.208329842519685
21
-0.385042874015748
0
LINE
8
BLACK
6
CONTINUOUS
10
0.2612581496062992
20
-0.3845976377952756
11
0.2613457086614173
21
-0.3845774409448819
0
LINE
8
BLACK
6
CONTINUOUS
10
0.2613457086614173
20
-0.3845774409448819
11
0.2615546456692913
21
-0.3846566141732283
0
LINE
8
BLACK
6
CONTINUOUS
10
0.2615546456692913
20
-0.3846566141732283
11
0.261773937007874
21
-0.3847002362204724
0
LINE
8
BLACK
6
CONTINUOUS
10
0.261773937007874
20
-0.3847002362204724
11
0.2618374803149606
21
-0.384763779527559
0
LINE
8
BLACK
6
CONTINUOUS
10
0.2618374803149606
20
-0.384763779527559
11
0.262063937007874
21
-0.3848496062992126
0
LINE
8
BLACK
6
CONTINUOUS
10
0.262063937007874
20
-0.3848496062992126
11
0.2650635826771653
21
-0.3867244094488189
0
LINE
8
BLACK
6
CONTINUOUS
10
0.2650635826771653
20
-0.3867244094488189
11
0.2653041338582677
21
-0.386950748031496
0
LINE
8
BLACK
6
CONTINUOUS
10
0.2653041338582677
20
-0.386950748031496
11
0.2655574409448819
21
-0.3871639763779527
0
LINE
8
BLACK
6
CONTINUOUS
10
0.2655574409448819
20
-0.3871639763779527
11
0.2670572440944882
21
-0.3890387401574803
0
LINE
8
BLACK
6
CONTINUOUS
10
0.2670572440944882
20
-0.3890387401574803
11
0.2671902755905512
21
-0.3892953543307087
0
LINE
8
BLACK
6
CONTINUOUS
10
0.2671902755905512
20
-0.3892953543307087
11
0.2673477952755905
21
-0.3895374015748032
0
LINE
8
BLACK
6
CONTINUOUS
10
0.2673477952755905
20
-0.3895374015748032
11
0.2688475984251968
21
-0.3932868897637795
0
LINE
8
BLACK
6
CONTINUOUS
10
0.2688475984251968
20
-0.3932868897637795
11
0.2688807086614173
21
-0.3934648425196851
0
LINE
8
BLACK
6
CONTINUOUS
10
0.2688807086614173
20
-0.3934648425196851
11
0.268950157480315
21
-0.3936319291338582
0
LINE
8
BLACK
6
CONTINUOUS
10
0.268950157480315
20
-0.3936319291338582
11
0.27045
21
-0.4011309842519685
0
LINE
8
BLACK
6
CONTINUOUS
10
0.27045
20
-0.4011309842519685
11
0.2704501968503937
21
-0.4013258267716535
0
LINE
8
BLACK
6
CONTINUOUS
10
0.2704501968503937
20
-0.4013258267716535
11
0.2704882283464567
21
-0.4015170472440945
0
LINE
8
BLACK
6
CONTINUOUS
10
0.2704882283464567
20
-0.4015170472440945
11
0.2704882283464567
21
-0.4108908661417323
0
LINE
8
BLACK
6
CONTINUOUS
10
0.2704882283464567
20
-0.4108908661417323
11
0.2704501968503937
21
-0.4110820472440945
0
LINE
8
BLACK
6
CONTINUOUS
10
0.2704501968503937
20
-0.4110820472440945
11
0.27045
21
-0.4112769291338583
0
LINE
8
BLACK
6
CONTINUOUS
10
0.27045
20
-0.4112769291338583
11
0.268950157480315
21
-0.4187759842519685
0
LINE
8
BLACK
6
CONTINUOUS
10
0.268950157480315
20
-0.4187759842519685
11
0.2688807086614173
21
-0.418943031496063
0
LINE
8
BLACK
6
CONTINUOUS
10
0.2688807086614173
20
-0.418943031496063
11
0.2688475984251968
21
-0.4191210236220472
0
LINE
8
BLACK
6
CONTINUOUS
10
0.2688475984251968
20
-0.4191210236220472
11
0.2673477952755905
21
-0.4228705118110236
0
LINE
8
BLACK
6
CONTINUOUS
10
0.2673477952755905
20
-0.4228705118110236
11
0.2671902755905512
21
-0.4231125196850394
0
LINE
8
BLACK
6
CONTINUOUS
10
0.2671902755905512
20
-0.4231125196850394
11
0.2670572440944882
21
-0.4233691732283464
0
LINE
8
BLACK
6
CONTINUOUS
10
0.2670572440944882
20
-0.4233691732283464
11
0.2655574409448819
21
-0.425243937007874
0
LINE
8
BLACK
6
CONTINUOUS
10
0.2655574409448819
20
-0.425243937007874
11
0.2653042913385827
21
-0.425456968503937
0
LINE
8
BLACK
6
CONTINUOUS
10
0.2653042913385827
20
-0.425456968503937
11
0.2650635826771653
21
-0.4256835039370079
0
LINE
8
BLACK
6
CONTINUOUS
10
0.2650635826771653
20
-0.4256835039370079
11
0.262063937007874
21
-0.4275582677165354
0
LINE
8
BLACK
6
CONTINUOUS
10
0.262063937007874
20
-0.4275582677165354
11
0.2618374803149606
21
-0.4276440551181102
0
LINE
8
BLACK
6
CONTINUOUS
10
0.2618374803149606
20
-0.4276440551181102
11
0.261773937007874
21
-0.4277076377952756
0
LINE
8
BLACK
6
CONTINUOUS
10
0.261773937007874
20
-0.4277076377952756
11
0.2615546456692913
21
-0.427751220472441
0
LINE
8
BLACK
6
CONTINUOUS
10
0.2615546456692913
20
-0.427751220472441
11
0.2613457086614173
21
-0.4278304330708662
0
LINE
8
BLACK
6
CONTINUOUS
10
0.2613457086614173
20
-0.4278304330708662
11
0.2612581496062992
21
-0.4278101968503937
0
LINE
8
BLACK
6
CONTINUOUS
10
0.2612581496062992
20
-0.4278101968503937
11
0.2610206299212599
21
-0.4278574803149606
0
LINE
8
BLACK
6
CONTINUOUS
10
0.2610206299212599
20
-0.4278574803149606
11
0.2580210236220473
21
-0.4278574803149606
0
LINE
8
BLACK
6
CONTINUOUS
10
0.2580210236220473
20
-0.4278574803149606
11
0.2577835433070866
21
-0.4278102362204724
0
LINE
8
BLACK
6
CONTINUOUS
10
0.2577835433070866
20
-0.4278102362204724
11
0.2576959448818897
21
-0.4278304724409449
0
LINE
8
BLACK
6
CONTINUOUS
10
0.2576959448818897
20
-0.4278304724409449
11
0.257486811023622
21
-0.427751220472441
0
LINE
8
BLACK
6
CONTINUOUS
10
0.257486811023622
20
-0.427751220472441
11
0.2572677165354331
21
-0.4277076377952756
0
LINE
8
BLACK
6
CONTINUOUS
10
0.2572677165354331
20
-0.4277076377952756
11
0.2572041338582677
21
-0.4276440551181102
0
LINE
8
BLACK
6
CONTINUOUS
10
0.2572041338582677
20
-0.4276440551181102
11
0.2569777165354331
21
-0.4275582677165354
0
LINE
8
BLACK
6
CONTINUOUS
10
0.2569777165354331
20
-0.4275582677165354
11
0.2539780708661417
21
-0.4256835039370079
0
LINE
8
BLACK
6
CONTINUOUS
10
0.2539780708661417
20
-0.4256835039370079
11
0.253737125984252
21
-0.425456811023622
0
LINE
8
BLACK
6
CONTINUOUS
10
0.253737125984252
20
-0.425456811023622
11
0.2534842519685039
21
-0.425243937007874
0
LINE
8
BLACK
6
CONTINUOUS
10
0.2534842519685039
20
-0.425243937007874
11
0.2519844094488189
21
-0.4233691732283464
0
LINE
8
BLACK
6
CONTINUOUS
10
0.2519844094488189
20
-0.4233691732283464
11
0.2518513385826772
21
-0.4231125196850394
0
LINE
8
BLACK
6
CONTINUOUS
10
0.2518513385826772
20
-0.4231125196850394
11
0.2516938582677165
21
-0.4228705118110236
0
LINE
8
BLACK
6
CONTINUOUS
10
0.2516938582677165
20
-0.4228705118110236
11
0.2501940551181102
21
-0.4191209842519685
0
LINE
8
BLACK
6
CONTINUOUS
10
0.2501940551181102
20
-0.4191209842519685
11
0.250160905511811
21
-0.4189431102362204
0
LINE
8
BLACK
6
CONTINUOUS
10
0.250160905511811
20
-0.4189431102362204
11
0.2500914960629921
21
-0.4187759842519685
0
LINE
8
BLACK
6
CONTINUOUS
10
0.2500914960629921
20
-0.4187759842519685
11
0.2485916929133858
21
-0.4112769291338583
0
LINE
8
BLACK
6
CONTINUOUS
10
0.2485916929133858
20
-0.4112769291338583
11
0.2485914566929134
21
-0.4110820472440945
0
LINE
8
BLACK
6
CONTINUOUS
10
0.2485914566929134
20
-0.4110820472440945
11
0.2485534645669291
21
-0.4108908661417323
0
LINE
8
BLACK
6
CONTINUOUS
10
0.2485534645669291
20
-0.4108908661417323
11
0.2485534645669291
21
-0.4015170472440945
0
LINE
8
BLACK
6
CONTINUOUS
10
0.2485534645669291
20
-0.4015170472440945
11
0.2485914566929134
21
-0.4013258267716535
0
LINE
8
BLACK
6
CONTINUOUS
10
0.2485914566929134
20
-0.4013258267716535
11
0.2485916929133858
21
-0.4011309842519685
0
LINE
8
BLACK
6
CONTINUOUS
10
0.2485916929133858
20
-0.4011309842519685
11
0.2500914960629921
21
-0.3936319291338582
0
LINE
8
BLACK
6
CONTINUOUS
10
0.2500914960629921
20
-0.3936319291338582
11
0.250160905511811
21
-0.3934647637795275
0
LINE
8
BLACK
6
CONTINUOUS
10
0.250160905511811
20
-0.3934647637795275
11
0.2501940551181102
21
-0.3932869291338583
0
LINE
8
BLACK
6
CONTINUOUS
10
0.2501940551181102
20
-0.3932869291338583
11
0.2516938582677165
21
-0.3895374015748032
0
LINE
8
BLACK
6
CONTINUOUS
10
0.2516938582677165
20
-0.3895374015748032
11
0.2518513385826772
21
-0.3892953543307087
0
LINE
8
BLACK
6
CONTINUOUS
10
0.2518513385826772
20
-0.3892953543307087
11
0.2519844094488189
21
-0.3890387401574803
0
LINE
8
BLACK
6
CONTINUOUS
10
0.2519844094488189
20
-0.3890387401574803
11
0.2534842519685039
21
-0.3871639763779527
0
LINE
8
BLACK
6
CONTINUOUS
10
0.2534842519685039
20
-0.3871639763779527
11
0.253737125984252
21
-0.3869510629921259
0
LINE
8
BLACK
6
CONTINUOUS
10
0.253737125984252
20
-0.3869510629921259
11
0.2539780708661417
21
-0.3867244094488189
0
LINE
8
BLACK
6
CONTINUOUS
10
0.2539780708661417
20
-0.3867244094488189
11
0.2569776771653543
21
-0.3848496062992126
0
LINE
8
BLACK
6
CONTINUOUS
10
0.2569776771653543
20
-0.3848496062992126
11
0.2572041732283464
21
-0.3847637401574803
0
LINE
8
BLACK
6
CONTINUOUS
10
0.2572041732283464
20
-0.3847637401574803
11
0.2572677165354331
21
-0.3847002362204724
0
LINE
8
BLACK
6
CONTINUOUS
10
0.2572677165354331
20
-0.3847002362204724
11
0.2574868897637795
21
-0.3846566141732283
0
LINE
8
BLACK
6
CONTINUOUS
10
0.2574868897637795
20
-0.3846566141732283
11
0.257695905511811
21
-0.3845774409448819
0
LINE
8
BLACK
6
CONTINUOUS
10
0.257695905511811
20
-0.3845774409448819
11
0.2577834645669291
21
-0.3845976377952756
0
LINE
8
BLACK
6
CONTINUOUS
10
0.2577834645669291
20
-0.3845976377952756
11
0.2580210236220473
21
-0.3845503937007874
0
LINE
8
BLACK
6
CONTINUOUS
10
0.2580210236220473
20
-0.3845503937007874
11
0.2610206299212599
21
-0.3845503937007874
0
LINE
8
BLACK
6
CONTINUOUS
10
0.2610206299212599
20
-0.3845503937007874
11
0.2612581496062992
21
-0.3845976377952756
0
LINE
8
BLACK
6
CONTINUOUS
10
0.256349094488189
20
-0.3898851968503937
11
0.255240905511811
21
-0.3912703937007874
0
LINE
8
BLACK
6
CONTINUOUS
10
0.255240905511811
20
-0.3912703937007874
11
0.2539165748031496
21
-0.3945812598425197
0
LINE
8
BLACK
6
CONTINUOUS
10
0.2539165748031496
20
-0.3945812598425197
11
0.2524904724409449
21
-0.4017119291338583
0
LINE
8
BLACK
6
CONTINUOUS
10
0.2524904724409449
20
-0.4017119291338583
11
0.2524904724409449
21
-0.4106959448818898
0
LINE
8
BLACK
6
CONTINUOUS
10
0.2524904724409449
20
-0.4106959448818898
11
0.2539165748031496
21
-0.4178266141732284
0
LINE
8
BLACK
6
CONTINUOUS
10
0.2539165748031496
20
-0.4178266141732284
11
0.255240905511811
21
-0.4211374803149606
0
LINE
8
BLACK
6
CONTINUOUS
10
0.255240905511811
20
-0.4211374803149606
11
0.2563490551181102
21
-0.4225226377952756
0
LINE
8
BLACK
6
CONTINUOUS
10
0.2563490551181102
20
-0.4225226377952756
11
0.2585855905511811
21
-0.4239204724409449
0
LINE
8
BLACK
6
CONTINUOUS
10
0.2585855905511811
20
-0.4239204724409449
11
0.260456062992126
21
-0.4239204724409449
0
LINE
8
BLACK
6
CONTINUOUS
10
0.260456062992126
20
-0.4239204724409449
11
0.2626925590551181
21
-0.4225226377952756
0
LINE
8
BLACK
6
CONTINUOUS
10
0.2626925590551181
20
-0.4225226377952756
11
0.2638006692913386
21
-0.4211375196850394
0
LINE
8
BLACK
6
CONTINUOUS
10
0.2638006692913386
20
-0.4211375196850394
11
0.2651250393700788
21
-0.4178266141732284
0
LINE
8
BLACK
6
CONTINUOUS
10
0.2651250393700788
20
-0.4178266141732284
11
0.266551220472441
21
-0.410695905511811
0
LINE
8
BLACK
6
CONTINUOUS
10
0.266551220472441
20
-0.410695905511811
11
0.266551220472441
21
-0.401711968503937
0
LINE
8
BLACK
6
CONTINUOUS
10
0.266551220472441
20
-0.401711968503937
11
0.2651250393700788
21
-0.3945812598425197
0
LINE
8
BLACK
6
CONTINUOUS
10
0.2651250393700788
20
-0.3945812598425197
11
0.2638006692913386
21
-0.3912703543307087
0
LINE
8
BLACK
6
CONTINUOUS
10
0.2638006692913386
20
-0.3912703543307087
11
0.2626925984251968
21
-0.3898852755905512
0
LINE
8
BLACK
6
CONTINUOUS
10
0.2626925984251968
20
-0.3898852755905512
11
0.260456062992126
21
-0.3884874015748032
0
LINE
8
BLACK
6
CONTINUOUS
10
0.260456062992126
20
-0.3884874015748032
11
0.2585855905511811
21
-0.3884874015748032
0
LINE
8
BLACK
6
CONTINUOUS
10
0.2585855905511811
20
-0.3884874015748032
11
0.256349094488189
21
-0.3898851968503937
0
LINE
8
BLACK
6
CONTINUOUS
10
0.3268150393700787
20
-0.385042874015748
11
0.3274772834645669
21
-0.3863961417322835
0
LINE
8
BLACK
6
CONTINUOUS
10
0.3274772834645669
20
-0.3863961417322835
11
0.3273746850393701
21
-0.3871573228346457
0
LINE
8
BLACK
6
CONTINUOUS
10
0.3273746850393701
20
-0.3871573228346457
11
0.3147701574803149
21
-0.4239204724409449
0
LINE
8
BLACK
6
CONTINUOUS
10
0.3147701574803149
20
-0.4239204724409449
11
0.3330116535433071
21
-0.4239204724409449
0
LINE
8
BLACK
6
CONTINUOUS
10
0.3330116535433071
20
-0.4239204724409449
11
0.3337649606299212
21
-0.4240703149606299
0
LINE
8
BLACK
6
CONTINUOUS
10
0.3337649606299212
20
-0.4240703149606299
11
0.3348303149606299
21
-0.4251356692913386
0
LINE
8
BLACK
6
CONTINUOUS
10
0.3348303149606299
20
-0.4251356692913386
11
0.3348303149606299
21
-0.4266422834645669
0
LINE
8
BLACK
6
CONTINUOUS
10
0.3348303149606299
20
-0.4266422834645669
11
0.3337649606299212
21
-0.4277076377952756
0
LINE
8
BLACK
6
CONTINUOUS
10
0.3337649606299212
20
-0.4277076377952756
11
0.3330116535433071
21
-0.4278574803149606
0
LINE
8
BLACK
6
CONTINUOUS
10
0.3330116535433071
20
-0.4278574803149606
11
0.3120142519685039
21
-0.4278574803149606
0
LINE
8
BLACK
6
CONTINUOUS
10
0.3120142519685039
20
-0.4278574803149606
11
0.3112609448818898
21
-0.4277076377952756
0
LINE
8
BLACK
6
CONTINUOUS
10
0.3112609448818898
20
-0.4277076377952756
11
0.3110260236220472
21
-0.4274727165354331
0
LINE
8
BLACK
6
CONTINUOUS
10
0.3110260236220472
20
-0.4274727165354331
11
0.3107118110236221
21
-0.427365
0
LINE
8
BLACK
6
CONTINUOUS
10
0.3107118110236221
20
-0.427365
11
0.3105138976377952
21
-0.4269605905511811
0
LINE
8
BLACK
6
CONTINUOUS
10
0.3105138976377952
20
-0.4269605905511811
11
0.3101955905511811
21
-0.4266422834645669
0
LINE
8
BLACK
6
CONTINUOUS
10
0.3101955905511811
20
-0.4266422834645669
11
0.3101955905511811
21
-0.4263101181102362
0
LINE
8
BLACK
6
CONTINUOUS
10
0.3101955905511811
20
-0.4263101181102362
11
0.3100495669291338
21
-0.4260117322834646
0
LINE
8
BLACK
6
CONTINUOUS
10
0.3100495669291338
20
-0.4260117322834646
11
0.3101521653543307
21
-0.4252505511811023
0
LINE
8
BLACK
6
CONTINUOUS
10
0.3101521653543307
20
-0.4252505511811023
11
0.3236505118110236
21
-0.3858804724409449
0
LINE
8
BLACK
6
CONTINUOUS
10
0.3236505118110236
20
-0.3858804724409449
11
0.3240365748031496
21
-0.3852164960629921
0
LINE
8
BLACK
6
CONTINUOUS
10
0.3240365748031496
20
-0.3852164960629921
11
0.3253898425196851
21
-0.3845542125984252
0
LINE
8
BLACK
6
CONTINUOUS
10
0.3253898425196851
20
-0.3845542125984252
11
0.3268150393700787
21
-0.385042874015748
0
LINE
8
BLACK
6
CONTINUOUS
10
0.3568112992125984
20
-0.385042874015748
11
0.3574735433070866
21
-0.3863961417322835
0
LINE
8
BLACK
6
CONTINUOUS
10
0.3574735433070866
20
-0.3863961417322835
11
0.3573709448818898
21
-0.3871573228346457
0
LINE
8
BLACK
6
CONTINUOUS
10
0.3573709448818898
20
-0.3871573228346457
11
0.3447664173228346
21
-0.4239204724409449
0
LINE
8
BLACK
6
CONTINUOUS
10
0.3447664173228346
20
-0.4239204724409449
11
0.3630079133858268
21
-0.4239204724409449
0
LINE
8
BLACK
6
CONTINUOUS
10
0.3630079133858268
20
-0.4239204724409449
11
0.3637612204724409
21
-0.4240703149606299
0
LINE
8
BLACK
6
CONTINUOUS
10
0.3637612204724409
20
-0.4240703149606299
11
0.3648265748031496
21
-0.4251356692913386
0
LINE
8
BLACK
6
CONTINUOUS
10
0.3648265748031496
20
-0.4251356692913386
11
0.3648265748031496
21
-0.4266422834645669
0
LINE
8
BLACK
6
CONTINUOUS
10
0.3648265748031496
20
-0.4266422834645669
11
0.3637612204724409
21
-0.4277076377952756
0
LINE
8
BLACK
6
CONTINUOUS
10
0.3637612204724409
20
-0.4277076377952756
11
0.3630079133858268
21
-0.4278574803149606
0
LINE
8
BLACK
6
CONTINUOUS
10
0.3630079133858268
20
-0.4278574803149606
11
0.3420105118110236
21
-0.4278574803149606
0
LINE
8
BLACK
6
CONTINUOUS
10
0.3420105118110236
20
-0.4278574803149606
11
0.3412572047244095
21
-0.4277076377952756
0
LINE
8
BLACK
6
CONTINUOUS
10
0.3412572047244095
20
-0.4277076377952756
11
0.3410222834645669
21
-0.4274727165354331
0
LINE
8
BLACK
6
CONTINUOUS
10
0.3410222834645669
20
-0.4274727165354331
11
0.3407080708661417
21
-0.427365
0
LINE
8
BLACK
6
CONTINUOUS
10
0.3407080708661417
20
-0.427365
11
0.3405101574803149
21
-0.4269605905511811
0
LINE
8
BLACK
6
CONTINUOUS
10
0.3405101574803149
20
-0.4269605905511811
11
0.3401918503937008
21
-0.4266422834645669
0
LINE
8
BLACK
6
CONTINUOUS
10
0.3401918503937008
20
-0.4266422834645669
11
0.3401918503937008
21
-0.4263101181102362
0
LINE
8
BLACK
6
CONTINUOUS
10
0.3401918503937008
20
-0.4263101181102362
11
0.3400458267716535
21
-0.4260117322834646
0
LINE
8
BLACK
6
CONTINUOUS
10
0.3400458267716535
20
-0.4260117322834646
11
0.3401484251968504
21
-0.4252505511811023
0
LINE
8
BLACK
6
CONTINUOUS
10
0.3401484251968504
20
-0.4252505511811023
11
0.3536467716535433
21
-0.3858804724409449
0
LINE
8
BLACK
6
CONTINUOUS
10
0.3536467716535433
20
-0.3858804724409449
11
0.3540328346456693
21
-0.3852164960629921
0
LINE
8
BLACK
6
CONTINUOUS
10
0.3540328346456693
20
-0.3852164960629921
11
0.3553861023622047
21
-0.3845542125984252
0
LINE
8
BLACK
6
CONTINUOUS
10
0.3553861023622047
20
-0.3845542125984252
11
0.3568112992125984
21
-0.385042874015748
0
LINE
8
BLACK
6
CONTINUOUS
10
0.4097396062992126
20
-0.3845976377952756
11
0.4098271653543307
21
-0.3845774409448819
0
LINE
8
BLACK
6
CONTINUOUS
10
0.4098271653543307
20
-0.3845774409448819
11
0.4100361023622047
21
-0.3846566141732283
0
LINE
8
BLACK
6
CONTINUOUS
10
0.4100361023622047
20
-0.3846566141732283
11
0.4102553937007874
21
-0.3847002362204724
0
LINE
8
BLACK
6
CONTINUOUS
10
0.4102553937007874
20
-0.3847002362204724
11
0.410318937007874
21
-0.384763779527559
0
LINE
8
BLACK
6
CONTINUOUS
10
0.410318937007874
20
-0.384763779527559
11
0.4105453937007874
21
-0.3848496062992126
0
LINE
8
BLACK
6
CONTINUOUS
10
0.4105453937007874
20
-0.3848496062992126
11
0.4135450393700787
21
-0.3867244094488189
0
LINE
8
BLACK
6
CONTINUOUS
10
0.4135450393700787
20
-0.3867244094488189
11
0.4137855905511811
21
-0.386950748031496
0
LINE
8
BLACK
6
CONTINUOUS
10
0.4137855905511811
20
-0.386950748031496
11
0.4140388976377953
21
-0.3871639763779527
0
LINE
8
BLACK
6
CONTINUOUS
10
0.4140388976377953
20
-0.3871639763779527
11
0.4155387007874016
21
-0.3890387401574803
0
LINE
8
BLACK
6
CONTINUOUS
10
0.4155387007874016
20
-0.3890387401574803
11
0.4156717322834645
21
-0.3892953543307087
0
LINE
8
BLACK
6
CONTINUOUS
10
0.4156717322834645
20
-0.3892953543307087
11
0.415829251968504
21
-0.3895374015748032
0
LINE
8
BLACK
6
CONTINUOUS
10
0.415829251968504
20
-0.3895374015748032
11
0.4173290551181102
21
-0.3932868897637795
0
LINE
8
BLACK
6
CONTINUOUS
10
0.4173290551181102
20
-0.3932868897637795
11
0.4173621653543307
21
-0.3934648425196851
0
LINE
8
BLACK
6
CONTINUOUS
10
0.4173621653543307
20
-0.3934648425196851
11
0.4174316141732283
21
-0.3936319291338582
0
LINE
8
BLACK
6
CONTINUOUS
10
0.4174316141732283
20
-0.3936319291338582
11
0.4189314566929134
21
-0.4011309842519685
0
LINE
8
BLACK
6
CONTINUOUS
10
0.4189314566929134
20
-0.4011309842519685
11
0.4189316535433071
21
-0.4013258267716535
0
LINE
8
BLACK
6
CONTINUOUS
10
0.4189316535433071
20
-0.4013258267716535
11
0.41896968503937
21
-0.4015170472440945
0
LINE
8
BLACK
6
CONTINUOUS
10
0.41896968503937
20
-0.4015170472440945
11
0.41896968503937
21
-0.4108908661417323
0
LINE
8
BLACK
6
CONTINUOUS
10
0.41896968503937
20
-0.4108908661417323
11
0.4189316535433071
21
-0.4110820472440945
0
LINE
8
BLACK
6
CONTINUOUS
10
0.4189316535433071
20
-0.4110820472440945
11
0.4189314566929134
21
-0.4112769291338583
0
LINE
8
BLACK
6
CONTINUOUS
10
0.4189314566929134
20
-0.4112769291338583
11
0.4174316141732283
21
-0.4187759842519685
0
LINE
8
BLACK
6
CONTINUOUS
10
0.4174316141732283
20
-0.4187759842519685
11
0.4173621653543307
21
-0.418943031496063
0
LINE
8
BLACK
6
CONTINUOUS
10
0.4173621653543307
20
-0.418943031496063
11
0.4173290551181102
21
-0.4191210236220472
0
LINE
8
BLACK
6
CONTINUOUS
10
0.4173290551181102
20
-0.4191210236220472
11
0.415829251968504
21
-0.4228705118110236
0
LINE
8
BLACK
6
CONTINUOUS
10
0.415829251968504
20
-0.4228705118110236
11
0.4156717322834645
21
-0.4231125196850394
0
LINE
8
BLACK
6
CONTINUOUS
10
0.4156717322834645
20
-0.4231125196850394
11
0.4155387007874016
21
-0.4233691732283464
0
LINE
8
BLACK
6
CONTINUOUS
10
0.4155387007874016
20
-0.4233691732283464
11
0.4140388976377953
21
-0.425243937007874
0
LINE
8
BLACK
6
CONTINUOUS
10
0.4140388976377953
20
-0.425243937007874
11
0.413785748031496
21
-0.425456968503937
0
LINE
8
BLACK
6
CONTINUOUS
10
0.413785748031496
20
-0.425456968503937
11
0.4135450393700787
21
-0.4256835039370079
0
LINE
8
BLACK
6
CONTINUOUS
10
0.4135450393700787
20
-0.4256835039370079
11
0.4105453937007874
21
-0.4275582677165354
0
LINE
8
BLACK
6
CONTINUOUS
10
0.4105453937007874
20
-0.4275582677165354
11
0.410318937007874
21
-0.4276440551181102
0
LINE
8
BLACK
6
CONTINUOUS
10
0.410318937007874
20
-0.4276440551181102
11
0.4102553937007874
21
-0.4277076377952756
0
LINE
8
BLACK
6
CONTINUOUS
10
0.4102553937007874
20
-0.4277076377952756
11
0.4100361023622047
21
-0.427751220472441
0
LINE
8
BLACK
6
CONTINUOUS
10
0.4100361023622047
20
-0.427751220472441
11
0.4098271653543307
21
-0.4278304330708662
0
LINE
8
BLACK
6
CONTINUOUS
10
0.4098271653543307
20
-0.4278304330708662
11
0.4097396062992126
21
-0.4278101968503937
0
LINE
8
BLACK
6
CONTINUOUS
10
0.4097396062992126
20
-0.4278101968503937
11
0.4095020866141732
21
-0.4278574803149606
0
LINE
8
BLACK
6
CONTINUOUS
10
0.4095020866141732
20
-0.4278574803149606
11
0.4065024803149606
21
-0.4278574803149606
0
LINE
8
BLACK
6
CONTINUOUS
10
0.4065024803149606
20
-0.4278574803149606
11
0.406265
21
-0.4278102362204724
0
LINE
8
BLACK
6
CONTINUOUS
10
0.406265
20
-0.4278102362204724
11
0.4061774015748031
21
-0.4278304724409449
0
LINE
8
BLACK
6
CONTINUOUS
10
0.4061774015748031
20
-0.4278304724409449
11
0.4059682677165354
21
-0.427751220472441
0
LINE
8
BLACK
6
CONTINUOUS
10
0.4059682677165354
20
-0.427751220472441
11
0.4057491732283465
21
-0.4277076377952756
0
LINE
8
BLACK
6
CONTINUOUS
10
0.4057491732283465
20
-0.4277076377952756
11
0.4056855905511811
21
-0.4276440551181102
0
LINE
8
BLACK
6
CONTINUOUS
10
0.4056855905511811
20
-0.4276440551181102
11
0.4054591732283465
21
-0.4275582677165354
0
LINE
8
BLACK
6
CONTINUOUS
10
0.4054591732283465
20
-0.4275582677165354
11
0.4024595275590551
21
-0.4256835039370079
0
LINE
8
BLACK
6
CONTINUOUS
10
0.4024595275590551
20
-0.4256835039370079
11
0.4022185826771654
21
-0.425456811023622
0
LINE
8
BLACK
6
CONTINUOUS
10
0.4022185826771654
20
-0.425456811023622
11
0.4019657086614173
21
-0.425243937007874
0
LINE
8
BLACK
6
CONTINUOUS
10
0.4019657086614173
20
-0.425243937007874
11
0.4004658661417323
21
-0.4233691732283464
0
LINE
8
BLACK
6
CONTINUOUS
10
0.4004658661417323
20
-0.4233691732283464
11
0.4003327952755906
21
-0.4231125196850394
0
LINE
8
BLACK
6
CONTINUOUS
10
0.4003327952755906
20
-0.4231125196850394
11
0.4001753149606299
21
-0.4228705118110236
0
LINE
8
BLACK
6
CONTINUOUS
10
0.4001753149606299
20
-0.4228705118110236
11
0.3986755118110236
21
-0.4191209842519685
0
LINE
8
BLACK
6
CONTINUOUS
10
0.3986755118110236
20
-0.4191209842519685
11
0.3986423622047244
21
-0.4189431102362204
0
LINE
8
BLACK
6
CONTINUOUS
10
0.3986423622047244
20
-0.4189431102362204
11
0.3985729527559055
21
-0.4187759842519685
0
LINE
8
BLACK
6
CONTINUOUS
10
0.3985729527559055
20
-0.4187759842519685
11
0.3970731496062992
21
-0.4112769291338583
0
LINE
8
BLACK
6
CONTINUOUS
10
0.3970731496062992
20
-0.4112769291338583
11
0.3970729133858268
21
-0.4110820472440945
0
LINE
8
BLACK
6
CONTINUOUS
10
0.3970729133858268
20
-0.4110820472440945
11
0.3970349212598425
21
-0.4108908661417323
0
LINE
8
BLACK
6
CONTINUOUS
10
0.3970349212598425
20
-0.4108908661417323
11
0.3970349212598425
21
-0.4015170472440945
0
LINE
8
BLACK
6
CONTINUOUS
10
0.3970349212598425
20
-0.4015170472440945
11
0.3970729133858268
21
-0.4013258267716535
0
LINE
8
BLACK
6
CONTINUOUS
10
0.3970729133858268
20
-0.4013258267716535
11
0.3970731496062992
21
-0.4011309842519685
0
LINE
8
BLACK
6
CONTINUOUS
10
0.3970731496062992
20
-0.4011309842519685
11
0.3985729527559055
21
-0.3936319291338582
0
LINE
8
BLACK
6
CONTINUOUS
10
0.3985729527559055
20
-0.3936319291338582
11
0.3986423622047244
21
-0.3934647637795275
0
LINE
8
BLACK
6
CONTINUOUS
10
0.3986423622047244
20
-0.3934647637795275
11
0.3986755118110236
21
-0.3932869291338583
0
LINE
8
BLACK
6
CONTINUOUS
10
0.3986755118110236
20
-0.3932869291338583
11
0.4001753149606299
21
-0.3895374015748032
0
LINE
8
BLACK
6
CONTINUOUS
10
0.4001753149606299
20
-0.3895374015748032
11
0.4003327952755906
21
-0.3892953543307087
0
LINE
8
BLACK
6
CONTINUOUS
10
0.4003327952755906
20
-0.3892953543307087
11
0.4004658661417323
21
-0.3890387401574803
0
LINE
8
BLACK
6
CONTINUOUS
10
0.4004658661417323
20
-0.3890387401574803
11
0.4019657086614173
21
-0.3871639763779527
0
LINE
8
BLACK
6
CONTINUOUS
10
0.4019657086614173
20
-0.3871639763779527
11
0.4022185826771654
21
-0.3869510629921259
0
LINE
8
BLACK
6
CONTINUOUS
10
0.4022185826771654
20
-0.3869510629921259
11
0.4024595275590551
21
-0.3867244094488189
0
LINE
8
BLACK
6
CONTINUOUS
10
0.4024595275590551
20
-0.3867244094488189
11
0.4054591338582677
21
-0.3848496062992126
0
LINE
8
BLACK
6
CONTINUOUS
10
0.4054591338582677
20
-0.3848496062992126
11
0.4056856299212598
21
-0.3847637401574803
0
LINE
8
BLACK
6
CONTINUOUS
10
0.4056856299212598
20
-0.3847637401574803
11
0.4057491732283465
21
-0.3847002362204724
0
LINE
8
BLACK
6
CONTINUOUS
10
0.4057491732283465
20
-0.3847002362204724
11
0.4059683464566929
21
-0.3846566141732283
0
LINE
8
BLACK
6
CONTINUOUS
10
0.4059683464566929
20
-0.3846566141732283
11
0.4061773622047244
21
-0.3845774409448819
0
LINE
8
BLACK
6
CONTINUOUS
10
0.4061773622047244
20
-0.3845774409448819
11
0.4062649212598425
21
-0.3845976377952756
0
LINE
8
BLACK
6
CONTINUOUS
10
0.4062649212598425
20
-0.3845976377952756
11
0.4065024803149606
21
-0.3845503937007874
0
LINE
8
BLACK
6
CONTINUOUS
10
0.4065024803149606
20
-0.3845503937007874
11
0.4095020866141732
21
-0.3845503937007874
0
LINE
8
BLACK
6
CONTINUOUS
10
0.4095020866141732
20
-0.3845503937007874
11
0.4097396062992126
21
-0.3845976377952756
0
LINE
8
BLACK
6
CONTINUOUS
10
0.4048305511811023
20
-0.3898851968503937
11
0.4037223622047244
21
-0.3912703937007874
0
LINE
8
BLACK
6
CONTINUOUS
10
0.4037223622047244
20
-0.3912703937007874
11
0.402398031496063
21
-0.3945812598425197
0
LINE
8
BLACK
6
CONTINUOUS
10
0.402398031496063
20
-0.3945812598425197
11
0.4009719291338583
21
-0.4017119291338583
0
LINE
8
BLACK
6
CONTINUOUS
10
0.4009719291338583
20
-0.4017119291338583
11
0.4009719291338583
21
-0.4106959448818898
0
LINE
8
BLACK
6
CONTINUOUS
10
0.4009719291338583
20
-0.4106959448818898
11
0.402398031496063
21
-0.4178266141732284
0
LINE
8
BLACK
6
CONTINUOUS
10
0.402398031496063
20
-0.4178266141732284
11
0.4037223622047244
21
-0.4211374803149606
0
LINE
8
BLACK
6
CONTINUOUS
10
0.4037223622047244
20
-0.4211374803149606
11
0.4048305118110236
21
-0.4225226377952756
0
LINE
8
BLACK
6
CONTINUOUS
10
0.4048305118110236
20
-0.4225226377952756
11
0.4070670472440945
21
-0.4239204724409449
0
LINE
8
BLACK
6
CONTINUOUS
10
0.4070670472440945
20
-0.4239204724409449
11
0.4089375196850394
21
-0.4239204724409449
0
LINE
8
BLACK
6
CONTINUOUS
10
0.4089375196850394
20
-0.4239204724409449
11
0.4111740157480315
21
-0.4225226377952756
0
LINE
8
BLACK
6
CONTINUOUS
10
0.4111740157480315
20
-0.4225226377952756
11
0.412282125984252
21
-0.4211375196850394
0
LINE
8
BLACK
6
CONTINUOUS
10
0.412282125984252
20
-0.4211375196850394
11
0.4136064960629921
21
-0.4178266141732284
0
LINE
8
BLACK
6
CONTINUOUS
10
0.4136064960629921
20
-0.4178266141732284
11
0.4150326771653543
21
-0.410695905511811
0
LINE
8
BLACK
6
CONTINUOUS
10
0.4150326771653543
20
-0.410695905511811
11
0.4150326771653543
21
-0.401711968503937
0
LINE
8
BLACK
6
CONTINUOUS
10
0.4150326771653543
20
-0.401711968503937
11
0.4136064960629921
21
-0.3945812598425197
0
LINE
8
BLACK
6
CONTINUOUS
10
0.4136064960629921
20
-0.3945812598425197
11
0.412282125984252
21
-0.3912703543307087
0
LINE
8
BLACK
6
CONTINUOUS
10
0.412282125984252
20
-0.3912703543307087
11
0.4111740551181102
21
-0.3898852755905512
0
LINE
8
BLACK
6
CONTINUOUS
10
0.4111740551181102
20
-0.3898852755905512
11
0.4089375196850394
21
-0.3884874015748032
0
LINE
8
BLACK
6
CONTINUOUS
10
0.4089375196850394
20
-0.3884874015748032
11
0.4070670472440945
21
-0.3884874015748032
0
LINE
8
BLACK
6
CONTINUOUS
10
0.4070670472440945
20
-0.3884874015748032
11
0.4048305511811023
21
-0.3898851968503937
0
LINE
8
BLACK
6
CONTINUOUS
10
0.2416288976377953
20
-0.3853800393700788
11
0.2419638976377953
21
-0.3868489763779527
0
LINE
8
BLACK
6
CONTINUOUS
10
0.2419638976377953
20
-0.3868489763779527
11
0.2416898818897638
21
-0.3875664960629921
0
LINE
8
BLACK
6
CONTINUOUS
10
0.2416898818897638
20
-0.3875664960629921
11
0.2340993700787402
21
-0.3996422440944882
0
LINE
8
BLACK
6
CONTINUOUS
10
0.2340993700787402
20
-0.3996422440944882
11
0.2416898818897638
21
-0.411718031496063
0
LINE
8
BLACK
6
CONTINUOUS
10
0.2416898818897638
20
-0.411718031496063
11
0.2419638976377953
21
-0.4124355511811024
0
LINE
8
BLACK
6
CONTINUOUS
10
0.2419638976377953
20
-0.4124355511811024
11
0.2416288976377953
21
-0.4139044881889763
0
LINE
8
BLACK
6
CONTINUOUS
10
0.2416288976377953
20
-0.4139044881889763
11
0.2403533464566929
21
-0.4147062598425197
0
LINE
8
BLACK
6
CONTINUOUS
10
0.2403533464566929
20
-0.4147062598425197
11
0.2388844094488189
21
-0.4143712598425197
0
LINE
8
BLACK
6
CONTINUOUS
10
0.2388844094488189
20
-0.4143712598425197
11
0.2383566535433071
21
-0.4138132283464567
0
LINE
8
BLACK
6
CONTINUOUS
10
0.2383566535433071
20
-0.4138132283464567
11
0.2317742913385827
21
-0.4033412598425197
0
LINE
8
BLACK
6
CONTINUOUS
10
0.2317742913385827
20
-0.4033412598425197
11
0.2251919291338583
21
-0.4138132283464567
0
LINE
8
BLACK
6
CONTINUOUS
10
0.2251919291338583
20
-0.4138132283464567
11
0.2246641732283464
21
-0.4143712598425197
0
LINE
8
BLACK
6
CONTINUOUS
10
0.2246641732283464
20
-0.4143712598425197
11
0.2231952362204724
21
-0.4147062598425197
0
LINE
8
BLACK
6
CONTINUOUS
10
0.2231952362204724
20
-0.4147062598425197
11
0.2219196850393701
21
-0.4139044881889763
0
LINE
8
BLACK
6
CONTINUOUS
10
0.2219196850393701
20
-0.4139044881889763
11
0.2215846850393701
21
-0.4124355511811024
0
LINE
8
BLACK
6
CONTINUOUS
10
0.2215846850393701
20
-0.4124355511811024
11
0.2218587007874016
21
-0.411718031496063
0
LINE
8
BLACK
6
CONTINUOUS
10
0.2218587007874016
20
-0.411718031496063
11
0.2294491732283465
21
-0.3996422440944882
0
LINE
8
BLACK
6
CONTINUOUS
10
0.2294491732283465
20
-0.3996422440944882
11
0.2218587007874016
21
-0.3875664960629921
0
LINE
8
BLACK
6
CONTINUOUS
10
0.2218587007874016
20
-0.3875664960629921
11
0.2215846850393701
21
-0.3868489763779527
0
LINE
8
BLACK
6
CONTINUOUS
10
0.2215846850393701
20
-0.3868489763779527
11
0.2219196850393701
21
-0.3853800393700788
0
LINE
8
BLACK
6
CONTINUOUS
10
0.2219196850393701
20
-0.3853800393700788
11
0.2231952362204724
21
-0.3845782677165354
0
LINE
8
BLACK
6
CONTINUOUS
10
0.2231952362204724
20
-0.3845782677165354
11
0.2246641732283464
21
-0.3849132677165354
0
LINE
8
BLACK
6
CONTINUOUS
10
0.2246641732283464
20
-0.3849132677165354
11
0.2251919291338583
21
-0.3854712992125984
0
LINE
8
BLACK
6
CONTINUOUS
10
0.2251919291338583
20
-0.3854712992125984
11
0.2317742913385827
21
-0.3959432283464567
0
LINE
8
BLACK
6
CONTINUOUS
10
0.2317742913385827
20
-0.3959432283464567
11
0.2383566535433071
21
-0.3854712992125984
0
LINE
8
BLACK
6
CONTINUOUS
10
0.2383566535433071
20
-0.3854712992125984
11
0.2388844094488189
21
-0.3849132677165354
0
LINE
8
BLACK
6
CONTINUOUS
10
0.2388844094488189
20
-0.3849132677165354
11
0.2403533464566929
21
-0.3845782677165354
0
LINE
8
BLACK
6
CONTINUOUS
10
0.2403533464566929
20
-0.3845782677165354
11
0.2416288976377953
21
-0.3853800393700788
0
LINE
8
BLACK
6
CONTINUOUS
10
0.3901103543307087
20
-0.3853800393700788
11
0.3904453543307086
21
-0.3868489763779527
0
LINE
8
BLACK
6
CONTINUOUS
10
0.3904453543307086
20
-0.3868489763779527
11
0.3901713385826772
21
-0.3875664960629921
0
LINE
8
BLACK
6
CONTINUOUS
10
0.3901713385826772
20
-0.3875664960629921
11
0.3825808267716536
21
-0.3996422440944882
0
LINE
8
BLACK
6
CONTINUOUS
10
0.3825808267716536
20
-0.3996422440944882
11
0.3901713385826772
21
-0.411718031496063
0
LINE
8
BLACK
6
CONTINUOUS
10
0.3901713385826772
20
-0.411718031496063
11
0.3904453543307086
21
-0.4124355511811024
0
LINE
8
BLACK
6
CONTINUOUS
10
0.3904453543307086
20
-0.4124355511811024
11
0.3901103543307087
21
-0.4139044881889763
0
LINE
8
BLACK
6
CONTINUOUS
10
0.3901103543307087
20
-0.4139044881889763
11
0.3888348031496063
21
-0.4147062598425197
0
LINE
8
BLACK
6
CONTINUOUS
10
0.3888348031496063
20
-0.4147062598425197
11
0.3873658661417323
21
-0.4143712598425197
0
LINE
8
BLACK
6
CONTINUOUS
10
0.3873658661417323
20
-0.4143712598425197
11
0.3868381102362204
21
-0.4138132283464567
0
LINE
8
BLACK
6
CONTINUOUS
10
0.3868381102362204
20
-0.4138132283464567
11
0.380255748031496
21
-0.4033412598425197
0
LINE
8
BLACK
6
CONTINUOUS
10
0.380255748031496
20
-0.4033412598425197
11
0.3736733858267716
21
-0.4138132283464567
0
LINE
8
BLACK
6
CONTINUOUS
10
0.3736733858267716
20
-0.4138132283464567
11
0.3731456299212598
21
-0.4143712598425197
0
LINE
8
BLACK
6
CONTINUOUS
10
0.3731456299212598
20
-0.4143712598425197
11
0.3716766929133858
21
-0.4147062598425197
0
LINE
8
BLACK
6
CONTINUOUS
10
0.3716766929133858
20
-0.4147062598425197
11
0.3704011417322834
21
-0.4139044881889763
0
LINE
8
BLACK
6
CONTINUOUS
10
0.3704011417322834
20
-0.4139044881889763
11
0.3700661417322835
21
-0.4124355511811024
0
LINE
8
BLACK
6
CONTINUOUS
10
0.3700661417322835
20
-0.4124355511811024
11
0.370340157480315
21
-0.411718031496063
0
LINE
8
BLACK
6
CONTINUOUS
10
0.370340157480315
20
-0.411718031496063
11
0.3779306299212598
21
-0.3996422440944882
0
LINE
8
BLACK
6
CONTINUOUS
10
0.3779306299212598
20
-0.3996422440944882
11
0.370340157480315
21
-0.3875664960629921
0
LINE
8
BLACK
6
CONTINUOUS
10
0.370340157480315
20
-0.3875664960629921
11
0.3700661417322835
21
-0.3868489763779527
0
LINE
8
BLACK
6
CONTINUOUS
10
0.3700661417322835
20
-0.3868489763779527
11
0.3704011417322834
21
-0.3853800393700788
0
LINE
8
BLACK
6
CONTINUOUS
10
0.3704011417322834
20
-0.3853800393700788
11
0.3716766929133858
21
-0.3845782677165354
0
LINE
8
BLACK
6
CONTINUOUS
10
0.3716766929133858
20
-0.3845782677165354
11
0.3731456299212598
21
-0.3849132677165354
0
LINE
8
BLACK
6
CONTINUOUS
10
0.3731456299212598
20
-0.3849132677165354
11
0.3736733858267716
21
-0.3854712992125984
0
LINE
8
BLACK
6
CONTINUOUS
10
0.3736733858267716
20
-0.3854712992125984
11
0.380255748031496
21
-0.3959432283464567
0
LINE
8
BLACK
6
CONTINUOUS
10
0.380255748031496
20
-0.3959432283464567
11
0.3868381102362204
21
-0.3854712992125984
0
LINE
8
BLACK
6
CONTINUOUS
10
0.3868381102362204
20
-0.3854712992125984
11
0.3873658661417323
21
-0.3849132677165354
0
LINE
8
BLACK
6
CONTINUOUS
10
0.3873658661417323
20
-0.3849132677165354
11
0.3888348031496063
21
-0.3845782677165354
0
LINE
8
BLACK
6
CONTINUOUS
10
0.3888348031496063
20
-0.3845782677165354
11
0.3901103543307087
21
-0.3853800393700788
0
LINE
8
BLACK
6
CONTINUOUS
10
0.0851559448818898
20
-0.3537231102362204
11
0.0864343700787401
21
-0.3550015354330708
0
LINE
8
BLACK
6
CONTINUOUS
10
0.0864343700787401
20
-0.3550015354330708
11
0.0866141732283465
21
-0.3559055118110236
0
LINE
8
BLACK
6
CONTINUOUS
10
0.0866141732283465
20
-0.3559055118110236
11
0.0866141732283465
21
-0.408267716535433
0
LINE
8
BLACK
6
CONTINUOUS
10
0.0866141732283465
20
-0.408267716535433
11
0.0864343700787401
21
-0.4091716929133858
0
LINE
8
BLACK
6
CONTINUOUS
10
0.0864343700787401
20
-0.4091716929133858
11
0.0851559448818898
21
-0.4104501181102362
0
LINE
8
BLACK
6
CONTINUOUS
10
0.0851559448818898
20
-0.4104501181102362
11
0.0833479921259842
21
-0.4104501181102362
0
LINE
8
BLACK
6
CONTINUOUS
10
0.0833479921259842
20
-0.4104501181102362
11
0.0820695669291338
21
-0.4091716929133858
0
LINE
8
BLACK
6
CONTINUOUS
10
0.0820695669291338
20
-0.4091716929133858
11
0.0818897637795276
21
-0.408267716535433
0
LINE
8
BLACK
6
CONTINUOUS
10
0.0818897637795276
20
-0.408267716535433
11
0.0818897637795276
21
-0.358267716535433
0
LINE
8
BLACK
6
CONTINUOUS
10
0.0818897637795276
20
-0.358267716535433
11
0.0318897637795276
21
-0.358267716535433
0
LINE
8
BLACK
6
CONTINUOUS
10
0.0318897637795276
20
-0.358267716535433
11
0.0309857874015748
21
-0.3580879133858267
0
LINE
8
BLACK
6
CONTINUOUS
10
0.0309857874015748
20
-0.3580879133858267
11
0.0297073622047244
21
-0.3568094881889763
0
LINE
8
BLACK
6
CONTINUOUS
10
0.0297073622047244
20
-0.3568094881889763
11
0.0297073622047244
21
-0.3550015354330708
0
LINE
8
BLACK
6
CONTINUOUS
10
0.0297073622047244
20
-0.3550015354330708
11
0.0309857874015748
21
-0.3537231102362204
0
LINE
8
BLACK
6
CONTINUOUS
10
0.0309857874015748
20
-0.3537231102362204
11
0.0318897637795276
21
-0.3535433070866142
0
LINE
8
BLACK
6
CONTINUOUS
10
0.0318897637795276
20
-0.3535433070866142
11
0.084251968503937
21
-0.3535433070866142
0
LINE
8
BLACK
6
CONTINUOUS
10
0.084251968503937
20
-0.3535433070866142
11
0.0851559448818898
21
-0.3537231102362204
0
LINE
8
BLACK
6
CONTINUOUS
10
0.2991311023622047
20
-0.2785315354330709
11
0.2992617716535433
21
-0.2785856692913386
0
LINE
8
BLACK
6
CONTINUOUS
10
0.2992617716535433
20
-0.2785856692913386
11
0.2994029527559055
21
-0.2785957086614173
0
LINE
8
BLACK
6
CONTINUOUS
10
0.2994029527559055
20
-0.2785957086614173
11
0.3001237401574803
21
-0.2788715748031496
0
LINE
8
BLACK
6
CONTINUOUS
10
0.3001237401574803
20
-0.2788715748031496
11
0.3038732677165354
21
-0.2807463779527559
0
LINE
8
BLACK
6
CONTINUOUS
10
0.3038732677165354
20
-0.2807463779527559
11
0.3042037795275591
21
-0.2809544094488189
0
LINE
8
BLACK
6
CONTINUOUS
10
0.3042037795275591
20
-0.2809544094488189
11
0.3042998425196851
21
-0.2809942125984252
0
LINE
8
BLACK
6
CONTINUOUS
10
0.3042998425196851
20
-0.2809942125984252
11
0.3044079133858268
21
-0.2810829133858267
0
LINE
8
BLACK
6
CONTINUOUS
10
0.3044079133858268
20
-0.2810829133858267
11
0.3045264566929134
21
-0.2811575196850394
0
LINE
8
BLACK
6
CONTINUOUS
10
0.3045264566929134
20
-0.2811575196850394
11
0.3045946062992126
21
-0.2812361023622047
0
LINE
8
BLACK
6
CONTINUOUS
10
0.3045946062992126
20
-0.2812361023622047
11
0.3048964566929134
21
-0.2814838188976378
0
LINE
8
BLACK
6
CONTINUOUS
10
0.3048964566929134
20
-0.2814838188976378
11
0.3067711811023622
21
-0.2833585826771653
0
LINE
8
BLACK
6
CONTINUOUS
10
0.3067711811023622
20
-0.2833585826771653
11
0.3072608267716536
21
-0.283955157480315
0
LINE
8
BLACK
6
CONTINUOUS
10
0.3072608267716536
20
-0.283955157480315
11
0.3078486614173228
21
-0.2853744094488189
0
LINE
8
BLACK
6
CONTINUOUS
10
0.3078486614173228
20
-0.2853744094488189
11
0.3078486614173228
21
-0.2869105511811024
0
LINE
8
BLACK
6
CONTINUOUS
10
0.3078486614173228
20
-0.2869105511811024
11
0.3072608267716536
21
-0.2883297637795276
0
LINE
8
BLACK
6
CONTINUOUS
10
0.3072608267716536
20
-0.2883297637795276
11
0.3061746062992126
21
-0.2894159842519685
0
LINE
8
BLACK
6
CONTINUOUS
10
0.3061746062992126
20
-0.2894159842519685
11
0.3047553937007874
21
-0.2900038188976378
0
LINE
8
BLACK
6
CONTINUOUS
10
0.3047553937007874
20
-0.2900038188976378
11
0.3032192519685039
21
-0.2900038188976378
0
LINE
8
BLACK
6
CONTINUOUS
10
0.3032192519685039
20
-0.2900038188976378
11
0.3018
21
-0.2894159842519685
0
LINE
8
BLACK
6
CONTINUOUS
10
0.3018
20
-0.2894159842519685
11
0.3012034251968504
21
-0.2889263385826771
0
LINE
8
BLACK
6
CONTINUOUS
10
0.3012034251968504
20
-0.2889263385826771
11
0.2997803543307087
21
-0.2875032677165354
0
LINE
8
BLACK
6
CONTINUOUS
10
0.2997803543307087
20
-0.2875032677165354
11
0.2974336614173228
21
-0.2863299212598425
0
LINE
8
BLACK
6
CONTINUOUS
10
0.2974336614173228
20
-0.2863299212598425
11
0.2880438188976378
21
-0.2863299212598425
0
LINE
8
BLACK
6
CONTINUOUS
10
0.2880438188976378
20
-0.2863299212598425
11
0.2856970472440945
21
-0.2875033070866141
0
LINE
8
BLACK
6
CONTINUOUS
10
0.2856970472440945
20
-0.2875033070866141
11
0.2847258267716535
21
-0.2884745669291339
0
LINE
8
BLACK
6
CONTINUOUS
10
0.2847258267716535
20
-0.2884745669291339
11
0.2835524015748032
21
-0.2908214173228346
0
LINE
8
BLACK
6
CONTINUOUS
10
0.2835524015748032
20
-0.2908214173228346
11
0.2835524015748032
21
-0.2983363779527559
0
LINE
8
BLACK
6
CONTINUOUS
10
0.2835524015748032
20
-0.2983363779527559
11
0.2847258267716535
21
-0.3006832283464567
0
LINE
8
BLACK
6
CONTINUOUS
10
0.2847258267716535
20
-0.3006832283464567
11
0.2856970078740158
21
-0.3016544488188976
0
LINE
8
BLACK
6
CONTINUOUS
10
0.2856970078740158
20
-0.3016544488188976
11
0.2880438582677165
21
-0.302827874015748
0
LINE
8
BLACK
6
CONTINUOUS
10
0.2880438582677165
20
-0.302827874015748
11
0.2927387401574803
21
-0.302827874015748
0
LINE
8
BLACK
6
CONTINUOUS
10
0.2927387401574803
20
-0.302827874015748
11
0.2931449212598425
21
-0.3028678346456693
0
LINE
8
BLACK
6
CONTINUOUS
10
0.2931449212598425
20
-0.3028678346456693
11
0.2932482677165354
21
-0.3028609842519685
0
LINE
8
BLACK
6
CONTINUOUS
10
0.2932482677165354
20
-0.3028609842519685
11
0.2933194094488189
21
-0.3028850393700787
0
LINE
8
BLACK
6
CONTINUOUS
10
0.2933194094488189
20
-0.3028850393700787
11
0.293506811023622
21
-0.3029035039370079
0
LINE
8
BLACK
6
CONTINUOUS
10
0.293506811023622
20
-0.3029035039370079
11
0.2940974803149606
21
-0.3031481496062992
0
LINE
8
BLACK
6
CONTINUOUS
10
0.2940974803149606
20
-0.3031481496062992
11
0.2947034645669291
21
-0.3033531102362205
0
LINE
8
BLACK
6
CONTINUOUS
10
0.2947034645669291
20
-0.3033531102362205
11
0.2948034251968504
21
-0.3034405905511811
0
LINE
8
BLACK
6
CONTINUOUS
10
0.2948034251968504
20
-0.3034405905511811
11
0.2949260236220472
21
-0.3034913779527559
0
LINE
8
BLACK
6
CONTINUOUS
10
0.2949260236220472
20
-0.3034913779527559
11
0.295377874015748
21
-0.3039432283464567
0
LINE
8
BLACK
6
CONTINUOUS
10
0.295377874015748
20
-0.3039432283464567
11
0.2958595275590551
21
-0.3043646850393701
0
LINE
8
BLACK
6
CONTINUOUS
10
0.2958595275590551
20
-0.3043646850393701
11
0.2959183858267717
21
-0.3044837401574803
0
LINE
8
BLACK
6
CONTINUOUS
10
0.2959183858267717
20
-0.3044837401574803
11
0.2960122440944882
21
-0.3045775984251968
0
LINE
8
BLACK
6
CONTINUOUS
10
0.2960122440944882
20
-0.3045775984251968
11
0.2962568897637795
21
-0.3051681889763779
0
LINE
8
BLACK
6
CONTINUOUS
10
0.2962568897637795
20
-0.3051681889763779
11
0.2965404724409449
21
-0.3057416535433071
0
LINE
8
BLACK
6
CONTINUOUS
10
0.2965404724409449
20
-0.3057416535433071
11
0.2965492913385827
21
-0.3058741338582677
0
LINE
8
BLACK
6
CONTINUOUS
10
0.2965492913385827
20
-0.3058741338582677
11
0.2966001181102362
21
-0.305996811023622
0
LINE
8
BLACK
6
CONTINUOUS
10
0.2966001181102362
20
-0.305996811023622
11
0.2966001181102362
21
-0.3066364960629921
0
LINE
8
BLACK
6
CONTINUOUS
10
0.2966001181102362
20
-0.3066364960629921
11
0.2966426377952756
21
-0.3072744094488189
0
LINE
8
BLACK
6
CONTINUOUS
10
0.2966426377952756
20
-0.3072744094488189
11
0.2966001181102362
21
-0.3074001181102362
0
LINE
8
BLACK
6
CONTINUOUS
10
0.2966001181102362
20
-0.3074001181102362
11
0.2966001181102362
21
-0.3075329527559055
0
LINE
8
BLACK
6
CONTINUOUS
10
0.2966001181102362
20
-0.3075329527559055
11
0.2963553937007874
21
-0.3081237007874016
0
LINE
8
BLACK
6
CONTINUOUS
10
0.2963553937007874
20
-0.3081237007874016
11
0.2961505118110236
21
-0.3087295669291338
0
LINE
8
BLACK
6
CONTINUOUS
10
0.2961505118110236
20
-0.3087295669291338
11
0.2960409842519685
21
-0.3088827165354331
0
LINE
8
BLACK
6
CONTINUOUS
10
0.2960409842519685
20
-0.3088827165354331
11
0.2960122440944882
21
-0.3089521653543307
0
LINE
8
BLACK
6
CONTINUOUS
10
0.2960122440944882
20
-0.3089521653543307
11
0.2959390157480315
21
-0.3090253543307087
0
LINE
8
BLACK
6
CONTINUOUS
10
0.2959390157480315
20
-0.3090253543307087
11
0.2957016535433071
21
-0.3093574015748031
0
LINE
8
BLACK
6
CONTINUOUS
10
0.2957016535433071
20
-0.3093574015748031
11
0.2882916535433071
21
-0.3178259842519685
0
LINE
8
BLACK
6
CONTINUOUS
10
0.2882916535433071
20
-0.3178259842519685
11
0.3039873228346456
21
-0.3178259842519685
0
LINE
8
BLACK
6
CONTINUOUS
10
0.3039873228346456
20
-0.3178259842519685
11
0.3047553937007874
21
-0.3179016141732283
0
LINE
8
BLACK
6
CONTINUOUS
10
0.3047553937007874
20
-0.3179016141732283
11
0.3061746062992126
21
-0.3184894881889764
0
LINE
8
BLACK
6
CONTINUOUS
10
0.3061746062992126
20
-0.3184894881889764
11
0.3072608267716536
21
-0.3195757086614173
0
LINE
8
BLACK
6
CONTINUOUS
10
0.3072608267716536
20
-0.3195757086614173
11
0.3078487007874016
21
-0.3209949212598425
0
LINE
8
BLACK
6
CONTINUOUS
10
0.3078487007874016
20
-0.3209949212598425
11
0.3078487007874016
21
-0.322531062992126
0
LINE
8
BLACK
6
CONTINUOUS
10
0.3078487007874016
20
-0.322531062992126
11
0.3072608267716536
21
-0.3239502755905512
0
LINE
8
BLACK
6
CONTINUOUS
10
0.3072608267716536
20
-0.3239502755905512
11
0.3061746062992126
21
-0.3250364960629921
0
LINE
8
BLACK
6
CONTINUOUS
10
0.3061746062992126
20
-0.3250364960629921
11
0.3047553937007874
21
-0.3256243700787402
0
LINE
8
BLACK
6
CONTINUOUS
10
0.3047553937007874
20
-0.3256243700787402
11
0.3039873228346456
21
-0.3257
0
LINE
8
BLACK
6
CONTINUOUS
10
0.3039873228346456
20
-0.3257
11
0.2796153937007874
21
-0.3257
0
LINE
8
BLACK
6
CONTINUOUS
10
0.2796153937007874
20
-0.3257
11
0.2792091732283464
21
-0.32566
0
LINE
8
BLACK
6
CONTINUOUS
10
0.2792091732283464
20
-0.32566
11
0.2791058661417323
21
-0.3256668897637795
0
LINE
8
BLACK
6
CONTINUOUS
10
0.2791058661417323
20
-0.3256668897637795
11
0.2790346850393701
21
-0.3256427952755905
0
LINE
8
BLACK
6
CONTINUOUS
10
0.2790346850393701
20
-0.3256427952755905
11
0.2788473228346456
21
-0.3256243700787402
0
LINE
8
BLACK
6
CONTINUOUS
10
0.2788473228346456
20
-0.3256243700787402
11
0.2782565354330709
21
-0.3253796456692913
0
LINE
8
BLACK
6
CONTINUOUS
10
0.2782565354330709
20
-0.3253796456692913
11
0.2776507086614173
21
-0.3251747637795275
0
LINE
8
BLACK
6
CONTINUOUS
10
0.2776507086614173
20
-0.3251747637795275
11
0.2775507086614173
21
-0.3250872834645669
0
LINE
8
BLACK
6
CONTINUOUS
10
0.2775507086614173
20
-0.3250872834645669
11
0.2774281102362205
21
-0.3250364960629921
0
LINE
8
BLACK
6
CONTINUOUS
10
0.2774281102362205
20
-0.3250364960629921
11
0.2769759448818898
21
-0.3245843307086614
0
LINE
8
BLACK
6
CONTINUOUS
10
0.2769759448818898
20
-0.3245843307086614
11
0.2764946456692913
21
-0.324163188976378
0
LINE
8
BLACK
6
CONTINUOUS
10
0.2764946456692913
20
-0.324163188976378
11
0.2764357480314961
21
-0.3240441338582677
0
LINE
8
BLACK
6
CONTINUOUS
10
0.2764357480314961
20
-0.3240441338582677
11
0.2763418897637795
21
-0.3239502755905512
0
LINE
8
BLACK
6
CONTINUOUS
10
0.2763418897637795
20
-0.3239502755905512
11
0.276097125984252
21
-0.3233594488188976
0
LINE
8
BLACK
6
CONTINUOUS
10
0.276097125984252
20
-0.3233594488188976
11
0.2758136614173228
21
-0.3227862204724409
0
LINE
8
BLACK
6
CONTINUOUS
10
0.2758136614173228
20
-0.3227862204724409
11
0.2758048031496063
21
-0.3226537007874016
0
LINE
8
BLACK
6
CONTINUOUS
10
0.2758048031496063
20
-0.3226537007874016
11
0.2757540157480315
21
-0.322531062992126
0
LINE
8
BLACK
6
CONTINUOUS
10
0.2757540157480315
20
-0.322531062992126
11
0.2757540157480315
21
-0.3218913385826772
0
LINE
8
BLACK
6
CONTINUOUS
10
0.2757540157480315
20
-0.3218913385826772
11
0.2757114960629921
21
-0.3212534645669291
0
LINE
8
BLACK
6
CONTINUOUS
10
0.2757114960629921
20
-0.3212534645669291
11
0.2757540157480315
21
-0.321127716535433
0
LINE
8
BLACK
6
CONTINUOUS
10
0.2757540157480315
20
-0.321127716535433
11
0.2757540157480315
21
-0.3209949212598425
0
LINE
8
BLACK
6
CONTINUOUS
10
0.2757540157480315
20
-0.3209949212598425
11
0.2759987007874016
21
-0.3204041338582677
0
LINE
8
BLACK
6
CONTINUOUS
10
0.2759987007874016
20
-0.3204041338582677
11
0.2762036220472441
21
-0.3197983070866142
0
LINE
8
BLACK
6
CONTINUOUS
10
0.2762036220472441
20
-0.3197983070866142
11
0.2763131102362205
21
-0.3196451181102362
0
LINE
8
BLACK
6
CONTINUOUS
10
0.2763131102362205
20
-0.3196451181102362
11
0.2763418897637795
21
-0.3195757086614173
0
LINE
8
BLACK
6
CONTINUOUS
10
0.2763418897637795
20
-0.3195757086614173
11
0.2764150787401575
21
-0.3195024803149606
0
LINE
8
BLACK
6
CONTINUOUS
10
0.2764150787401575
20
-0.3195024803149606
11
0.2766524803149606
21
-0.3191704724409449
0
LINE
8
BLACK
6
CONTINUOUS
10
0.2766524803149606
20
-0.3191704724409449
11
0.2847084251968504
21
-0.3099635826771653
0
LINE
8
BLACK
6
CONTINUOUS
10
0.2847084251968504
20
-0.3099635826771653
11
0.2816042519685039
21
-0.3084114960629921
0
LINE
8
BLACK
6
CONTINUOUS
10
0.2816042519685039
20
-0.3084114960629921
11
0.2812736614173229
21
-0.3082033858267716
0
LINE
8
BLACK
6
CONTINUOUS
10
0.2812736614173229
20
-0.3082033858267716
11
0.2811775984251969
21
-0.3081636220472441
0
LINE
8
BLACK
6
CONTINUOUS
10
0.2811775984251969
20
-0.3081636220472441
11
0.2810694881889764
21
-0.3080748818897638
0
LINE
8
BLACK
6
CONTINUOUS
10
0.2810694881889764
20
-0.3080748818897638
11
0.280951062992126
21
-0.3080003543307087
0
LINE
8
BLACK
6
CONTINUOUS
10
0.280951062992126
20
-0.3080003543307087
11
0.2808828346456693
21
-0.3079216929133858
0
LINE
8
BLACK
6
CONTINUOUS
10
0.2808828346456693
20
-0.3079216929133858
11
0.2805810236220472
21
-0.3076739763779527
0
LINE
8
BLACK
6
CONTINUOUS
10
0.2805810236220472
20
-0.3076739763779527
11
0.2787062598425197
21
-0.3057992519685039
0
LINE
8
BLACK
6
CONTINUOUS
10
0.2787062598425197
20
-0.3057992519685039
11
0.2784584251968504
21
-0.3054972440944882
0
LINE
8
BLACK
6
CONTINUOUS
10
0.2784584251968504
20
-0.3054972440944882
11
0.2783799212598425
21
-0.3054291732283465
0
LINE
8
BLACK
6
CONTINUOUS
10
0.2783799212598425
20
-0.3054291732283465
11
0.2783053543307086
21
-0.305310748031496
0
LINE
8
BLACK
6
CONTINUOUS
10
0.2783053543307086
20
-0.305310748031496
11
0.2782166535433071
21
-0.3052026377952756
0
LINE
8
BLACK
6
CONTINUOUS
10
0.2782166535433071
20
-0.3052026377952756
11
0.2781768503937008
21
-0.3051065748031496
0
LINE
8
BLACK
6
CONTINUOUS
10
0.2781768503937008
20
-0.3051065748031496
11
0.2779687795275591
21
-0.3047760236220473
0
LINE
8
BLACK
6
CONTINUOUS
10
0.2779687795275591
20
-0.3047760236220473
11
0.2760940157480315
21
-0.3010264960629921
0
LINE
8
BLACK
6
CONTINUOUS
10
0.2760940157480315
20
-0.3010264960629921
11
0.2758181889763779
21
-0.3003057086614173
0
LINE
8
BLACK
6
CONTINUOUS
10
0.2758181889763779
20
-0.3003057086614173
11
0.2758081496062992
21
-0.3001646062992126
0
LINE
8
BLACK
6
CONTINUOUS
10
0.2758081496062992
20
-0.3001646062992126
11
0.2757540157480315
21
-0.3000338976377953
0
LINE
8
BLACK
6
CONTINUOUS
10
0.2757540157480315
20
-0.3000338976377953
11
0.2756783858267716
21
-0.2992658267716535
0
LINE
8
BLACK
6
CONTINUOUS
10
0.2756783858267716
20
-0.2992658267716535
11
0.2756783858267716
21
-0.2898920078740158
0
LINE
8
BLACK
6
CONTINUOUS
10
0.2756783858267716
20
-0.2898920078740158
11
0.2757540157480315
21
-0.289123937007874
0
LINE
8
BLACK
6
CONTINUOUS
10
0.2757540157480315
20
-0.289123937007874
11
0.2758081496062992
21
-0.2889931889763779
0
LINE
8
BLACK
6
CONTINUOUS
10
0.2758081496062992
20
-0.2889931889763779
11
0.2758181889763779
21
-0.288852125984252
0
LINE
8
BLACK
6
CONTINUOUS
10
0.2758181889763779
20
-0.288852125984252
11
0.2760940157480315
21
-0.2881313385826771
0
LINE
8
BLACK
6
CONTINUOUS
10
0.2760940157480315
20
-0.2881313385826771
11
0.2779687795275591
21
-0.284381811023622
0
LINE
8
BLACK
6
CONTINUOUS
10
0.2779687795275591
20
-0.284381811023622
11
0.2781768503937008
21
-0.2840512204724409
0
LINE
8
BLACK
6
CONTINUOUS
10
0.2781768503937008
20
-0.2840512204724409
11
0.2782166535433071
21
-0.2839551968503937
0
LINE
8
BLACK
6
CONTINUOUS
10
0.2782166535433071
20
-0.2839551968503937
11
0.2783053543307086
21
-0.2838470472440945
0
LINE
8
BLACK
6
CONTINUOUS
10
0.2783053543307086
20
-0.2838470472440945
11
0.2783799212598425
21
-0.2837286614173228
0
LINE
8
BLACK
6
CONTINUOUS
10
0.2783799212598425
20
-0.2837286614173228
11
0.2784584251968504
21
-0.2836605511811023
0
LINE
8
BLACK
6
CONTINUOUS
10
0.2784584251968504
20
-0.2836605511811023
11
0.2787062598425197
21
-0.2833585826771653
0
LINE
8
BLACK
6
CONTINUOUS
10
0.2787062598425197
20
-0.2833585826771653
11
0.2805810236220472
21
-0.2814838582677165
0
LINE
8
BLACK
6
CONTINUOUS
10
0.2805810236220472
20
-0.2814838582677165
11
0.2808829527559055
21
-0.2812360236220472
0
LINE
8
BLACK
6
CONTINUOUS
10
0.2808829527559055
20
-0.2812360236220472
11
0.280951062992126
21
-0.2811575196850394
0
LINE
8
BLACK
6
CONTINUOUS
10
0.280951062992126
20
-0.2811575196850394
11
0.2810693307086614
21
-0.281083031496063
0
LINE
8
BLACK
6
CONTINUOUS
10
0.2810693307086614
20
-0.281083031496063
11
0.2811775984251969
21
-0.2809942125984252
0
LINE
8
BLACK
6
CONTINUOUS
10
0.2811775984251969
20
-0.2809942125984252
11
0.2812737795275591
21
-0.2809543700787401
0
LINE
8
BLACK
6
CONTINUOUS
10
0.2812737795275591
20
-0.2809543700787401
11
0.2816042125984252
21
-0.2807463779527559
0
LINE
8
BLACK
6
CONTINUOUS
10
0.2816042125984252
20
-0.2807463779527559
11
0.2853537401574803
21
-0.2788715748031496
0
LINE
8
BLACK
6
CONTINUOUS
10
0.2853537401574803
20
-0.2788715748031496
11
0.2860745669291339
21
-0.2785957086614173
0
LINE
8
BLACK
6
CONTINUOUS
10
0.2860745669291339
20
-0.2785957086614173
11
0.2862156299212598
21
-0.2785856692913386
0
LINE
8
BLACK
6
CONTINUOUS
10
0.2862156299212598
20
-0.2785856692913386
11
0.2863463779527559
21
-0.2785315354330709
0
LINE
8
BLACK
6
CONTINUOUS
10
0.2863463779527559
20
-0.2785315354330709
11
0.2871144488188976
21
-0.278455905511811
0
LINE
8
BLACK
6
CONTINUOUS
10
0.2871144488188976
20
-0.278455905511811
11
0.298363031496063
21
-0.278455905511811
0
LINE
8
BLACK
6
CONTINUOUS
10
0.298363031496063
20
-0.278455905511811
11
0.2991311023622047
21
-0.2785315354330709
0
LINE
8
BLACK
6
CONTINUOUS
10
0.3666226771653543
20
-0.2785315354330709
11
0.3667533464566929
21
-0.2785856692913386
0
LINE
8
BLACK
6
CONTINUOUS
10
0.3667533464566929
20
-0.2785856692913386
11
0.3668945275590551
21
-0.2785957086614173
0
LINE
8
BLACK
6
CONTINUOUS
10
0.3668945275590551
20
-0.2785957086614173
11
0.3676153149606299
21
-0.2788715748031496
0
LINE
8
BLACK
6
CONTINUOUS
10
0.3676153149606299
20
-0.2788715748031496
11
0.371364842519685
21
-0.2807463779527559
0
LINE
8
BLACK
6
CONTINUOUS
10
0.371364842519685
20
-0.2807463779527559
11
0.3716953543307087
21
-0.2809544094488189
0
LINE
8
BLACK
6
CONTINUOUS
10
0.3716953543307087
20
-0.2809544094488189
11
0.3717914173228347
21
-0.2809942125984252
0
LINE
8
BLACK
6
CONTINUOUS
10
0.3717914173228347
20
-0.2809942125984252
11
0.3718994881889764
21
-0.2810829133858267
0
LINE
8
BLACK
6
CONTINUOUS
10
0.3718994881889764
20
-0.2810829133858267
11
0.372018031496063
21
-0.2811575196850394
0
LINE
8
BLACK
6
CONTINUOUS
10
0.372018031496063
20
-0.2811575196850394
11
0.3720861811023622
21
-0.2812361023622047
0
LINE
8
BLACK
6
CONTINUOUS
10
0.3720861811023622
20
-0.2812361023622047
11
0.372388031496063
21
-0.2814838188976378
0
LINE
8
BLACK
6
CONTINUOUS
10
0.372388031496063
20
-0.2814838188976378
11
0.3742627559055118
21
-0.2833585826771653
0
LINE
8
BLACK
6
CONTINUOUS
10
0.3742627559055118
20
-0.2833585826771653
11
0.3747524015748032
21
-0.283955157480315
0
LINE
8
BLACK
6
CONTINUOUS
10
0.3747524015748032
20
-0.283955157480315
11
0.3753402362204724
21
-0.2853744094488189
0
LINE
8
BLACK
6
CONTINUOUS
10
0.3753402362204724
20
-0.2853744094488189
11
0.3753402362204724
21
-0.2869105511811024
0
LINE
8
BLACK
6
CONTINUOUS
10
0.3753402362204724
20
-0.2869105511811024
11
0.3747524015748032
21
-0.2883297637795276
0
LINE
8
BLACK
6
CONTINUOUS
10
0.3747524015748032
20
-0.2883297637795276
11
0.3736661811023622
21
-0.2894159842519685
0
LINE
8
BLACK
6
CONTINUOUS
10
0.3736661811023622
20
-0.2894159842519685
11
0.372246968503937
21
-0.2900038188976378
0
LINE
8
BLACK
6
CONTINUOUS
10
0.372246968503937
20
-0.2900038188976378
11
0.3707108267716535
21
-0.2900038188976378
0
LINE
8
BLACK
6
CONTINUOUS
10
0.3707108267716535
20
-0.2900038188976378
11
0.3692915748031496
21
-0.2894159842519685
0
LINE
8
BLACK
6
CONTINUOUS
10
0.3692915748031496
20
-0.2894159842519685
11
0.368695
21
-0.2889263385826771
0
LINE
8
BLACK
6
CONTINUOUS
10
0.368695
20
-0.2889263385826771
11
0.3672719291338583
21
-0.2875032677165354
0
LINE
8
BLACK
6
CONTINUOUS
10
0.3672719291338583
20
-0.2875032677165354
11
0.3649252362204725
21
-0.2863299212598425
0
LINE
8
BLACK
6
CONTINUOUS
10
0.3649252362204725
20
-0.2863299212598425
11
0.3555353937007874
21
-0.2863299212598425
0
LINE
8
BLACK
6
CONTINUOUS
10
0.3555353937007874
20
-0.2863299212598425
11
0.3531886220472441
21
-0.2875033070866141
0
LINE
8
BLACK
6
CONTINUOUS
10
0.3531886220472441
20
-0.2875033070866141
11
0.3522174015748031
21
-0.2884745669291339
0
LINE
8
BLACK
6
CONTINUOUS
10
0.3522174015748031
20
-0.2884745669291339
11
0.3510439763779528
21
-0.2908214173228346
0
LINE
8
BLACK
6
CONTINUOUS
10
0.3510439763779528
20
-0.2908214173228346
11
0.3510439763779528
21
-0.2983363779527559
0
LINE
8
BLACK
6
CONTINUOUS
10
0.3510439763779528
20
-0.2983363779527559
11
0.3522174015748031
21
-0.3006832283464567
0
LINE
8
BLACK
6
CONTINUOUS
10
0.3522174015748031
20
-0.3006832283464567
11
0.3531885826771654
21
-0.3016544488188976
0
LINE
8
BLACK
6
CONTINUOUS
10
0.3531885826771654
20
-0.3016544488188976
11
0.3555354330708662
21
-0.302827874015748
0
LINE
8
BLACK
6
CONTINUOUS
10
0.3555354330708662
20
-0.302827874015748
11
0.3602303149606299
21
-0.302827874015748
0
LINE
8
BLACK
6
CONTINUOUS
10
0.3602303149606299
20
-0.302827874015748
11
0.3606364960629921
21
-0.3028678346456693
0
LINE
8
BLACK
6
CONTINUOUS
10
0.3606364960629921
20
-0.3028678346456693
11
0.360739842519685
21
-0.3028609842519685
0
LINE
8
BLACK
6
CONTINUOUS
10
0.360739842519685
20
-0.3028609842519685
11
0.3608109842519685
21
-0.3028850393700787
0
LINE
8
BLACK
6
CONTINUOUS
10
0.3608109842519685
20
-0.3028850393700787
11
0.3609983858267716
21
-0.3029035039370079
0
LINE
8
BLACK
6
CONTINUOUS
10
0.3609983858267716
20
-0.3029035039370079
11
0.3615890551181102
21
-0.3031481496062992
0
LINE
8
BLACK
6
CONTINUOUS
10
0.3615890551181102
20
-0.3031481496062992
11
0.3621950393700787
21
-0.3033531102362205
0
LINE
8
BLACK
6
CONTINUOUS
10
0.3621950393700787
20
-0.3033531102362205
11
0.362295
21
-0.3034405905511811
0
LINE
8
BLACK
6
CONTINUOUS
10
0.362295
20
-0.3034405905511811
11
0.3624175984251968
21
-0.3034913779527559
0
LINE
8
BLACK
6
CONTINUOUS
10
0.3624175984251968
20
-0.3034913779527559
11
0.3628694488188977
21
-0.3039432283464567
0
LINE
8
BLACK
6
CONTINUOUS
10
0.3628694488188977
20
-0.3039432283464567
11
0.3633511023622047
21
-0.3043646850393701
0
LINE
8
BLACK
6
CONTINUOUS
10
0.3633511023622047
20
-0.3043646850393701
11
0.3634099606299213
21
-0.3044837401574803
0
LINE
8
BLACK
6
CONTINUOUS
10
0.3634099606299213
20
-0.3044837401574803
11
0.3635038188976378
21
-0.3045775984251968
0
LINE
8
BLACK
6
CONTINUOUS
10
0.3635038188976378
20
-0.3045775984251968
11
0.3637484645669291
21
-0.3051681889763779
0
LINE
8
BLACK
6
CONTINUOUS
10
0.3637484645669291
20
-0.3051681889763779
11
0.3640320472440945
21
-0.3057416535433071
0
LINE
8
BLACK
6
CONTINUOUS
10
0.3640320472440945
20
-0.3057416535433071
11
0.3640408661417323
21
-0.3058741338582677
0
LINE
8
BLACK
6
CONTINUOUS
10
0.3640408661417323
20
-0.3058741338582677
11
0.3640916929133858
21
-0.305996811023622
0
LINE
8
BLACK
6
CONTINUOUS
10
0.3640916929133858
20
-0.305996811023622
11
0.3640916929133858
21
-0.3066364960629921
0
LINE
8
BLACK
6
CONTINUOUS
10
0.3640916929133858
20
-0.3066364960629921
11
0.3641342125984252
21
-0.3072744094488189
0
LINE
8
BLACK
6
CONTINUOUS
10
0.3641342125984252
20
-0.3072744094488189
11
0.3640916929133858
21
-0.3074001181102362
0
LINE
8
BLACK
6
CONTINUOUS
10
0.3640916929133858
20
-0.3074001181102362
11
0.3640916929133858
21
-0.3075329527559055
0
LINE
8
BLACK
6
CONTINUOUS
10
0.3640916929133858
20
-0.3075329527559055
11
0.363846968503937
21
-0.3081237007874016
0
LINE
8
BLACK
6
CONTINUOUS
10
0.363846968503937
20
-0.3081237007874016
11
0.3636420866141732
21
-0.3087295669291338
0
LINE
8
BLACK
6
CONTINUOUS
10
0.3636420866141732
20
-0.3087295669291338
11
0.3635325590551181
21
-0.3088827165354331
0
LINE
8
BLACK
6
CONTINUOUS
10
0.3635325590551181
20
-0.3088827165354331
11
0.3635038188976378
21
-0.3089521653543307
0
LINE
8
BLACK
6
CONTINUOUS
10
0.3635038188976378
20
-0.3089521653543307
11
0.3634305905511811
21
-0.3090253543307087
0
LINE
8
BLACK
6
CONTINUOUS
10
0.3634305905511811
20
-0.3090253543307087
11
0.3631932283464567
21
-0.3093574015748031
0
LINE
8
BLACK
6
CONTINUOUS
10
0.3631932283464567
20
-0.3093574015748031
11
0.3557832283464567
21
-0.3178259842519685
0
LINE
8
BLACK
6
CONTINUOUS
10
0.3557832283464567
20
-0.3178259842519685
11
0.3714788976377953
21
-0.3178259842519685
0
LINE
8
BLACK
6
CONTINUOUS
10
0.3714788976377953
20
-0.3178259842519685
11
0.372246968503937
21
-0.3179016141732283
0
LINE
8
BLACK
6
CONTINUOUS
10
0.372246968503937
20
-0.3179016141732283
11
0.3736661811023622
21
-0.3184894881889764
0
LINE
8
BLACK
6
CONTINUOUS
10
0.3736661811023622
20
-0.3184894881889764
11
0.3747524015748032
21
-0.3195757086614173
0
LINE
8
BLACK
6
CONTINUOUS
10
0.3747524015748032
20
-0.3195757086614173
11
0.3753402755905512
21
-0.3209949212598425
0
LINE
8
BLACK
6
CONTINUOUS
10
0.3753402755905512
20
-0.3209949212598425
11
0.3753402755905512
21
-0.322531062992126
0
LINE
8
BLACK
6
CONTINUOUS
10
0.3753402755905512
20
-0.322531062992126
11
0.3747524015748032
21
-0.3239502755905512
0
LINE
8
BLACK
6
CONTINUOUS
10
0.3747524015748032
20
-0.3239502755905512
11
0.3736661811023622
21
-0.3250364960629921
0
LINE
8
BLACK
6
CONTINUOUS
10
0.3736661811023622
20
-0.3250364960629921
11
0.372246968503937
21
-0.3256243700787402
0
LINE
8
BLACK
6
CONTINUOUS
10
0.372246968503937
20
-0.3256243700787402
11
0.3714788976377953
21
-0.3257
0
LINE
8
BLACK
6
CONTINUOUS
10
0.3714788976377953
20
-0.3257
11
0.347106968503937
21
-0.3257
0
LINE
8
BLACK
6
CONTINUOUS
10
0.347106968503937
20
-0.3257
11
0.346700748031496
21
-0.32566
0
LINE
8
BLACK
6
CONTINUOUS
10
0.346700748031496
20
-0.32566
11
0.3465974409448819
21
-0.3256668897637795
0
LINE
8
BLACK
6
CONTINUOUS
10
0.3465974409448819
20
-0.3256668897637795
11
0.3465262598425197
21
-0.3256427952755905
0
LINE
8
BLACK
6
CONTINUOUS
10
0.3465262598425197
20
-0.3256427952755905
11
0.3463388976377952
21
-0.3256243700787402
0
LINE
8
BLACK
6
CONTINUOUS
10
0.3463388976377952
20
-0.3256243700787402
11
0.3457481102362205
21
-0.3253796456692913
0
LINE
8
BLACK
6
CONTINUOUS
10
0.3457481102362205
20
-0.3253796456692913
11
0.3451422834645669
21
-0.3251747637795275
0
LINE
8
BLACK
6
CONTINUOUS
10
0.3451422834645669
20
-0.3251747637795275
11
0.3450422834645669
21
-0.3250872834645669
0
LINE
8
BLACK
6
CONTINUOUS
10
0.3450422834645669
20
-0.3250872834645669
11
0.3449196850393701
21
-0.3250364960629921
0
LINE
8
BLACK
6
CONTINUOUS
10
0.3449196850393701
20
-0.3250364960629921
11
0.3444675196850394
21
-0.3245843307086614
0
LINE
8
BLACK
6
CONTINUOUS
10
0.3444675196850394
20
-0.3245843307086614
11
0.3439862204724409
21
-0.324163188976378
0
LINE
8
BLACK
6
CONTINUOUS
10
0.3439862204724409
20
-0.324163188976378
11
0.3439273228346457
21
-0.3240441338582677
0
LINE
8
BLACK
6
CONTINUOUS
10
0.3439273228346457
20
-0.3240441338582677
11
0.3438334645669291
21
-0.3239502755905512
0
LINE
8
BLACK
6
CONTINUOUS
10
0.3438334645669291
20
-0.3239502755905512
11
0.3435887007874016
21
-0.3233594488188976
0
LINE
8
BLACK
6
CONTINUOUS
10
0.3435887007874016
20
-0.3233594488188976
11
0.3433052362204724
21
-0.3227862204724409
0
LINE
8
BLACK
6
CONTINUOUS
10
0.3433052362204724
20
-0.3227862204724409
11
0.3432963779527559
21
-0.3226537007874016
0
LINE
8
BLACK
6
CONTINUOUS
10
0.3432963779527559
20
-0.3226537007874016
11
0.3432455905511811
21
-0.322531062992126
0
LINE
8
BLACK
6
CONTINUOUS
10
0.3432455905511811
20
-0.322531062992126
11
0.3432455905511811
21
-0.3218913385826772
0
LINE
8
BLACK
6
CONTINUOUS
10
0.3432455905511811
20
-0.3218913385826772
11
0.3432030708661417
21
-0.3212534645669291
0
LINE
8
BLACK
6
CONTINUOUS
10
0.3432030708661417
20
-0.3212534645669291
11
0.3432455905511811
21
-0.321127716535433
0
LINE
8
BLACK
6
CONTINUOUS
10
0.3432455905511811
20
-0.321127716535433
11
0.3432455905511811
21
-0.3209949212598425
0
LINE
8
BLACK
6
CONTINUOUS
10
0.3432455905511811
20
-0.3209949212598425
11
0.3434902755905512
21
-0.3204041338582677
0
LINE
8
BLACK
6
CONTINUOUS
10
0.3434902755905512
20
-0.3204041338582677
11
0.3436951968503937
21
-0.3197983070866142
0
LINE
8
BLACK
6
CONTINUOUS
10
0.3436951968503937
20
-0.3197983070866142
11
0.3438046850393701
21
-0.3196451181102362
0
LINE
8
BLACK
6
CONTINUOUS
10
0.3438046850393701
20
-0.3196451181102362
11
0.3438334645669291
21
-0.3195757086614173
0
LINE
8
BLACK
6
CONTINUOUS
10
0.3438334645669291
20
-0.3195757086614173
11
0.3439066535433071
21
-0.3195024803149606
0
LINE
8
BLACK
6
CONTINUOUS
10
0.3439066535433071
20
-0.3195024803149606
11
0.3441440551181102
21
-0.3191704724409449
0
LINE
8
BLACK
6
CONTINUOUS
10
0.3441440551181102
20
-0.3191704724409449
11
0.3522
21
-0.3099635826771653
0
LINE
8
BLACK
6
CONTINUOUS
10
0.3522
20
-0.3099635826771653
11
0.3490958267716535
21
-0.3084114960629921
0
LINE
8
BLACK
6
CONTINUOUS
10
0.3490958267716535
20
-0.3084114960629921
11
0.3487652362204725
21
-0.3082033858267716
0
LINE
8
BLACK
6
CONTINUOUS
10
0.3487652362204725
20
-0.3082033858267716
11
0.3486691732283465
21
-0.3081636220472441
0
LINE
8
BLACK
6
CONTINUOUS
10
0.3486691732283465
20
-0.3081636220472441
11
0.348561062992126
21
-0.3080748818897638
0
LINE
8
BLACK
6
CONTINUOUS
10
0.348561062992126
20
-0.3080748818897638
11
0.3484426377952756
21
-0.3080003543307087
0
LINE
8
BLACK
6
CONTINUOUS
10
0.3484426377952756
20
-0.3080003543307087
11
0.3483744094488189
21
-0.3079216929133858
0
LINE
8
BLACK
6
CONTINUOUS
10
0.3483744094488189
20
-0.3079216929133858
11
0.3480725984251968
21
-0.3076739763779527
0
LINE
8
BLACK
6
CONTINUOUS
10
0.3480725984251968
20
-0.3076739763779527
11
0.3461978346456693
21
-0.3057992519685039
0
LINE
8
BLACK
6
CONTINUOUS
10
0.3461978346456693
20
-0.3057992519685039
11
0.34595
21
-0.3054972440944882
0
LINE
8
BLACK
6
CONTINUOUS
10
0.34595
20
-0.3054972440944882
11
0.3458714960629921
21
-0.3054291732283465
0
LINE
8
BLACK
6
CONTINUOUS
10
0.3458714960629921
20
-0.3054291732283465
11
0.3457969291338582
21
-0.305310748031496
0
LINE
8
BLACK
6
CONTINUOUS
10
0.3457969291338582
20
-0.305310748031496
11
0.3457082283464567
21
-0.3052026377952756
0
LINE
8
BLACK
6
CONTINUOUS
10
0.3457082283464567
20
-0.3052026377952756
11
0.3456684251968504
21
-0.3051065748031496
0
LINE
8
BLACK
6
CONTINUOUS
10
0.3456684251968504
20
-0.3051065748031496
11
0.3454603543307087
21
-0.3047760236220473
0
LINE
8
BLACK
6
CONTINUOUS
10
0.3454603543307087
20
-0.3047760236220473
11
0.3435855905511811
21
-0.3010264960629921
0
LINE
8
BLACK
6
CONTINUOUS
10
0.3435855905511811
20
-0.3010264960629921
11
0.3433097637795275
21
-0.3003057086614173
0
LINE
8
BLACK
6
CONTINUOUS
10
0.3433097637795275
20
-0.3003057086614173
11
0.3432997244094488
21
-0.3001646062992126
0
LINE
8
BLACK
6
CONTINUOUS
10
0.3432997244094488
20
-0.3001646062992126
11
0.3432455905511811
21
-0.3000338976377953
0
LINE
8
BLACK
6
CONTINUOUS
10
0.3432455905511811
20
-0.3000338976377953
11
0.3431699606299213
21
-0.2992658267716535
0
LINE
8
BLACK
6
CONTINUOUS
10
0.3431699606299213
20
-0.2992658267716535
11
0.3431699606299213
21
-0.2898920078740158
0
LINE
8
BLACK
6
CONTINUOUS
10
0.3431699606299213
20
-0.2898920078740158
11
0.3432455905511811
21
-0.289123937007874
0
LINE
8
BLACK
6
CONTINUOUS
10
0.3432455905511811
20
-0.289123937007874
11
0.3432997244094488
21
-0.2889931889763779
0
LINE
8
BLACK
6
CONTINUOUS
10
0.3432997244094488
20
-0.2889931889763779
11
0.3433097637795275
21
-0.288852125984252
0
LINE
8
BLACK
6
CONTINUOUS
10
0.3433097637795275
20
-0.288852125984252
11
0.3435855905511811
21
-0.2881313385826771
0
LINE
8
BLACK
6
CONTINUOUS
10
0.3435855905511811
20
-0.2881313385826771
11
0.3454603543307087
21
-0.284381811023622
0
LINE
8
BLACK
6
CONTINUOUS
10
0.3454603543307087
20
-0.284381811023622
11
0.3456684251968504
21
-0.2840512204724409
0
LINE
8
BLACK
6
CONTINUOUS
10
0.3456684251968504
20
-0.2840512204724409
11
0.3457082283464567
21
-0.2839551968503937
0
LINE
8
BLACK
6
CONTINUOUS
10
0.3457082283464567
20
-0.2839551968503937
11
0.3457969291338582
21
-0.2838470472440945
0
LINE
8
BLACK
6
CONTINUOUS
10
0.3457969291338582
20
-0.2838470472440945
11
0.3458714960629921
21
-0.2837286614173228
0
LINE
8
BLACK
6
CONTINUOUS
10
0.3458714960629921
20
-0.2837286614173228
11
0.34595
21
-0.2836605511811023
0
LINE
8
BLACK
6
CONTINUOUS
10
0.34595
20
-0.2836605511811023
11
0.3461978346456693
21
-0.2833585826771653
0
LINE
8
BLACK
6
CONTINUOUS
10
0.3461978346456693
20
-0.2833585826771653
11
0.3480725984251968
21
-0.2814838582677165
0
LINE
8
BLACK
6
CONTINUOUS
10
0.3480725984251968
20
-0.2814838582677165
11
0.3483745275590551
21
-0.2812360236220472
0
LINE
8
BLACK
6
CONTINUOUS
10
0.3483745275590551
20
-0.2812360236220472
11
0.3484426377952756
21
-0.2811575196850394
0
LINE
8
BLACK
6
CONTINUOUS
10
0.3484426377952756
20
-0.2811575196850394
11
0.348560905511811
21
-0.281083031496063
0
LINE
8
BLACK
6
CONTINUOUS
10
0.348560905511811
20
-0.281083031496063
11
0.3486691732283465
21
-0.2809942125984252
0
LINE
8
BLACK
6
CONTINUOUS
10
0.3486691732283465
20
-0.2809942125984252
11
0.3487653543307087
21
-0.2809543700787401
0
LINE
8
BLACK
6
CONTINUOUS
10
0.3487653543307087
20
-0.2809543700787401
11
0.3490957874015748
21
-0.2807463779527559
0
LINE
8
BLACK
6
CONTINUOUS
10
0.3490957874015748
20
-0.2807463779527559
11
0.3528453149606299
21
-0.2788715748031496
0
LINE
8
BLACK
6
CONTINUOUS
10
0.3528453149606299
20
-0.2788715748031496
11
0.3535661417322835
21
-0.2785957086614173
0
LINE
8
BLACK
6
CONTINUOUS
10
0.3535661417322835
20
-0.2785957086614173
11
0.3537072047244094
21
-0.2785856692913386
0
LINE
8
BLACK
6
CONTINUOUS
10
0.3537072047244094
20
-0.2785856692913386
11
0.3538379527559055
21
-0.2785315354330709
0
LINE
8
BLACK
6
CONTINUOUS
10
0.3538379527559055
20
-0.2785315354330709
11
0.3546060236220472
21
-0.278455905511811
0
LINE
8
BLACK
6
CONTINUOUS
10
0.3546060236220472
20
-0.278455905511811
11
0.3658546062992126
21
-0.278455905511811
0
LINE
8
BLACK
6
CONTINUOUS
10
0.3658546062992126
20
-0.278455905511811
11
0.3666226771653543
21
-0.2785315354330709
0
LINE
8
BLACK
6
CONTINUOUS
10
-0.4264525590551181
20
-0.2772199212598425
11
-0.4253872047244094
21
-0.2782852755905512
0
LINE
8
BLACK
6
CONTINUOUS
10
-0.4253872047244094
20
-0.2782852755905512
11
-0.4252373622047244
21
-0.2790385826771654
0
LINE
8
BLACK
6
CONTINUOUS
10
-0.4252373622047244
20
-0.2790385826771654
11
-0.4252373622047244
21
-0.3184086614173228
0
LINE
8
BLACK
6
CONTINUOUS
10
-0.4252373622047244
20
-0.3184086614173228
11
-0.4253872047244094
21
-0.319161968503937
0
LINE
8
BLACK
6
CONTINUOUS
10
-0.4253872047244094
20
-0.319161968503937
11
-0.4264525590551181
21
-0.3202273228346457
0
LINE
8
BLACK
6
CONTINUOUS
10
-0.4264525590551181
20
-0.3202273228346457
11
-0.4272058661417323
21
-0.3203771653543307
0
LINE
8
BLACK
6
CONTINUOUS
10
-0.4272058661417323
20
-0.3203771653543307
11
-0.4347049212598425
21
-0.3203771653543307
0
LINE
8
BLACK
6
CONTINUOUS
10
-0.4347049212598425
20
-0.3203771653543307
11
-0.4347077165354331
21
-0.3203766141732283
0
LINE
8
BLACK
6
CONTINUOUS
10
-0.4347077165354331
20
-0.3203766141732283
11
-0.4347090157480315
21
-0.3203771653543307
0
LINE
8
BLACK
6
CONTINUOUS
10
-0.4347090157480315
20
-0.3203771653543307
11
-0.4350835826771653
21
-0.3203018503937008
0
LINE
8
BLACK
6
CONTINUOUS
10
-0.4350835826771653
20
-0.3203018503937008
11
-0.4354582283464567
21
-0.3202273228346457
0
LINE
8
BLACK
6
CONTINUOUS
10
-0.4354582283464567
20
-0.3202273228346457
11
-0.4354592519685039
21
-0.3202262992125984
0
LINE
8
BLACK
6
CONTINUOUS
10
-0.4354592519685039
20
-0.3202262992125984
11
-0.4354620078740157
21
-0.3202257480314961
0
LINE
8
BLACK
6
CONTINUOUS
10
-0.4354620078740157
20
-0.3202257480314961
11
-0.4399614960629921
21
-0.3183509842519685
0
LINE
8
BLACK
6
CONTINUOUS
10
-0.4399614960629921
20
-0.3183509842519685
11
-0.440088937007874
21
-0.3182654330708661
0
LINE
8
BLACK
6
CONTINUOUS
10
-0.440088937007874
20
-0.3182654330708661
11
-0.440153937007874
21
-0.3182582283464567
0
LINE
8
BLACK
6
CONTINUOUS
10
-0.440153937007874
20
-0.3182582283464567
11
-0.4403675196850393
21
-0.3180784251968504
0
LINE
8
BLACK
6
CONTINUOUS
10
-0.4403675196850393
20
-0.3180784251968504
11
-0.4405992125984252
21
-0.3179229133858268
0
LINE
8
BLACK
6
CONTINUOUS
10
-0.4405992125984252
20
-0.3179229133858268
11
-0.4406241338582677
21
-0.3178624015748032
0
LINE
8
BLACK
6
CONTINUOUS
10
-0.4406241338582677
20
-0.3178624015748032
11
-0.4407414960629921
21
-0.3177636220472441
0
LINE
8
BLACK
6
CONTINUOUS
10
-0.4407414960629921
20
-0.3177636220472441
11
-0.4437411417322835
21
-0.314014094488189
0
LINE
8
BLACK
6
CONTINUOUS
10
-0.4437411417322835
20
-0.314014094488189
11
-0.4438742125984252
21
-0.3137574409448819
0
LINE
8
BLACK
6
CONTINUOUS
10
-0.4438742125984252
20
-0.3137574409448819
11
-0.4440316929133858
21
-0.3135154330708662
0
LINE
8
BLACK
6
CONTINUOUS
10
-0.4440316929133858
20
-0.3135154330708662
11
-0.4455314960629921
21
-0.309765905511811
0
LINE
8
BLACK
6
CONTINUOUS
10
-0.4455314960629921
20
-0.309765905511811
11
-0.4455646456692913
21
-0.3095879921259843
0
LINE
8
BLACK
6
CONTINUOUS
10
-0.4455646456692913
20
-0.3095879921259843
11
-0.4456340551181102
21
-0.309420905511811
0
LINE
8
BLACK
6
CONTINUOUS
10
-0.4456340551181102
20
-0.309420905511811
11
-0.4471338976377953
21
-0.3019218503937008
0
LINE
8
BLACK
6
CONTINUOUS
10
-0.4471338976377953
20
-0.3019218503937008
11
-0.4471341338582677
21
-0.301726968503937
0
LINE
8
BLACK
6
CONTINUOUS
10
-0.4471341338582677
20
-0.301726968503937
11
-0.4471721259842519
21
-0.3015357874015748
0
LINE
8
BLACK
6
CONTINUOUS
10
-0.4471721259842519
20
-0.3015357874015748
11
-0.4471721259842519
21
-0.2959114960629921
0
LINE
8
BLACK
6
CONTINUOUS
10
-0.4471721259842519
20
-0.2959114960629921
11
-0.4471341338582677
21
-0.2957202755905512
0
LINE
8
BLACK
6
CONTINUOUS
10
-0.4471341338582677
20
-0.2957202755905512
11
-0.4471338976377953
21
-0.2955254330708662
0
LINE
8
BLACK
6
CONTINUOUS
10
-0.4471338976377953
20
-0.2955254330708662
11
-0.4456340551181102
21
-0.2880263779527559
0
LINE
8
BLACK
6
CONTINUOUS
10
-0.4456340551181102
20
-0.2880263779527559
11
-0.4455646456692913
21
-0.2878592519685039
0
LINE
8
BLACK
6
CONTINUOUS
10
-0.4455646456692913
20
-0.2878592519685039
11
-0.4455314960629921
21
-0.2876813779527559
0
LINE
8
BLACK
6
CONTINUOUS
10
-0.4455314960629921
20
-0.2876813779527559
11
-0.4440316929133858
21
-0.2839318503937008
0
LINE
8
BLACK
6
CONTINUOUS
10
-0.4440316929133858
20
-0.2839318503937008
11
-0.4438742125984252
21
-0.2836898031496063
0
LINE
8
BLACK
6
CONTINUOUS
10
-0.4438742125984252
20
-0.2836898031496063
11
-0.4437411417322835
21
-0.2834331889763779
0
LINE
8
BLACK
6
CONTINUOUS
10
-0.4437411417322835
20
-0.2834331889763779
11
-0.4407414960629921
21
-0.2796836614173228
0
LINE
8
BLACK
6
CONTINUOUS
10
-0.4407414960629921
20
-0.2796836614173228
11
-0.4406241338582677
21
-0.279584842519685
0
LINE
8
BLACK
6
CONTINUOUS
10
-0.4406241338582677
20
-0.279584842519685
11
-0.4405992125984252
21
-0.2795243700787401
0
LINE
8
BLACK
6
CONTINUOUS
10
-0.4405992125984252
20
-0.2795243700787401
11
-0.4403675196850393
21
-0.2793688188976378
0
LINE
8
BLACK
6
CONTINUOUS
10
-0.4403675196850393
20
-0.2793688188976378
11
-0.440153937007874
21
-0.2791890551181102
0
LINE
8
BLACK
6
CONTINUOUS
10
-0.440153937007874
20
-0.2791890551181102
11
-0.440088937007874
21
-0.2791818110236221
0
LINE
8
BLACK
6
CONTINUOUS
10
-0.440088937007874
20
-0.2791818110236221
11
-0.4399614960629921
21
-0.2790962992125984
0
LINE
8
BLACK
6
CONTINUOUS
10
-0.4399614960629921
20
-0.2790962992125984
11
-0.4354620472440945
21
-0.2772214960629921
0
LINE
8
BLACK
6
CONTINUOUS
10
-0.4354620472440945
20
-0.2772214960629921
11
-0.4354592519685039
21
-0.277220905511811
0
LINE
8
BLACK
6
CONTINUOUS
10
-0.4354592519685039
20
-0.277220905511811
11
-0.4354582283464567
21
-0.2772199212598425
0
LINE
8
BLACK
6
CONTINUOUS
10
-0.4354582283464567
20
-0.2772199212598425
11
-0.4350872047244094
21
-0.2771461023622047
0
LINE
8
BLACK
6
CONTINUOUS
10
-0.4350872047244094
20
-0.2771461023622047
11
-0.4347090551181102
21
-0.2770700787401575
0
LINE
8
BLACK
6
CONTINUOUS
10
-0.4347090551181102
20
-0.2770700787401575
11
-0.4347077165354331
21
-0.2770706299212599
0
LINE
8
BLACK
6
CONTINUOUS
10
-0.4347077165354331
20
-0.2770706299212599
11
-0.4347049212598425
21
-0.2770700787401575
0
LINE
8
BLACK
6
CONTINUOUS
10
-0.4347049212598425
20
-0.2770700787401575
11
-0.4272058661417323
21
-0.2770700787401575
0
LINE
8
BLACK
6
CONTINUOUS
10
-0.4272058661417323
20
-0.2770700787401575
11
-0.4264525590551181
21
-0.2772199212598425
0
LINE
8
BLACK
6
CONTINUOUS
10
-0.4379820472440945
20
-0.2825366141732283
11
-0.4404846456692914
21
-0.285664842519685
0
LINE
8
BLACK
6
CONTINUOUS
10
-0.4404846456692914
20
-0.285664842519685
11
-0.4418089763779527
21
-0.2889757086614173
0
LINE
8
BLACK
6
CONTINUOUS
10
-0.4418089763779527
20
-0.2889757086614173
11
-0.4432351181102362
21
-0.2961064173228347
0
LINE
8
BLACK
6
CONTINUOUS
10
-0.4432351181102362
20
-0.2961064173228347
11
-0.4432351181102362
21
-0.3013408267716535
0
LINE
8
BLACK
6
CONTINUOUS
10
-0.4432351181102362
20
-0.3013408267716535
11
-0.4418089763779527
21
-0.3084715354330709
0
LINE
8
BLACK
6
CONTINUOUS
10
-0.4418089763779527
20
-0.3084715354330709
11
-0.4404846456692914
21
-0.3117824015748031
0
LINE
8
BLACK
6
CONTINUOUS
10
-0.4404846456692914
20
-0.3117824015748031
11
-0.4379820472440945
21
-0.3149106299212598
0
LINE
8
BLACK
6
CONTINUOUS
10
-0.4379820472440945
20
-0.3149106299212598
11
-0.4343111811023622
21
-0.316440157480315
0
LINE
8
BLACK
6
CONTINUOUS
10
-0.4343111811023622
20
-0.316440157480315
11
-0.4291743700787402
21
-0.316440157480315
0
LINE
8
BLACK
6
CONTINUOUS
10
-0.4291743700787402
20
-0.316440157480315
11
-0.4291743700787402
21
-0.2810070866141732
0
LINE
8
BLACK
6
CONTINUOUS
10
-0.4291743700787402
20
-0.2810070866141732
11
-0.4343111811023622
21
-0.2810070866141732
0
LINE
8
BLACK
6
CONTINUOUS
10
-0.4343111811023622
20
-0.2810070866141732
11
-0.4379820472440945
21
-0.2825366141732283
0
LINE
8
BLACK
6
CONTINUOUS
10
-0.3717100393700787
20
-0.2770706299212599
11
-0.3717086614173228
21
-0.2770700787401575
0
LINE
8
BLACK
6
CONTINUOUS
10
-0.3717086614173228
20
-0.2770700787401575
11
-0.3713305511811024
21
-0.2771461023622047
0
LINE
8
BLACK
6
CONTINUOUS
10
-0.3713305511811024
20
-0.2771461023622047
11
-0.3709594881889764
21
-0.2772199212598425
0
LINE
8
BLACK
6
CONTINUOUS
10
-0.3709594881889764
20
-0.2772199212598425
11
-0.3709585039370079
21
-0.277220905511811
0
LINE
8
BLACK
6
CONTINUOUS
10
-0.3709585039370079
20
-0.277220905511811
11
-0.3709556692913386
21
-0.2772214960629921
0
LINE
8
BLACK
6
CONTINUOUS
10
-0.3709556692913386
20
-0.2772214960629921
11
-0.3664562204724409
21
-0.2790962992125984
0
LINE
8
BLACK
6
CONTINUOUS
10
-0.3664562204724409
20
-0.2790962992125984
11
-0.3663288188976378
21
-0.2791818110236221
0
LINE
8
BLACK
6
CONTINUOUS
10
-0.3663288188976378
20
-0.2791818110236221
11
-0.3662637795275591
21
-0.2791890551181102
0
LINE
8
BLACK
6
CONTINUOUS
10
-0.3662637795275591
20
-0.2791890551181102
11
-0.3660501574803149
21
-0.2793688582677165
0
LINE
8
BLACK
6
CONTINUOUS
10
-0.3660501574803149
20
-0.2793688582677165
11
-0.3658185039370079
21
-0.2795243700787401
0
LINE
8
BLACK
6
CONTINUOUS
10
-0.3658185039370079
20
-0.2795243700787401
11
-0.3657936220472441
21
-0.2795848031496063
0
LINE
8
BLACK
6
CONTINUOUS
10
-0.3657936220472441
20
-0.2795848031496063
11
-0.3656761811023622
21
-0.2796836614173228
0
LINE
8
BLACK
6
CONTINUOUS
10
-0.3656761811023622
20
-0.2796836614173228
11
-0.3626765748031496
21
-0.2834331889763779
0
LINE
8
BLACK
6
CONTINUOUS
10
-0.3626765748031496
20
-0.2834331889763779
11
-0.3625435433070866
21
-0.2836898031496063
0
LINE
8
BLACK
6
CONTINUOUS
10
-0.3625435433070866
20
-0.2836898031496063
11
-0.3623860236220472
21
-0.2839318503937008
0
LINE
8
BLACK
6
CONTINUOUS
10
-0.3623860236220472
20
-0.2839318503937008
11
-0.360886220472441
21
-0.2876813385826771
0
LINE
8
BLACK
6
CONTINUOUS
10
-0.360886220472441
20
-0.2876813385826771
11
-0.3608531102362205
21
-0.2878592913385827
0
LINE
8
BLACK
6
CONTINUOUS
10
-0.3608531102362205
20
-0.2878592913385827
11
-0.3607836614173228
21
-0.2880263779527559
0
LINE
8
BLACK
6
CONTINUOUS
10
-0.3607836614173228
20
-0.2880263779527559
11
-0.3592838188976378
21
-0.2955254330708662
0
LINE
8
BLACK
6
CONTINUOUS
10
-0.3592838188976378
20
-0.2955254330708662
11
-0.3592836220472441
21
-0.2957202755905512
0
LINE
8
BLACK
6
CONTINUOUS
10
-0.3592836220472441
20
-0.2957202755905512
11
-0.3592455905511811
21
-0.2959114960629921
0
LINE
8
BLACK
6
CONTINUOUS
10
-0.3592455905511811
20
-0.2959114960629921
11
-0.3592455905511811
21
-0.3015357874015748
0
LINE
8
BLACK
6
CONTINUOUS
10
-0.3592455905511811
20
-0.3015357874015748
11
-0.3592836220472441
21
-0.301726968503937
0
LINE
8
BLACK
6
CONTINUOUS
10
-0.3592836220472441
20
-0.301726968503937
11
-0.3592838188976378
21
-0.3019218503937008
0
LINE
8
BLACK
6
CONTINUOUS
10
-0.3592838188976378
20
-0.3019218503937008
11
-0.3607836614173228
21
-0.309420905511811
0
LINE
8
BLACK
6
CONTINUOUS
10
-0.3607836614173228
20
-0.309420905511811
11
-0.3608531102362205
21
-0.3095879527559055
0
LINE
8
BLACK
6
CONTINUOUS
10
-0.3608531102362205
20
-0.3095879527559055
11
-0.360886220472441
21
-0.3097659448818897
0
LINE
8
BLACK
6
CONTINUOUS
10
-0.360886220472441
20
-0.3097659448818897
11
-0.3623860236220472
21
-0.3135154330708662
0
LINE
8
BLACK
6
CONTINUOUS
10
-0.3623860236220472
20
-0.3135154330708662
11
-0.3625435433070866
21
-0.3137574409448819
0
LINE
8
BLACK
6
CONTINUOUS
10
-0.3625435433070866
20
-0.3137574409448819
11
-0.3626765748031496
21
-0.314014094488189
0
LINE
8
BLACK
6
CONTINUOUS
10
-0.3626765748031496
20
-0.314014094488189
11
-0.3656761811023622
21
-0.3177636220472441
0
LINE
8
BLACK
6
CONTINUOUS
10
-0.3656761811023622
20
-0.3177636220472441
11
-0.3657936220472441
21
-0.3178624409448819
0
LINE
8
BLACK
6
CONTINUOUS
10
-0.3657936220472441
20
-0.3178624409448819
11
-0.3658185039370079
21
-0.3179229133858268
0
LINE
8
BLACK
6
CONTINUOUS
10
-0.3658185039370079
20
-0.3179229133858268
11
-0.3660501574803149
21
-0.3180783858267717
0
LINE
8
BLACK
6
CONTINUOUS
10
-0.3660501574803149
20
-0.3180783858267717
11
-0.3662637795275591
21
-0.3182582283464567
0
LINE
8
BLACK
6
CONTINUOUS
10
-0.3662637795275591
20
-0.3182582283464567
11
-0.3663288188976378
21
-0.3182654330708661
0
LINE
8
BLACK
6
CONTINUOUS
10
-0.3663288188976378
20
-0.3182654330708661
11
-0.3664562204724409
21
-0.3183509842519685
0
LINE
8
BLACK
6
CONTINUOUS
10
-0.3664562204724409
20
-0.3183509842519685
11
-0.3709556692913386
21
-0.3202257480314961
0
LINE
8
BLACK
6
CONTINUOUS
10
-0.3709556692913386
20
-0.3202257480314961
11
-0.3709585039370079
21
-0.3202262992125984
0
LINE
8
BLACK
6
CONTINUOUS
10
-0.3709585039370079
20
-0.3202262992125984
11
-0.3709594881889764
21
-0.3202273228346457
0
LINE
8
BLACK
6
CONTINUOUS
10
-0.3709594881889764
20
-0.3202273228346457
11
-0.3713305511811024
21
-0.3203011023622047
0
LINE
8
BLACK
6
CONTINUOUS
10
-0.3713305511811024
20
-0.3203011023622047
11
-0.3717086614173228
21
-0.3203771653543307
0
LINE
8
BLACK
6
CONTINUOUS
10
-0.3717086614173228
20
-0.3203771653543307
11
-0.3717100393700787
21
-0.3203765748031496
0
LINE
8
BLACK
6
CONTINUOUS
10
-0.3717100393700787
20
-0.3203765748031496
11
-0.3717127952755905
21
-0.3203771653543307
0
LINE
8
BLACK
6
CONTINUOUS
10
-0.3717127952755905
20
-0.3203771653543307
11
-0.3762122440944882
21
-0.3203771653543307
0
LINE
8
BLACK
6
CONTINUOUS
10
-0.3762122440944882
20
-0.3203771653543307
11
-0.3764498031496063
21
-0.3203298818897637
0
LINE
8
BLACK
6
CONTINUOUS
10
-0.3764498031496063
20
-0.3203298818897637
11
-0.3765373228346456
21
-0.3203501181102362
0
LINE
8
BLACK
6
CONTINUOUS
10
-0.3765373228346456
20
-0.3203501181102362
11
-0.3767462992125984
21
-0.320270905511811
0
LINE
8
BLACK
6
CONTINUOUS
10
-0.3767462992125984
20
-0.320270905511811
11
-0.3769655511811024
21
-0.3202273228346457
0
LINE
8
BLACK
6
CONTINUOUS
10
-0.3769655511811024
20
-0.3202273228346457
11
-0.3770291338582677
21
-0.3201637401574803
0
LINE
8
BLACK
6
CONTINUOUS
10
-0.3770291338582677
20
-0.3201637401574803
11
-0.3772555511811024
21
-0.3200779527559055
0
LINE
8
BLACK
6
CONTINUOUS
10
-0.3772555511811024
20
-0.3200779527559055
11
-0.380255157480315
21
-0.3182031889763779
0
LINE
8
BLACK
6
CONTINUOUS
10
-0.380255157480315
20
-0.3182031889763779
11
-0.3808145275590551
21
-0.3176768503937008
0
LINE
8
BLACK
6
CONTINUOUS
10
-0.3808145275590551
20
-0.3176768503937008
11
-0.3811533070866142
21
-0.3162088188976378
0
LINE
8
BLACK
6
CONTINUOUS
10
-0.3811533070866142
20
-0.3162088188976378
11
-0.3803548031496063
21
-0.3149312204724409
0
LINE
8
BLACK
6
CONTINUOUS
10
-0.3803548031496063
20
-0.3149312204724409
11
-0.3788867716535433
21
-0.3145924409448819
0
LINE
8
BLACK
6
CONTINUOUS
10
-0.3788867716535433
20
-0.3145924409448819
11
-0.3781685433070866
21
-0.3148646062992126
0
LINE
8
BLACK
6
CONTINUOUS
10
-0.3781685433070866
20
-0.3148646062992126
11
-0.3756476771653543
21
-0.316440157480315
0
LINE
8
BLACK
6
CONTINUOUS
10
-0.3756476771653543
20
-0.316440157480315
11
-0.3721064960629921
21
-0.316440157480315
0
LINE
8
BLACK
6
CONTINUOUS
10
-0.3721064960629921
20
-0.316440157480315
11
-0.368435748031496
21
-0.3149106692913386
0
LINE
8
BLACK
6
CONTINUOUS
10
-0.368435748031496
20
-0.3149106692913386
11
-0.3659331496062992
21
-0.3117824409448819
0
LINE
8
BLACK
6
CONTINUOUS
10
-0.3659331496062992
20
-0.3117824409448819
11
-0.364608779527559
21
-0.3084715354330709
0
LINE
8
BLACK
6
CONTINUOUS
10
-0.364608779527559
20
-0.3084715354330709
11
-0.3631825984251968
21
-0.3013408267716535
0
LINE
8
BLACK
6
CONTINUOUS
10
-0.3631825984251968
20
-0.3013408267716535
11
-0.3631825984251968
21
-0.2961064173228347
0
LINE
8
BLACK
6
CONTINUOUS
10
-0.3631825984251968
20
-0.2961064173228347
11
-0.364608779527559
21
-0.2889757086614173
0
LINE
8
BLACK
6
CONTINUOUS
10
-0.364608779527559
20
-0.2889757086614173
11
-0.3659331496062992
21
-0.2856648031496063
0
LINE
8
BLACK
6
CONTINUOUS
10
-0.3659331496062992
20
-0.2856648031496063
11
-0.3684357086614173
21
-0.2825366141732283
0
LINE
8
BLACK
6
CONTINUOUS
10
-0.3684357086614173
20
-0.2825366141732283
11
-0.3721065354330709
21
-0.2810070866141732
0
LINE
8
BLACK
6
CONTINUOUS
10
-0.3721065354330709
20
-0.2810070866141732
11
-0.3743187007874016
21
-0.2810070866141732
0
LINE
8
BLACK
6
CONTINUOUS
10
-0.3743187007874016
20
-0.2810070866141732
11
-0.3779895669291338
21
-0.2825366141732283
0
LINE
8
BLACK
6
CONTINUOUS
10
-0.3779895669291338
20
-0.2825366141732283
11
-0.3787431889763779
21
-0.2834786614173228
0
LINE
8
BLACK
6
CONTINUOUS
10
-0.3787431889763779
20
-0.2834786614173228
11
-0.3787431889763779
21
-0.2939429921259842
0
LINE
8
BLACK
6
CONTINUOUS
10
-0.3787431889763779
20
-0.2939429921259842
11
-0.3747124409448819
21
-0.2939429921259842
0
LINE
8
BLACK
6
CONTINUOUS
10
-0.3747124409448819
20
-0.2939429921259842
11
-0.3739591338582677
21
-0.2940928346456693
0
LINE
8
BLACK
6
CONTINUOUS
10
-0.3739591338582677
20
-0.2940928346456693
11
-0.372893779527559
21
-0.295158188976378
0
LINE
8
BLACK
6
CONTINUOUS
10
-0.372893779527559
20
-0.295158188976378
11
-0.372893779527559
21
-0.2966648031496063
0
LINE
8
BLACK
6
CONTINUOUS
10
-0.372893779527559
20
-0.2966648031496063
11
-0.3739591338582677
21
-0.2977301574803149
0
LINE
8
BLACK
6
CONTINUOUS
10
-0.3739591338582677
20
-0.2977301574803149
11
-0.3747124409448819
21
-0.29788
0
LINE
8
BLACK
6
CONTINUOUS
10
-0.3747124409448819
20
-0.29788
11
-0.3807116929133858
21
-0.29788
0
LINE
8
BLACK
6
CONTINUOUS
10
-0.3807116929133858
20
-0.29788
11
-0.381465
21
-0.2977301574803149
0
LINE
8
BLACK
6
CONTINUOUS
10
-0.381465
20
-0.2977301574803149
11
-0.3825303543307086
21
-0.2966648031496063
0
LINE
8
BLACK
6
CONTINUOUS
10
-0.3825303543307086
20
-0.2966648031496063
11
-0.3826801968503937
21
-0.2959114960629921
0
LINE
8
BLACK
6
CONTINUOUS
10
-0.3826801968503937
20
-0.2959114960629921
11
-0.3826801968503937
21
-0.2827881496062992
0
LINE
8
BLACK
6
CONTINUOUS
10
-0.3826801968503937
20
-0.2827881496062992
11
-0.3825912598425197
21
-0.2823408267716536
0
LINE
8
BLACK
6
CONTINUOUS
10
-0.3825912598425197
20
-0.2823408267716536
11
-0.3826024015748031
21
-0.2822402362204725
0
LINE
8
BLACK
6
CONTINUOUS
10
-0.3826024015748031
20
-0.2822402362204725
11
-0.382551811023622
21
-0.2821426377952756
0
LINE
8
BLACK
6
CONTINUOUS
10
-0.382551811023622
20
-0.2821426377952756
11
-0.3825303543307086
21
-0.282034842519685
0
LINE
8
BLACK
6
CONTINUOUS
10
-0.3825303543307086
20
-0.282034842519685
11
-0.382458779527559
21
-0.2819632283464567
0
LINE
8
BLACK
6
CONTINUOUS
10
-0.382458779527559
20
-0.2819632283464567
11
-0.3822488188976378
21
-0.2815584251968504
0
LINE
8
BLACK
6
CONTINUOUS
10
-0.3822488188976378
20
-0.2815584251968504
11
-0.3807489763779527
21
-0.2796836614173228
0
LINE
8
BLACK
6
CONTINUOUS
10
-0.3807489763779527
20
-0.2796836614173228
11
-0.3806316141732283
21
-0.279584842519685
0
LINE
8
BLACK
6
CONTINUOUS
10
-0.3806316141732283
20
-0.279584842519685
11
-0.3806066929133858
21
-0.2795243700787401
0
LINE
8
BLACK
6
CONTINUOUS
10
-0.3806066929133858
20
-0.2795243700787401
11
-0.3803750393700787
21
-0.2793688188976378
0
LINE
8
BLACK
6
CONTINUOUS
10
-0.3803750393700787
20
-0.2793688188976378
11
-0.3801613779527559
21
-0.2791890157480315
0
LINE
8
BLACK
6
CONTINUOUS
10
-0.3801613779527559
20
-0.2791890157480315
11
-0.3800963385826772
21
-0.2791817716535433
0
LINE
8
BLACK
6
CONTINUOUS
10
-0.3800963385826772
20
-0.2791817716535433
11
-0.3799689763779527
21
-0.2790962992125984
0
LINE
8
BLACK
6
CONTINUOUS
10
-0.3799689763779527
20
-0.2790962992125984
11
-0.3754695669291339
21
-0.2772214960629921
0
LINE
8
BLACK
6
CONTINUOUS
10
-0.3754695669291339
20
-0.2772214960629921
11
-0.3754667716535433
21
-0.277220905511811
0
LINE
8
BLACK
6
CONTINUOUS
10
-0.3754667716535433
20
-0.277220905511811
11
-0.3754657480314961
21
-0.2772199212598425
0
LINE
8
BLACK
6
CONTINUOUS
10
-0.3754657480314961
20
-0.2772199212598425
11
-0.3750947244094488
21
-0.2771461023622047
0
LINE
8
BLACK
6
CONTINUOUS
10
-0.3750947244094488
20
-0.2771461023622047
11
-0.3747165748031496
21
-0.2770700787401575
0
LINE
8
BLACK
6
CONTINUOUS
10
-0.3747165748031496
20
-0.2770700787401575
11
-0.3747152362204724
21
-0.2770706299212599
0
LINE
8
BLACK
6
CONTINUOUS
10
-0.3747152362204724
20
-0.2770706299212599
11
-0.3747124409448819
21
-0.2770700787401575
0
LINE
8
BLACK
6
CONTINUOUS
10
-0.3747124409448819
20
-0.2770700787401575
11
-0.3717127952755905
21
-0.2770700787401575
0
LINE
8
BLACK
6
CONTINUOUS
10
-0.3717127952755905
20
-0.2770700787401575
11
-0.3717100393700787
21
-0.2770706299212599
0
LINE
8
BLACK
6
CONTINUOUS
10
-0.2794709448818898
20
-0.2772199212598425
11
-0.2784055905511811
21
-0.2782852755905512
0
LINE
8
BLACK
6
CONTINUOUS
10
-0.2784055905511811
20
-0.2782852755905512
11
-0.2782557480314961
21
-0.2790385826771654
0
LINE
8
BLACK
6
CONTINUOUS
10
-0.2782557480314961
20
-0.2790385826771654
11
-0.2782557480314961
21
-0.3184086614173228
0
LINE
8
BLACK
6
CONTINUOUS
10
-0.2782557480314961
20
-0.3184086614173228
11
-0.2784055905511811
21
-0.319161968503937
0
LINE
8
BLACK
6
CONTINUOUS
10
-0.2784055905511811
20
-0.319161968503937
11
-0.2794709448818898
21
-0.3202273228346457
0
LINE
8
BLACK
6
CONTINUOUS
10
-0.2794709448818898
20
-0.3202273228346457
11
-0.2802242519685039
21
-0.3203771653543307
0
LINE
8
BLACK
6
CONTINUOUS
10
-0.2802242519685039
20
-0.3203771653543307
11
-0.2877233070866141
21
-0.3203771653543307
0
LINE
8
BLACK
6
CONTINUOUS
10
-0.2877233070866141
20
-0.3203771653543307
11
-0.2877261023622047
21
-0.3203766141732283
0
LINE
8
BLACK
6
CONTINUOUS
10
-0.2877261023622047
20
-0.3203766141732283
11
-0.2877274015748031
21
-0.3203771653543307
0
LINE
8
BLACK
6
CONTINUOUS
10
-0.2877274015748031
20
-0.3203771653543307
11
-0.288101968503937
21
-0.3203018503937008
0
LINE
8
BLACK
6
CONTINUOUS
10
-0.288101968503937
20
-0.3203018503937008
11
-0.2884766141732283
21
-0.3202273228346457
0
LINE
8
BLACK
6
CONTINUOUS
10
-0.2884766141732283
20
-0.3202273228346457
11
-0.2884776377952756
21
-0.3202262992125984
0
LINE
8
BLACK
6
CONTINUOUS
10
-0.2884776377952756
20
-0.3202262992125984
11
-0.2884803937007874
21
-0.3202257480314961
0
LINE
8
BLACK
6
CONTINUOUS
10
-0.2884803937007874
20
-0.3202257480314961
11
-0.2929798818897638
21
-0.3183509842519685
0
LINE
8
BLACK
6
CONTINUOUS
10
-0.2929798818897638
20
-0.3183509842519685
11
-0.2931073228346457
21
-0.3182654330708661
0
LINE
8
BLACK
6
CONTINUOUS
10
-0.2931073228346457
20
-0.3182654330708661
11
-0.2931723228346457
21
-0.3182582283464567
0
LINE
8
BLACK
6
CONTINUOUS
10
-0.2931723228346457
20
-0.3182582283464567
11
-0.293385905511811
21
-0.3180784251968504
0
LINE
8
BLACK
6
CONTINUOUS
10
-0.293385905511811
20
-0.3180784251968504
11
-0.2936175984251969
21
-0.3179229133858268
0
LINE
8
BLACK
6
CONTINUOUS
10
-0.2936175984251969
20
-0.3179229133858268
11
-0.2936425196850393
21
-0.3178624015748032
0
LINE
8
BLACK
6
CONTINUOUS
10
-0.2936425196850393
20
-0.3178624015748032
11
-0.2937598818897638
21
-0.3177636220472441
0
LINE
8
BLACK
6
CONTINUOUS
10
-0.2937598818897638
20
-0.3177636220472441
11
-0.2967595275590551
21
-0.314014094488189
0
LINE
8
BLACK
6
CONTINUOUS
10
-0.2967595275590551
20
-0.314014094488189
11
-0.2968925984251968
21
-0.3137574409448819
0
LINE
8
BLACK
6
CONTINUOUS
10
-0.2968925984251968
20
-0.3137574409448819
11
-0.2970500787401575
21
-0.3135154330708662
0
LINE
8
BLACK
6
CONTINUOUS
10
-0.2970500787401575
20
-0.3135154330708662
11
-0.2985498818897638
21
-0.309765905511811
0
LINE
8
BLACK
6
CONTINUOUS
10
-0.2985498818897638
20
-0.309765905511811
11
-0.298583031496063
21
-0.3095879921259843
0
LINE
8
BLACK
6
CONTINUOUS
10
-0.298583031496063
20
-0.3095879921259843
11
-0.2986524409448819
21
-0.309420905511811
0
LINE
8
BLACK
6
CONTINUOUS
10
-0.2986524409448819
20
-0.309420905511811
11
-0.3001522834645669
21
-0.3019218503937008
0
LINE
8
BLACK
6
CONTINUOUS
10
-0.3001522834645669
20
-0.3019218503937008
11
-0.3001525196850394
21
-0.301726968503937
0
LINE
8
BLACK
6
CONTINUOUS
10
-0.3001525196850394
20
-0.301726968503937
11
-0.3001905118110236
21
-0.3015357874015748
0
LINE
8
BLACK
6
CONTINUOUS
10
-0.3001905118110236
20
-0.3015357874015748
11
-0.3001905118110236
21
-0.2959114960629921
0
LINE
8
BLACK
6
CONTINUOUS
10
-0.3001905118110236
20
-0.2959114960629921
11
-0.3001525196850394
21
-0.2957202755905512
0
LINE
8
BLACK
6
CONTINUOUS
10
-0.3001525196850394
20
-0.2957202755905512
11
-0.3001522834645669
21
-0.2955254330708662
0
LINE
8
BLACK
6
CONTINUOUS
10
-0.3001522834645669
20
-0.2955254330708662
11
-0.2986524409448819
21
-0.2880263779527559
0
LINE
8
BLACK
6
CONTINUOUS
10
-0.2986524409448819
20
-0.2880263779527559
11
-0.298583031496063
21
-0.2878592519685039
0
LINE
8
BLACK
6
CONTINUOUS
10
-0.298583031496063
20
-0.2878592519685039
11
-0.2985498818897638
21
-0.2876813779527559
0
LINE
8
BLACK
6
CONTINUOUS
10
-0.2985498818897638
20
-0.2876813779527559
11
-0.2970500787401575
21
-0.2839318503937008
0
LINE
8
BLACK
6
CONTINUOUS
10
-0.2970500787401575
20
-0.2839318503937008
11
-0.2968925984251968
21
-0.2836898031496063
0
LINE
8
BLACK
6
CONTINUOUS
10
-0.2968925984251968
20
-0.2836898031496063
11
-0.2967595275590551
21
-0.2834331889763779
0
LINE
8
BLACK
6
CONTINUOUS
10
-0.2967595275590551
20
-0.2834331889763779
11
-0.2937598818897638
21
-0.2796836614173228
0
LINE
8
BLACK
6
CONTINUOUS
10
-0.2937598818897638
20
-0.2796836614173228
11
-0.2936425196850393
21
-0.279584842519685
0
LINE
8
BLACK
6
CONTINUOUS
10
-0.2936425196850393
20
-0.279584842519685
11
-0.2936175984251969
21
-0.2795243700787401
0
LINE
8
BLACK
6
CONTINUOUS
10
-0.2936175984251969
20
-0.2795243700787401
11
-0.293385905511811
21
-0.2793688188976378
0
LINE
8
BLACK
6
CONTINUOUS
10
-0.293385905511811
20
-0.2793688188976378
11
-0.2931723228346457
21
-0.2791890551181102
0
LINE
8
BLACK
6
CONTINUOUS
10
-0.2931723228346457
20
-0.2791890551181102
11
-0.2931073228346457
21
-0.2791818110236221
0
LINE
8
BLACK
6
CONTINUOUS
10
-0.2931073228346457
20
-0.2791818110236221
11
-0.2929798818897638
21
-0.2790962992125984
0
LINE
8
BLACK
6
CONTINUOUS
10
-0.2929798818897638
20
-0.2790962992125984
11
-0.2884804330708661
21
-0.2772214960629921
0
LINE
8
BLACK
6
CONTINUOUS
10
-0.2884804330708661
20
-0.2772214960629921
11
-0.2884776377952756
21
-0.277220905511811
0
LINE
8
BLACK
6
CONTINUOUS
10
-0.2884776377952756
20
-0.277220905511811
11
-0.2884766141732283
21
-0.2772199212598425
0
LINE
8
BLACK
6
CONTINUOUS
10
-0.2884766141732283
20
-0.2772199212598425
11
-0.2881055905511811
21
-0.2771461023622047
0
LINE
8
BLACK
6
CONTINUOUS
10
-0.2881055905511811
20
-0.2771461023622047
11
-0.2877274409448819
21
-0.2770700787401575
0
LINE
8
BLACK
6
CONTINUOUS
10
-0.2877274409448819
20
-0.2770700787401575
11
-0.2877261023622047
21
-0.2770706299212599
0
LINE
8
BLACK
6
CONTINUOUS
10
-0.2877261023622047
20
-0.2770706299212599
11
-0.2877233070866141
21
-0.2770700787401575
0
LINE
8
BLACK
6
CONTINUOUS
10
-0.2877233070866141
20
-0.2770700787401575
11
-0.2802242519685039
21
-0.2770700787401575
0
LINE
8
BLACK
6
CONTINUOUS
10
-0.2802242519685039
20
-0.2770700787401575
11
-0.2794709448818898
21
-0.2772199212598425
0
LINE
8
BLACK
6
CONTINUOUS
10
-0.2910004330708661
20
-0.2825366141732283
11
-0.293503031496063
21
-0.285664842519685
0
LINE
8
BLACK
6
CONTINUOUS
10
-0.293503031496063
20
-0.285664842519685
11
-0.2948273622047244
21
-0.2889757086614173
0
LINE
8
BLACK
6
CONTINUOUS
10
-0.2948273622047244
20
-0.2889757086614173
11
-0.2962535039370079
21
-0.2961064173228347
0
LINE
8
BLACK
6
CONTINUOUS
10
-0.2962535039370079
20
-0.2961064173228347
11
-0.2962535039370079
21
-0.3013408267716535
0
LINE
8
BLACK
6
CONTINUOUS
10
-0.2962535039370079
20
-0.3013408267716535
11
-0.2948273622047244
21
-0.3084715354330709
0
LINE
8
BLACK
6
CONTINUOUS
10
-0.2948273622047244
20
-0.3084715354330709
11
-0.293503031496063
21
-0.3117824015748031
0
LINE
8
BLACK
6
CONTINUOUS
10
-0.293503031496063
20
-0.3117824015748031
11
-0.2910004330708661
21
-0.3149106299212598
0
LINE
8
BLACK
6
CONTINUOUS
10
-0.2910004330708661
20
-0.3149106299212598
11
-0.2873295669291339
21
-0.316440157480315
0
LINE
8
BLACK
6
CONTINUOUS
10
-0.2873295669291339
20
-0.316440157480315
11
-0.2821927559055118
21
-0.316440157480315
0
LINE
8
BLACK
6
CONTINUOUS
10
-0.2821927559055118
20
-0.316440157480315
11
-0.2821927559055118
21
-0.2810070866141732
0
LINE
8
BLACK
6
CONTINUOUS
10
-0.2821927559055118
20
-0.2810070866141732
11
-0.2873295669291339
21
-0.2810070866141732
0
LINE
8
BLACK
6
CONTINUOUS
10
-0.2873295669291339
20
-0.2810070866141732
11
-0.2910004330708661
21
-0.2825366141732283
0
LINE
8
BLACK
6
CONTINUOUS
10
-0.253224842519685
20
-0.2770706299212599
11
-0.2532234645669291
21
-0.2770700787401575
0
LINE
8
BLACK
6
CONTINUOUS
10
-0.2532234645669291
20
-0.2770700787401575
11
-0.2528453543307086
21
-0.2771461023622047
0
LINE
8
BLACK
6
CONTINUOUS
10
-0.2528453543307086
20
-0.2771461023622047
11
-0.2524742913385827
21
-0.2772199212598425
0
LINE
8
BLACK
6
CONTINUOUS
10
-0.2524742913385827
20
-0.2772199212598425
11
-0.2524733070866141
21
-0.277220905511811
0
LINE
8
BLACK
6
CONTINUOUS
10
-0.2524733070866141
20
-0.277220905511811
11
-0.2524704724409449
21
-0.2772214960629921
0
LINE
8
BLACK
6
CONTINUOUS
10
-0.2524704724409449
20
-0.2772214960629921
11
-0.2479710236220472
21
-0.2790962992125984
0
LINE
8
BLACK
6
CONTINUOUS
10
-0.2479710236220472
20
-0.2790962992125984
11
-0.2473333070866142
21
-0.2795243700787401
0
LINE
8
BLACK
6
CONTINUOUS
10
-0.2473333070866142
20
-0.2795243700787401
11
-0.2467596456692913
21
-0.2809175196850394
0
LINE
8
BLACK
6
CONTINUOUS
10
-0.2467596456692913
20
-0.2809175196850394
11
-0.2473391338582677
21
-0.2823082283464567
0
LINE
8
BLACK
6
CONTINUOUS
10
-0.2473391338582677
20
-0.2823082283464567
11
-0.2487322834645669
21
-0.2828818897637795
0
LINE
8
BLACK
6
CONTINUOUS
10
-0.2487322834645669
20
-0.2828818897637795
11
-0.2494852755905512
21
-0.2827304724409449
0
LINE
8
BLACK
6
CONTINUOUS
10
-0.2494852755905512
20
-0.2827304724409449
11
-0.2536213385826772
21
-0.2810070866141732
0
LINE
8
BLACK
6
CONTINUOUS
10
-0.2536213385826772
20
-0.2810070866141732
11
-0.2601620866141732
21
-0.2810070866141732
0
LINE
8
BLACK
6
CONTINUOUS
10
-0.2601620866141732
20
-0.2810070866141732
11
-0.2623985826771654
21
-0.2824048818897638
0
LINE
8
BLACK
6
CONTINUOUS
10
-0.2623985826771654
20
-0.2824048818897638
11
-0.2635067716535433
21
-0.2837900787401575
0
LINE
8
BLACK
6
CONTINUOUS
10
-0.2635067716535433
20
-0.2837900787401575
11
-0.2647574015748032
21
-0.2869167716535433
0
LINE
8
BLACK
6
CONTINUOUS
10
-0.2647574015748032
20
-0.2869167716535433
11
-0.2647574015748032
21
-0.2899080708661417
0
LINE
8
BLACK
6
CONTINUOUS
10
-0.2647574015748032
20
-0.2899080708661417
11
-0.2635067716535433
21
-0.2930347637795275
0
LINE
8
BLACK
6
CONTINUOUS
10
-0.2635067716535433
20
-0.2930347637795275
11
-0.2623986220472441
21
-0.2944199212598425
0
LINE
8
BLACK
6
CONTINUOUS
10
-0.2623986220472441
20
-0.2944199212598425
11
-0.2598979527559055
21
-0.2959828346456693
0
LINE
8
BLACK
6
CONTINUOUS
10
-0.2598979527559055
20
-0.2959828346456693
11
-0.2541402362204724
21
-0.297782125984252
0
LINE
8
BLACK
6
CONTINUOUS
10
-0.2541402362204724
20
-0.297782125984252
11
-0.2539193700787402
21
-0.2979025590551181
0
LINE
8
BLACK
6
CONTINUOUS
10
-0.2539193700787402
20
-0.2979025590551181
11
-0.253684094488189
21
-0.2979917322834645
0
LINE
8
BLACK
6
CONTINUOUS
10
-0.253684094488189
20
-0.2979917322834645
11
-0.2506844881889764
21
-0.2998664960629921
0
LINE
8
BLACK
6
CONTINUOUS
10
-0.2506844881889764
20
-0.2998664960629921
11
-0.250443937007874
21
-0.3000928346456693
0
LINE
8
BLACK
6
CONTINUOUS
10
-0.250443937007874
20
-0.3000928346456693
11
-0.2501906299212598
21
-0.300306062992126
0
LINE
8
BLACK
6
CONTINUOUS
10
-0.2501906299212598
20
-0.300306062992126
11
-0.2486908267716536
21
-0.3021808267716535
0
LINE
8
BLACK
6
CONTINUOUS
10
-0.2486908267716536
20
-0.3021808267716535
11
-0.248557874015748
21
-0.3024372440944882
0
LINE
8
BLACK
6
CONTINUOUS
10
-0.248557874015748
20
-0.3024372440944882
11
-0.2484002755905512
21
-0.3026794488188976
0
LINE
8
BLACK
6
CONTINUOUS
10
-0.2484002755905512
20
-0.3026794488188976
11
-0.2469004330708661
21
-0.3064289763779527
0
LINE
8
BLACK
6
CONTINUOUS
10
-0.2469004330708661
20
-0.3064289763779527
11
-0.2468322440944882
21
-0.3067951181102362
0
LINE
8
BLACK
6
CONTINUOUS
10
-0.2468322440944882
20
-0.3067951181102362
11
-0.2467596456692913
21
-0.3071600787401575
0
LINE
8
BLACK
6
CONTINUOUS
10
-0.2467596456692913
20
-0.3071600787401575
11
-0.2467596456692913
21
-0.3109096062992126
0
LINE
8
BLACK
6
CONTINUOUS
10
-0.2467596456692913
20
-0.3109096062992126
11
-0.2468322440944882
21
-0.3112745275590551
0
LINE
8
BLACK
6
CONTINUOUS
10
-0.2468322440944882
20
-0.3112745275590551
11
-0.2469004330708661
21
-0.3116407086614173
0
LINE
8
BLACK
6
CONTINUOUS
10
-0.2469004330708661
20
-0.3116407086614173
11
-0.2484002755905512
21
-0.3153902362204724
0
LINE
8
BLACK
6
CONTINUOUS
10
-0.2484002755905512
20
-0.3153902362204724
11
-0.248557874015748
21
-0.3156324015748032
0
LINE
8
BLACK
6
CONTINUOUS
10
-0.248557874015748
20
-0.3156324015748032
11
-0.2486908267716536
21
-0.3158888582677165
0
LINE
8
BLACK
6
CONTINUOUS
10
-0.2486908267716536
20
-0.3158888582677165
11
-0.2501906299212598
21
-0.3177636220472441
0
LINE
8
BLACK
6
CONTINUOUS
10
-0.2501906299212598
20
-0.3177636220472441
11
-0.250443937007874
21
-0.317976811023622
0
LINE
8
BLACK
6
CONTINUOUS
10
-0.250443937007874
20
-0.317976811023622
11
-0.2506844881889764
21
-0.3182031889763779
0
LINE
8
BLACK
6
CONTINUOUS
10
-0.2506844881889764
20
-0.3182031889763779
11
-0.253684094488189
21
-0.3200779527559055
0
LINE
8
BLACK
6
CONTINUOUS
10
-0.253684094488189
20
-0.3200779527559055
11
-0.2539105511811023
21
-0.3201637401574803
0
LINE
8
BLACK
6
CONTINUOUS
10
-0.2539105511811023
20
-0.3201637401574803
11
-0.253974094488189
21
-0.3202273228346457
0
LINE
8
BLACK
6
CONTINUOUS
10
-0.253974094488189
20
-0.3202273228346457
11
-0.2541933858267716
21
-0.320270905511811
0
LINE
8
BLACK
6
CONTINUOUS
10
-0.2541933858267716
20
-0.320270905511811
11
-0.2544023228346456
21
-0.3203501181102362
0
LINE
8
BLACK
6
CONTINUOUS
10
-0.2544023228346456
20
-0.3203501181102362
11
-0.2544898818897638
21
-0.3203298818897637
0
LINE
8
BLACK
6
CONTINUOUS
10
-0.2544898818897638
20
-0.3203298818897637
11
-0.2547274015748032
21
-0.3203771653543307
0
LINE
8
BLACK
6
CONTINUOUS
10
-0.2547274015748032
20
-0.3203771653543307
11
-0.2622264960629921
21
-0.3203771653543307
0
LINE
8
BLACK
6
CONTINUOUS
10
-0.2622264960629921
20
-0.3203771653543307
11
-0.2622292913385827
21
-0.3203765748031496
0
LINE
8
BLACK
6
CONTINUOUS
10
-0.2622292913385827
20
-0.3203765748031496
11
-0.2622306299212598
21
-0.3203771653543307
0
LINE
8
BLACK
6
CONTINUOUS
10
-0.2622306299212598
20
-0.3203771653543307
11
-0.2626087795275591
21
-0.3203011023622047
0
LINE
8
BLACK
6
CONTINUOUS
10
-0.2626087795275591
20
-0.3203011023622047
11
-0.2629798031496063
21
-0.3202273228346457
0
LINE
8
BLACK
6
CONTINUOUS
10
-0.2629798031496063
20
-0.3202273228346457
11
-0.2629808267716535
21
-0.3202262992125984
0
LINE
8
BLACK
6
CONTINUOUS
10
-0.2629808267716535
20
-0.3202262992125984
11
-0.2629836220472441
21
-0.3202257480314961
0
LINE
8
BLACK
6
CONTINUOUS
10
-0.2629836220472441
20
-0.3202257480314961
11
-0.267483031496063
21
-0.3183509842519685
0
LINE
8
BLACK
6
CONTINUOUS
10
-0.267483031496063
20
-0.3183509842519685
11
-0.268120748031496
21
-0.3179229133858268
0
LINE
8
BLACK
6
CONTINUOUS
10
-0.268120748031496
20
-0.3179229133858268
11
-0.2686944094488189
21
-0.3165297637795276
0
LINE
8
BLACK
6
CONTINUOUS
10
-0.2686944094488189
20
-0.3165297637795276
11
-0.2681149212598425
21
-0.3151390551181102
0
LINE
8
BLACK
6
CONTINUOUS
10
-0.2681149212598425
20
-0.3151390551181102
11
-0.2667217716535433
21
-0.3145653937007874
0
LINE
8
BLACK
6
CONTINUOUS
10
-0.2667217716535433
20
-0.3145653937007874
11
-0.265968779527559
21
-0.314716811023622
0
LINE
8
BLACK
6
CONTINUOUS
10
-0.265968779527559
20
-0.314716811023622
11
-0.2618327559055118
21
-0.316440157480315
0
LINE
8
BLACK
6
CONTINUOUS
10
-0.2618327559055118
20
-0.316440157480315
11
-0.255291968503937
21
-0.316440157480315
0
LINE
8
BLACK
6
CONTINUOUS
10
-0.255291968503937
20
-0.316440157480315
11
-0.2530555118110236
21
-0.3150423228346457
0
LINE
8
BLACK
6
CONTINUOUS
10
-0.2530555118110236
20
-0.3150423228346457
11
-0.2519474015748032
21
-0.3136572440944882
0
LINE
8
BLACK
6
CONTINUOUS
10
-0.2519474015748032
20
-0.3136572440944882
11
-0.2506966535433071
21
-0.3105304330708661
0
LINE
8
BLACK
6
CONTINUOUS
10
-0.2506966535433071
20
-0.3105304330708661
11
-0.2506966535433071
21
-0.3075392125984252
0
LINE
8
BLACK
6
CONTINUOUS
10
-0.2506966535433071
20
-0.3075392125984252
11
-0.2519474015748032
21
-0.3044124015748031
0
LINE
8
BLACK
6
CONTINUOUS
10
-0.2519474015748032
20
-0.3044124015748031
11
-0.2530555118110236
21
-0.3030273228346457
0
LINE
8
BLACK
6
CONTINUOUS
10
-0.2530555118110236
20
-0.3030273228346457
11
-0.2555561417322835
21
-0.3014644094488189
0
LINE
8
BLACK
6
CONTINUOUS
10
-0.2555561417322835
20
-0.3014644094488189
11
-0.2613138188976378
21
-0.299665157480315
0
LINE
8
BLACK
6
CONTINUOUS
10
-0.2613138188976378
20
-0.299665157480315
11
-0.2615346850393701
21
-0.2995446850393701
0
LINE
8
BLACK
6
CONTINUOUS
10
-0.2615346850393701
20
-0.2995446850393701
11
-0.2617699606299213
21
-0.2994555511811023
0
LINE
8
BLACK
6
CONTINUOUS
10
-0.2617699606299213
20
-0.2994555511811023
11
-0.2647696062992126
21
-0.2975807874015748
0
LINE
8
BLACK
6
CONTINUOUS
10
-0.2647696062992126
20
-0.2975807874015748
11
-0.2650105511811023
21
-0.2973540944881889
0
LINE
8
BLACK
6
CONTINUOUS
10
-0.2650105511811023
20
-0.2973540944881889
11
-0.2652634251968504
21
-0.297141220472441
0
LINE
8
BLACK
6
CONTINUOUS
10
-0.2652634251968504
20
-0.297141220472441
11
-0.2667632677165354
21
-0.2952664566929134
0
LINE
8
BLACK
6
CONTINUOUS
10
-0.2667632677165354
20
-0.2952664566929134
11
-0.2668963385826771
21
-0.2950098031496063
0
LINE
8
BLACK
6
CONTINUOUS
10
-0.2668963385826771
20
-0.2950098031496063
11
-0.2670538188976378
21
-0.2947677952755905
0
LINE
8
BLACK
6
CONTINUOUS
10
-0.2670538188976378
20
-0.2947677952755905
11
-0.2685536220472441
21
-0.2910182677165354
0
LINE
8
BLACK
6
CONTINUOUS
10
-0.2685536220472441
20
-0.2910182677165354
11
-0.2686217322834646
21
-0.2906527165354331
0
LINE
8
BLACK
6
CONTINUOUS
10
-0.2686217322834646
20
-0.2906527165354331
11
-0.2686944094488189
21
-0.2902872047244094
0
LINE
8
BLACK
6
CONTINUOUS
10
-0.2686944094488189
20
-0.2902872047244094
11
-0.2686944094488189
21
-0.2865376771653543
0
LINE
8
BLACK
6
CONTINUOUS
10
-0.2686944094488189
20
-0.2865376771653543
11
-0.2686217322834646
21
-0.286172125984252
0
LINE
8
BLACK
6
CONTINUOUS
10
-0.2686217322834646
20
-0.286172125984252
11
-0.2685536220472441
21
-0.2858066141732283
0
LINE
8
BLACK
6
CONTINUOUS
10
-0.2685536220472441
20
-0.2858066141732283
11
-0.2670538188976378
21
-0.2820570866141732
0
LINE
8
BLACK
6
CONTINUOUS
10
-0.2670538188976378
20
-0.2820570866141732
11
-0.2668963385826771
21
-0.2818150393700787
0
LINE
8
BLACK
6
CONTINUOUS
10
-0.2668963385826771
20
-0.2818150393700787
11
-0.2667632677165354
21
-0.2815584251968504
0
LINE
8
BLACK
6
CONTINUOUS
10
-0.2667632677165354
20
-0.2815584251968504
11
-0.2652634251968504
21
-0.2796836614173228
0
LINE
8
BLACK
6
CONTINUOUS
10
-0.2652634251968504
20
-0.2796836614173228
11
-0.2650105511811023
21
-0.2794707480314961
0
LINE
8
BLACK
6
CONTINUOUS
10
-0.2650105511811023
20
-0.2794707480314961
11
-0.2647696062992126
21
-0.279244094488189
0
LINE
8
BLACK
6
CONTINUOUS
10
-0.2647696062992126
20
-0.279244094488189
11
-0.26177
21
-0.2773692913385827
0
LINE
8
BLACK
6
CONTINUOUS
10
-0.26177
20
-0.2773692913385827
11
-0.2615435039370079
21
-0.2772834251968504
0
LINE
8
BLACK
6
CONTINUOUS
10
-0.2615435039370079
20
-0.2772834251968504
11
-0.2614799606299212
21
-0.2772199212598425
0
LINE
8
BLACK
6
CONTINUOUS
10
-0.2614799606299212
20
-0.2772199212598425
11
-0.2612607874015748
21
-0.2771762992125984
0
LINE
8
BLACK
6
CONTINUOUS
10
-0.2612607874015748
20
-0.2771762992125984
11
-0.2610517716535433
21
-0.277097125984252
0
LINE
8
BLACK
6
CONTINUOUS
10
-0.2610517716535433
20
-0.277097125984252
11
-0.2609642125984252
21
-0.2771173228346457
0
LINE
8
BLACK
6
CONTINUOUS
10
-0.2609642125984252
20
-0.2771173228346457
11
-0.2607266535433071
21
-0.2770700787401575
0
LINE
8
BLACK
6
CONTINUOUS
10
-0.2607266535433071
20
-0.2770700787401575
11
-0.2532275984251968
21
-0.2770700787401575
0
LINE
8
BLACK
6
CONTINUOUS
10
-0.2532275984251968
20
-0.2770700787401575
11
-0.253224842519685
21
-0.2770706299212599
0
LINE
8
BLACK
6
CONTINUOUS
10
-0.1974970078740158
20
-0.2771173228346457
11
-0.1974094488188976
21
-0.277097125984252
0
LINE
8
BLACK
6
CONTINUOUS
10
-0.1974094488188976
20
-0.277097125984252
11
-0.1972005118110236
21
-0.2771762992125984
0
LINE
8
BLACK
6
CONTINUOUS
10
-0.1972005118110236
20
-0.2771762992125984
11
-0.1969812204724409
21
-0.2772199212598425
0
LINE
8
BLACK
6
CONTINUOUS
10
-0.1969812204724409
20
-0.2772199212598425
11
-0.1969176771653543
21
-0.2772834645669291
0
LINE
8
BLACK
6
CONTINUOUS
10
-0.1969176771653543
20
-0.2772834645669291
11
-0.1966912204724409
21
-0.2773692913385827
0
LINE
8
BLACK
6
CONTINUOUS
10
-0.1966912204724409
20
-0.2773692913385827
11
-0.1936915748031496
21
-0.279244094488189
0
LINE
8
BLACK
6
CONTINUOUS
10
-0.1936915748031496
20
-0.279244094488189
11
-0.1934510236220472
21
-0.2794704330708661
0
LINE
8
BLACK
6
CONTINUOUS
10
-0.1934510236220472
20
-0.2794704330708661
11
-0.1931977165354331
21
-0.2796836614173228
0
LINE
8
BLACK
6
CONTINUOUS
10
-0.1931977165354331
20
-0.2796836614173228
11
-0.1916979133858268
21
-0.2815584251968504
0
LINE
8
BLACK
6
CONTINUOUS
10
-0.1916979133858268
20
-0.2815584251968504
11
-0.1913443700787402
21
-0.2822402755905511
0
LINE
8
BLACK
6
CONTINUOUS
10
-0.1913443700787402
20
-0.2822402755905511
11
-0.1915107480314961
21
-0.2837377165354331
0
LINE
8
BLACK
6
CONTINUOUS
10
-0.1915107480314961
20
-0.2837377165354331
11
-0.1926872047244094
21
-0.2846788582677166
0
LINE
8
BLACK
6
CONTINUOUS
10
-0.1926872047244094
20
-0.2846788582677166
11
-0.1941846456692913
21
-0.2845124803149606
0
LINE
8
BLACK
6
CONTINUOUS
10
-0.1941846456692913
20
-0.2845124803149606
11
-0.1947722047244095
21
-0.284017874015748
0
LINE
8
BLACK
6
CONTINUOUS
10
-0.1947722047244095
20
-0.284017874015748
11
-0.1960625590551181
21
-0.2824049606299213
0
LINE
8
BLACK
6
CONTINUOUS
10
-0.1960625590551181
20
-0.2824049606299213
11
-0.198299094488189
21
-0.2810070866141732
0
LINE
8
BLACK
6
CONTINUOUS
10
-0.198299094488189
20
-0.2810070866141732
11
-0.2061688188976378
21
-0.2810070866141732
0
LINE
8
BLACK
6
CONTINUOUS
10
-0.2061688188976378
20
-0.2810070866141732
11
-0.2084053149606299
21
-0.2824048818897638
0
LINE
8
BLACK
6
CONTINUOUS
10
-0.2084053149606299
20
-0.2824048818897638
11
-0.2095135039370079
21
-0.2837900787401575
0
LINE
8
BLACK
6
CONTINUOUS
10
-0.2095135039370079
20
-0.2837900787401575
11
-0.2107641338582677
21
-0.2869167716535433
0
LINE
8
BLACK
6
CONTINUOUS
10
-0.2107641338582677
20
-0.2869167716535433
11
-0.2107641338582677
21
-0.2955323622047244
0
LINE
8
BLACK
6
CONTINUOUS
10
-0.2107641338582677
20
-0.2955323622047244
11
-0.2095135039370079
21
-0.2986590551181103
0
LINE
8
BLACK
6
CONTINUOUS
10
-0.2095135039370079
20
-0.2986590551181103
11
-0.2084053543307087
21
-0.3000442125984252
0
LINE
8
BLACK
6
CONTINUOUS
10
-0.2084053543307087
20
-0.3000442125984252
11
-0.2061688188976378
21
-0.3014420472440945
0
LINE
8
BLACK
6
CONTINUOUS
10
-0.2061688188976378
20
-0.3014420472440945
11
-0.2022339763779528
21
-0.3014420472440945
0
LINE
8
BLACK
6
CONTINUOUS
10
-0.2022339763779528
20
-0.3014420472440945
11
-0.2019096456692913
21
-0.3015065354330709
0
LINE
8
BLACK
6
CONTINUOUS
10
-0.2019096456692913
20
-0.3015065354330709
11
-0.201808188976378
21
-0.3014886614173228
0
LINE
8
BLACK
6
CONTINUOUS
10
-0.201808188976378
20
-0.3014886614173228
11
-0.2017322047244094
21
-0.3015418503937008
0
LINE
8
BLACK
6
CONTINUOUS
10
-0.2017322047244094
20
-0.3015418503937008
11
-0.2014806692913386
21
-0.3015918897637795
0
LINE
8
BLACK
6
CONTINUOUS
10
-0.2014806692913386
20
-0.3015918897637795
11
-0.2010606299212598
21
-0.3020119291338583
0
LINE
8
BLACK
6
CONTINUOUS
10
-0.2010606299212598
20
-0.3020119291338583
11
-0.2005738976377953
21
-0.3023526377952756
0
LINE
8
BLACK
6
CONTINUOUS
10
-0.2005738976377953
20
-0.3023526377952756
11
-0.2005426377952756
21
-0.3025299212598425
0
LINE
8
BLACK
6
CONTINUOUS
10
-0.2005426377952756
20
-0.3025299212598425
11
-0.2004153149606299
21
-0.3026572440944882
0
LINE
8
BLACK
6
CONTINUOUS
10
-0.2004153149606299
20
-0.3026572440944882
11
-0.2004153149606299
21
-0.3032512992125984
0
LINE
8
BLACK
6
CONTINUOUS
10
-0.2004153149606299
20
-0.3032512992125984
11
-0.2003120866141732
21
-0.3038363385826772
0
LINE
8
BLACK
6
CONTINUOUS
10
-0.2003120866141732
20
-0.3038363385826772
11
-0.2004153149606299
21
-0.3040710236220472
0
LINE
8
BLACK
6
CONTINUOUS
10
-0.2004153149606299
20
-0.3040710236220472
11
-0.2004153149606299
21
-0.3041638582677165
0
LINE
8
BLACK
6
CONTINUOUS
10
-0.2004153149606299
20
-0.3041638582677165
11
-0.2004881889763779
21
-0.3042366929133858
0
LINE
8
BLACK
6
CONTINUOUS
10
-0.2004881889763779
20
-0.3042366929133858
11
-0.2006212992125984
21
-0.3045394094488189
0
LINE
8
BLACK
6
CONTINUOUS
10
-0.2006212992125984
20
-0.3045394094488189
11
-0.208951811023622
21
-0.316440157480315
0
LINE
8
BLACK
6
CONTINUOUS
10
-0.208951811023622
20
-0.316440157480315
11
-0.1932350787401575
21
-0.316440157480315
0
LINE
8
BLACK
6
CONTINUOUS
10
-0.1932350787401575
20
-0.316440157480315
11
-0.1924817716535433
21
-0.31659
0
LINE
8
BLACK
6
CONTINUOUS
10
-0.1924817716535433
20
-0.31659
11
-0.1914164173228347
21
-0.3176553543307086
0
LINE
8
BLACK
6
CONTINUOUS
10
-0.1914164173228347
20
-0.3176553543307086
11
-0.1914164173228347
21
-0.319161968503937
0
LINE
8
BLACK
6
CONTINUOUS
10
-0.1914164173228347
20
-0.319161968503937
11
-0.1924817716535433
21
-0.3202273228346457
0
LINE
8
BLACK
6
CONTINUOUS
10
-0.1924817716535433
20
-0.3202273228346457
11
-0.1932350787401575
21
-0.3203771653543307
0
LINE
8
BLACK
6
CONTINUOUS
10
-0.1932350787401575
20
-0.3203771653543307
11
-0.2127326377952756
21
-0.3203771653543307
0
LINE
8
BLACK
6
CONTINUOUS
10
-0.2127326377952756
20
-0.3203771653543307
11
-0.2130570078740157
21
-0.3203126377952756
0
LINE
8
BLACK
6
CONTINUOUS
10
-0.2130570078740157
20
-0.3203126377952756
11
-0.2131584251968504
21
-0.3203305511811024
0
LINE
8
BLACK
6
CONTINUOUS
10
-0.2131584251968504
20
-0.3203305511811024
11
-0.2132344488188976
21
-0.3202773228346457
0
LINE
8
BLACK
6
CONTINUOUS
10
-0.2132344488188976
20
-0.3202773228346457
11
-0.2134859448818898
21
-0.3202273228346457
0
LINE
8
BLACK
6
CONTINUOUS
10
-0.2134859448818898
20
-0.3202273228346457
11
-0.2139060236220472
21
-0.3198072440944882
0
LINE
8
BLACK
6
CONTINUOUS
10
-0.2139060236220472
20
-0.3198072440944882
11
-0.2143927165354331
21
-0.3194665748031496
0
LINE
8
BLACK
6
CONTINUOUS
10
-0.2143927165354331
20
-0.3194665748031496
11
-0.2144240157480315
21
-0.3192892519685039
0
LINE
8
BLACK
6
CONTINUOUS
10
-0.2144240157480315
20
-0.3192892519685039
11
-0.2145512992125984
21
-0.319161968503937
0
LINE
8
BLACK
6
CONTINUOUS
10
-0.2145512992125984
20
-0.319161968503937
11
-0.2145512992125984
21
-0.318567874015748
0
LINE
8
BLACK
6
CONTINUOUS
10
-0.2145512992125984
20
-0.318567874015748
11
-0.2146545275590551
21
-0.317982874015748
0
LINE
8
BLACK
6
CONTINUOUS
10
-0.2146545275590551
20
-0.317982874015748
11
-0.2145512992125984
21
-0.3177481496062992
0
LINE
8
BLACK
6
CONTINUOUS
10
-0.2145512992125984
20
-0.3177481496062992
11
-0.2145512992125984
21
-0.3176553543307086
0
LINE
8
BLACK
6
CONTINUOUS
10
-0.2145512992125984
20
-0.3176553543307086
11
-0.2144784645669291
21
-0.3175824803149606
0
LINE
8
BLACK
6
CONTINUOUS
10
-0.2144784645669291
20
-0.3175824803149606
11
-0.2143453149606299
21
-0.3172798031496063
0
LINE
8
BLACK
6
CONTINUOUS
10
-0.2143453149606299
20
-0.3172798031496063
11
-0.2060148031496063
21
-0.3053790551181103
0
LINE
8
BLACK
6
CONTINUOUS
10
-0.2060148031496063
20
-0.3053790551181103
11
-0.2067333858267716
21
-0.3053790551181103
0
LINE
8
BLACK
6
CONTINUOUS
10
-0.2067333858267716
20
-0.3053790551181103
11
-0.2069708661417323
21
-0.3053318110236221
0
LINE
8
BLACK
6
CONTINUOUS
10
-0.2069708661417323
20
-0.3053318110236221
11
-0.2070584645669291
21
-0.3053520472440945
0
LINE
8
BLACK
6
CONTINUOUS
10
-0.2070584645669291
20
-0.3053520472440945
11
-0.2072675984251968
21
-0.3052727952755905
0
LINE
8
BLACK
6
CONTINUOUS
10
-0.2072675984251968
20
-0.3052727952755905
11
-0.2074866929133858
21
-0.3052292125984252
0
LINE
8
BLACK
6
CONTINUOUS
10
-0.2074866929133858
20
-0.3052292125984252
11
-0.2075502755905512
21
-0.3051656299212598
0
LINE
8
BLACK
6
CONTINUOUS
10
-0.2075502755905512
20
-0.3051656299212598
11
-0.2077766929133858
21
-0.305079842519685
0
LINE
8
BLACK
6
CONTINUOUS
10
-0.2077766929133858
20
-0.305079842519685
11
-0.2107763385826772
21
-0.3032050787401575
0
LINE
8
BLACK
6
CONTINUOUS
10
-0.2107763385826772
20
-0.3032050787401575
11
-0.2110172834645669
21
-0.3029783858267717
0
LINE
8
BLACK
6
CONTINUOUS
10
-0.2110172834645669
20
-0.3029783858267717
11
-0.211270157480315
21
-0.3027655118110236
0
LINE
8
BLACK
6
CONTINUOUS
10
-0.211270157480315
20
-0.3027655118110236
11
-0.21277
21
-0.3008907480314961
0
LINE
8
BLACK
6
CONTINUOUS
10
-0.21277
20
-0.3008907480314961
11
-0.2129030708661417
21
-0.300634094488189
0
LINE
8
BLACK
6
CONTINUOUS
10
-0.2129030708661417
20
-0.300634094488189
11
-0.2130605511811024
21
-0.3003920866141732
0
LINE
8
BLACK
6
CONTINUOUS
10
-0.2130605511811024
20
-0.3003920866141732
11
-0.2145603543307087
21
-0.2966425590551181
0
LINE
8
BLACK
6
CONTINUOUS
10
-0.2145603543307087
20
-0.2966425590551181
11
-0.2146284645669291
21
-0.2962770078740157
0
LINE
8
BLACK
6
CONTINUOUS
10
-0.2146284645669291
20
-0.2962770078740157
11
-0.2147011417322835
21
-0.2959114960629921
0
LINE
8
BLACK
6
CONTINUOUS
10
-0.2147011417322835
20
-0.2959114960629921
11
-0.2147011417322835
21
-0.2865376771653543
0
LINE
8
BLACK
6
CONTINUOUS
10
-0.2147011417322835
20
-0.2865376771653543
11
-0.2146284645669291
21
-0.286172125984252
0
LINE
8
BLACK
6
CONTINUOUS
10
-0.2146284645669291
20
-0.286172125984252
11
-0.2145603543307087
21
-0.2858066141732283
0
LINE
8
BLACK
6
CONTINUOUS
10
-0.2145603543307087
20
-0.2858066141732283
11
-0.2130605511811024
21
-0.2820570866141732
0
LINE
8
BLACK
6
CONTINUOUS
10
-0.2130605511811024
20
-0.2820570866141732
11
-0.2129030708661417
21
-0.2818150393700787
0
LINE
8
BLACK
6
CONTINUOUS
10
-0.2129030708661417
20
-0.2818150393700787
11
-0.21277
21
-0.2815584251968504
0
LINE
8
BLACK
6
CONTINUOUS
10
-0.21277
20
-0.2815584251968504
11
-0.211270157480315
21
-0.2796836614173228
0
LINE
8
BLACK
6
CONTINUOUS
10
-0.211270157480315
20
-0.2796836614173228
11
-0.2110172834645669
21
-0.2794707480314961
0
LINE
8
BLACK
6
CONTINUOUS
10
-0.2110172834645669
20
-0.2794707480314961
11
-0.2107763385826772
21
-0.279244094488189
0
LINE
8
BLACK
6
CONTINUOUS
10
-0.2107763385826772
20
-0.279244094488189
11
-0.2077767322834645
21
-0.2773692913385827
0
LINE
8
BLACK
6
CONTINUOUS
10
-0.2077767322834645
20
-0.2773692913385827
11
-0.2075502362204724
21
-0.2772834251968504
0
LINE
8
BLACK
6
CONTINUOUS
10
-0.2075502362204724
20
-0.2772834251968504
11
-0.2074866929133858
21
-0.2772199212598425
0
LINE
8
BLACK
6
CONTINUOUS
10
-0.2074866929133858
20
-0.2772199212598425
11
-0.2072675196850394
21
-0.2771762992125984
0
LINE
8
BLACK
6
CONTINUOUS
10
-0.2072675196850394
20
-0.2771762992125984
11
-0.2070585039370079
21
-0.277097125984252
0
LINE
8
BLACK
6
CONTINUOUS
10
-0.2070585039370079
20
-0.277097125984252
11
-0.2069709448818897
21
-0.2771173228346457
0
LINE
8
BLACK
6
CONTINUOUS
10
-0.2069709448818897
20
-0.2771173228346457
11
-0.2067333858267716
21
-0.2770700787401575
0
LINE
8
BLACK
6
CONTINUOUS
10
-0.2067333858267716
20
-0.2770700787401575
11
-0.1977345275590551
21
-0.2770700787401575
0
LINE
8
BLACK
6
CONTINUOUS
10
-0.1977345275590551
20
-0.2770700787401575
11
-0.1974970078740158
21
-0.2771173228346457
0
LINE
8
BLACK
6
CONTINUOUS
10
-0.1435037401574803
20
-0.2771173228346457
11
-0.1434161811023622
21
-0.277097125984252
0
LINE
8
BLACK
6
CONTINUOUS
10
-0.1434161811023622
20
-0.277097125984252
11
-0.1432072440944882
21
-0.2771762992125984
0
LINE
8
BLACK
6
CONTINUOUS
10
-0.1432072440944882
20
-0.2771762992125984
11
-0.1429879527559055
21
-0.2772199212598425
0
LINE
8
BLACK
6
CONTINUOUS
10
-0.1429879527559055
20
-0.2772199212598425
11
-0.1429244094488189
21
-0.2772834645669291
0
LINE
8
BLACK
6
CONTINUOUS
10
-0.1429244094488189
20
-0.2772834645669291
11
-0.1426979527559055
21
-0.2773692913385827
0
LINE
8
BLACK
6
CONTINUOUS
10
-0.1426979527559055
20
-0.2773692913385827
11
-0.1396983070866142
21
-0.279244094488189
0
LINE
8
BLACK
6
CONTINUOUS
10
-0.1396983070866142
20
-0.279244094488189
11
-0.1394577559055118
21
-0.2794704330708661
0
LINE
8
BLACK
6
CONTINUOUS
10
-0.1394577559055118
20
-0.2794704330708661
11
-0.1392044488188976
21
-0.2796836614173228
0
LINE
8
BLACK
6
CONTINUOUS
10
-0.1392044488188976
20
-0.2796836614173228
11
-0.1377046456692913
21
-0.2815584251968504
0
LINE
8
BLACK
6
CONTINUOUS
10
-0.1377046456692913
20
-0.2815584251968504
11
-0.1373511023622047
21
-0.2822402755905511
0
LINE
8
BLACK
6
CONTINUOUS
10
-0.1373511023622047
20
-0.2822402755905511
11
-0.1375174803149606
21
-0.2837377165354331
0
LINE
8
BLACK
6
CONTINUOUS
10
-0.1375174803149606
20
-0.2837377165354331
11
-0.138693937007874
21
-0.2846788582677166
0
LINE
8
BLACK
6
CONTINUOUS
10
-0.138693937007874
20
-0.2846788582677166
11
-0.1401913779527559
21
-0.2845124803149606
0
LINE
8
BLACK
6
CONTINUOUS
10
-0.1401913779527559
20
-0.2845124803149606
11
-0.140778937007874
21
-0.284017874015748
0
LINE
8
BLACK
6
CONTINUOUS
10
-0.140778937007874
20
-0.284017874015748
11
-0.1420692913385827
21
-0.2824049606299213
0
LINE
8
BLACK
6
CONTINUOUS
10
-0.1420692913385827
20
-0.2824049606299213
11
-0.1443058267716535
21
-0.2810070866141732
0
LINE
8
BLACK
6
CONTINUOUS
10
-0.1443058267716535
20
-0.2810070866141732
11
-0.1521755511811023
21
-0.2810070866141732
0
LINE
8
BLACK
6
CONTINUOUS
10
-0.1521755511811023
20
-0.2810070866141732
11
-0.1544120472440945
21
-0.2824048818897638
0
LINE
8
BLACK
6
CONTINUOUS
10
-0.1544120472440945
20
-0.2824048818897638
11
-0.1555202362204724
21
-0.2837900787401575
0
LINE
8
BLACK
6
CONTINUOUS
10
-0.1555202362204724
20
-0.2837900787401575
11
-0.1567708661417323
21
-0.2869167716535433
0
LINE
8
BLACK
6
CONTINUOUS
10
-0.1567708661417323
20
-0.2869167716535433
11
-0.1567708661417323
21
-0.2955323622047244
0
LINE
8
BLACK
6
CONTINUOUS
10
-0.1567708661417323
20
-0.2955323622047244
11
-0.1555202362204724
21
-0.2986590551181103
0
LINE
8
BLACK
6
CONTINUOUS
10
-0.1555202362204724
20
-0.2986590551181103
11
-0.1544120866141732
21
-0.3000442125984252
0
LINE
8
BLACK
6
CONTINUOUS
10
-0.1544120866141732
20
-0.3000442125984252
11
-0.1521755511811023
21
-0.3014420472440945
0
LINE
8
BLACK
6
CONTINUOUS
10
-0.1521755511811023
20
-0.3014420472440945
11
-0.1482407086614173
21
-0.3014420472440945
0
LINE
8
BLACK
6
CONTINUOUS
10
-0.1482407086614173
20
-0.3014420472440945
11
-0.1479163779527559
21
-0.3015065354330709
0
LINE
8
BLACK
6
CONTINUOUS
10
-0.1479163779527559
20
-0.3015065354330709
11
-0.1478149212598425
21
-0.3014886614173228
0
LINE
8
BLACK
6
CONTINUOUS
10
-0.1478149212598425
20
-0.3014886614173228
11
-0.147738937007874
21
-0.3015418503937008
0
LINE
8
BLACK
6
CONTINUOUS
10
-0.147738937007874
20
-0.3015418503937008
11
-0.1474874015748031
21
-0.3015918897637795
0
LINE
8
BLACK
6
CONTINUOUS
10
-0.1474874015748031
20
-0.3015918897637795
11
-0.1470673622047244
21
-0.3020119291338583
0
LINE
8
BLACK
6
CONTINUOUS
10
-0.1470673622047244
20
-0.3020119291338583
11
-0.1465806299212598
21
-0.3023526377952756
0
LINE
8
BLACK
6
CONTINUOUS
10
-0.1465806299212598
20
-0.3023526377952756
11
-0.1465493700787402
21
-0.3025299212598425
0
LINE
8
BLACK
6
CONTINUOUS
10
-0.1465493700787402
20
-0.3025299212598425
11
-0.1464220472440945
21
-0.3026572440944882
0
LINE
8
BLACK
6
CONTINUOUS
10
-0.1464220472440945
20
-0.3026572440944882
11
-0.1464220472440945
21
-0.3032512992125984
0
LINE
8
BLACK
6
CONTINUOUS
10
-0.1464220472440945
20
-0.3032512992125984
11
-0.1463188188976378
21
-0.3038363385826772
0
LINE
8
BLACK
6
CONTINUOUS
10
-0.1463188188976378
20
-0.3038363385826772
11
-0.1464220472440945
21
-0.3040710236220472
0
LINE
8
BLACK
6
CONTINUOUS
10
-0.1464220472440945
20
-0.3040710236220472
11
-0.1464220472440945
21
-0.3041638582677165
0
LINE
8
BLACK
6
CONTINUOUS
10
-0.1464220472440945
20
-0.3041638582677165
11
-0.1464949212598425
21
-0.3042366929133858
0
LINE
8
BLACK
6
CONTINUOUS
10
-0.1464949212598425
20
-0.3042366929133858
11
-0.146628031496063
21
-0.3045394094488189
0
LINE
8
BLACK
6
CONTINUOUS
10
-0.146628031496063
20
-0.3045394094488189
11
-0.1549585433070866
21
-0.316440157480315
0
LINE
8
BLACK
6
CONTINUOUS
10
-0.1549585433070866
20
-0.316440157480315
11
-0.139241811023622
21
-0.316440157480315
0
LINE
8
BLACK
6
CONTINUOUS
10
-0.139241811023622
20
-0.316440157480315
11
-0.1384885039370079
21
-0.31659
0
LINE
8
BLACK
6
CONTINUOUS
10
-0.1384885039370079
20
-0.31659
11
-0.1374231496062992
21
-0.3176553543307086
0
LINE
8
BLACK
6
CONTINUOUS
10
-0.1374231496062992
20
-0.3176553543307086
11
-0.1374231496062992
21
-0.319161968503937
0
LINE
8
BLACK
6
CONTINUOUS
10
-0.1374231496062992
20
-0.319161968503937
11
-0.1384885039370079
21
-0.3202273228346457
0
LINE
8
BLACK
6
CONTINUOUS
10
-0.1384885039370079
20
-0.3202273228346457
11
-0.139241811023622
21
-0.3203771653543307
0
LINE
8
BLACK
6
CONTINUOUS
10
-0.139241811023622
20
-0.3203771653543307
11
-0.1587393700787401
21
-0.3203771653543307
0
LINE
8
BLACK
6
CONTINUOUS
10
-0.1587393700787401
20
-0.3203771653543307
11
-0.1590637401574803
21
-0.3203126377952756
0
LINE
8
BLACK
6
CONTINUOUS
10
-0.1590637401574803
20
-0.3203126377952756
11
-0.159165157480315
21
-0.3203305511811024
0
LINE
8
BLACK
6
CONTINUOUS
10
-0.159165157480315
20
-0.3203305511811024
11
-0.1592411811023622
21
-0.3202773228346457
0
LINE
8
BLACK
6
CONTINUOUS
10
-0.1592411811023622
20
-0.3202773228346457
11
-0.1594926771653543
21
-0.3202273228346457
0
LINE
8
BLACK
6
CONTINUOUS
10
-0.1594926771653543
20
-0.3202273228346457
11
-0.1599127559055118
21
-0.3198072440944882
0
LINE
8
BLACK
6
CONTINUOUS
10
-0.1599127559055118
20
-0.3198072440944882
11
-0.1603994488188976
21
-0.3194665748031496
0
LINE
8
BLACK
6
CONTINUOUS
10
-0.1603994488188976
20
-0.3194665748031496
11
-0.1604307480314961
21
-0.3192892519685039
0
LINE
8
BLACK
6
CONTINUOUS
10
-0.1604307480314961
20
-0.3192892519685039
11
-0.160558031496063
21
-0.319161968503937
0
LINE
8
BLACK
6
CONTINUOUS
10
-0.160558031496063
20
-0.319161968503937
11
-0.160558031496063
21
-0.318567874015748
0
LINE
8
BLACK
6
CONTINUOUS
10
-0.160558031496063
20
-0.318567874015748
11
-0.1606612598425197
21
-0.317982874015748
0
LINE
8
BLACK
6
CONTINUOUS
10
-0.1606612598425197
20
-0.317982874015748
11
-0.160558031496063
21
-0.3177481496062992
0
LINE
8
BLACK
6
CONTINUOUS
10
-0.160558031496063
20
-0.3177481496062992
11
-0.160558031496063
21
-0.3176553543307086
0
LINE
8
BLACK
6
CONTINUOUS
10
-0.160558031496063
20
-0.3176553543307086
11
-0.1604851968503937
21
-0.3175824803149606
0
LINE
8
BLACK
6
CONTINUOUS
10
-0.1604851968503937
20
-0.3175824803149606
11
-0.1603520472440945
21
-0.3172798031496063
0
LINE
8
BLACK
6
CONTINUOUS
10
-0.1603520472440945
20
-0.3172798031496063
11
-0.1520215354330709
21
-0.3053790551181103
0
LINE
8
BLACK
6
CONTINUOUS
10
-0.1520215354330709
20
-0.3053790551181103
11
-0.1527401181102362
21
-0.3053790551181103
0
LINE
8
BLACK
6
CONTINUOUS
10
-0.1527401181102362
20
-0.3053790551181103
11
-0.1529775984251968
21
-0.3053318110236221
0
LINE
8
BLACK
6
CONTINUOUS
10
-0.1529775984251968
20
-0.3053318110236221
11
-0.1530651968503937
21
-0.3053520472440945
0
LINE
8
BLACK
6
CONTINUOUS
10
-0.1530651968503937
20
-0.3053520472440945
11
-0.1532743307086614
21
-0.3052727952755905
0
LINE
8
BLACK
6
CONTINUOUS
10
-0.1532743307086614
20
-0.3052727952755905
11
-0.1534934251968504
21
-0.3052292125984252
0
LINE
8
BLACK
6
CONTINUOUS
10
-0.1534934251968504
20
-0.3052292125984252
11
-0.1535570078740157
21
-0.3051656299212598
0
LINE
8
BLACK
6
CONTINUOUS
10
-0.1535570078740157
20
-0.3051656299212598
11
-0.1537834251968504
21
-0.305079842519685
0
LINE
8
BLACK
6
CONTINUOUS
10
-0.1537834251968504
20
-0.305079842519685
11
-0.1567830708661417
21
-0.3032050787401575
0
LINE
8
BLACK
6
CONTINUOUS
10
-0.1567830708661417
20
-0.3032050787401575
11
-0.1570240157480315
21
-0.3029783858267717
0
LINE
8
BLACK
6
CONTINUOUS
10
-0.1570240157480315
20
-0.3029783858267717
11
-0.1572768897637795
21
-0.3027655118110236
0
LINE
8
BLACK
6
CONTINUOUS
10
-0.1572768897637795
20
-0.3027655118110236
11
-0.1587767322834646
21
-0.3008907480314961
0
LINE
8
BLACK
6
CONTINUOUS
10
-0.1587767322834646
20
-0.3008907480314961
11
-0.1589098031496063
21
-0.300634094488189
0
LINE
8
BLACK
6
CONTINUOUS
10
-0.1589098031496063
20
-0.300634094488189
11
-0.1590672834645669
21
-0.3003920866141732
0
LINE
8
BLACK
6
CONTINUOUS
10
-0.1590672834645669
20
-0.3003920866141732
11
-0.1605670866141732
21
-0.2966425590551181
0
LINE
8
BLACK
6
CONTINUOUS
10
-0.1605670866141732
20
-0.2966425590551181
11
-0.1606351968503937
21
-0.2962770078740157
0
LINE
8
BLACK
6
CONTINUOUS
10
-0.1606351968503937
20
-0.2962770078740157
11
-0.160707874015748
21
-0.2959114960629921
0
LINE
8
BLACK
6
CONTINUOUS
10
-0.160707874015748
20
-0.2959114960629921
11
-0.160707874015748
21
-0.2865376771653543
0
LINE
8
BLACK
6
CONTINUOUS
10
-0.160707874015748
20
-0.2865376771653543
11
-0.1606351968503937
21
-0.286172125984252
0
LINE
8
BLACK
6
CONTINUOUS
10
-0.1606351968503937
20
-0.286172125984252
11
-0.1605670866141732
21
-0.2858066141732283
0
LINE
8
BLACK
6
CONTINUOUS
10
-0.1605670866141732
20
-0.2858066141732283
11
-0.1590672834645669
21
-0.2820570866141732
0
LINE
8
BLACK
6
CONTINUOUS
10
-0.1590672834645669
20
-0.2820570866141732
11
-0.1589098031496063
21
-0.2818150393700787
0
LINE
8
BLACK
6
CONTINUOUS
10
-0.1589098031496063
20
-0.2818150393700787
11
-0.1587767322834646
21
-0.2815584251968504
0
LINE
8
BLACK
6
CONTINUOUS
10
-0.1587767322834646
20
-0.2815584251968504
11
-0.1572768897637795
21
-0.2796836614173228
0
LINE
8
BLACK
6
CONTINUOUS
10
-0.1572768897637795
20
-0.2796836614173228
11
-0.1570240157480315
21
-0.2794707480314961
0
LINE
8
BLACK
6
CONTINUOUS
10
-0.1570240157480315
20
-0.2794707480314961
11
-0.1567830708661417
21
-0.279244094488189
0
LINE
8
BLACK
6
CONTINUOUS
10
-0.1567830708661417
20
-0.279244094488189
11
-0.1537834645669291
21
-0.2773692913385827
0
LINE
8
BLACK
6
CONTINUOUS
10
-0.1537834645669291
20
-0.2773692913385827
11
-0.153556968503937
21
-0.2772834251968504
0
LINE
8
BLACK
6
CONTINUOUS
10
-0.153556968503937
20
-0.2772834251968504
11
-0.1534934251968504
21
-0.2772199212598425
0
LINE
8
BLACK
6
CONTINUOUS
10
-0.1534934251968504
20
-0.2772199212598425
11
-0.1532742519685039
21
-0.2771762992125984
0
LINE
8
BLACK
6
CONTINUOUS
10
-0.1532742519685039
20
-0.2771762992125984
11
-0.1530652362204724
21
-0.277097125984252
0
LINE
8
BLACK
6
CONTINUOUS
10
-0.1530652362204724
20
-0.277097125984252
11
-0.1529776771653543
21
-0.2771173228346457
0
LINE
8
BLACK
6
CONTINUOUS
10
-0.1529776771653543
20
-0.2771173228346457
11
-0.1527401181102362
21
-0.2770700787401575
0
LINE
8
BLACK
6
CONTINUOUS
10
-0.1527401181102362
20
-0.2770700787401575
11
-0.1437412598425197
21
-0.2770700787401575
0
LINE
8
BLACK
6
CONTINUOUS
10
-0.1437412598425197
20
-0.2770700787401575
11
-0.1435037401574803
21
-0.2771173228346457
0
LINE
8
BLACK
6
CONTINUOUS
10
-0.0702476771653543
20
-0.2770706299212599
11
-0.0702462992125984
21
-0.2770700787401575
0
LINE
8
BLACK
6
CONTINUOUS
10
-0.0702462992125984
20
-0.2770700787401575
11
-0.0698681889763779
21
-0.2771461023622047
0
LINE
8
BLACK
6
CONTINUOUS
10
-0.0698681889763779
20
-0.2771461023622047
11
-0.069497125984252
21
-0.2772199212598425
0
LINE
8
BLACK
6
CONTINUOUS
10
-0.069497125984252
20
-0.2772199212598425
11
-0.0694961417322835
21
-0.277220905511811
0
LINE
8
BLACK
6
CONTINUOUS
10
-0.0694961417322835
20
-0.277220905511811
11
-0.0694933070866142
21
-0.2772214960629921
0
LINE
8
BLACK
6
CONTINUOUS
10
-0.0694933070866142
20
-0.2772214960629921
11
-0.0649938582677165
21
-0.2790962992125984
0
LINE
8
BLACK
6
CONTINUOUS
10
-0.0649938582677165
20
-0.2790962992125984
11
-0.0648664566929134
21
-0.2791818110236221
0
LINE
8
BLACK
6
CONTINUOUS
10
-0.0648664566929134
20
-0.2791818110236221
11
-0.0648014173228346
21
-0.2791890551181102
0
LINE
8
BLACK
6
CONTINUOUS
10
-0.0648014173228346
20
-0.2791890551181102
11
-0.0645877952755906
21
-0.2793688582677165
0
LINE
8
BLACK
6
CONTINUOUS
10
-0.0645877952755906
20
-0.2793688582677165
11
-0.0643561417322835
21
-0.2795243700787401
0
LINE
8
BLACK
6
CONTINUOUS
10
-0.0643561417322835
20
-0.2795243700787401
11
-0.0643312598425197
21
-0.2795848031496063
0
LINE
8
BLACK
6
CONTINUOUS
10
-0.0643312598425197
20
-0.2795848031496063
11
-0.0642138188976378
21
-0.2796836614173228
0
LINE
8
BLACK
6
CONTINUOUS
10
-0.0642138188976378
20
-0.2796836614173228
11
-0.0612142125984252
21
-0.2834331889763779
0
LINE
8
BLACK
6
CONTINUOUS
10
-0.0612142125984252
20
-0.2834331889763779
11
-0.0610811811023622
21
-0.2836898031496063
0
LINE
8
BLACK
6
CONTINUOUS
10
-0.0610811811023622
20
-0.2836898031496063
11
-0.0609236614173228
21
-0.2839318503937008
0
LINE
8
BLACK
6
CONTINUOUS
10
-0.0609236614173228
20
-0.2839318503937008
11
-0.0594238582677165
21
-0.2876813385826771
0
LINE
8
BLACK
6
CONTINUOUS
10
-0.0594238582677165
20
-0.2876813385826771
11
-0.0593907480314961
21
-0.2878592913385827
0
LINE
8
BLACK
6
CONTINUOUS
10
-0.0593907480314961
20
-0.2878592913385827
11
-0.0593212992125984
21
-0.2880263779527559
0
LINE
8
BLACK
6
CONTINUOUS
10
-0.0593212992125984
20
-0.2880263779527559
11
-0.0578214566929134
21
-0.2955254330708662
0
LINE
8
BLACK
6
CONTINUOUS
10
-0.0578214566929134
20
-0.2955254330708662
11
-0.0578212598425197
21
-0.2957202755905512
0
LINE
8
BLACK
6
CONTINUOUS
10
-0.0578212598425197
20
-0.2957202755905512
11
-0.0577832283464567
21
-0.2959114960629921
0
LINE
8
BLACK
6
CONTINUOUS
10
-0.0577832283464567
20
-0.2959114960629921
11
-0.0577832283464567
21
-0.3015357874015748
0
LINE
8
BLACK
6
CONTINUOUS
10
-0.0577832283464567
20
-0.3015357874015748
11
-0.0578212598425197
21
-0.301726968503937
0
LINE
8
BLACK
6
CONTINUOUS
10
-0.0578212598425197
20
-0.301726968503937
11
-0.0578214566929134
21
-0.3019218503937008
0
LINE
8
BLACK
6
CONTINUOUS
10
-0.0578214566929134
20
-0.3019218503937008
11
-0.0593212992125984
21
-0.309420905511811
0
LINE
8
BLACK
6
CONTINUOUS
10
-0.0593212992125984
20
-0.309420905511811
11
-0.0593907480314961
21
-0.3095879527559055
0
LINE
8
BLACK
6
CONTINUOUS
10
-0.0593907480314961
20
-0.3095879527559055
11
-0.0594238582677165
21
-0.3097659448818897
0
LINE
8
BLACK
6
CONTINUOUS
10
-0.0594238582677165
20
-0.3097659448818897
11
-0.0609236614173228
21
-0.3135154330708662
0
LINE
8
BLACK
6
CONTINUOUS
10
-0.0609236614173228
20
-0.3135154330708662
11
-0.0610811811023622
21
-0.3137574409448819
0
LINE
8
BLACK
6
CONTINUOUS
10
-0.0610811811023622
20
-0.3137574409448819
11
-0.0612142125984252
21
-0.314014094488189
0
LINE
8
BLACK
6
CONTINUOUS
10
-0.0612142125984252
20
-0.314014094488189
11
-0.0642138188976378
21
-0.3177636220472441
0
LINE
8
BLACK
6
CONTINUOUS
10
-0.0642138188976378
20
-0.3177636220472441
11
-0.0643312598425197
21
-0.3178624409448819
0
LINE
8
BLACK
6
CONTINUOUS
10
-0.0643312598425197
20
-0.3178624409448819
11
-0.0643561417322835
21
-0.3179229133858268
0
LINE
8
BLACK
6
CONTINUOUS
10
-0.0643561417322835
20
-0.3179229133858268
11
-0.0645877952755906
21
-0.3180783858267717
0
LINE
8
BLACK
6
CONTINUOUS
10
-0.0645877952755906
20
-0.3180783858267717
11
-0.0648014173228346
21
-0.3182582283464567
0
LINE
8
BLACK
6
CONTINUOUS
10
-0.0648014173228346
20
-0.3182582283464567
11
-0.0648664566929134
21
-0.3182654330708661
0
LINE
8
BLACK
6
CONTINUOUS
10
-0.0648664566929134
20
-0.3182654330708661
11
-0.0649938582677165
21
-0.3183509842519685
0
LINE
8
BLACK
6
CONTINUOUS
10
-0.0649938582677165
20
-0.3183509842519685
11
-0.0694933070866142
21
-0.3202257480314961
0
LINE
8
BLACK
6
CONTINUOUS
10
-0.0694933070866142
20
-0.3202257480314961
11
-0.0694961417322835
21
-0.3202262992125984
0
LINE
8
BLACK
6
CONTINUOUS
10
-0.0694961417322835
20
-0.3202262992125984
11
-0.069497125984252
21
-0.3202273228346457
0
LINE
8
BLACK
6
CONTINUOUS
10
-0.069497125984252
20
-0.3202273228346457
11
-0.0698681889763779
21
-0.3203011023622047
0
LINE
8
BLACK
6
CONTINUOUS
10
-0.0698681889763779
20
-0.3203011023622047
11
-0.0702462992125984
21
-0.3203771653543307
0
LINE
8
BLACK
6
CONTINUOUS
10
-0.0702462992125984
20
-0.3203771653543307
11
-0.0702476771653543
21
-0.3203765748031496
0
LINE
8
BLACK
6
CONTINUOUS
10
-0.0702476771653543
20
-0.3203765748031496
11
-0.0702504330708661
21
-0.3203771653543307
0
LINE
8
BLACK
6
CONTINUOUS
10
-0.0702504330708661
20
-0.3203771653543307
11
-0.0732500787401575
21
-0.3203771653543307
0
LINE
8
BLACK
6
CONTINUOUS
10
-0.0732500787401575
20
-0.3203771653543307
11
-0.073252874015748
21
-0.3203765748031496
0
LINE
8
BLACK
6
CONTINUOUS
10
-0.073252874015748
20
-0.3203765748031496
11
-0.0732542125984252
21
-0.3203771653543307
0
LINE
8
BLACK
6
CONTINUOUS
10
-0.0732542125984252
20
-0.3203771653543307
11
-0.0736323622047244
21
-0.3203011023622047
0
LINE
8
BLACK
6
CONTINUOUS
10
-0.0736323622047244
20
-0.3203011023622047
11
-0.0740033858267717
21
-0.3202273228346457
0
LINE
8
BLACK
6
CONTINUOUS
10
-0.0740033858267717
20
-0.3202273228346457
11
-0.0740044094488189
21
-0.3202262992125984
0
LINE
8
BLACK
6
CONTINUOUS
10
-0.0740044094488189
20
-0.3202262992125984
11
-0.0740072047244094
21
-0.3202257480314961
0
LINE
8
BLACK
6
CONTINUOUS
10
-0.0740072047244094
20
-0.3202257480314961
11
-0.0785066141732284
21
-0.3183509842519685
0
LINE
8
BLACK
6
CONTINUOUS
10
-0.0785066141732284
20
-0.3183509842519685
11
-0.0786339763779528
21
-0.3182654724409449
0
LINE
8
BLACK
6
CONTINUOUS
10
-0.0786339763779528
20
-0.3182654724409449
11
-0.0786990157480315
21
-0.3182582677165354
0
LINE
8
BLACK
6
CONTINUOUS
10
-0.0786990157480315
20
-0.3182582677165354
11
-0.0789126771653543
21
-0.3180784251968504
0
LINE
8
BLACK
6
CONTINUOUS
10
-0.0789126771653543
20
-0.3180784251968504
11
-0.0791443307086614
21
-0.3179229133858268
0
LINE
8
BLACK
6
CONTINUOUS
10
-0.0791443307086614
20
-0.3179229133858268
11
-0.0791692519685039
21
-0.3178624015748032
0
LINE
8
BLACK
6
CONTINUOUS
10
-0.0791692519685039
20
-0.3178624015748032
11
-0.0792866141732283
21
-0.3177636220472441
0
LINE
8
BLACK
6
CONTINUOUS
10
-0.0792866141732283
20
-0.3177636220472441
11
-0.0807864566929134
21
-0.3158888582677165
0
LINE
8
BLACK
6
CONTINUOUS
10
-0.0807864566929134
20
-0.3158888582677165
11
-0.0811400393700787
21
-0.3152070472440945
0
LINE
8
BLACK
6
CONTINUOUS
10
-0.0811400393700787
20
-0.3152070472440945
11
-0.0809737007874016
21
-0.3137096062992126
0
LINE
8
BLACK
6
CONTINUOUS
10
-0.0809737007874016
20
-0.3137096062992126
11
-0.0797972440944882
21
-0.3127684251968504
0
LINE
8
BLACK
6
CONTINUOUS
10
-0.0797972440944882
20
-0.3127684251968504
11
-0.0782998031496063
21
-0.3129347637795276
0
LINE
8
BLACK
6
CONTINUOUS
10
-0.0782998031496063
20
-0.3129347637795276
11
-0.0777122047244094
21
-0.3134294094488189
0
LINE
8
BLACK
6
CONTINUOUS
10
-0.0777122047244094
20
-0.3134294094488189
11
-0.0765272440944882
21
-0.3149105905511811
0
LINE
8
BLACK
6
CONTINUOUS
10
-0.0765272440944882
20
-0.3149105905511811
11
-0.0728563385826772
21
-0.316440157480315
0
LINE
8
BLACK
6
CONTINUOUS
10
-0.0728563385826772
20
-0.316440157480315
11
-0.0706441338582677
21
-0.316440157480315
0
LINE
8
BLACK
6
CONTINUOUS
10
-0.0706441338582677
20
-0.316440157480315
11
-0.0669733858267716
21
-0.3149106692913386
0
LINE
8
BLACK
6
CONTINUOUS
10
-0.0669733858267716
20
-0.3149106692913386
11
-0.0644707874015748
21
-0.3117824409448819
0
LINE
8
BLACK
6
CONTINUOUS
10
-0.0644707874015748
20
-0.3117824409448819
11
-0.0631464173228346
21
-0.3084715354330709
0
LINE
8
BLACK
6
CONTINUOUS
10
-0.0631464173228346
20
-0.3084715354330709
11
-0.0617202362204724
21
-0.3013408267716535
0
LINE
8
BLACK
6
CONTINUOUS
10
-0.0617202362204724
20
-0.3013408267716535
11
-0.0617202362204724
21
-0.2961064173228347
0
LINE
8
BLACK
6
CONTINUOUS
10
-0.0617202362204724
20
-0.2961064173228347
11
-0.0631464173228346
21
-0.2889757086614173
0
LINE
8
BLACK
6
CONTINUOUS
10
-0.0631464173228346
20
-0.2889757086614173
11
-0.0644707874015748
21
-0.2856648031496063
0
LINE
8
BLACK
6
CONTINUOUS
10
-0.0644707874015748
20
-0.2856648031496063
11
-0.0669733464566929
21
-0.2825366141732283
0
LINE
8
BLACK
6
CONTINUOUS
10
-0.0669733464566929
20
-0.2825366141732283
11
-0.0706441732283465
21
-0.2810070866141732
0
LINE
8
BLACK
6
CONTINUOUS
10
-0.0706441732283465
20
-0.2810070866141732
11
-0.0728563385826772
21
-0.2810070866141732
0
LINE
8
BLACK
6
CONTINUOUS
10
-0.0728563385826772
20
-0.2810070866141732
11
-0.0765272047244095
21
-0.2825366141732283
0
LINE
8
BLACK
6
CONTINUOUS
10
-0.0765272047244095
20
-0.2825366141732283
11
-0.0777122047244094
21
-0.284017874015748
0
LINE
8
BLACK
6
CONTINUOUS
10
-0.0777122047244094
20
-0.284017874015748
11
-0.0782998031496063
21
-0.2845125196850394
0
LINE
8
BLACK
6
CONTINUOUS
10
-0.0782998031496063
20
-0.2845125196850394
11
-0.0797972440944882
21
-0.2846788582677166
0
LINE
8
BLACK
6
CONTINUOUS
10
-0.0797972440944882
20
-0.2846788582677166
11
-0.0809737007874016
21
-0.2837376771653543
0
LINE
8
BLACK
6
CONTINUOUS
10
-0.0809737007874016
20
-0.2837376771653543
11
-0.0811400393700787
21
-0.2822402362204725
0
LINE
8
BLACK
6
CONTINUOUS
10
-0.0811400393700787
20
-0.2822402362204725
11
-0.0807864566929134
21
-0.2815584251968504
0
LINE
8
BLACK
6
CONTINUOUS
10
-0.0807864566929134
20
-0.2815584251968504
11
-0.0792866141732283
21
-0.2796836614173228
0
LINE
8
BLACK
6
CONTINUOUS
10
-0.0792866141732283
20
-0.2796836614173228
11
-0.0791692519685039
21
-0.279584842519685
0
LINE
8
BLACK
6
CONTINUOUS
10
-0.0791692519685039
20
-0.279584842519685
11
-0.0791443307086614
21
-0.2795243700787401
0
LINE
8
BLACK
6
CONTINUOUS
10
-0.0791443307086614
20
-0.2795243700787401
11
-0.0789126771653543
21
-0.2793688188976378
0
LINE
8
BLACK
6
CONTINUOUS
10
-0.0789126771653543
20
-0.2793688188976378
11
-0.0786990157480315
21
-0.2791890157480315
0
LINE
8
BLACK
6
CONTINUOUS
10
-0.0786990157480315
20
-0.2791890157480315
11
-0.0786339763779528
21
-0.2791817716535433
0
LINE
8
BLACK
6
CONTINUOUS
10
-0.0786339763779528
20
-0.2791817716535433
11
-0.0785066141732284
21
-0.2790962992125984
0
LINE
8
BLACK
6
CONTINUOUS
10
-0.0785066141732284
20
-0.2790962992125984
11
-0.0740072047244094
21
-0.2772214960629921
0
LINE
8
BLACK
6
CONTINUOUS
10
-0.0740072047244094
20
-0.2772214960629921
11
-0.0740044094488189
21
-0.277220905511811
0
LINE
8
BLACK
6
CONTINUOUS
10
-0.0740044094488189
20
-0.277220905511811
11
-0.0740033858267717
21
-0.2772199212598425
0
LINE
8
BLACK
6
CONTINUOUS
10
-0.0740033858267717
20
-0.2772199212598425
11
-0.0736323622047244
21
-0.2771461023622047
0
LINE
8
BLACK
6
CONTINUOUS
10
-0.0736323622047244
20
-0.2771461023622047
11
-0.0732542125984252
21
-0.2770700787401575
0
LINE
8
BLACK
6
CONTINUOUS
10
-0.0732542125984252
20
-0.2770700787401575
11
-0.073252874015748
21
-0.2770706299212599
0
LINE
8
BLACK
6
CONTINUOUS
10
-0.073252874015748
20
-0.2770706299212599
11
-0.0732500787401575
21
-0.2770700787401575
0
LINE
8
BLACK
6
CONTINUOUS
10
-0.0732500787401575
20
-0.2770700787401575
11
-0.0702504330708661
21
-0.2770700787401575
0
LINE
8
BLACK
6
CONTINUOUS
10
-0.0702504330708661
20
-0.2770700787401575
11
-0.0702476771653543
21
-0.2770706299212599
0
LINE
8
BLACK
6
CONTINUOUS
10
-0.0342521653543307
20
-0.2770706299212599
11
-0.0342507874015748
21
-0.2770700787401575
0
LINE
8
BLACK
6
CONTINUOUS
10
-0.0342507874015748
20
-0.2770700787401575
11
-0.0338726771653543
21
-0.2771461023622047
0
LINE
8
BLACK
6
CONTINUOUS
10
-0.0338726771653543
20
-0.2771461023622047
11
-0.0335016141732283
21
-0.2772199212598425
0
LINE
8
BLACK
6
CONTINUOUS
10
-0.0335016141732283
20
-0.2772199212598425
11
-0.0335006299212598
21
-0.277220905511811
0
LINE
8
BLACK
6
CONTINUOUS
10
-0.0335006299212598
20
-0.277220905511811
11
-0.0334977952755905
21
-0.2772214960629921
0
LINE
8
BLACK
6
CONTINUOUS
10
-0.0334977952755905
20
-0.2772214960629921
11
-0.0289983464566929
21
-0.2790962992125984
0
LINE
8
BLACK
6
CONTINUOUS
10
-0.0289983464566929
20
-0.2790962992125984
11
-0.0283606299212598
21
-0.2795243700787401
0
LINE
8
BLACK
6
CONTINUOUS
10
-0.0283606299212598
20
-0.2795243700787401
11
-0.027786968503937
21
-0.2809175196850394
0
LINE
8
BLACK
6
CONTINUOUS
10
-0.027786968503937
20
-0.2809175196850394
11
-0.0283664566929134
21
-0.2823082283464567
0
LINE
8
BLACK
6
CONTINUOUS
10
-0.0283664566929134
20
-0.2823082283464567
11
-0.0297596062992126
21
-0.2828818897637795
0
LINE
8
BLACK
6
CONTINUOUS
10
-0.0297596062992126
20
-0.2828818897637795
11
-0.0305125984251968
21
-0.2827304724409449
0
LINE
8
BLACK
6
CONTINUOUS
10
-0.0305125984251968
20
-0.2827304724409449
11
-0.0346486614173228
21
-0.2810070866141732
0
LINE
8
BLACK
6
CONTINUOUS
10
-0.0346486614173228
20
-0.2810070866141732
11
-0.0411894094488189
21
-0.2810070866141732
0
LINE
8
BLACK
6
CONTINUOUS
10
-0.0411894094488189
20
-0.2810070866141732
11
-0.043425905511811
21
-0.2824048818897638
0
LINE
8
BLACK
6
CONTINUOUS
10
-0.043425905511811
20
-0.2824048818897638
11
-0.044534094488189
21
-0.2837900787401575
0
LINE
8
BLACK
6
CONTINUOUS
10
-0.044534094488189
20
-0.2837900787401575
11
-0.0457847244094488
21
-0.2869167716535433
0
LINE
8
BLACK
6
CONTINUOUS
10
-0.0457847244094488
20
-0.2869167716535433
11
-0.0457847244094488
21
-0.2899080708661417
0
LINE
8
BLACK
6
CONTINUOUS
10
-0.0457847244094488
20
-0.2899080708661417
11
-0.044534094488189
21
-0.2930347637795275
0
LINE
8
BLACK
6
CONTINUOUS
10
-0.044534094488189
20
-0.2930347637795275
11
-0.0434259448818898
21
-0.2944199212598425
0
LINE
8
BLACK
6
CONTINUOUS
10
-0.0434259448818898
20
-0.2944199212598425
11
-0.0409252755905512
21
-0.2959828346456693
0
LINE
8
BLACK
6
CONTINUOUS
10
-0.0409252755905512
20
-0.2959828346456693
11
-0.0351675590551181
21
-0.297782125984252
0
LINE
8
BLACK
6
CONTINUOUS
10
-0.0351675590551181
20
-0.297782125984252
11
-0.0349466929133858
21
-0.2979025590551181
0
LINE
8
BLACK
6
CONTINUOUS
10
-0.0349466929133858
20
-0.2979025590551181
11
-0.0347114173228346
21
-0.2979917322834645
0
LINE
8
BLACK
6
CONTINUOUS
10
-0.0347114173228346
20
-0.2979917322834645
11
-0.031711811023622
21
-0.2998664960629921
0
LINE
8
BLACK
6
CONTINUOUS
10
-0.031711811023622
20
-0.2998664960629921
11
-0.0314712598425197
21
-0.3000928346456693
0
LINE
8
BLACK
6
CONTINUOUS
10
-0.0314712598425197
20
-0.3000928346456693
11
-0.0312179527559055
21
-0.300306062992126
0
LINE
8
BLACK
6
CONTINUOUS
10
-0.0312179527559055
20
-0.300306062992126
11
-0.0297181496062992
21
-0.3021808267716535
0
LINE
8
BLACK
6
CONTINUOUS
10
-0.0297181496062992
20
-0.3021808267716535
11
-0.0295851968503937
21
-0.3024372440944882
0
LINE
8
BLACK
6
CONTINUOUS
10
-0.0295851968503937
20
-0.3024372440944882
11
-0.0294275984251968
21
-0.3026794488188976
0
LINE
8
BLACK
6
CONTINUOUS
10
-0.0294275984251968
20
-0.3026794488188976
11
-0.0279277559055118
21
-0.3064289763779527
0
LINE
8
BLACK
6
CONTINUOUS
10
-0.0279277559055118
20
-0.3064289763779527
11
-0.0278595669291339
21
-0.3067951181102362
0
LINE
8
BLACK
6
CONTINUOUS
10
-0.0278595669291339
20
-0.3067951181102362
11
-0.027786968503937
21
-0.3071600787401575
0
LINE
8
BLACK
6
CONTINUOUS
10
-0.027786968503937
20
-0.3071600787401575
11
-0.027786968503937
21
-0.3109096062992126
0
LINE
8
BLACK
6
CONTINUOUS
10
-0.027786968503937
20
-0.3109096062992126
11
-0.0278595669291339
21
-0.3112745275590551
0
LINE
8
BLACK
6
CONTINUOUS
10
-0.0278595669291339
20
-0.3112745275590551
11
-0.0279277559055118
21
-0.3116407086614173
0
LINE
8
BLACK
6
CONTINUOUS
10
-0.0279277559055118
20
-0.3116407086614173
11
-0.0294275984251968
21
-0.3153902362204724
0
LINE
8
BLACK
6
CONTINUOUS
10
-0.0294275984251968
20
-0.3153902362204724
11
-0.0295851968503937
21
-0.3156324015748032
0
LINE
8
BLACK
6
CONTINUOUS
10
-0.0295851968503937
20
-0.3156324015748032
11
-0.0297181496062992
21
-0.3158888582677165
0
LINE
8
BLACK
6
CONTINUOUS
10
-0.0297181496062992
20
-0.3158888582677165
11
-0.0312179527559055
21
-0.3177636220472441
0
LINE
8
BLACK
6
CONTINUOUS
10
-0.0312179527559055
20
-0.3177636220472441
11
-0.0314712598425197
21
-0.317976811023622
0
LINE
8
BLACK
6
CONTINUOUS
10
-0.0314712598425197
20
-0.317976811023622
11
-0.031711811023622
21
-0.3182031889763779
0
LINE
8
BLACK
6
CONTINUOUS
10
-0.031711811023622
20
-0.3182031889763779
11
-0.0347114173228346
21
-0.3200779527559055
0
LINE
8
BLACK
6
CONTINUOUS
10
-0.0347114173228346
20
-0.3200779527559055
11
-0.034937874015748
21
-0.3201637401574803
0
LINE
8
BLACK
6
CONTINUOUS
10
-0.034937874015748
20
-0.3201637401574803
11
-0.0350014173228346
21
-0.3202273228346457
0
LINE
8
BLACK
6
CONTINUOUS
10
-0.0350014173228346
20
-0.3202273228346457
11
-0.0352207086614173
21
-0.320270905511811
0
LINE
8
BLACK
6
CONTINUOUS
10
-0.0352207086614173
20
-0.320270905511811
11
-0.0354296456692913
21
-0.3203501181102362
0
LINE
8
BLACK
6
CONTINUOUS
10
-0.0354296456692913
20
-0.3203501181102362
11
-0.0355172047244094
21
-0.3203298818897637
0
LINE
8
BLACK
6
CONTINUOUS
10
-0.0355172047244094
20
-0.3203298818897637
11
-0.0357547244094488
21
-0.3203771653543307
0
LINE
8
BLACK
6
CONTINUOUS
10
-0.0357547244094488
20
-0.3203771653543307
11
-0.0432538188976378
21
-0.3203771653543307
0
LINE
8
BLACK
6
CONTINUOUS
10
-0.0432538188976378
20
-0.3203771653543307
11
-0.0432566141732283
21
-0.3203765748031496
0
LINE
8
BLACK
6
CONTINUOUS
10
-0.0432566141732283
20
-0.3203765748031496
11
-0.0432579527559055
21
-0.3203771653543307
0
LINE
8
BLACK
6
CONTINUOUS
10
-0.0432579527559055
20
-0.3203771653543307
11
-0.0436361023622047
21
-0.3203011023622047
0
LINE
8
BLACK
6
CONTINUOUS
10
-0.0436361023622047
20
-0.3203011023622047
11
-0.044007125984252
21
-0.3202273228346457
0
LINE
8
BLACK
6
CONTINUOUS
10
-0.044007125984252
20
-0.3202273228346457
11
-0.0440081496062992
21
-0.3202262992125984
0
LINE
8
BLACK
6
CONTINUOUS
10
-0.0440081496062992
20
-0.3202262992125984
11
-0.0440109448818898
21
-0.3202257480314961
0
LINE
8
BLACK
6
CONTINUOUS
10
-0.0440109448818898
20
-0.3202257480314961
11
-0.0485103543307087
21
-0.3183509842519685
0
LINE
8
BLACK
6
CONTINUOUS
10
-0.0485103543307087
20
-0.3183509842519685
11
-0.0491480708661417
21
-0.3179229133858268
0
LINE
8
BLACK
6
CONTINUOUS
10
-0.0491480708661417
20
-0.3179229133858268
11
-0.0497217322834646
21
-0.3165297637795276
0
LINE
8
BLACK
6
CONTINUOUS
10
-0.0497217322834646
20
-0.3165297637795276
11
-0.0491422440944882
21
-0.3151390551181102
0
LINE
8
BLACK
6
CONTINUOUS
10
-0.0491422440944882
20
-0.3151390551181102
11
-0.047749094488189
21
-0.3145653937007874
0
LINE
8
BLACK
6
CONTINUOUS
10
-0.047749094488189
20
-0.3145653937007874
11
-0.0469961023622047
21
-0.314716811023622
0
LINE
8
BLACK
6
CONTINUOUS
10
-0.0469961023622047
20
-0.314716811023622
11
-0.0428600787401575
21
-0.316440157480315
0
LINE
8
BLACK
6
CONTINUOUS
10
-0.0428600787401575
20
-0.316440157480315
11
-0.0363192913385827
21
-0.316440157480315
0
LINE
8
BLACK
6
CONTINUOUS
10
-0.0363192913385827
20
-0.316440157480315
11
-0.0340828346456693
21
-0.3150423228346457
0
LINE
8
BLACK
6
CONTINUOUS
10
-0.0340828346456693
20
-0.3150423228346457
11
-0.0329747244094488
21
-0.3136572440944882
0
LINE
8
BLACK
6
CONTINUOUS
10
-0.0329747244094488
20
-0.3136572440944882
11
-0.0317239763779528
21
-0.3105304330708661
0
LINE
8
BLACK
6
CONTINUOUS
10
-0.0317239763779528
20
-0.3105304330708661
11
-0.0317239763779528
21
-0.3075392125984252
0
LINE
8
BLACK
6
CONTINUOUS
10
-0.0317239763779528
20
-0.3075392125984252
11
-0.0329747244094488
21
-0.3044124015748031
0
LINE
8
BLACK
6
CONTINUOUS
10
-0.0329747244094488
20
-0.3044124015748031
11
-0.0340828346456693
21
-0.3030273228346457
0
LINE
8
BLACK
6
CONTINUOUS
10
-0.0340828346456693
20
-0.3030273228346457
11
-0.0365834645669291
21
-0.3014644094488189
0
LINE
8
BLACK
6
CONTINUOUS
10
-0.0365834645669291
20
-0.3014644094488189
11
-0.0423411417322835
21
-0.299665157480315
0
LINE
8
BLACK
6
CONTINUOUS
10
-0.0423411417322835
20
-0.299665157480315
11
-0.0425620078740157
21
-0.2995446850393701
0
LINE
8
BLACK
6
CONTINUOUS
10
-0.0425620078740157
20
-0.2995446850393701
11
-0.0427972834645669
21
-0.2994555511811023
0
LINE
8
BLACK
6
CONTINUOUS
10
-0.0427972834645669
20
-0.2994555511811023
11
-0.0457969291338583
21
-0.2975807874015748
0
LINE
8
BLACK
6
CONTINUOUS
10
-0.0457969291338583
20
-0.2975807874015748
11
-0.046037874015748
21
-0.2973540944881889
0
LINE
8
BLACK
6
CONTINUOUS
10
-0.046037874015748
20
-0.2973540944881889
11
-0.0462907480314961
21
-0.297141220472441
0
LINE
8
BLACK
6
CONTINUOUS
10
-0.0462907480314961
20
-0.297141220472441
11
-0.0477905905511811
21
-0.2952664566929134
0
LINE
8
BLACK
6
CONTINUOUS
10
-0.0477905905511811
20
-0.2952664566929134
11
-0.0479236614173228
21
-0.2950098031496063
0
LINE
8
BLACK
6
CONTINUOUS
10
-0.0479236614173228
20
-0.2950098031496063
11
-0.0480811417322835
21
-0.2947677952755905
0
LINE
8
BLACK
6
CONTINUOUS
10
-0.0480811417322835
20
-0.2947677952755905
11
-0.0495809448818898
21
-0.2910182677165354
0
LINE
8
BLACK
6
CONTINUOUS
10
-0.0495809448818898
20
-0.2910182677165354
11
-0.0496490551181102
21
-0.2906527165354331
0
LINE
8
BLACK
6
CONTINUOUS
10
-0.0496490551181102
20
-0.2906527165354331
11
-0.0497217322834646
21
-0.2902872047244094
0
LINE
8
BLACK
6
CONTINUOUS
10
-0.0497217322834646
20
-0.2902872047244094
11
-0.0497217322834646
21
-0.2865376771653543
0
LINE
8
BLACK
6
CONTINUOUS
10
-0.0497217322834646
20
-0.2865376771653543
11
-0.0496490551181102
21
-0.286172125984252
0
LINE
8
BLACK
6
CONTINUOUS
10
-0.0496490551181102
20
-0.286172125984252
11
-0.0495809448818898
21
-0.2858066141732283
0
LINE
8
BLACK
6
CONTINUOUS
10
-0.0495809448818898
20
-0.2858066141732283
11
-0.0480811417322835
21
-0.2820570866141732
0
LINE
8
BLACK
6
CONTINUOUS
10
-0.0480811417322835
20
-0.2820570866141732
11
-0.0479236614173228
21
-0.2818150393700787
0
LINE
8
BLACK
6
CONTINUOUS
10
-0.0479236614173228
20
-0.2818150393700787
11
-0.0477905905511811
21
-0.2815584251968504
0
LINE
8
BLACK
6
CONTINUOUS
10
-0.0477905905511811
20
-0.2815584251968504
11
-0.0462907480314961
21
-0.2796836614173228
0
LINE
8
BLACK
6
CONTINUOUS
10
-0.0462907480314961
20
-0.2796836614173228
11
-0.046037874015748
21
-0.2794707480314961
0
LINE
8
BLACK
6
CONTINUOUS
10
-0.046037874015748
20
-0.2794707480314961
11
-0.0457969291338583
21
-0.279244094488189
0
LINE
8
BLACK
6
CONTINUOUS
10
-0.0457969291338583
20
-0.279244094488189
11
-0.0427973228346457
21
-0.2773692913385827
0
LINE
8
BLACK
6
CONTINUOUS
10
-0.0427973228346457
20
-0.2773692913385827
11
-0.0425708267716535
21
-0.2772834251968504
0
LINE
8
BLACK
6
CONTINUOUS
10
-0.0425708267716535
20
-0.2772834251968504
11
-0.0425072834645669
21
-0.2772199212598425
0
LINE
8
BLACK
6
CONTINUOUS
10
-0.0425072834645669
20
-0.2772199212598425
11
-0.0422881102362205
21
-0.2771762992125984
0
LINE
8
BLACK
6
CONTINUOUS
10
-0.0422881102362205
20
-0.2771762992125984
11
-0.042079094488189
21
-0.277097125984252
0
LINE
8
BLACK
6
CONTINUOUS
10
-0.042079094488189
20
-0.277097125984252
11
-0.0419915354330709
21
-0.2771173228346457
0
LINE
8
BLACK
6
CONTINUOUS
10
-0.0419915354330709
20
-0.2771173228346457
11
-0.0417539763779528
21
-0.2770700787401575
0
LINE
8
BLACK
6
CONTINUOUS
10
-0.0417539763779528
20
-0.2770700787401575
11
-0.0342549212598425
21
-0.2770700787401575
0
LINE
8
BLACK
6
CONTINUOUS
10
-0.0342549212598425
20
-0.2770700787401575
11
-0.0342521653543307
21
-0.2770706299212599
0
LINE
8
BLACK
6
CONTINUOUS
10
0.024991062992126
20
-0.2772199212598425
11
0.0260564173228346
21
-0.2782852755905512
0
LINE
8
BLACK
6
CONTINUOUS
10
0.0260564173228346
20
-0.2782852755905512
11
0.0262062598425197
21
-0.2790385826771654
0
LINE
8
BLACK
6
CONTINUOUS
10
0.0262062598425197
20
-0.2790385826771654
11
0.0262062598425197
21
-0.3184086614173228
0
LINE
8
BLACK
6
CONTINUOUS
10
0.0262062598425197
20
-0.3184086614173228
11
0.0260564173228346
21
-0.319161968503937
0
LINE
8
BLACK
6
CONTINUOUS
10
0.0260564173228346
20
-0.319161968503937
11
0.024991062992126
21
-0.3202273228346457
0
LINE
8
BLACK
6
CONTINUOUS
10
0.024991062992126
20
-0.3202273228346457
11
0.0242377559055118
21
-0.3203771653543307
0
LINE
8
BLACK
6
CONTINUOUS
10
0.0242377559055118
20
-0.3203771653543307
11
0.0167387007874016
21
-0.3203771653543307
0
LINE
8
BLACK
6
CONTINUOUS
10
0.0167387007874016
20
-0.3203771653543307
11
0.016735905511811
21
-0.3203766141732283
0
LINE
8
BLACK
6
CONTINUOUS
10
0.016735905511811
20
-0.3203766141732283
11
0.0167346062992126
21
-0.3203771653543307
0
LINE
8
BLACK
6
CONTINUOUS
10
0.0167346062992126
20
-0.3203771653543307
11
0.0163600393700787
21
-0.3203018503937008
0
LINE
8
BLACK
6
CONTINUOUS
10
0.0163600393700787
20
-0.3203018503937008
11
0.0159853937007874
21
-0.3202273228346457
0
LINE
8
BLACK
6
CONTINUOUS
10
0.0159853937007874
20
-0.3202273228346457
11
0.0159843700787402
21
-0.3202262992125984
0
LINE
8
BLACK
6
CONTINUOUS
10
0.0159843700787402
20
-0.3202262992125984
11
0.0159816141732283
21
-0.3202257480314961
0
LINE
8
BLACK
6
CONTINUOUS
10
0.0159816141732283
20
-0.3202257480314961
11
0.011482125984252
21
-0.3183509842519685
0
LINE
8
BLACK
6
CONTINUOUS
10
0.011482125984252
20
-0.3183509842519685
11
0.0113546850393701
21
-0.3182654330708661
0
LINE
8
BLACK
6
CONTINUOUS
10
0.0113546850393701
20
-0.3182654330708661
11
0.0112896850393701
21
-0.3182582283464567
0
LINE
8
BLACK
6
CONTINUOUS
10
0.0112896850393701
20
-0.3182582283464567
11
0.0110761023622047
21
-0.3180784251968504
0
LINE
8
BLACK
6
CONTINUOUS
10
0.0110761023622047
20
-0.3180784251968504
11
0.0108444094488189
21
-0.3179229133858268
0
LINE
8
BLACK
6
CONTINUOUS
10
0.0108444094488189
20
-0.3179229133858268
11
0.0108194881889764
21
-0.3178624015748032
0
LINE
8
BLACK
6
CONTINUOUS
10
0.0108194881889764
20
-0.3178624015748032
11
0.010702125984252
21
-0.3177636220472441
0
LINE
8
BLACK
6
CONTINUOUS
10
0.010702125984252
20
-0.3177636220472441
11
0.0077024803149606
21
-0.314014094488189
0
LINE
8
BLACK
6
CONTINUOUS
10
0.0077024803149606
20
-0.314014094488189
11
0.0075694094488189
21
-0.3137574409448819
0
LINE
8
BLACK
6
CONTINUOUS
10
0.0075694094488189
20
-0.3137574409448819
11
0.0074119291338583
21
-0.3135154330708662
0
LINE
8
BLACK
6
CONTINUOUS
10
0.0074119291338583
20
-0.3135154330708662
11
0.005912125984252
21
-0.309765905511811
0
LINE
8
BLACK
6
CONTINUOUS
10
0.005912125984252
20
-0.309765905511811
11
0.0058789763779528
21
-0.3095879921259843
0
LINE
8
BLACK
6
CONTINUOUS
10
0.0058789763779528
20
-0.3095879921259843
11
0.0058095669291339
21
-0.309420905511811
0
LINE
8
BLACK
6
CONTINUOUS
10
0.0058095669291339
20
-0.309420905511811
11
0.0043097244094488
21
-0.3019218503937008
0
LINE
8
BLACK
6
CONTINUOUS
10
0.0043097244094488
20
-0.3019218503937008
11
0.0043094881889764
21
-0.301726968503937
0
LINE
8
BLACK
6
CONTINUOUS
10
0.0043094881889764
20
-0.301726968503937
11
0.0042714960629921
21
-0.3015357874015748
0
LINE
8
BLACK
6
CONTINUOUS
10
0.0042714960629921
20
-0.3015357874015748
11
0.0042714960629921
21
-0.2959114960629921
0
LINE
8
BLACK
6
CONTINUOUS
10
0.0042714960629921
20
-0.2959114960629921
11
0.0043094881889764
21
-0.2957202755905512
0
LINE
8
BLACK
6
CONTINUOUS
10
0.0043094881889764
20
-0.2957202755905512
11
0.0043097244094488
21
-0.2955254330708662
0
LINE
8
BLACK
6
CONTINUOUS
10
0.0043097244094488
20
-0.2955254330708662
11
0.0058095669291339
21
-0.2880263779527559
0
LINE
8
BLACK
6
CONTINUOUS
10
0.0058095669291339
20
-0.2880263779527559
11
0.0058789763779528
21
-0.2878592519685039
0
LINE
8
BLACK
6
CONTINUOUS
10
0.0058789763779528
20
-0.2878592519685039
11
0.005912125984252
21
-0.2876813779527559
0
LINE
8
BLACK
6
CONTINUOUS
10
0.005912125984252
20
-0.2876813779527559
11
0.0074119291338583
21
-0.2839318503937008
0
LINE
8
BLACK
6
CONTINUOUS
10
0.0074119291338583
20
-0.2839318503937008
11
0.0075694094488189
21
-0.2836898031496063
0
LINE
8
BLACK
6
CONTINUOUS
10
0.0075694094488189
20
-0.2836898031496063
11
0.0077024803149606
21
-0.2834331889763779
0
LINE
8
BLACK
6
CONTINUOUS
10
0.0077024803149606
20
-0.2834331889763779
11
0.010702125984252
21
-0.2796836614173228
0
LINE
8
BLACK
6
CONTINUOUS
10
0.010702125984252
20
-0.2796836614173228
11
0.0108194881889764
21
-0.279584842519685
0
LINE
8
BLACK
6
CONTINUOUS
10
0.0108194881889764
20
-0.279584842519685
11
0.0108444094488189
21
-0.2795243700787401
0
LINE
8
BLACK
6
CONTINUOUS
10
0.0108444094488189
20
-0.2795243700787401
11
0.0110761023622047
21
-0.2793688188976378
0
LINE
8
BLACK
6
CONTINUOUS
10
0.0110761023622047
20
-0.2793688188976378
11
0.0112896850393701
21
-0.2791890551181102
0
LINE
8
BLACK
6
CONTINUOUS
10
0.0112896850393701
20
-0.2791890551181102
11
0.0113546850393701
21
-0.2791818110236221
0
LINE
8
BLACK
6
CONTINUOUS
10
0.0113546850393701
20
-0.2791818110236221
11
0.011482125984252
21
-0.2790962992125984
0
LINE
8
BLACK
6
CONTINUOUS
10
0.011482125984252
20
-0.2790962992125984
11
0.0159815748031496
21
-0.2772214960629921
0
LINE
8
BLACK
6
CONTINUOUS
10
0.0159815748031496
20
-0.2772214960629921
11
0.0159843700787402
21
-0.277220905511811
0
LINE
8
BLACK
6
CONTINUOUS
10
0.0159843700787402
20
-0.277220905511811
11
0.0159853937007874
21
-0.2772199212598425
0
LINE
8
BLACK
6
CONTINUOUS
10
0.0159853937007874
20
-0.2772199212598425
11
0.0163564173228346
21
-0.2771461023622047
0
LINE
8
BLACK
6
CONTINUOUS
10
0.0163564173228346
20
-0.2771461023622047
11
0.0167345669291339
21
-0.2770700787401575
0
LINE
8
BLACK
6
CONTINUOUS
10
0.0167345669291339
20
-0.2770700787401575
11
0.016735905511811
21
-0.2770706299212599
0
LINE
8
BLACK
6
CONTINUOUS
10
0.016735905511811
20
-0.2770706299212599
11
0.0167387007874016
21
-0.2770700787401575
0
LINE
8
BLACK
6
CONTINUOUS
10
0.0167387007874016
20
-0.2770700787401575
11
0.0242377559055118
21
-0.2770700787401575
0
LINE
8
BLACK
6
CONTINUOUS
10
0.0242377559055118
20
-0.2770700787401575
11
0.024991062992126
21
-0.2772199212598425
0
LINE
8
BLACK
6
CONTINUOUS
10
0.0134615748031496
20
-0.2825366141732283
11
0.0109589763779528
21
-0.285664842519685
0
LINE
8
BLACK
6
CONTINUOUS
10
0.0109589763779528
20
-0.285664842519685
11
0.0096346456692913
21
-0.2889757086614173
0
LINE
8
BLACK
6
CONTINUOUS
10
0.0096346456692913
20
-0.2889757086614173
11
0.0082085039370079
21
-0.2961064173228347
0
LINE
8
BLACK
6
CONTINUOUS
10
0.0082085039370079
20
-0.2961064173228347
11
0.0082085039370079
21
-0.3013408267716535
0
LINE
8
BLACK
6
CONTINUOUS
10
0.0082085039370079
20
-0.3013408267716535
11
0.0096346456692913
21
-0.3084715354330709
0
LINE
8
BLACK
6
CONTINUOUS
10
0.0096346456692913
20
-0.3084715354330709
11
0.0109589763779528
21
-0.3117824015748031
0
LINE
8
BLACK
6
CONTINUOUS
10
0.0109589763779528
20
-0.3117824015748031
11
0.0134615748031496
21
-0.3149106299212598
0
LINE
8
BLACK
6
CONTINUOUS
10
0.0134615748031496
20
-0.3149106299212598
11
0.0171324409448819
21
-0.316440157480315
0
LINE
8
BLACK
6
CONTINUOUS
10
0.0171324409448819
20
-0.316440157480315
11
0.0222692519685039
21
-0.316440157480315
0
LINE
8
BLACK
6
CONTINUOUS
10
0.0222692519685039
20
-0.316440157480315
11
0.0222692519685039
21
-0.2810070866141732
0
LINE
8
BLACK
6
CONTINUOUS
10
0.0222692519685039
20
-0.2810070866141732
11
0.0171324409448819
21
-0.2810070866141732
0
LINE
8
BLACK
6
CONTINUOUS
10
0.0171324409448819
20
-0.2810070866141732
11
0.0134615748031496
21
-0.2825366141732283
0
LINE
8
BLACK
6
CONTINUOUS
10
0.0797335826771653
20
-0.2770706299212599
11
0.0797349606299213
21
-0.2770700787401575
0
LINE
8
BLACK
6
CONTINUOUS
10
0.0797349606299213
20
-0.2770700787401575
11
0.0801130708661417
21
-0.2771461023622047
0
LINE
8
BLACK
6
CONTINUOUS
10
0.0801130708661417
20
-0.2771461023622047
11
0.0804841338582677
21
-0.2772199212598425
0
LINE
8
BLACK
6
CONTINUOUS
10
0.0804841338582677
20
-0.2772199212598425
11
0.0804851181102362
21
-0.277220905511811
0
LINE
8
BLACK
6
CONTINUOUS
10
0.0804851181102362
20
-0.277220905511811
11
0.0804879527559055
21
-0.2772214960629921
0
LINE
8
BLACK
6
CONTINUOUS
10
0.0804879527559055
20
-0.2772214960629921
11
0.0849874015748032
21
-0.2790962992125984
0
LINE
8
BLACK
6
CONTINUOUS
10
0.0849874015748032
20
-0.2790962992125984
11
0.0851148031496063
21
-0.2791818110236221
0
LINE
8
BLACK
6
CONTINUOUS
10
0.0851148031496063
20
-0.2791818110236221
11
0.085179842519685
21
-0.2791890551181102
0
LINE
8
BLACK
6
CONTINUOUS
10
0.085179842519685
20
-0.2791890551181102
11
0.0853934645669291
21
-0.2793688582677165
0
LINE
8
BLACK
6
CONTINUOUS
10
0.0853934645669291
20
-0.2793688582677165
11
0.0856251181102362
21
-0.2795243700787401
0
LINE
8
BLACK
6
CONTINUOUS
10
0.0856251181102362
20
-0.2795243700787401
11
0.08565
21
-0.2795848031496063
0
LINE
8
BLACK
6
CONTINUOUS
10
0.08565
20
-0.2795848031496063
11
0.0857674409448819
21
-0.2796836614173228
0
LINE
8
BLACK
6
CONTINUOUS
10
0.0857674409448819
20
-0.2796836614173228
11
0.0887670472440945
21
-0.2834331889763779
0
LINE
8
BLACK
6
CONTINUOUS
10
0.0887670472440945
20
-0.2834331889763779
11
0.0889000787401575
21
-0.2836898031496063
0
LINE
8
BLACK
6
CONTINUOUS
10
0.0889000787401575
20
-0.2836898031496063
11
0.0890575984251969
21
-0.2839318503937008
0
LINE
8
BLACK
6
CONTINUOUS
10
0.0890575984251969
20
-0.2839318503937008
11
0.0905574015748031
21
-0.2876813385826771
0
LINE
8
BLACK
6
CONTINUOUS
10
0.0905574015748031
20
-0.2876813385826771
11
0.0905905118110236
21
-0.2878592913385827
0
LINE
8
BLACK
6
CONTINUOUS
10
0.0905905118110236
20
-0.2878592913385827
11
0.0906599606299213
21
-0.2880263779527559
0
LINE
8
BLACK
6
CONTINUOUS
10
0.0906599606299213
20
-0.2880263779527559
11
0.0921598031496063
21
-0.2955254330708662
0
LINE
8
BLACK
6
CONTINUOUS
10
0.0921598031496063
20
-0.2955254330708662
11
0.09216
21
-0.2957202755905512
0
LINE
8
BLACK
6
CONTINUOUS
10
0.09216
20
-0.2957202755905512
11
0.092198031496063
21
-0.2959114960629921
0
LINE
8
BLACK
6
CONTINUOUS
10
0.092198031496063
20
-0.2959114960629921
11
0.092198031496063
21
-0.3015357874015748
0
LINE
8
BLACK
6
CONTINUOUS
10
0.092198031496063
20
-0.3015357874015748
11
0.09216
21
-0.301726968503937
0
LINE
8
BLACK
6
CONTINUOUS
10
0.09216
20
-0.301726968503937
11
0.0921598031496063
21
-0.3019218503937008
0
LINE
8
BLACK
6
CONTINUOUS
10
0.0921598031496063
20
-0.3019218503937008
11
0.0906599606299213
21
-0.309420905511811
0
LINE
8
BLACK
6
CONTINUOUS
10
0.0906599606299213
20
-0.309420905511811
11
0.0905905118110236
21
-0.3095879527559055
0
LINE
8
BLACK
6
CONTINUOUS
10
0.0905905118110236
20
-0.3095879527559055
11
0.0905574015748031
21
-0.3097659448818897
0
LINE
8
BLACK
6
CONTINUOUS
10
0.0905574015748031
20
-0.3097659448818897
11
0.0890575984251969
21
-0.3135154330708662
0
LINE
8
BLACK
6
CONTINUOUS
10
0.0890575984251969
20
-0.3135154330708662
11
0.0889000787401575
21
-0.3137574409448819
0
LINE
8
BLACK
6
CONTINUOUS
10
0.0889000787401575
20
-0.3137574409448819
11
0.0887670472440945
21
-0.314014094488189
0
LINE
8
BLACK
6
CONTINUOUS
10
0.0887670472440945
20
-0.314014094488189
11
0.0857674409448819
21
-0.3177636220472441
0
LINE
8
BLACK
6
CONTINUOUS
10
0.0857674409448819
20
-0.3177636220472441
11
0.08565
21
-0.3178624409448819
0
LINE
8
BLACK
6
CONTINUOUS
10
0.08565
20
-0.3178624409448819
11
0.0856251181102362
21
-0.3179229133858268
0
LINE
8
BLACK
6
CONTINUOUS
10
0.0856251181102362
20
-0.3179229133858268
11
0.0853934645669291
21
-0.3180783858267717
0
LINE
8
BLACK
6
CONTINUOUS
10
0.0853934645669291
20
-0.3180783858267717
11
0.085179842519685
21
-0.3182582283464567
0
LINE
8
BLACK
6
CONTINUOUS
10
0.085179842519685
20
-0.3182582283464567
11
0.0851148031496063
21
-0.3182654330708661
0
LINE
8
BLACK
6
CONTINUOUS
10
0.0851148031496063
20
-0.3182654330708661
11
0.0849874015748032
21
-0.3183509842519685
0
LINE
8
BLACK
6
CONTINUOUS
10
0.0849874015748032
20
-0.3183509842519685
11
0.0804879527559055
21
-0.3202257480314961
0
LINE
8
BLACK
6
CONTINUOUS
10
0.0804879527559055
20
-0.3202257480314961
11
0.0804851181102362
21
-0.3202262992125984
0
LINE
8
BLACK
6
CONTINUOUS
10
0.0804851181102362
20
-0.3202262992125984
11
0.0804841338582677
21
-0.3202273228346457
0
LINE
8
BLACK
6
CONTINUOUS
10
0.0804841338582677
20
-0.3202273228346457
11
0.0801130708661417
21
-0.3203011023622047
0
LINE
8
BLACK
6
CONTINUOUS
10
0.0801130708661417
20
-0.3203011023622047
11
0.0797349606299213
21
-0.3203771653543307
0
LINE
8
BLACK
6
CONTINUOUS
10
0.0797349606299213
20
-0.3203771653543307
11
0.0797335826771653
21
-0.3203765748031496
0
LINE
8
BLACK
6
CONTINUOUS
10
0.0797335826771653
20
-0.3203765748031496
11
0.0797308267716535
21
-0.3203771653543307
0
LINE
8
BLACK
6
CONTINUOUS
10
0.0797308267716535
20
-0.3203771653543307
11
0.0752313779527559
21
-0.3203771653543307
0
LINE
8
BLACK
6
CONTINUOUS
10
0.0752313779527559
20
-0.3203771653543307
11
0.0749938188976378
21
-0.3203298818897637
0
LINE
8
BLACK
6
CONTINUOUS
10
0.0749938188976378
20
-0.3203298818897637
11
0.0749062992125984
21
-0.3203501181102362
0
LINE
8
BLACK
6
CONTINUOUS
10
0.0749062992125984
20
-0.3203501181102362
11
0.0746973228346457
21
-0.320270905511811
0
LINE
8
BLACK
6
CONTINUOUS
10
0.0746973228346457
20
-0.320270905511811
11
0.0744780708661417
21
-0.3202273228346457
0
LINE
8
BLACK
6
CONTINUOUS
10
0.0744780708661417
20
-0.3202273228346457
11
0.0744144881889764
21
-0.3201637401574803
0
LINE
8
BLACK
6
CONTINUOUS
10
0.0744144881889764
20
-0.3201637401574803
11
0.0741880708661417
21
-0.3200779527559055
0
LINE
8
BLACK
6
CONTINUOUS
10
0.0741880708661417
20
-0.3200779527559055
11
0.0711884645669291
21
-0.3182031889763779
0
LINE
8
BLACK
6
CONTINUOUS
10
0.0711884645669291
20
-0.3182031889763779
11
0.070629094488189
21
-0.3176768503937008
0
LINE
8
BLACK
6
CONTINUOUS
10
0.070629094488189
20
-0.3176768503937008
11
0.0702903149606299
21
-0.3162088188976378
0
LINE
8
BLACK
6
CONTINUOUS
10
0.0702903149606299
20
-0.3162088188976378
11
0.0710888188976378
21
-0.3149312204724409
0
LINE
8
BLACK
6
CONTINUOUS
10
0.0710888188976378
20
-0.3149312204724409
11
0.0725568503937008
21
-0.3145924409448819
0
LINE
8
BLACK
6
CONTINUOUS
10
0.0725568503937008
20
-0.3145924409448819
11
0.0732750787401575
21
-0.3148646062992126
0
LINE
8
BLACK
6
CONTINUOUS
10
0.0732750787401575
20
-0.3148646062992126
11
0.0757959448818898
21
-0.316440157480315
0
LINE
8
BLACK
6
CONTINUOUS
10
0.0757959448818898
20
-0.316440157480315
11
0.079337125984252
21
-0.316440157480315
0
LINE
8
BLACK
6
CONTINUOUS
10
0.079337125984252
20
-0.316440157480315
11
0.083007874015748
21
-0.3149106692913386
0
LINE
8
BLACK
6
CONTINUOUS
10
0.083007874015748
20
-0.3149106692913386
11
0.0855104724409449
21
-0.3117824409448819
0
LINE
8
BLACK
6
CONTINUOUS
10
0.0855104724409449
20
-0.3117824409448819
11
0.086834842519685
21
-0.3084715354330709
0
LINE
8
BLACK
6
CONTINUOUS
10
0.086834842519685
20
-0.3084715354330709
11
0.0882610236220472
21
-0.3013408267716535
0
LINE
8
BLACK
6
CONTINUOUS
10
0.0882610236220472
20
-0.3013408267716535
11
0.0882610236220472
21
-0.2961064173228347
0
LINE
8
BLACK
6
CONTINUOUS
10
0.0882610236220472
20
-0.2961064173228347
11
0.086834842519685
21
-0.2889757086614173
0
LINE
8
BLACK
6
CONTINUOUS
10
0.086834842519685
20
-0.2889757086614173
11
0.0855104724409449
21
-0.2856648031496063
0
LINE
8
BLACK
6
CONTINUOUS
10
0.0855104724409449
20
-0.2856648031496063
11
0.0830079133858268
21
-0.2825366141732283
0
LINE
8
BLACK
6
CONTINUOUS
10
0.0830079133858268
20
-0.2825366141732283
11
0.0793370866141732
21
-0.2810070866141732
0
LINE
8
BLACK
6
CONTINUOUS
10
0.0793370866141732
20
-0.2810070866141732
11
0.0771249212598425
21
-0.2810070866141732
0
LINE
8
BLACK
6
CONTINUOUS
10
0.0771249212598425
20
-0.2810070866141732
11
0.0734540551181102
21
-0.2825366141732283
0
LINE
8
BLACK
6
CONTINUOUS
10
0.0734540551181102
20
-0.2825366141732283
11
0.0727004330708661
21
-0.2834786614173228
0
LINE
8
BLACK
6
CONTINUOUS
10
0.0727004330708661
20
-0.2834786614173228
11
0.0727004330708661
21
-0.2939429921259842
0
LINE
8
BLACK
6
CONTINUOUS
10
0.0727004330708661
20
-0.2939429921259842
11
0.0767311811023622
21
-0.2939429921259842
0
LINE
8
BLACK
6
CONTINUOUS
10
0.0767311811023622
20
-0.2939429921259842
11
0.0774844881889764
21
-0.2940928346456693
0
LINE
8
BLACK
6
CONTINUOUS
10
0.0774844881889764
20
-0.2940928346456693
11
0.078549842519685
21
-0.295158188976378
0
LINE
8
BLACK
6
CONTINUOUS
10
0.078549842519685
20
-0.295158188976378
11
0.078549842519685
21
-0.2966648031496063
0
LINE
8
BLACK
6
CONTINUOUS
10
0.078549842519685
20
-0.2966648031496063
11
0.0774844881889764
21
-0.2977301574803149
0
LINE
8
BLACK
6
CONTINUOUS
10
0.0774844881889764
20
-0.2977301574803149
11
0.0767311811023622
21
-0.29788
0
LINE
8
BLACK
6
CONTINUOUS
10
0.0767311811023622
20
-0.29788
11
0.0707319291338583
21
-0.29788
0
LINE
8
BLACK
6
CONTINUOUS
10
0.0707319291338583
20
-0.29788
11
0.0699786220472441
21
-0.2977301574803149
0
LINE
8
BLACK
6
CONTINUOUS
10
0.0699786220472441
20
-0.2977301574803149
11
0.0689132677165354
21
-0.2966648031496063
0
LINE
8
BLACK
6
CONTINUOUS
10
0.0689132677165354
20
-0.2966648031496063
11
0.0687634251968504
21
-0.2959114960629921
0
LINE
8
BLACK
6
CONTINUOUS
10
0.0687634251968504
20
-0.2959114960629921
11
0.0687634251968504
21
-0.2827881496062992
0
LINE
8
BLACK
6
CONTINUOUS
10
0.0687634251968504
20
-0.2827881496062992
11
0.0688523622047244
21
-0.2823408267716536
0
LINE
8
BLACK
6
CONTINUOUS
10
0.0688523622047244
20
-0.2823408267716536
11
0.0688412204724409
21
-0.2822402362204725
0
LINE
8
BLACK
6
CONTINUOUS
10
0.0688412204724409
20
-0.2822402362204725
11
0.068891811023622
21
-0.2821426377952756
0
LINE
8
BLACK
6
CONTINUOUS
10
0.068891811023622
20
-0.2821426377952756
11
0.0689132677165354
21
-0.282034842519685
0
LINE
8
BLACK
6
CONTINUOUS
10
0.0689132677165354
20
-0.282034842519685
11
0.068984842519685
21
-0.2819632283464567
0
LINE
8
BLACK
6
CONTINUOUS
10
0.068984842519685
20
-0.2819632283464567
11
0.0691948031496063
21
-0.2815584251968504
0
LINE
8
BLACK
6
CONTINUOUS
10
0.0691948031496063
20
-0.2815584251968504
11
0.0706946456692913
21
-0.2796836614173228
0
LINE
8
BLACK
6
CONTINUOUS
10
0.0706946456692913
20
-0.2796836614173228
11
0.0708120078740157
21
-0.279584842519685
0
LINE
8
BLACK
6
CONTINUOUS
10
0.0708120078740157
20
-0.279584842519685
11
0.0708369291338583
21
-0.2795243700787401
0
LINE
8
BLACK
6
CONTINUOUS
10
0.0708369291338583
20
-0.2795243700787401
11
0.0710685826771654
21
-0.2793688188976378
0
LINE
8
BLACK
6
CONTINUOUS
10
0.0710685826771654
20
-0.2793688188976378
11
0.0712822440944882
21
-0.2791890157480315
0
LINE
8
BLACK
6
CONTINUOUS
10
0.0712822440944882
20
-0.2791890157480315
11
0.0713472834645669
21
-0.2791817716535433
0
LINE
8
BLACK
6
CONTINUOUS
10
0.0713472834645669
20
-0.2791817716535433
11
0.0714746456692913
21
-0.2790962992125984
0
LINE
8
BLACK
6
CONTINUOUS
10
0.0714746456692913
20
-0.2790962992125984
11
0.0759740551181102
21
-0.2772214960629921
0
LINE
8
BLACK
6
CONTINUOUS
10
0.0759740551181102
20
-0.2772214960629921
11
0.0759768503937008
21
-0.277220905511811
0
LINE
8
BLACK
6
CONTINUOUS
10
0.0759768503937008
20
-0.277220905511811
11
0.075977874015748
21
-0.2772199212598425
0
LINE
8
BLACK
6
CONTINUOUS
10
0.075977874015748
20
-0.2772199212598425
11
0.0763488976377953
21
-0.2771461023622047
0
LINE
8
BLACK
6
CONTINUOUS
10
0.0763488976377953
20
-0.2771461023622047
11
0.0767270472440945
21
-0.2770700787401575
0
LINE
8
BLACK
6
CONTINUOUS
10
0.0767270472440945
20
-0.2770700787401575
11
0.0767283858267716
21
-0.2770706299212599
0
LINE
8
BLACK
6
CONTINUOUS
10
0.0767283858267716
20
-0.2770706299212599
11
0.0767311811023622
21
-0.2770700787401575
0
LINE
8
BLACK
6
CONTINUOUS
10
0.0767311811023622
20
-0.2770700787401575
11
0.0797308267716535
21
-0.2770700787401575
0
LINE
8
BLACK
6
CONTINUOUS
10
0.0797308267716535
20
-0.2770700787401575
11
0.0797335826771653
21
-0.2770706299212599
0
LINE
8
BLACK
6
CONTINUOUS
10
-0.4118800393700787
20
-0.2772199212598425
11
-0.4114544488188976
21
-0.2772199212598425
0
LINE
8
BLACK
6
CONTINUOUS
10
-0.4114544488188976
20
-0.2772199212598425
11
-0.4112017716535433
21
-0.2774725984251968
0
LINE
8
BLACK
6
CONTINUOUS
10
-0.4112017716535433
20
-0.2774725984251968
11
-0.4108669291338582
21
-0.2775973622047244
0
LINE
8
BLACK
6
CONTINUOUS
10
-0.4108669291338582
20
-0.2775973622047244
11
-0.4104174409448819
21
-0.278220157480315
0
LINE
8
BLACK
6
CONTINUOUS
10
-0.4104174409448819
20
-0.278220157480315
11
-0.3961785039370079
21
-0.3093677952755906
0
LINE
8
BLACK
6
CONTINUOUS
10
-0.3961785039370079
20
-0.3093677952755906
11
-0.3961785039370079
21
-0.2790385826771654
0
LINE
8
BLACK
6
CONTINUOUS
10
-0.3961785039370079
20
-0.2790385826771654
11
-0.3960286614173228
21
-0.2782852755905512
0
LINE
8
BLACK
6
CONTINUOUS
10
-0.3960286614173228
20
-0.2782852755905512
11
-0.3949633070866141
21
-0.2772199212598425
0
LINE
8
BLACK
6
CONTINUOUS
10
-0.3949633070866141
20
-0.2772199212598425
11
-0.3934566929133858
21
-0.2772199212598425
0
LINE
8
BLACK
6
CONTINUOUS
10
-0.3934566929133858
20
-0.2772199212598425
11
-0.3923913385826772
21
-0.2782852755905512
0
LINE
8
BLACK
6
CONTINUOUS
10
-0.3923913385826772
20
-0.2782852755905512
11
-0.3922414960629921
21
-0.2790385826771654
0
LINE
8
BLACK
6
CONTINUOUS
10
-0.3922414960629921
20
-0.2790385826771654
11
-0.3922414960629921
21
-0.3184086614173228
0
LINE
8
BLACK
6
CONTINUOUS
10
-0.3922414960629921
20
-0.3184086614173228
11
-0.3923913385826772
21
-0.319161968503937
0
LINE
8
BLACK
6
CONTINUOUS
10
-0.3923913385826772
20
-0.319161968503937
11
-0.3926440551181102
21
-0.3194146456692913
0
LINE
8
BLACK
6
CONTINUOUS
10
-0.3926440551181102
20
-0.3194146456692913
11
-0.3927687795275591
21
-0.3197494881889764
0
LINE
8
BLACK
6
CONTINUOUS
10
-0.3927687795275591
20
-0.3197494881889764
11
-0.3931557874015748
21
-0.3199263779527559
0
LINE
8
BLACK
6
CONTINUOUS
10
-0.3931557874015748
20
-0.3199263779527559
11
-0.3934566929133858
21
-0.3202273228346457
0
LINE
8
BLACK
6
CONTINUOUS
10
-0.3934566929133858
20
-0.3202273228346457
11
-0.3938140551181102
21
-0.3202273228346457
0
LINE
8
BLACK
6
CONTINUOUS
10
-0.3938140551181102
20
-0.3202273228346457
11
-0.3941389763779528
21
-0.3203758661417323
0
LINE
8
BLACK
6
CONTINUOUS
10
-0.3941389763779528
20
-0.3203758661417323
11
-0.3945377165354331
21
-0.3202273228346457
0
LINE
8
BLACK
6
CONTINUOUS
10
-0.3945377165354331
20
-0.3202273228346457
11
-0.3949633070866141
21
-0.3202273228346457
0
LINE
8
BLACK
6
CONTINUOUS
10
-0.3949633070866141
20
-0.3202273228346457
11
-0.3952160236220472
21
-0.3199746062992126
0
LINE
8
BLACK
6
CONTINUOUS
10
-0.3952160236220472
20
-0.3199746062992126
11
-0.3955508267716535
21
-0.3198498818897638
0
LINE
8
BLACK
6
CONTINUOUS
10
-0.3955508267716535
20
-0.3198498818897638
11
-0.3960003149606299
21
-0.3192270866141732
0
LINE
8
BLACK
6
CONTINUOUS
10
-0.3960003149606299
20
-0.3192270866141732
11
-0.4102392519685039
21
-0.2880794094488189
0
LINE
8
BLACK
6
CONTINUOUS
10
-0.4102392519685039
20
-0.2880794094488189
11
-0.4102392519685039
21
-0.3184086614173228
0
LINE
8
BLACK
6
CONTINUOUS
10
-0.4102392519685039
20
-0.3184086614173228
11
-0.4103890944881889
21
-0.319161968503937
0
LINE
8
BLACK
6
CONTINUOUS
10
-0.4103890944881889
20
-0.319161968503937
11
-0.4114544488188976
21
-0.3202273228346457
0
LINE
8
BLACK
6
CONTINUOUS
10
-0.4114544488188976
20
-0.3202273228346457
11
-0.412961062992126
21
-0.3202273228346457
0
LINE
8
BLACK
6
CONTINUOUS
10
-0.412961062992126
20
-0.3202273228346457
11
-0.4140264173228346
21
-0.319161968503937
0
LINE
8
BLACK
6
CONTINUOUS
10
-0.4140264173228346
20
-0.319161968503937
11
-0.4141762598425197
21
-0.3184086614173228
0
LINE
8
BLACK
6
CONTINUOUS
10
-0.4141762598425197
20
-0.3184086614173228
11
-0.4141762598425197
21
-0.2790385826771654
0
LINE
8
BLACK
6
CONTINUOUS
10
-0.4141762598425197
20
-0.2790385826771654
11
-0.4140264173228346
21
-0.2782852755905512
0
LINE
8
BLACK
6
CONTINUOUS
10
-0.4140264173228346
20
-0.2782852755905512
11
-0.4137737401574803
21
-0.2780325590551181
0
LINE
8
BLACK
6
CONTINUOUS
10
-0.4137737401574803
20
-0.2780325590551181
11
-0.4136489763779527
21
-0.2776977559055118
0
LINE
8
BLACK
6
CONTINUOUS
10
-0.4136489763779527
20
-0.2776977559055118
11
-0.4132620078740157
21
-0.2775208267716535
0
LINE
8
BLACK
6
CONTINUOUS
10
-0.4132620078740157
20
-0.2775208267716535
11
-0.412961062992126
21
-0.2772199212598425
0
LINE
8
BLACK
6
CONTINUOUS
10
-0.412961062992126
20
-0.2772199212598425
11
-0.4126037007874016
21
-0.2772199212598425
0
LINE
8
BLACK
6
CONTINUOUS
10
-0.4126037007874016
20
-0.2772199212598425
11
-0.412278779527559
21
-0.2770713779527559
0
LINE
8
BLACK
6
CONTINUOUS
10
-0.412278779527559
20
-0.2770713779527559
11
-0.4118800393700787
21
-0.2772199212598425
0
LINE
8
BLACK
6
CONTINUOUS
10
0.0395635826771654
20
-0.2772199212598425
11
0.0399891732283465
21
-0.2772199212598425
0
LINE
8
BLACK
6
CONTINUOUS
10
0.0399891732283465
20
-0.2772199212598425
11
0.0402418503937008
21
-0.2774725984251968
0
LINE
8
BLACK
6
CONTINUOUS
10
0.0402418503937008
20
-0.2774725984251968
11
0.0405766929133858
21
-0.2775973622047244
0
LINE
8
BLACK
6
CONTINUOUS
10
0.0405766929133858
20
-0.2775973622047244
11
0.0410261811023622
21
-0.278220157480315
0
LINE
8
BLACK
6
CONTINUOUS
10
0.0410261811023622
20
-0.278220157480315
11
0.0552651181102362
21
-0.3093677952755906
0
LINE
8
BLACK
6
CONTINUOUS
10
0.0552651181102362
20
-0.3093677952755906
11
0.0552651181102362
21
-0.2790385826771654
0
LINE
8
BLACK
6
CONTINUOUS
10
0.0552651181102362
20
-0.2790385826771654
11
0.0554149606299213
21
-0.2782852755905512
0
LINE
8
BLACK
6
CONTINUOUS
10
0.0554149606299213
20
-0.2782852755905512
11
0.0564803149606299
21
-0.2772199212598425
0
LINE
8
BLACK
6
CONTINUOUS
10
0.0564803149606299
20
-0.2772199212598425
11
0.0579869291338583
21
-0.2772199212598425
0
LINE
8
BLACK
6
CONTINUOUS
10
0.0579869291338583
20
-0.2772199212598425
11
0.0590522834645669
21
-0.2782852755905512
0
LINE
8
BLACK
6
CONTINUOUS
10
0.0590522834645669
20
-0.2782852755905512
11
0.059202125984252
21
-0.2790385826771654
0
LINE
8
BLACK
6
CONTINUOUS
10
0.059202125984252
20
-0.2790385826771654
11
0.059202125984252
21
-0.3184086614173228
0
LINE
8
BLACK
6
CONTINUOUS
10
0.059202125984252
20
-0.3184086614173228
11
0.0590522834645669
21
-0.319161968503937
0
LINE
8
BLACK
6
CONTINUOUS
10
0.0590522834645669
20
-0.319161968503937
11
0.0587995669291339
21
-0.3194146456692913
0
LINE
8
BLACK
6
CONTINUOUS
10
0.0587995669291339
20
-0.3194146456692913
11
0.058674842519685
21
-0.3197494881889764
0
LINE
8
BLACK
6
CONTINUOUS
10
0.058674842519685
20
-0.3197494881889764
11
0.0582878346456693
21
-0.3199263779527559
0
LINE
8
BLACK
6
CONTINUOUS
10
0.0582878346456693
20
-0.3199263779527559
11
0.0579869291338583
21
-0.3202273228346457
0
LINE
8
BLACK
6
CONTINUOUS
10
0.0579869291338583
20
-0.3202273228346457
11
0.0576295669291339
21
-0.3202273228346457
0
LINE
8
BLACK
6
CONTINUOUS
10
0.0576295669291339
20
-0.3202273228346457
11
0.0573046456692913
21
-0.3203758661417323
0
LINE
8
BLACK
6
CONTINUOUS
10
0.0573046456692913
20
-0.3203758661417323
11
0.056905905511811
21
-0.3202273228346457
0
LINE
8
BLACK
6
CONTINUOUS
10
0.056905905511811
20
-0.3202273228346457
11
0.0564803149606299
21
-0.3202273228346457
0
LINE
8
BLACK
6
CONTINUOUS
10
0.0564803149606299
20
-0.3202273228346457
11
0.0562275984251968
21
-0.3199746062992126
0
LINE
8
BLACK
6
CONTINUOUS
10
0.0562275984251968
20
-0.3199746062992126
11
0.0558927952755906
21
-0.3198498818897638
0
LINE
8
BLACK
6
CONTINUOUS
10
0.0558927952755906
20
-0.3198498818897638
11
0.0554433070866142
21
-0.3192270866141732
0
LINE
8
BLACK
6
CONTINUOUS
10
0.0554433070866142
20
-0.3192270866141732
11
0.0412043700787402
21
-0.2880794094488189
0
LINE
8
BLACK
6
CONTINUOUS
10
0.0412043700787402
20
-0.2880794094488189
11
0.0412043700787402
21
-0.3184086614173228
0
LINE
8
BLACK
6
CONTINUOUS
10
0.0412043700787402
20
-0.3184086614173228
11
0.0410545275590551
21
-0.319161968503937
0
LINE
8
BLACK
6
CONTINUOUS
10
0.0410545275590551
20
-0.319161968503937
11
0.0399891732283465
21
-0.3202273228346457
0
LINE
8
BLACK
6
CONTINUOUS
10
0.0399891732283465
20
-0.3202273228346457
11
0.0384825590551181
21
-0.3202273228346457
0
LINE
8
BLACK
6
CONTINUOUS
10
0.0384825590551181
20
-0.3202273228346457
11
0.0374172047244094
21
-0.319161968503937
0
LINE
8
BLACK
6
CONTINUOUS
10
0.0374172047244094
20
-0.319161968503937
11
0.0372673622047244
21
-0.3184086614173228
0
LINE
8
BLACK
6
CONTINUOUS
10
0.0372673622047244
20
-0.3184086614173228
11
0.0372673622047244
21
-0.2790385826771654
0
LINE
8
BLACK
6
CONTINUOUS
10
0.0372673622047244
20
-0.2790385826771654
11
0.0374172047244094
21
-0.2782852755905512
0
LINE
8
BLACK
6
CONTINUOUS
10
0.0374172047244094
20
-0.2782852755905512
11
0.0376698818897638
21
-0.2780325590551181
0
LINE
8
BLACK
6
CONTINUOUS
10
0.0376698818897638
20
-0.2780325590551181
11
0.0377946456692913
21
-0.2776977559055118
0
LINE
8
BLACK
6
CONTINUOUS
10
0.0377946456692913
20
-0.2776977559055118
11
0.0381816141732283
21
-0.2775208267716535
0
LINE
8
BLACK
6
CONTINUOUS
10
0.0381816141732283
20
-0.2775208267716535
11
0.0384825590551181
21
-0.2772199212598425
0
LINE
8
BLACK
6
CONTINUOUS
10
0.0384825590551181
20
-0.2772199212598425
11
0.0388399212598425
21
-0.2772199212598425
0
LINE
8
BLACK
6
CONTINUOUS
10
0.0388399212598425
20
-0.2772199212598425
11
0.039164842519685
21
-0.2770713779527559
0
LINE
8
BLACK
6
CONTINUOUS
10
0.039164842519685
20
-0.2770713779527559
11
0.0395635826771654
21
-0.2772199212598425
0
LINE
8
BLACK
6
CONTINUOUS
10
-0.3060244094488189
20
-0.2774754330708661
11
-0.3052695275590551
21
-0.2787793307086614
0
LINE
8
BLACK
6
CONTINUOUS
10
-0.3052695275590551
20
-0.2787793307086614
11
-0.3053188188976378
21
-0.2795457874015748
0
LINE
8
BLACK
6
CONTINUOUS
10
-0.3053188188976378
20
-0.2795457874015748
11
-0.3158175196850393
21
-0.3189158661417323
0
LINE
8
BLACK
6
CONTINUOUS
10
-0.3158175196850393
20
-0.3189158661417323
11
-0.3161564173228346
21
-0.3196051181102362
0
LINE
8
BLACK
6
CONTINUOUS
10
-0.3161564173228346
20
-0.3196051181102362
11
-0.3163886614173228
21
-0.3197395669291339
0
LINE
8
BLACK
6
CONTINUOUS
10
-0.3163886614173228
20
-0.3197395669291339
11
-0.3165231102362205
21
-0.319971811023622
0
LINE
8
BLACK
6
CONTINUOUS
10
-0.3165231102362205
20
-0.319971811023622
11
-0.3170175984251968
21
-0.3201036614173228
0
LINE
8
BLACK
6
CONTINUOUS
10
-0.3170175984251968
20
-0.3201036614173228
11
-0.3174603149606299
21
-0.32036
0
LINE
8
BLACK
6
CONTINUOUS
10
-0.3174603149606299
20
-0.32036
11
-0.3177195275590551
21
-0.3202908661417323
0
LINE
8
BLACK
6
CONTINUOUS
10
-0.3177195275590551
20
-0.3202908661417323
11
-0.3179788188976378
21
-0.3203600393700787
0
LINE
8
BLACK
6
CONTINUOUS
10
-0.3179788188976378
20
-0.3203600393700787
11
-0.3184217322834645
21
-0.3201036220472441
0
LINE
8
BLACK
6
CONTINUOUS
10
-0.3184217322834645
20
-0.3201036220472441
11
-0.3189160236220472
21
-0.319971811023622
0
LINE
8
BLACK
6
CONTINUOUS
10
-0.3189160236220472
20
-0.319971811023622
11
-0.3190504724409449
21
-0.3197396062992126
0
LINE
8
BLACK
6
CONTINUOUS
10
-0.3190504724409449
20
-0.3197396062992126
11
-0.3192827165354331
21
-0.3196051574803149
0
LINE
8
BLACK
6
CONTINUOUS
10
-0.3192827165354331
20
-0.3196051574803149
11
-0.3196216141732283
21
-0.3189158661417323
0
LINE
8
BLACK
6
CONTINUOUS
10
-0.3196216141732283
20
-0.3189158661417323
11
-0.3301202755905512
21
-0.2795457874015748
0
LINE
8
BLACK
6
CONTINUOUS
10
-0.3301202755905512
20
-0.2795457874015748
11
-0.3301695669291339
21
-0.2787792913385826
0
LINE
8
BLACK
6
CONTINUOUS
10
-0.3301695669291339
20
-0.2787792913385826
11
-0.32941468503937
21
-0.2774754330708661
0
LINE
8
BLACK
6
CONTINUOUS
10
-0.32941468503937
20
-0.2774754330708661
11
-0.327958937007874
21
-0.2770872440944882
0
LINE
8
BLACK
6
CONTINUOUS
10
-0.327958937007874
20
-0.2770872440944882
11
-0.3266550787401575
21
-0.277842125984252
0
LINE
8
BLACK
6
CONTINUOUS
10
-0.3266550787401575
20
-0.277842125984252
11
-0.3263161811023622
21
-0.2785313779527559
0
LINE
8
BLACK
6
CONTINUOUS
10
-0.3263161811023622
20
-0.2785313779527559
11
-0.323706220472441
21
-0.2883187007874016
0
LINE
8
BLACK
6
CONTINUOUS
10
-0.323706220472441
20
-0.2883187007874016
11
-0.311732874015748
21
-0.2883187007874016
0
LINE
8
BLACK
6
CONTINUOUS
10
-0.311732874015748
20
-0.2883187007874016
11
-0.3091229133858268
21
-0.2785313779527559
0
LINE
8
BLACK
6
CONTINUOUS
10
-0.3091229133858268
20
-0.2785313779527559
11
-0.3087840157480315
21
-0.277842125984252
0
LINE
8
BLACK
6
CONTINUOUS
10
-0.3087840157480315
20
-0.277842125984252
11
-0.3074801181102362
21
-0.2770872440944882
0
LINE
8
BLACK
6
CONTINUOUS
10
-0.3074801181102362
20
-0.2770872440944882
11
-0.3060244094488189
21
-0.2774754330708661
0
LINE
8
BLACK
6
CONTINUOUS
10
-0.3177195669291338
20
-0.3107687401574803
11
-0.3127827559055118
21
-0.2922557086614173
0
LINE
8
BLACK
6
CONTINUOUS
10
-0.3127827559055118
20
-0.2922557086614173
11
-0.3226563779527559
21
-0.2922557086614173
0
LINE
8
BLACK
6
CONTINUOUS
10
-0.3226563779527559
20
-0.2922557086614173
11
-0.3177195669291338
21
-0.3107687401574803
0
LINE
8
BLACK
6
CONTINUOUS
10
-0.0919943307086614
20
-0.2772199212598425
11
-0.0909289763779527
21
-0.2782852755905512
0
LINE
8
BLACK
6
CONTINUOUS
10
-0.0909289763779527
20
-0.2782852755905512
11
-0.0907791338582677
21
-0.2790385826771654
0
LINE
8
BLACK
6
CONTINUOUS
10
-0.0907791338582677
20
-0.2790385826771654
11
-0.0907791338582677
21
-0.3184086614173228
0
LINE
8
BLACK
6
CONTINUOUS
10
-0.0907791338582677
20
-0.3184086614173228
11
-0.0909289763779527
21
-0.319161968503937
0
LINE
8
BLACK
6
CONTINUOUS
10
-0.0909289763779527
20
-0.319161968503937
11
-0.0919943307086614
21
-0.3202273228346457
0
LINE
8
BLACK
6
CONTINUOUS
10
-0.0919943307086614
20
-0.3202273228346457
11
-0.0935009448818898
21
-0.3202273228346457
0
LINE
8
BLACK
6
CONTINUOUS
10
-0.0935009448818898
20
-0.3202273228346457
11
-0.0945662992125984
21
-0.319161968503937
0
LINE
8
BLACK
6
CONTINUOUS
10
-0.0945662992125984
20
-0.319161968503937
11
-0.0947161417322835
21
-0.3184086614173228
0
LINE
8
BLACK
6
CONTINUOUS
10
-0.0947161417322835
20
-0.3184086614173228
11
-0.0947161417322835
21
-0.2810070866141732
0
LINE
8
BLACK
6
CONTINUOUS
10
-0.0947161417322835
20
-0.2810070866141732
11
-0.1077457480314961
21
-0.2810070866141732
0
LINE
8
BLACK
6
CONTINUOUS
10
-0.1077457480314961
20
-0.2810070866141732
11
-0.1084990551181102
21
-0.2808572440944882
0
LINE
8
BLACK
6
CONTINUOUS
10
-0.1084990551181102
20
-0.2808572440944882
11
-0.1095644094488189
21
-0.2797918897637795
0
LINE
8
BLACK
6
CONTINUOUS
10
-0.1095644094488189
20
-0.2797918897637795
11
-0.1095644094488189
21
-0.2782852755905512
0
LINE
8
BLACK
6
CONTINUOUS
10
-0.1095644094488189
20
-0.2782852755905512
11
-0.1084990551181102
21
-0.2772199212598425
0
LINE
8
BLACK
6
CONTINUOUS
10
-0.1084990551181102
20
-0.2772199212598425
11
-0.1077457480314961
21
-0.2770700787401575
0
LINE
8
BLACK
6
CONTINUOUS
10
-0.1077457480314961
20
-0.2770700787401575
11
-0.0927476377952756
21
-0.2770700787401575
0
LINE
8
BLACK
6
CONTINUOUS
10
-0.0927476377952756
20
-0.2770700787401575
11
-0.0919943307086614
21
-0.2772199212598425
0
LINE
8
BLACK
6
CONTINUOUS
10
0.1772713385826772
20
-0.2785315354330709
11
0.1774020078740157
21
-0.2785856692913386
0
LINE
8
BLACK
6
CONTINUOUS
10
0.1774020078740157
20
-0.2785856692913386
11
0.1775431889763779
21
-0.2785957086614173
0
LINE
8
BLACK
6
CONTINUOUS
10
0.1775431889763779
20
-0.2785957086614173
11
0.1782639763779527
21
-0.2788715748031496
0
LINE
8
BLACK
6
CONTINUOUS
10
0.1782639763779527
20
-0.2788715748031496
11
0.1820135039370079
21
-0.2807463779527559
0
LINE
8
BLACK
6
CONTINUOUS
10
0.1820135039370079
20
-0.2807463779527559
11
0.1821418897637795
21
-0.2808271653543307
0
LINE
8
BLACK
6
CONTINUOUS
10
0.1821418897637795
20
-0.2808271653543307
11
0.1822025196850394
21
-0.2808474015748031
0
LINE
8
BLACK
6
CONTINUOUS
10
0.1822025196850394
20
-0.2808474015748031
11
0.1822779921259843
21
-0.2809128346456693
0
LINE
8
BLACK
6
CONTINUOUS
10
0.1822779921259843
20
-0.2809128346456693
11
0.1826666929133858
21
-0.2811575196850394
0
LINE
8
BLACK
6
CONTINUOUS
10
0.1826666929133858
20
-0.2811575196850394
11
0.1829900787401575
21
-0.2815304330708661
0
LINE
8
BLACK
6
CONTINUOUS
10
0.1829900787401575
20
-0.2815304330708661
11
0.183363031496063
21
-0.2818538582677165
0
LINE
8
BLACK
6
CONTINUOUS
10
0.183363031496063
20
-0.2818538582677165
11
0.1836076771653543
21
-0.2822425196850394
0
LINE
8
BLACK
6
CONTINUOUS
10
0.1836076771653543
20
-0.2822425196850394
11
0.1836731496062992
21
-0.282318031496063
0
LINE
8
BLACK
6
CONTINUOUS
10
0.1836731496062992
20
-0.282318031496063
11
0.1836933464566929
21
-0.2823786220472441
0
LINE
8
BLACK
6
CONTINUOUS
10
0.1836933464566929
20
-0.2823786220472441
11
0.1837741732283465
21
-0.2825070472440945
0
LINE
8
BLACK
6
CONTINUOUS
10
0.1837741732283465
20
-0.2825070472440945
11
0.185648937007874
21
-0.2862565354330708
0
LINE
8
BLACK
6
CONTINUOUS
10
0.185648937007874
20
-0.2862565354330708
11
0.1859247637795275
21
-0.2869773622047244
0
LINE
8
BLACK
6
CONTINUOUS
10
0.1859247637795275
20
-0.2869773622047244
11
0.1859347637795276
21
-0.2871184251968504
0
LINE
8
BLACK
6
CONTINUOUS
10
0.1859347637795276
20
-0.2871184251968504
11
0.185988937007874
21
-0.2872491732283465
0
LINE
8
BLACK
6
CONTINUOUS
10
0.185988937007874
20
-0.2872491732283465
11
0.1860645669291339
21
-0.2880172440944882
0
LINE
8
BLACK
6
CONTINUOUS
10
0.1860645669291339
20
-0.2880172440944882
11
0.1860645669291339
21
-0.2917667716535433
0
LINE
8
BLACK
6
CONTINUOUS
10
0.1860645669291339
20
-0.2917667716535433
11
0.185988937007874
21
-0.292534842519685
0
LINE
8
BLACK
6
CONTINUOUS
10
0.185988937007874
20
-0.292534842519685
11
0.1859347637795276
21
-0.2926655511811024
0
LINE
8
BLACK
6
CONTINUOUS
10
0.1859347637795276
20
-0.2926655511811024
11
0.1859247637795275
21
-0.2928066535433071
0
LINE
8
BLACK
6
CONTINUOUS
10
0.1859247637795275
20
-0.2928066535433071
11
0.185648937007874
21
-0.2935274803149606
0
LINE
8
BLACK
6
CONTINUOUS
10
0.185648937007874
20
-0.2935274803149606
11
0.1837741732283465
21
-0.297276968503937
0
LINE
8
BLACK
6
CONTINUOUS
10
0.1837741732283465
20
-0.297276968503937
11
0.1836932677165354
21
-0.2974054330708661
0
LINE
8
BLACK
6
CONTINUOUS
10
0.1836932677165354
20
-0.2974054330708661
11
0.1836731102362205
21
-0.2974660236220472
0
LINE
8
BLACK
6
CONTINUOUS
10
0.1836731102362205
20
-0.2974660236220472
11
0.1836076771653543
21
-0.2975414173228346
0
LINE
8
BLACK
6
CONTINUOUS
10
0.1836076771653543
20
-0.2975414173228346
11
0.183363031496063
21
-0.2979301574803149
0
LINE
8
BLACK
6
CONTINUOUS
10
0.183363031496063
20
-0.2979301574803149
11
0.1829899606299213
21
-0.2982536614173228
0
LINE
8
BLACK
6
CONTINUOUS
10
0.1829899606299213
20
-0.2982536614173228
11
0.1826666141732284
21
-0.2986265354330709
0
LINE
8
BLACK
6
CONTINUOUS
10
0.1826666141732284
20
-0.2986265354330709
11
0.1822779527559055
21
-0.2988711417322835
0
LINE
8
BLACK
6
CONTINUOUS
10
0.1822779527559055
20
-0.2988711417322835
11
0.1822025196850394
21
-0.2989366141732284
0
LINE
8
BLACK
6
CONTINUOUS
10
0.1822025196850394
20
-0.2989366141732284
11
0.1821419291338583
21
-0.298956811023622
0
LINE
8
BLACK
6
CONTINUOUS
10
0.1821419291338583
20
-0.298956811023622
11
0.1820134645669291
21
-0.2990376771653543
0
LINE
8
BLACK
6
CONTINUOUS
10
0.1820134645669291
20
-0.2990376771653543
11
0.178263937007874
21
-0.3009124409448819
0
LINE
8
BLACK
6
CONTINUOUS
10
0.178263937007874
20
-0.3009124409448819
11
0.1775431496062992
21
-0.3011882677165355
0
LINE
8
BLACK
6
CONTINUOUS
10
0.1775431496062992
20
-0.3011882677165355
11
0.1774020472440945
21
-0.3011982677165354
0
LINE
8
BLACK
6
CONTINUOUS
10
0.1774020472440945
20
-0.3011982677165354
11
0.1772713385826772
21
-0.3012524409448819
0
LINE
8
BLACK
6
CONTINUOUS
10
0.1772713385826772
20
-0.3012524409448819
11
0.1765032677165354
21
-0.3013280708661417
0
LINE
8
BLACK
6
CONTINUOUS
10
0.1765032677165354
20
-0.3013280708661417
11
0.1680588582677165
21
-0.3013280708661417
0
LINE
8
BLACK
6
CONTINUOUS
10
0.1680588582677165
20
-0.3013280708661417
11
0.1673169291338583
21
-0.3016990157480315
0
LINE
8
BLACK
6
CONTINUOUS
10
0.1673169291338583
20
-0.3016990157480315
11
0.1673169291338583
21
-0.302085905511811
0
LINE
8
BLACK
6
CONTINUOUS
10
0.1673169291338583
20
-0.302085905511811
11
0.1681891732283465
21
-0.3038303937007874
0
LINE
8
BLACK
6
CONTINUOUS
10
0.1681891732283465
20
-0.3038303937007874
11
0.1699336220472441
21
-0.3047026377952756
0
LINE
8
BLACK
6
CONTINUOUS
10
0.1699336220472441
20
-0.3047026377952756
11
0.1755738582677165
21
-0.3047026377952756
0
LINE
8
BLACK
6
CONTINUOUS
10
0.1755738582677165
20
-0.3047026377952756
11
0.1784920866141732
21
-0.3032435039370079
0
LINE
8
BLACK
6
CONTINUOUS
10
0.1784920866141732
20
-0.3032435039370079
11
0.1792129133858268
21
-0.3029676771653543
0
LINE
8
BLACK
6
CONTINUOUS
10
0.1792129133858268
20
-0.3029676771653543
11
0.1807451968503937
21
-0.3028587795275591
0
LINE
8
BLACK
6
CONTINUOUS
10
0.1807451968503937
20
-0.3028587795275591
11
0.1822025196850394
21
-0.3033445669291339
0
LINE
8
BLACK
6
CONTINUOUS
10
0.1822025196850394
20
-0.3033445669291339
11
0.183363031496063
21
-0.304351062992126
0
LINE
8
BLACK
6
CONTINUOUS
10
0.183363031496063
20
-0.304351062992126
11
0.18405
21
-0.305725
0
LINE
8
BLACK
6
CONTINUOUS
10
0.18405
20
-0.305725
11
0.1841588582677165
21
-0.3072572834645669
0
LINE
8
BLACK
6
CONTINUOUS
10
0.1841588582677165
20
-0.3072572834645669
11
0.1836731102362205
21
-0.3087146062992126
0
LINE
8
BLACK
6
CONTINUOUS
10
0.1836731102362205
20
-0.3087146062992126
11
0.1826666141732284
21
-0.3098751181102362
0
LINE
8
BLACK
6
CONTINUOUS
10
0.1826666141732284
20
-0.3098751181102362
11
0.1820134645669291
21
-0.3102862598425197
0
LINE
8
BLACK
6
CONTINUOUS
10
0.1820134645669291
20
-0.3102862598425197
11
0.178263937007874
21
-0.3121610236220472
0
LINE
8
BLACK
6
CONTINUOUS
10
0.178263937007874
20
-0.3121610236220472
11
0.1775431496062992
21
-0.3124368503937008
0
LINE
8
BLACK
6
CONTINUOUS
10
0.1775431496062992
20
-0.3124368503937008
11
0.1774020472440945
21
-0.3124468503937008
0
LINE
8
BLACK
6
CONTINUOUS
10
0.1774020472440945
20
-0.3124468503937008
11
0.1772713385826772
21
-0.3125010236220472
0
LINE
8
BLACK
6
CONTINUOUS
10
0.1772713385826772
20
-0.3125010236220472
11
0.1765032677165354
21
-0.3125766535433071
0
LINE
8
BLACK
6
CONTINUOUS
10
0.1765032677165354
20
-0.3125766535433071
11
0.1690042125984252
21
-0.3125766535433071
0
LINE
8
BLACK
6
CONTINUOUS
10
0.1690042125984252
20
-0.3125766535433071
11
0.1682361417322835
21
-0.3125010236220472
0
LINE
8
BLACK
6
CONTINUOUS
10
0.1682361417322835
20
-0.3125010236220472
11
0.1681053937007874
21
-0.3124468503937008
0
LINE
8
BLACK
6
CONTINUOUS
10
0.1681053937007874
20
-0.3124468503937008
11
0.1679643307086614
21
-0.3124368503937008
0
LINE
8
BLACK
6
CONTINUOUS
10
0.1679643307086614
20
-0.3124368503937008
11
0.1672435039370079
21
-0.3121610236220472
0
LINE
8
BLACK
6
CONTINUOUS
10
0.1672435039370079
20
-0.3121610236220472
11
0.1634940157480315
21
-0.3102862598425197
0
LINE
8
BLACK
6
CONTINUOUS
10
0.1634940157480315
20
-0.3102862598425197
11
0.1633655118110236
21
-0.3102053543307087
0
LINE
8
BLACK
6
CONTINUOUS
10
0.1633655118110236
20
-0.3102053543307087
11
0.1633049606299213
21
-0.3101851968503937
0
LINE
8
BLACK
6
CONTINUOUS
10
0.1633049606299213
20
-0.3101851968503937
11
0.1632295275590551
21
-0.3101197637795275
0
LINE
8
BLACK
6
CONTINUOUS
10
0.1632295275590551
20
-0.3101197637795275
11
0.1628408267716535
21
-0.3098751181102362
0
LINE
8
BLACK
6
CONTINUOUS
10
0.1628408267716535
20
-0.3098751181102362
11
0.1625172834645669
21
-0.3095020472440945
0
LINE
8
BLACK
6
CONTINUOUS
10
0.1625172834645669
20
-0.3095020472440945
11
0.1621444488188976
21
-0.3091787007874016
0
LINE
8
BLACK
6
CONTINUOUS
10
0.1621444488188976
20
-0.3091787007874016
11
0.1618998031496063
21
-0.3087900393700787
0
LINE
8
BLACK
6
CONTINUOUS
10
0.1618998031496063
20
-0.3087900393700787
11
0.1618343700787402
21
-0.3087146062992126
0
LINE
8
BLACK
6
CONTINUOUS
10
0.1618343700787402
20
-0.3087146062992126
11
0.1618141338582677
21
-0.3086540157480315
0
LINE
8
BLACK
6
CONTINUOUS
10
0.1618141338582677
20
-0.3086540157480315
11
0.1617333070866142
21
-0.3085255511811024
0
LINE
8
BLACK
6
CONTINUOUS
10
0.1617333070866142
20
-0.3085255511811024
11
0.1598585433070866
21
-0.3047760236220473
0
LINE
8
BLACK
6
CONTINUOUS
10
0.1598585433070866
20
-0.3047760236220473
11
0.1595827165354331
21
-0.3040552362204724
0
LINE
8
BLACK
6
CONTINUOUS
10
0.1595827165354331
20
-0.3040552362204724
11
0.1595726771653543
21
-0.3039141338582677
0
LINE
8
BLACK
6
CONTINUOUS
10
0.1595726771653543
20
-0.3039141338582677
11
0.1595185433070866
21
-0.3037834251968504
0
LINE
8
BLACK
6
CONTINUOUS
10
0.1595185433070866
20
-0.3037834251968504
11
0.1594429133858268
21
-0.3030153543307086
0
LINE
8
BLACK
6
CONTINUOUS
10
0.1594429133858268
20
-0.3030153543307086
11
0.1594429133858268
21
-0.2823929133858268
0
LINE
8
BLACK
6
CONTINUOUS
10
0.1594429133858268
20
-0.2823929133858268
11
0.1595185433070866
21
-0.2816248425196851
0
LINE
8
BLACK
6
CONTINUOUS
10
0.1595185433070866
20
-0.2816248425196851
11
0.1601064173228346
21
-0.2802056299212599
0
LINE
8
BLACK
6
CONTINUOUS
10
0.1601064173228346
20
-0.2802056299212599
11
0.1611926377952756
21
-0.2791194094488189
0
LINE
8
BLACK
6
CONTINUOUS
10
0.1611926377952756
20
-0.2791194094488189
11
0.1626118503937008
21
-0.2785315354330709
0
LINE
8
BLACK
6
CONTINUOUS
10
0.1626118503937008
20
-0.2785315354330709
11
0.1641479921259842
21
-0.2785315354330709
0
LINE
8
BLACK
6
CONTINUOUS
10
0.1641479921259842
20
-0.2785315354330709
11
0.1651875590551181
21
-0.278962125984252
0
LINE
8
BLACK
6
CONTINUOUS
10
0.1651875590551181
20
-0.278962125984252
11
0.1653687401574803
21
-0.2788715748031496
0
LINE
8
BLACK
6
CONTINUOUS
10
0.1653687401574803
20
-0.2788715748031496
11
0.1660895669291338
21
-0.2785957086614173
0
LINE
8
BLACK
6
CONTINUOUS
10
0.1660895669291338
20
-0.2785957086614173
11
0.1662306299212598
21
-0.2785856692913386
0
LINE
8
BLACK
6
CONTINUOUS
10
0.1662306299212598
20
-0.2785856692913386
11
0.1663613779527559
21
-0.2785315354330709
0
LINE
8
BLACK
6
CONTINUOUS
10
0.1663613779527559
20
-0.2785315354330709
11
0.1671294488188976
21
-0.278455905511811
0
LINE
8
BLACK
6
CONTINUOUS
10
0.1671294488188976
20
-0.278455905511811
11
0.1765032677165354
21
-0.278455905511811
0
LINE
8
BLACK
6
CONTINUOUS
10
0.1765032677165354
20
-0.278455905511811
11
0.1772713385826772
21
-0.2785315354330709
0
LINE
8
BLACK
6
CONTINUOUS
10
0.1673169291338583
20
-0.2867008661417323
11
0.1673169291338583
21
-0.2934540551181102
0
LINE
8
BLACK
6
CONTINUOUS
10
0.1673169291338583
20
-0.2934540551181102
11
0.1755738582677165
21
-0.2934540551181102
0
LINE
8
BLACK
6
CONTINUOUS
10
0.1755738582677165
20
-0.2934540551181102
11
0.1773183070866142
21
-0.2925817716535433
0
LINE
8
BLACK
6
CONTINUOUS
10
0.1773183070866142
20
-0.2925817716535433
11
0.1781905511811024
21
-0.2908373622047244
0
LINE
8
BLACK
6
CONTINUOUS
10
0.1781905511811024
20
-0.2908373622047244
11
0.1781905511811024
21
-0.2889466535433071
0
LINE
8
BLACK
6
CONTINUOUS
10
0.1781905511811024
20
-0.2889466535433071
11
0.1773182677165354
21
-0.287202125984252
0
LINE
8
BLACK
6
CONTINUOUS
10
0.1773182677165354
20
-0.287202125984252
11
0.1755738976377953
21
-0.2863299212598425
0
LINE
8
BLACK
6
CONTINUOUS
10
0.1755738976377953
20
-0.2863299212598425
11
0.1680588188976378
21
-0.2863299212598425
0
LINE
8
BLACK
6
CONTINUOUS
10
0.1680588188976378
20
-0.2863299212598425
11
0.1673169291338583
21
-0.2867008661417323
0
LINE
8
BLACK
6
CONTINUOUS
10
0.2011877165354331
20
-0.2791194094488189
11
0.202273937007874
21
-0.2802056299212599
0
LINE
8
BLACK
6
CONTINUOUS
10
0.202273937007874
20
-0.2802056299212599
11
0.2028618110236221
21
-0.2816248425196851
0
LINE
8
BLACK
6
CONTINUOUS
10
0.2028618110236221
20
-0.2816248425196851
11
0.2029374409448819
21
-0.2823929133858268
0
LINE
8
BLACK
6
CONTINUOUS
10
0.2029374409448819
20
-0.2823929133858268
11
0.2029374409448819
21
-0.302085905511811
0
LINE
8
BLACK
6
CONTINUOUS
10
0.2029374409448819
20
-0.302085905511811
11
0.2038096850393701
21
-0.3038303937007874
0
LINE
8
BLACK
6
CONTINUOUS
10
0.2038096850393701
20
-0.3038303937007874
11
0.2055541732283465
21
-0.3047026377952756
0
LINE
8
BLACK
6
CONTINUOUS
10
0.2055541732283465
20
-0.3047026377952756
11
0.2093196456692913
21
-0.3047026377952756
0
LINE
8
BLACK
6
CONTINUOUS
10
0.2093196456692913
20
-0.3047026377952756
11
0.211064094488189
21
-0.3038303543307087
0
LINE
8
BLACK
6
CONTINUOUS
10
0.211064094488189
20
-0.3038303543307087
11
0.2119363385826772
21
-0.3020859448818898
0
LINE
8
BLACK
6
CONTINUOUS
10
0.2119363385826772
20
-0.3020859448818898
11
0.2119363385826772
21
-0.2823929133858268
0
LINE
8
BLACK
6
CONTINUOUS
10
0.2119363385826772
20
-0.2823929133858268
11
0.212011968503937
21
-0.2816248425196851
0
LINE
8
BLACK
6
CONTINUOUS
10
0.212011968503937
20
-0.2816248425196851
11
0.212599842519685
21
-0.2802056299212599
0
LINE
8
BLACK
6
CONTINUOUS
10
0.212599842519685
20
-0.2802056299212599
11
0.213686062992126
21
-0.2791194094488189
0
LINE
8
BLACK
6
CONTINUOUS
10
0.213686062992126
20
-0.2791194094488189
11
0.2151052755905512
21
-0.2785315354330709
0
LINE
8
BLACK
6
CONTINUOUS
10
0.2151052755905512
20
-0.2785315354330709
11
0.2166414173228347
21
-0.2785315354330709
0
LINE
8
BLACK
6
CONTINUOUS
10
0.2166414173228347
20
-0.2785315354330709
11
0.2180606299212598
21
-0.2791194094488189
0
LINE
8
BLACK
6
CONTINUOUS
10
0.2180606299212598
20
-0.2791194094488189
11
0.2191468503937008
21
-0.2802056299212599
0
LINE
8
BLACK
6
CONTINUOUS
10
0.2191468503937008
20
-0.2802056299212599
11
0.2197347244094488
21
-0.2816248425196851
0
LINE
8
BLACK
6
CONTINUOUS
10
0.2197347244094488
20
-0.2816248425196851
11
0.2198103543307087
21
-0.2823929133858268
0
LINE
8
BLACK
6
CONTINUOUS
10
0.2198103543307087
20
-0.2823929133858268
11
0.2198103543307087
21
-0.302085905511811
0
LINE
8
BLACK
6
CONTINUOUS
10
0.2198103543307087
20
-0.302085905511811
11
0.2206825984251969
21
-0.3038303937007874
0
LINE
8
BLACK
6
CONTINUOUS
10
0.2206825984251969
20
-0.3038303937007874
11
0.2224270472440945
21
-0.3047026377952756
0
LINE
8
BLACK
6
CONTINUOUS
10
0.2224270472440945
20
-0.3047026377952756
11
0.2261925196850394
21
-0.3047026377952756
0
LINE
8
BLACK
6
CONTINUOUS
10
0.2261925196850394
20
-0.3047026377952756
11
0.2285393307086614
21
-0.3035291732283464
0
LINE
8
BLACK
6
CONTINUOUS
10
0.2285393307086614
20
-0.3035291732283464
11
0.2288092125984252
21
-0.3032593307086614
0
LINE
8
BLACK
6
CONTINUOUS
10
0.2288092125984252
20
-0.3032593307086614
11
0.2288092125984252
21
-0.2823929133858268
0
LINE
8
BLACK
6
CONTINUOUS
10
0.2288092125984252
20
-0.2823929133858268
11
0.228884842519685
21
-0.2816248425196851
0
LINE
8
BLACK
6
CONTINUOUS
10
0.228884842519685
20
-0.2816248425196851
11
0.2294727165354331
21
-0.2802056299212599
0
LINE
8
BLACK
6
CONTINUOUS
10
0.2294727165354331
20
-0.2802056299212599
11
0.230558937007874
21
-0.2791194094488189
0
LINE
8
BLACK
6
CONTINUOUS
10
0.230558937007874
20
-0.2791194094488189
11
0.2319781496062992
21
-0.2785315354330709
0
LINE
8
BLACK
6
CONTINUOUS
10
0.2319781496062992
20
-0.2785315354330709
11
0.2335142913385827
21
-0.2785315354330709
0
LINE
8
BLACK
6
CONTINUOUS
10
0.2335142913385827
20
-0.2785315354330709
11
0.2349335039370079
21
-0.2791194094488189
0
LINE
8
BLACK
6
CONTINUOUS
10
0.2349335039370079
20
-0.2791194094488189
11
0.2360197244094488
21
-0.2802056299212599
0
LINE
8
BLACK
6
CONTINUOUS
10
0.2360197244094488
20
-0.2802056299212599
11
0.2366075984251969
21
-0.2816248425196851
0
LINE
8
BLACK
6
CONTINUOUS
10
0.2366075984251969
20
-0.2816248425196851
11
0.2366832283464567
21
-0.2823929133858268
0
LINE
8
BLACK
6
CONTINUOUS
10
0.2366832283464567
20
-0.2823929133858268
11
0.2366832283464567
21
-0.3086396456692913
0
LINE
8
BLACK
6
CONTINUOUS
10
0.2366832283464567
20
-0.3086396456692913
11
0.2366075984251969
21
-0.3094077165354331
0
LINE
8
BLACK
6
CONTINUOUS
10
0.2366075984251969
20
-0.3094077165354331
11
0.2360197244094488
21
-0.3108269291338583
0
LINE
8
BLACK
6
CONTINUOUS
10
0.2360197244094488
20
-0.3108269291338583
11
0.2349335039370079
21
-0.3119131496062992
0
LINE
8
BLACK
6
CONTINUOUS
10
0.2349335039370079
20
-0.3119131496062992
11
0.2335142913385827
21
-0.3125010236220472
0
LINE
8
BLACK
6
CONTINUOUS
10
0.2335142913385827
20
-0.3125010236220472
11
0.2319781496062992
21
-0.3125010236220472
0
LINE
8
BLACK
6
CONTINUOUS
10
0.2319781496062992
20
-0.3125010236220472
11
0.230558937007874
21
-0.3119131496062992
0
LINE
8
BLACK
6
CONTINUOUS
10
0.230558937007874
20
-0.3119131496062992
11
0.2301653937007874
21
-0.3115196062992126
0
LINE
8
BLACK
6
CONTINUOUS
10
0.2301653937007874
20
-0.3115196062992126
11
0.2288825984251968
21
-0.3121610236220472
0
LINE
8
BLACK
6
CONTINUOUS
10
0.2288825984251968
20
-0.3121610236220472
11
0.228161811023622
21
-0.3124368503937008
0
LINE
8
BLACK
6
CONTINUOUS
10
0.228161811023622
20
-0.3124368503937008
11
0.2280207086614173
21
-0.3124468503937008
0
LINE
8
BLACK
6
CONTINUOUS
10
0.2280207086614173
20
-0.3124468503937008
11
0.22789
21
-0.3125010236220472
0
LINE
8
BLACK
6
CONTINUOUS
10
0.22789
20
-0.3125010236220472
11
0.2271219291338583
21
-0.3125766535433071
0
LINE
8
BLACK
6
CONTINUOUS
10
0.2271219291338583
20
-0.3125766535433071
11
0.2214976377952756
21
-0.3125766535433071
0
LINE
8
BLACK
6
CONTINUOUS
10
0.2214976377952756
20
-0.3125766535433071
11
0.2207295669291338
21
-0.3125010236220472
0
LINE
8
BLACK
6
CONTINUOUS
10
0.2207295669291338
20
-0.3125010236220472
11
0.2205988188976378
21
-0.3124468503937008
0
LINE
8
BLACK
6
CONTINUOUS
10
0.2205988188976378
20
-0.3124468503937008
11
0.2204577559055118
21
-0.3124368503937008
0
LINE
8
BLACK
6
CONTINUOUS
10
0.2204577559055118
20
-0.3124368503937008
11
0.2197369291338583
21
-0.3121610236220472
0
LINE
8
BLACK
6
CONTINUOUS
10
0.2197369291338583
20
-0.3121610236220472
11
0.2159874409448819
21
-0.3102862598425197
0
LINE
8
BLACK
6
CONTINUOUS
10
0.2159874409448819
20
-0.3102862598425197
11
0.2158733070866142
21
-0.3102144094488189
0
LINE
8
BLACK
6
CONTINUOUS
10
0.2158733070866142
20
-0.3102144094488189
11
0.2157592519685039
21
-0.3102862598425197
0
LINE
8
BLACK
6
CONTINUOUS
10
0.2157592519685039
20
-0.3102862598425197
11
0.2120097244094488
21
-0.3121610236220472
0
LINE
8
BLACK
6
CONTINUOUS
10
0.2120097244094488
20
-0.3121610236220472
11
0.211288937007874
21
-0.3124368503937008
0
LINE
8
BLACK
6
CONTINUOUS
10
0.211288937007874
20
-0.3124368503937008
11
0.2111478346456693
21
-0.3124468503937008
0
LINE
8
BLACK
6
CONTINUOUS
10
0.2111478346456693
20
-0.3124468503937008
11
0.211017125984252
21
-0.3125010236220472
0
LINE
8
BLACK
6
CONTINUOUS
10
0.211017125984252
20
-0.3125010236220472
11
0.2102490551181102
21
-0.3125766535433071
0
LINE
8
BLACK
6
CONTINUOUS
10
0.2102490551181102
20
-0.3125766535433071
11
0.2046247637795275
21
-0.3125766535433071
0
LINE
8
BLACK
6
CONTINUOUS
10
0.2046247637795275
20
-0.3125766535433071
11
0.2038566929133858
21
-0.3125010236220472
0
LINE
8
BLACK
6
CONTINUOUS
10
0.2038566929133858
20
-0.3125010236220472
11
0.2037259448818897
21
-0.3124468503937008
0
LINE
8
BLACK
6
CONTINUOUS
10
0.2037259448818897
20
-0.3124468503937008
11
0.2035848818897638
21
-0.3124368503937008
0
LINE
8
BLACK
6
CONTINUOUS
10
0.2035848818897638
20
-0.3124368503937008
11
0.202864094488189
21
-0.3121610236220472
0
LINE
8
BLACK
6
CONTINUOUS
10
0.202864094488189
20
-0.3121610236220472
11
0.1991145275590551
21
-0.3102862598425197
0
LINE
8
BLACK
6
CONTINUOUS
10
0.1991145275590551
20
-0.3102862598425197
11
0.1989860236220472
21
-0.3102053543307087
0
LINE
8
BLACK
6
CONTINUOUS
10
0.1989860236220472
20
-0.3102053543307087
11
0.1989254724409449
21
-0.3101851968503937
0
LINE
8
BLACK
6
CONTINUOUS
10
0.1989254724409449
20
-0.3101851968503937
11
0.19885
21
-0.3101197244094488
0
LINE
8
BLACK
6
CONTINUOUS
10
0.19885
20
-0.3101197244094488
11
0.1984613779527559
21
-0.3098751181102362
0
LINE
8
BLACK
6
CONTINUOUS
10
0.1984613779527559
20
-0.3098751181102362
11
0.1981379133858268
21
-0.309502125984252
0
LINE
8
BLACK
6
CONTINUOUS
10
0.1981379133858268
20
-0.309502125984252
11
0.1977649606299212
21
-0.3091787007874016
0
LINE
8
BLACK
6
CONTINUOUS
10
0.1977649606299212
20
-0.3091787007874016
11
0.1975203149606299
21
-0.3087900393700787
0
LINE
8
BLACK
6
CONTINUOUS
10
0.1975203149606299
20
-0.3087900393700787
11
0.1974548818897638
21
-0.3087146062992126
0
LINE
8
BLACK
6
CONTINUOUS
10
0.1974548818897638
20
-0.3087146062992126
11
0.1974346456692913
21
-0.3086539763779527
0
LINE
8
BLACK
6
CONTINUOUS
10
0.1974346456692913
20
-0.3086539763779527
11
0.1973538188976378
21
-0.3085255511811024
0
LINE
8
BLACK
6
CONTINUOUS
10
0.1973538188976378
20
-0.3085255511811024
11
0.1954790551181102
21
-0.3047760236220473
0
LINE
8
BLACK
6
CONTINUOUS
10
0.1954790551181102
20
-0.3047760236220473
11
0.1952032283464567
21
-0.3040552362204724
0
LINE
8
BLACK
6
CONTINUOUS
10
0.1952032283464567
20
-0.3040552362204724
11
0.1951931889763779
21
-0.3039141338582677
0
LINE
8
BLACK
6
CONTINUOUS
10
0.1951931889763779
20
-0.3039141338582677
11
0.1951390551181102
21
-0.3037834251968504
0
LINE
8
BLACK
6
CONTINUOUS
10
0.1951390551181102
20
-0.3037834251968504
11
0.1950634251968504
21
-0.3030153543307086
0
LINE
8
BLACK
6
CONTINUOUS
10
0.1950634251968504
20
-0.3030153543307086
11
0.1950634251968504
21
-0.2823929133858268
0
LINE
8
BLACK
6
CONTINUOUS
10
0.1950634251968504
20
-0.2823929133858268
11
0.1951390551181102
21
-0.2816248425196851
0
LINE
8
BLACK
6
CONTINUOUS
10
0.1951390551181102
20
-0.2816248425196851
11
0.1957269291338583
21
-0.2802056299212599
0
LINE
8
BLACK
6
CONTINUOUS
10
0.1957269291338583
20
-0.2802056299212599
11
0.1968131496062992
21
-0.2791194094488189
0
LINE
8
BLACK
6
CONTINUOUS
10
0.1968131496062992
20
-0.2791194094488189
11
0.1982323622047244
21
-0.2785315354330709
0
LINE
8
BLACK
6
CONTINUOUS
10
0.1982323622047244
20
-0.2785315354330709
11
0.1997685039370079
21
-0.2785315354330709
0
LINE
8
BLACK
6
CONTINUOUS
10
0.1997685039370079
20
-0.2785315354330709
11
0.2011877165354331
21
-0.2791194094488189
0
LINE
8
BLACK
6
CONTINUOUS
10
0.1501634645669291
20
-0.2788821259842519
11
0.1513713779527559
21
-0.2798311811023622
0
LINE
8
BLACK
6
CONTINUOUS
10
0.1513713779527559
20
-0.2798311811023622
11
0.152124094488189
21
-0.2811702362204724
0
LINE
8
BLACK
6
CONTINUOUS
10
0.152124094488189
20
-0.2811702362204724
11
0.152307125984252
21
-0.2826954330708661
0
LINE
8
BLACK
6
CONTINUOUS
10
0.152307125984252
20
-0.2826954330708661
11
0.1518925590551181
21
-0.2841746062992126
0
LINE
8
BLACK
6
CONTINUOUS
10
0.1518925590551181
20
-0.2841746062992126
11
0.1514775196850394
21
-0.2848252755905512
0
LINE
8
BLACK
6
CONTINUOUS
10
0.1514775196850394
20
-0.2848252755905512
11
0.1430774409448819
21
-0.2955162598425197
0
LINE
8
BLACK
6
CONTINUOUS
10
0.1430774409448819
20
-0.2955162598425197
11
0.1514775196850394
21
-0.3062072834645669
0
LINE
8
BLACK
6
CONTINUOUS
10
0.1514775196850394
20
-0.3062072834645669
11
0.1518925590551181
21
-0.3068579527559055
0
LINE
8
BLACK
6
CONTINUOUS
10
0.1518925590551181
20
-0.3068579527559055
11
0.152307125984252
21
-0.3083371259842519
0
LINE
8
BLACK
6
CONTINUOUS
10
0.152307125984252
20
-0.3083371259842519
11
0.152124094488189
21
-0.3098623228346457
0
LINE
8
BLACK
6
CONTINUOUS
10
0.152124094488189
20
-0.3098623228346457
11
0.1513713779527559
21
-0.3112013779527559
0
LINE
8
BLACK
6
CONTINUOUS
10
0.1513713779527559
20
-0.3112013779527559
11
0.1501634645669291
21
-0.3121504330708662
0
LINE
8
BLACK
6
CONTINUOUS
10
0.1501634645669291
20
-0.3121504330708662
11
0.1486842913385827
21
-0.312565
0
LINE
8
BLACK
6
CONTINUOUS
10
0.1486842913385827
20
-0.312565
11
0.147159094488189
21
-0.312381968503937
0
LINE
8
BLACK
6
CONTINUOUS
10
0.147159094488189
20
-0.312381968503937
11
0.1458200393700787
21
-0.3116292519685039
0
LINE
8
BLACK
6
CONTINUOUS
10
0.1458200393700787
20
-0.3116292519685039
11
0.1452860236220472
21
-0.3110720078740157
0
LINE
8
BLACK
6
CONTINUOUS
10
0.1452860236220472
20
-0.3110720078740157
11
0.1380705511811024
21
-0.3018886614173228
0
LINE
8
BLACK
6
CONTINUOUS
10
0.1380705511811024
20
-0.3018886614173228
11
0.1308551181102362
21
-0.3110720078740157
0
LINE
8
BLACK
6
CONTINUOUS
10
0.1308551181102362
20
-0.3110720078740157
11
0.1303211023622047
21
-0.3116292519685039
0
LINE
8
BLACK
6
CONTINUOUS
10
0.1303211023622047
20
-0.3116292519685039
11
0.1289820472440945
21
-0.312381968503937
0
LINE
8
BLACK
6
CONTINUOUS
10
0.1289820472440945
20
-0.312381968503937
11
0.1274568503937008
21
-0.312565
0
LINE
8
BLACK
6
CONTINUOUS
10
0.1274568503937008
20
-0.312565
11
0.1259776771653543
21
-0.3121504330708662
0
LINE
8
BLACK
6
CONTINUOUS
10
0.1259776771653543
20
-0.3121504330708662
11
0.1247697637795276
21
-0.3112013779527559
0
LINE
8
BLACK
6
CONTINUOUS
10
0.1247697637795276
20
-0.3112013779527559
11
0.1240170472440945
21
-0.3098623228346457
0
LINE
8
BLACK
6
CONTINUOUS
10
0.1240170472440945
20
-0.3098623228346457
11
0.1238340157480315
21
-0.3083371259842519
0
LINE
8
BLACK
6
CONTINUOUS
10
0.1238340157480315
20
-0.3083371259842519
11
0.1242485826771653
21
-0.3068579527559055
0
LINE
8
BLACK
6
CONTINUOUS
10
0.1242485826771653
20
-0.3068579527559055
11
0.1246636220472441
21
-0.3062072834645669
0
LINE
8
BLACK
6
CONTINUOUS
10
0.1246636220472441
20
-0.3062072834645669
11
0.1330636614173228
21
-0.2955162598425197
0
LINE
8
BLACK
6
CONTINUOUS
10
0.1330636614173228
20
-0.2955162598425197
11
0.1246636220472441
21
-0.2848252755905512
0
LINE
8
BLACK
6
CONTINUOUS
10
0.1246636220472441
20
-0.2848252755905512
11
0.1242485826771653
21
-0.2841746062992126
0
LINE
8
BLACK
6
CONTINUOUS
10
0.1242485826771653
20
-0.2841746062992126
11
0.1238340157480315
21
-0.2826954330708661
0
LINE
8
BLACK
6
CONTINUOUS
10
0.1238340157480315
20
-0.2826954330708661
11
0.1240170472440945
21
-0.2811702362204724
0
LINE
8
BLACK
6
CONTINUOUS
10
0.1240170472440945
20
-0.2811702362204724
11
0.1247697637795276
21
-0.2798311811023622
0
LINE
8
BLACK
6
CONTINUOUS
10
0.1247697637795276
20
-0.2798311811023622
11
0.1259776771653543
21
-0.2788821259842519
0
LINE
8
BLACK
6
CONTINUOUS
10
0.1259776771653543
20
-0.2788821259842519
11
0.1274568503937008
21
-0.2784675590551181
0
LINE
8
BLACK
6
CONTINUOUS
10
0.1274568503937008
20
-0.2784675590551181
11
0.1289820472440945
21
-0.2786505905511811
0
LINE
8
BLACK
6
CONTINUOUS
10
0.1289820472440945
20
-0.2786505905511811
11
0.1303211023622047
21
-0.2794033070866141
0
LINE
8
BLACK
6
CONTINUOUS
10
0.1303211023622047
20
-0.2794033070866141
11
0.1308551181102362
21
-0.2799605511811024
0
LINE
8
BLACK
6
CONTINUOUS
10
0.1308551181102362
20
-0.2799605511811024
11
0.1380705511811024
21
-0.2891438582677165
0
LINE
8
BLACK
6
CONTINUOUS
10
0.1380705511811024
20
-0.2891438582677165
11
0.1452860236220472
21
-0.2799605511811024
0
LINE
8
BLACK
6
CONTINUOUS
10
0.1452860236220472
20
-0.2799605511811024
11
0.1458200393700787
21
-0.2794033070866141
0
LINE
8
BLACK
6
CONTINUOUS
10
0.1458200393700787
20
-0.2794033070866141
11
0.147159094488189
21
-0.2786505905511811
0
LINE
8
BLACK
6
CONTINUOUS
10
0.147159094488189
20
-0.2786505905511811
11
0.1486842913385827
21
-0.2784675590551181
0
LINE
8
BLACK
6
CONTINUOUS
10
0.1486842913385827
20
-0.2784675590551181
11
0.1501634645669291
21
-0.2788821259842519
0
LINE
8
BLACK
6
CONTINUOUS
10
0.32461
20
-0.2785267716535433
11
0.325185157480315
21
-0.278498188976378
0
LINE
8
BLACK
6
CONTINUOUS
10
0.325185157480315
20
-0.278498188976378
11
0.3253711811023622
21
-0.2785646062992126
0
LINE
8
BLACK
6
CONTINUOUS
10
0.3253711811023622
20
-0.2785646062992126
11
0.3255686220472441
21
-0.2785744488188976
0
LINE
8
BLACK
6
CONTINUOUS
10
0.3255686220472441
20
-0.2785744488188976
11
0.3260893307086614
21
-0.2788211023622047
0
LINE
8
BLACK
6
CONTINUOUS
10
0.3260893307086614
20
-0.2788211023622047
11
0.326631811023622
21
-0.2790148425196851
0
LINE
8
BLACK
6
CONTINUOUS
10
0.326631811023622
20
-0.2790148425196851
11
0.3267782677165355
21
-0.2791474409448819
0
LINE
8
BLACK
6
CONTINUOUS
10
0.3267782677165355
20
-0.2791474409448819
11
0.3269568897637795
21
-0.2792320472440945
0
LINE
8
BLACK
6
CONTINUOUS
10
0.3269568897637795
20
-0.2792320472440945
11
0.3273435826771653
21
-0.2796592125984252
0
LINE
8
BLACK
6
CONTINUOUS
10
0.3273435826771653
20
-0.2796592125984252
11
0.3277706299212598
21
-0.2800457874015748
0
LINE
8
BLACK
6
CONTINUOUS
10
0.3277706299212598
20
-0.2800457874015748
11
0.327855157480315
21
-0.2802242913385827
0
LINE
8
BLACK
6
CONTINUOUS
10
0.327855157480315
20
-0.2802242913385827
11
0.327987874015748
21
-0.2803708661417323
0
LINE
8
BLACK
6
CONTINUOUS
10
0.327987874015748
20
-0.2803708661417323
11
0.3283174015748032
21
-0.2810687401574803
0
LINE
8
BLACK
6
CONTINUOUS
10
0.3283174015748032
20
-0.2810687401574803
11
0.3376912204724409
21
-0.3073154724409449
0
LINE
8
BLACK
6
CONTINUOUS
10
0.3376912204724409
20
-0.3073154724409449
11
0.3378783464566929
21
-0.308064251968504
0
LINE
8
BLACK
6
CONTINUOUS
10
0.3378783464566929
20
-0.308064251968504
11
0.3378020472440945
21
-0.3095985039370079
0
LINE
8
BLACK
6
CONTINUOUS
10
0.3378020472440945
20
-0.3095985039370079
11
0.3371444488188977
21
-0.3109867716535433
0
LINE
8
BLACK
6
CONTINUOUS
10
0.3371444488188977
20
-0.3109867716535433
11
0.3360056299212598
21
-0.3120177165354331
0
LINE
8
BLACK
6
CONTINUOUS
10
0.3360056299212598
20
-0.3120177165354331
11
0.3345589763779527
21
-0.3125343700787401
0
LINE
8
BLACK
6
CONTINUOUS
10
0.3345589763779527
20
-0.3125343700787401
11
0.3330247244094488
21
-0.3124581102362204
0
LINE
8
BLACK
6
CONTINUOUS
10
0.3330247244094488
20
-0.3124581102362204
11
0.3316364566929134
21
-0.3118004724409449
0
LINE
8
BLACK
6
CONTINUOUS
10
0.3316364566929134
20
-0.3118004724409449
11
0.3306054724409448
21
-0.3106616929133858
0
LINE
8
BLACK
6
CONTINUOUS
10
0.3306054724409448
20
-0.3106616929133858
11
0.3302759448818898
21
-0.309963779527559
0
LINE
8
BLACK
6
CONTINUOUS
10
0.3302759448818898
20
-0.309963779527559
11
0.3246097637795275
21
-0.2940984645669291
0
LINE
8
BLACK
6
CONTINUOUS
10
0.3246097637795275
20
-0.2940984645669291
11
0.3189435826771653
21
-0.3099638188976378
0
LINE
8
BLACK
6
CONTINUOUS
10
0.3189435826771653
20
-0.3099638188976378
11
0.3186140551181103
21
-0.3106616929133858
0
LINE
8
BLACK
6
CONTINUOUS
10
0.3186140551181103
20
-0.3106616929133858
11
0.3175830708661417
21
-0.3118005118110236
0
LINE
8
BLACK
6
CONTINUOUS
10
0.3175830708661417
20
-0.3118005118110236
11
0.3161948031496063
21
-0.3124581102362204
0
LINE
8
BLACK
6
CONTINUOUS
10
0.3161948031496063
20
-0.3124581102362204
11
0.3146605511811024
21
-0.3125344094488189
0
LINE
8
BLACK
6
CONTINUOUS
10
0.3146605511811024
20
-0.3125344094488189
11
0.3132138976377953
21
-0.3120177559055118
0
LINE
8
BLACK
6
CONTINUOUS
10
0.3132138976377953
20
-0.3120177559055118
11
0.3120750787401575
21
-0.3109867716535433
0
LINE
8
BLACK
6
CONTINUOUS
10
0.3120750787401575
20
-0.3109867716535433
11
0.3114174803149606
21
-0.3095985039370079
0
LINE
8
BLACK
6
CONTINUOUS
10
0.3114174803149606
20
-0.3095985039370079
11
0.3113411811023622
21
-0.308064251968504
0
LINE
8
BLACK
6
CONTINUOUS
10
0.3113411811023622
20
-0.308064251968504
11
0.3115283070866142
21
-0.3073154724409449
0
LINE
8
BLACK
6
CONTINUOUS
10
0.3115283070866142
20
-0.3073154724409449
11
0.3209021259842519
21
-0.281068779527559
0
LINE
8
BLACK
6
CONTINUOUS
10
0.3209021259842519
20
-0.281068779527559
11
0.3212316535433071
21
-0.2803708661417323
0
LINE
8
BLACK
6
CONTINUOUS
10
0.3212316535433071
20
-0.2803708661417323
11
0.3213643307086614
21
-0.2802242913385827
0
LINE
8
BLACK
6
CONTINUOUS
10
0.3213643307086614
20
-0.2802242913385827
11
0.3214488976377953
21
-0.2800457874015748
0
LINE
8
BLACK
6
CONTINUOUS
10
0.3214488976377953
20
-0.2800457874015748
11
0.3218761023622047
21
-0.2796590157480315
0
LINE
8
BLACK
6
CONTINUOUS
10
0.3218761023622047
20
-0.2796590157480315
11
0.3222626377952756
21
-0.2792320866141732
0
LINE
8
BLACK
6
CONTINUOUS
10
0.3222626377952756
20
-0.2792320866141732
11
0.322441062992126
21
-0.2791475196850394
0
LINE
8
BLACK
6
CONTINUOUS
10
0.322441062992126
20
-0.2791475196850394
11
0.3225877165354331
21
-0.2790148031496063
0
LINE
8
BLACK
6
CONTINUOUS
10
0.3225877165354331
20
-0.2790148031496063
11
0.3231306299212598
21
-0.278820905511811
0
LINE
8
BLACK
6
CONTINUOUS
10
0.3231306299212598
20
-0.278820905511811
11
0.323650905511811
21
-0.2785744488188976
0
LINE
8
BLACK
6
CONTINUOUS
10
0.323650905511811
20
-0.2785744488188976
11
0.3238481496062992
21
-0.2785646062992126
0
LINE
8
BLACK
6
CONTINUOUS
10
0.3238481496062992
20
-0.2785646062992126
11
0.3240343700787401
21
-0.2784981496062992
0
LINE
8
BLACK
6
CONTINUOUS
10
0.3240343700787401
20
-0.2784981496062992
11
0.32461
21
-0.2785267716535433
0
LINE
8
BLACK
6
CONTINUOUS
10
-0.1760366535433071
20
-0.2773472834645669
11
-0.1755131889763779
21
-0.2774968503937008
0
LINE
8
BLACK
6
CONTINUOUS
10
-0.1755131889763779
20
-0.2774968503937008
11
-0.1753997244094488
21
-0.2777011417322834
0
LINE
8
BLACK
6
CONTINUOUS
10
-0.1753997244094488
20
-0.2777011417322834
11
-0.1751953937007874
21
-0.2778146456692913
0
LINE
8
BLACK
6
CONTINUOUS
10
-0.1751953937007874
20
-0.2778146456692913
11
-0.1748443700787402
21
-0.2784977952755905
0
LINE
8
BLACK
6
CONTINUOUS
10
-0.1748443700787402
20
-0.2784977952755905
11
-0.1673453149606299
21
-0.3047445275590551
0
LINE
8
BLACK
6
CONTINUOUS
10
-0.1673453149606299
20
-0.3047445275590551
11
-0.1672824409448819
21
-0.30551
0
LINE
8
BLACK
6
CONTINUOUS
10
-0.1672824409448819
20
-0.30551
11
-0.1680141338582677
21
-0.3068270472440945
0
LINE
8
BLACK
6
CONTINUOUS
10
-0.1680141338582677
20
-0.3068270472440945
11
-0.1694627559055118
21
-0.3072409448818897
0
LINE
8
BLACK
6
CONTINUOUS
10
-0.1694627559055118
20
-0.3072409448818897
11
-0.1707798031496063
21
-0.3065092519685039
0
LINE
8
BLACK
6
CONTINUOUS
10
-0.1707798031496063
20
-0.3065092519685039
11
-0.1711308267716535
21
-0.3058261023622047
0
LINE
8
BLACK
6
CONTINUOUS
10
-0.1711308267716535
20
-0.3058261023622047
11
-0.1767371653543307
21
-0.2862039763779528
0
LINE
8
BLACK
6
CONTINUOUS
10
-0.1767371653543307
20
-0.2862039763779528
11
-0.1823434645669291
21
-0.3058261023622047
0
LINE
8
BLACK
6
CONTINUOUS
10
-0.1823434645669291
20
-0.3058261023622047
11
-0.1826944881889764
21
-0.3065092519685039
0
LINE
8
BLACK
6
CONTINUOUS
10
-0.1826944881889764
20
-0.3065092519685039
11
-0.1840115354330709
21
-0.3072409448818897
0
LINE
8
BLACK
6
CONTINUOUS
10
-0.1840115354330709
20
-0.3072409448818897
11
-0.185460157480315
21
-0.3068270472440945
0
LINE
8
BLACK
6
CONTINUOUS
10
-0.185460157480315
20
-0.3068270472440945
11
-0.1861918503937008
21
-0.30551
0
LINE
8
BLACK
6
CONTINUOUS
10
-0.1861918503937008
20
-0.30551
11
-0.1861289763779528
21
-0.3047445275590551
0
LINE
8
BLACK
6
CONTINUOUS
10
-0.1861289763779528
20
-0.3047445275590551
11
-0.1786298818897638
21
-0.2784977952755905
0
LINE
8
BLACK
6
CONTINUOUS
10
-0.1786298818897638
20
-0.2784977952755905
11
-0.1782788582677165
21
-0.2778146456692913
0
LINE
8
BLACK
6
CONTINUOUS
10
-0.1782788582677165
20
-0.2778146456692913
11
-0.1780745669291338
21
-0.2777011417322834
0
LINE
8
BLACK
6
CONTINUOUS
10
-0.1780745669291338
20
-0.2777011417322834
11
-0.177961062992126
21
-0.2774968503937008
0
LINE
8
BLACK
6
CONTINUOUS
10
-0.177961062992126
20
-0.2774968503937008
11
-0.1774376377952756
21
-0.2773472834645669
0
LINE
8
BLACK
6
CONTINUOUS
10
-0.1774376377952756
20
-0.2773472834645669
11
-0.176961811023622
21
-0.2770829527559055
0
LINE
8
BLACK
6
CONTINUOUS
10
-0.176961811023622
20
-0.2770829527559055
11
-0.176737125984252
21
-0.277147125984252
0
LINE
8
BLACK
6
CONTINUOUS
10
-0.176737125984252
20
-0.277147125984252
11
-0.1765124409448819
21
-0.2770829527559055
0
LINE
8
BLACK
6
CONTINUOUS
10
-0.1765124409448819
20
-0.2770829527559055
11
-0.1760366535433071
21
-0.2773472834645669
0
LINE
8
BLACK
6
CONTINUOUS
10
-0.1768620472440945
20
0.1066405511811024
11
-0.1757966929133858
21
0.1055751968503937
0
LINE
8
BLACK
6
CONTINUOUS
10
-0.1757966929133858
20
0.1055751968503937
11
-0.1756468503937008
21
0.1048218897637795
0
LINE
8
BLACK
6
CONTINUOUS
10
-0.1756468503937008
20
0.1048218897637795
11
-0.1756468503937008
21
0.065451811023622
0
LINE
8
BLACK
6
CONTINUOUS
10
-0.1756468503937008
20
0.065451811023622
11
-0.1757966929133858
21
0.0646985039370079
0
LINE
8
BLACK
6
CONTINUOUS
10
-0.1757966929133858
20
0.0646985039370079
11
-0.1768620472440945
21
0.0636331496062992
0
LINE
8
BLACK
6
CONTINUOUS
10
-0.1768620472440945
20
0.0636331496062992
11
-0.1776153543307087
21
0.0634833070866142
0
LINE
8
BLACK
6
CONTINUOUS
10
-0.1776153543307087
20
0.0634833070866142
11
-0.1869891732283465
21
0.0634833070866142
0
LINE
8
BLACK
6
CONTINUOUS
10
-0.1869891732283465
20
0.0634833070866142
11
-0.1872987007874016
21
0.0635448818897638
0
LINE
8
BLACK
6
CONTINUOUS
10
-0.1872987007874016
20
0.0635448818897638
11
-0.1876116929133858
21
0.0635843307086614
0
LINE
8
BLACK
6
CONTINUOUS
10
-0.1876116929133858
20
0.0635843307086614
11
-0.1932359448818897
21
0.065459094488189
0
LINE
8
BLACK
6
CONTINUOUS
10
-0.1932359448818897
20
0.065459094488189
11
-0.1933215748031496
21
0.0655079133858268
0
LINE
8
BLACK
6
CONTINUOUS
10
-0.1933215748031496
20
0.0655079133858268
11
-0.1933667716535433
21
0.0655079133858268
0
LINE
8
BLACK
6
CONTINUOUS
10
-0.1933667716535433
20
0.0655079133858268
11
-0.1936290157480315
21
0.0656831496062992
0
LINE
8
BLACK
6
CONTINUOUS
10
-0.1936290157480315
20
0.0656831496062992
11
-0.1939032283464567
21
0.0658394488188976
0
LINE
8
BLACK
6
CONTINUOUS
10
-0.1939032283464567
20
0.0658394488188976
11
-0.1939234645669291
21
0.0658799212598425
0
LINE
8
BLACK
6
CONTINUOUS
10
-0.1939234645669291
20
0.0658799212598425
11
-0.1940053937007874
21
0.0659346456692913
0
LINE
8
BLACK
6
CONTINUOUS
10
-0.1940053937007874
20
0.0659346456692913
11
-0.1977549212598425
21
0.0696841732283465
0
LINE
8
BLACK
6
CONTINUOUS
10
-0.1977549212598425
20
0.0696841732283465
11
-0.1979301968503937
21
0.0699464566929134
0
LINE
8
BLACK
6
CONTINUOUS
10
-0.1979301968503937
20
0.0699464566929134
11
-0.1981237007874016
21
0.0701957874015748
0
LINE
8
BLACK
6
CONTINUOUS
10
-0.1981237007874016
20
0.0701957874015748
11
-0.1999984251968504
21
0.0739452755905512
0
LINE
8
BLACK
6
CONTINUOUS
10
-0.1999984251968504
20
0.0739452755905512
11
-0.2000553937007874
21
0.0741532283464567
0
LINE
8
BLACK
6
CONTINUOUS
10
-0.2000553937007874
20
0.0741532283464567
11
-0.2001474803149606
21
0.0743481889763779
0
LINE
8
BLACK
6
CONTINUOUS
10
-0.2001474803149606
20
0.0743481889763779
11
-0.2020222440944882
21
0.0818472440944882
0
LINE
8
BLACK
6
CONTINUOUS
10
-0.2020222440944882
20
0.0818472440944882
11
-0.2020339763779528
21
0.0820881102362205
0
LINE
8
BLACK
6
CONTINUOUS
10
-0.2020339763779528
20
0.0820881102362205
11
-0.2020810236220472
21
0.0823246850393701
0
LINE
8
BLACK
6
CONTINUOUS
10
-0.2020810236220472
20
0.0823246850393701
11
-0.2020810236220472
21
0.0879489763779528
0
LINE
8
BLACK
6
CONTINUOUS
10
-0.2020810236220472
20
0.0879489763779528
11
-0.2020339763779528
21
0.0881855905511811
0
LINE
8
BLACK
6
CONTINUOUS
10
-0.2020339763779528
20
0.0881855905511811
11
-0.2020222440944882
21
0.0884264173228346
0
LINE
8
BLACK
6
CONTINUOUS
10
-0.2020222440944882
20
0.0884264173228346
11
-0.2001474803149606
21
0.0959254724409449
0
LINE
8
BLACK
6
CONTINUOUS
10
-0.2001474803149606
20
0.0959254724409449
11
-0.2000553937007874
21
0.0961204724409449
0
LINE
8
BLACK
6
CONTINUOUS
10
-0.2000553937007874
20
0.0961204724409449
11
-0.1999984251968504
21
0.0963283858267717
0
LINE
8
BLACK
6
CONTINUOUS
10
-0.1999984251968504
20
0.0963283858267717
11
-0.1981237007874016
21
0.100077874015748
0
LINE
8
BLACK
6
CONTINUOUS
10
-0.1981237007874016
20
0.100077874015748
11
-0.1979301968503937
21
0.1003272440944882
0
LINE
8
BLACK
6
CONTINUOUS
10
-0.1979301968503937
20
0.1003272440944882
11
-0.1977549212598425
21
0.1005894881889764
0
LINE
8
BLACK
6
CONTINUOUS
10
-0.1977549212598425
20
0.1005894881889764
11
-0.1940053937007874
21
0.1043390157480315
0
LINE
8
BLACK
6
CONTINUOUS
10
-0.1940053937007874
20
0.1043390157480315
11
-0.1939234645669291
21
0.1043937795275591
0
LINE
8
BLACK
6
CONTINUOUS
10
-0.1939234645669291
20
0.1043937795275591
11
-0.1939032283464567
21
0.1044342125984252
0
LINE
8
BLACK
6
CONTINUOUS
10
-0.1939032283464567
20
0.1044342125984252
11
-0.193628937007874
21
0.1045905905511811
0
LINE
8
BLACK
6
CONTINUOUS
10
-0.193628937007874
20
0.1045905905511811
11
-0.1933667716535433
21
0.1047657480314961
0
LINE
8
BLACK
6
CONTINUOUS
10
-0.1933667716535433
20
0.1047657480314961
11
-0.1933216141732284
21
0.1047657480314961
0
LINE
8
BLACK
6
CONTINUOUS
10
-0.1933216141732284
20
0.1047657480314961
11
-0.1932359842519685
21
0.1048145669291339
0
LINE
8
BLACK
6
CONTINUOUS
10
-0.1932359842519685
20
0.1048145669291339
11
-0.1876116929133858
21
0.1066893700787402
0
LINE
8
BLACK
6
CONTINUOUS
10
-0.1876116929133858
20
0.1066893700787402
11
-0.1872987007874016
21
0.1067288582677165
0
LINE
8
BLACK
6
CONTINUOUS
10
-0.1872987007874016
20
0.1067288582677165
11
-0.1869891732283465
21
0.1067903937007874
0
LINE
8
BLACK
6
CONTINUOUS
10
-0.1869891732283465
20
0.1067903937007874
11
-0.1776153543307087
21
0.1067903937007874
0
LINE
8
BLACK
6
CONTINUOUS
10
-0.1776153543307087
20
0.1067903937007874
11
-0.1768620472440945
21
0.1066405511811024
0
LINE
8
BLACK
6
CONTINUOUS
10
-0.191550157480315
20
0.1012265748031496
11
-0.194745157480315
21
0.0980315354330709
0
LINE
8
BLACK
6
CONTINUOUS
10
-0.194745157480315
20
0.0980315354330709
11
-0.1963804330708661
21
0.0947609842519685
0
LINE
8
BLACK
6
CONTINUOUS
10
-0.1963804330708661
20
0.0947609842519685
11
-0.1981440157480315
21
0.0877066535433071
0
LINE
8
BLACK
6
CONTINUOUS
10
-0.1981440157480315
20
0.0877066535433071
11
-0.1981440157480315
21
0.0825670078740157
0
LINE
8
BLACK
6
CONTINUOUS
10
-0.1981440157480315
20
0.0825670078740157
11
-0.1963804330708661
21
0.0755126771653543
0
LINE
8
BLACK
6
CONTINUOUS
10
-0.1963804330708661
20
0.0755126771653543
11
-0.194745157480315
21
0.072242125984252
0
LINE
8
BLACK
6
CONTINUOUS
10
-0.194745157480315
20
0.072242125984252
11
-0.191550157480315
21
0.069047125984252
0
LINE
8
BLACK
6
CONTINUOUS
10
-0.191550157480315
20
0.069047125984252
11
-0.1866697637795275
21
0.0674203149606299
0
LINE
8
BLACK
6
CONTINUOUS
10
-0.1866697637795275
20
0.0674203149606299
11
-0.1795838582677165
21
0.0674203149606299
0
LINE
8
BLACK
6
CONTINUOUS
10
-0.1795838582677165
20
0.0674203149606299
11
-0.1795838582677165
21
0.1028533858267717
0
LINE
8
BLACK
6
CONTINUOUS
10
-0.1795838582677165
20
0.1028533858267717
11
-0.1866697244094488
21
0.1028533858267717
0
LINE
8
BLACK
6
CONTINUOUS
10
-0.1866697244094488
20
0.1028533858267717
11
-0.191550157480315
21
0.1012265748031496
0
LINE
8
BLACK
6
CONTINUOUS
10
-0.1412414960629921
20
0.1066405511811024
11
-0.1401761417322835
21
0.1055751968503937
0
LINE
8
BLACK
6
CONTINUOUS
10
-0.1401761417322835
20
0.1055751968503937
11
-0.1400262992125984
21
0.1048218897637795
0
LINE
8
BLACK
6
CONTINUOUS
10
-0.1400262992125984
20
0.1048218897637795
11
-0.1400262992125984
21
0.065451811023622
0
LINE
8
BLACK
6
CONTINUOUS
10
-0.1400262992125984
20
0.065451811023622
11
-0.1401761417322835
21
0.0646985039370079
0
LINE
8
BLACK
6
CONTINUOUS
10
-0.1401761417322835
20
0.0646985039370079
11
-0.1412414960629921
21
0.0636331496062992
0
LINE
8
BLACK
6
CONTINUOUS
10
-0.1412414960629921
20
0.0636331496062992
11
-0.1419948031496063
21
0.0634833070866142
0
LINE
8
BLACK
6
CONTINUOUS
10
-0.1419948031496063
20
0.0634833070866142
11
-0.1607424409448819
21
0.0634833070866142
0
LINE
8
BLACK
6
CONTINUOUS
10
-0.1607424409448819
20
0.0634833070866142
11
-0.1614957480314961
21
0.0636331496062992
0
LINE
8
BLACK
6
CONTINUOUS
10
-0.1614957480314961
20
0.0636331496062992
11
-0.1625611023622047
21
0.0646985039370079
0
LINE
8
BLACK
6
CONTINUOUS
10
-0.1625611023622047
20
0.0646985039370079
11
-0.1625611023622047
21
0.0662051181102362
0
LINE
8
BLACK
6
CONTINUOUS
10
-0.1625611023622047
20
0.0662051181102362
11
-0.1614957480314961
21
0.0672704724409449
0
LINE
8
BLACK
6
CONTINUOUS
10
-0.1614957480314961
20
0.0672704724409449
11
-0.1607424409448819
21
0.0674203149606299
0
LINE
8
BLACK
6
CONTINUOUS
10
-0.1607424409448819
20
0.0674203149606299
11
-0.1439633070866142
21
0.0674203149606299
0
LINE
8
BLACK
6
CONTINUOUS
10
-0.1439633070866142
20
0.0674203149606299
11
-0.1439633070866142
21
0.0822309448818898
0
LINE
8
BLACK
6
CONTINUOUS
10
-0.1439633070866142
20
0.0822309448818898
11
-0.1551181496062992
21
0.0822309448818898
0
LINE
8
BLACK
6
CONTINUOUS
10
-0.1551181496062992
20
0.0822309448818898
11
-0.1558714566929134
21
0.0823807874015748
0
LINE
8
BLACK
6
CONTINUOUS
10
-0.1558714566929134
20
0.0823807874015748
11
-0.156936811023622
21
0.0834461417322835
0
LINE
8
BLACK
6
CONTINUOUS
10
-0.156936811023622
20
0.0834461417322835
11
-0.156936811023622
21
0.0849527559055118
0
LINE
8
BLACK
6
CONTINUOUS
10
-0.156936811023622
20
0.0849527559055118
11
-0.1558714566929134
21
0.0860181102362205
0
LINE
8
BLACK
6
CONTINUOUS
10
-0.1558714566929134
20
0.0860181102362205
11
-0.1551181496062992
21
0.0861679527559055
0
LINE
8
BLACK
6
CONTINUOUS
10
-0.1551181496062992
20
0.0861679527559055
11
-0.1439633070866142
21
0.0861679527559055
0
LINE
8
BLACK
6
CONTINUOUS
10
-0.1439633070866142
20
0.0861679527559055
11
-0.1439633070866142
21
0.1028533858267717
0
LINE
8
BLACK
6
CONTINUOUS
10
-0.1439633070866142
20
0.1028533858267717
11
-0.1607424409448819
21
0.1028533858267717
0
LINE
8
BLACK
6
CONTINUOUS
10
-0.1607424409448819
20
0.1028533858267717
11
-0.1614957480314961
21
0.1030032283464567
0
LINE
8
BLACK
6
CONTINUOUS
10
-0.1614957480314961
20
0.1030032283464567
11
-0.1625611023622047
21
0.1040685826771654
0
LINE
8
BLACK
6
CONTINUOUS
10
-0.1625611023622047
20
0.1040685826771654
11
-0.1625611023622047
21
0.1055751968503937
0
LINE
8
BLACK
6
CONTINUOUS
10
-0.1625611023622047
20
0.1055751968503937
11
-0.1614957480314961
21
0.1066405511811024
0
LINE
8
BLACK
6
CONTINUOUS
10
-0.1614957480314961
20
0.1066405511811024
11
-0.1607424409448819
21
0.1067903937007874
0
LINE
8
BLACK
6
CONTINUOUS
10
-0.1607424409448819
20
0.1067903937007874
11
-0.1419948031496063
21
0.1067903937007874
0
LINE
8
BLACK
6
CONTINUOUS
10
-0.1419948031496063
20
0.1067903937007874
11
-0.1412414960629921
21
0.1066405511811024
0
LINE
8
BLACK
6
CONTINUOUS
10
-0.0762812992125984
20
0.1067711811023622
11
-0.0762384251968504
21
0.1067854330708661
0
LINE
8
BLACK
6
CONTINUOUS
10
-0.0762384251968504
20
0.1067854330708661
11
-0.0759342125984252
21
0.106702125984252
0
LINE
8
BLACK
6
CONTINUOUS
10
-0.0759342125984252
20
0.106702125984252
11
-0.0756246850393701
21
0.1066405511811024
0
LINE
8
BLACK
6
CONTINUOUS
10
-0.0756246850393701
20
0.1066405511811024
11
-0.0755927559055118
21
0.1066086220472441
0
LINE
8
BLACK
6
CONTINUOUS
10
-0.0755927559055118
20
0.1066086220472441
11
-0.0754976377952756
21
0.1065825590551181
0
LINE
8
BLACK
6
CONTINUOUS
10
-0.0754976377952756
20
0.1065825590551181
11
-0.0717481102362205
21
0.1047077559055118
0
LINE
8
BLACK
6
CONTINUOUS
10
-0.0717481102362205
20
0.1047077559055118
11
-0.0714987401574803
21
0.1045142519685039
0
LINE
8
BLACK
6
CONTINUOUS
10
-0.0714987401574803
20
0.1045142519685039
11
-0.0712365354330709
21
0.1043390157480315
0
LINE
8
BLACK
6
CONTINUOUS
10
-0.0712365354330709
20
0.1043390157480315
11
-0.0674870078740158
21
0.1005894881889764
0
LINE
8
BLACK
6
CONTINUOUS
10
-0.0674870078740158
20
0.1005894881889764
11
-0.0673685826771653
21
0.1004122440944882
0
LINE
8
BLACK
6
CONTINUOUS
10
-0.0673685826771653
20
0.1004122440944882
11
-0.0672972834645669
21
0.1003694488188976
0
LINE
8
BLACK
6
CONTINUOUS
10
-0.0672972834645669
20
0.1003694488188976
11
-0.0671942913385827
21
0.1001514173228346
0
LINE
8
BLACK
6
CONTINUOUS
10
-0.0671942913385827
20
0.1001514173228346
11
-0.0670602755905512
21
0.0999508661417323
0
LINE
8
BLACK
6
CONTINUOUS
10
-0.0670602755905512
20
0.0999508661417323
11
-0.0670602755905512
21
0.0998677952755905
0
LINE
8
BLACK
6
CONTINUOUS
10
-0.0670602755905512
20
0.0998677952755905
11
-0.0669692125984252
21
0.099675
0
LINE
8
BLACK
6
CONTINUOUS
10
-0.0669692125984252
20
0.099675
11
-0.0650944488188976
21
0.0921759448818898
0
LINE
8
BLACK
6
CONTINUOUS
10
-0.0650944488188976
20
0.0921759448818898
11
-0.0650827559055118
21
0.0919351181102362
0
LINE
8
BLACK
6
CONTINUOUS
10
-0.0650827559055118
20
0.0919351181102362
11
-0.0650356692913386
21
0.0916985039370079
0
LINE
8
BLACK
6
CONTINUOUS
10
-0.0650356692913386
20
0.0916985039370079
11
-0.0650356692913386
21
0.078575157480315
0
LINE
8
BLACK
6
CONTINUOUS
10
-0.0650356692913386
20
0.078575157480315
11
-0.0650827559055118
21
0.0783385826771654
0
LINE
8
BLACK
6
CONTINUOUS
10
-0.0650827559055118
20
0.0783385826771654
11
-0.0650944488188976
21
0.0780977165354331
0
LINE
8
BLACK
6
CONTINUOUS
10
-0.0650944488188976
20
0.0780977165354331
11
-0.0669692125984252
21
0.0705986614173228
0
LINE
8
BLACK
6
CONTINUOUS
10
-0.0669692125984252
20
0.0705986614173228
11
-0.0670602755905512
21
0.070405905511811
0
LINE
8
BLACK
6
CONTINUOUS
10
-0.0670602755905512
20
0.070405905511811
11
-0.0670602755905512
21
0.0703227952755905
0
LINE
8
BLACK
6
CONTINUOUS
10
-0.0670602755905512
20
0.0703227952755905
11
-0.0671942913385827
21
0.0701222834645669
0
LINE
8
BLACK
6
CONTINUOUS
10
-0.0671942913385827
20
0.0701222834645669
11
-0.0672972834645669
21
0.0699042125984252
0
LINE
8
BLACK
6
CONTINUOUS
10
-0.0672972834645669
20
0.0699042125984252
11
-0.0673685826771653
21
0.0698614566929134
0
LINE
8
BLACK
6
CONTINUOUS
10
-0.0673685826771653
20
0.0698614566929134
11
-0.0674870078740158
21
0.0696841732283465
0
LINE
8
BLACK
6
CONTINUOUS
10
-0.0674870078740158
20
0.0696841732283465
11
-0.0712365354330709
21
0.0659346456692913
0
LINE
8
BLACK
6
CONTINUOUS
10
-0.0712365354330709
20
0.0659346456692913
11
-0.0714988188976378
21
0.0657594094488189
0
LINE
8
BLACK
6
CONTINUOUS
10
-0.0714988188976378
20
0.0657594094488189
11
-0.0717481496062992
21
0.0655658661417323
0
LINE
8
BLACK
6
CONTINUOUS
10
-0.0717481496062992
20
0.0655658661417323
11
-0.0754976377952756
21
0.0636911417322835
0
LINE
8
BLACK
6
CONTINUOUS
10
-0.0754976377952756
20
0.0636911417322835
11
-0.0755927559055118
21
0.0636651181102362
0
LINE
8
BLACK
6
CONTINUOUS
10
-0.0755927559055118
20
0.0636651181102362
11
-0.0756246850393701
21
0.0636331496062992
0
LINE
8
BLACK
6
CONTINUOUS
10
-0.0756246850393701
20
0.0636331496062992
11
-0.0759342125984252
21
0.0635716141732283
0
LINE
8
BLACK
6
CONTINUOUS
10
-0.0759342125984252
20
0.0635716141732283
11
-0.0762384251968504
21
0.0634882677165354
0
LINE
8
BLACK
6
CONTINUOUS
10
-0.0762384251968504
20
0.0634882677165354
11
-0.0762812992125984
21
0.0635025590551181
0
LINE
8
BLACK
6
CONTINUOUS
10
-0.0762812992125984
20
0.0635025590551181
11
-0.0763779921259843
21
0.0634833070866142
0
LINE
8
BLACK
6
CONTINUOUS
10
-0.0763779921259843
20
0.0634833070866142
11
-0.0838770472440945
21
0.0634833070866142
0
LINE
8
BLACK
6
CONTINUOUS
10
-0.0838770472440945
20
0.0634833070866142
11
-0.0839737795275591
21
0.0635025590551181
0
LINE
8
BLACK
6
CONTINUOUS
10
-0.0839737795275591
20
0.0635025590551181
11
-0.0840166141732283
21
0.0634882677165354
0
LINE
8
BLACK
6
CONTINUOUS
10
-0.0840166141732283
20
0.0634882677165354
11
-0.0843208661417323
21
0.0635716141732283
0
LINE
8
BLACK
6
CONTINUOUS
10
-0.0843208661417323
20
0.0635716141732283
11
-0.0846303543307087
21
0.0636331496062992
0
LINE
8
BLACK
6
CONTINUOUS
10
-0.0846303543307087
20
0.0636331496062992
11
-0.0846623228346457
21
0.0636651181102362
0
LINE
8
BLACK
6
CONTINUOUS
10
-0.0846623228346457
20
0.0636651181102362
11
-0.0847574015748031
21
0.0636911417322835
0
LINE
8
BLACK
6
CONTINUOUS
10
-0.0847574015748031
20
0.0636911417322835
11
-0.0885069291338583
21
0.065565905511811
0
LINE
8
BLACK
6
CONTINUOUS
10
-0.0885069291338583
20
0.065565905511811
11
-0.0887563385826772
21
0.0657594488188976
0
LINE
8
BLACK
6
CONTINUOUS
10
-0.0887563385826772
20
0.0657594488188976
11
-0.0890185039370079
21
0.0659346456692913
0
LINE
8
BLACK
6
CONTINUOUS
10
-0.0890185039370079
20
0.0659346456692913
11
-0.092768031496063
21
0.0696841732283465
0
LINE
8
BLACK
6
CONTINUOUS
10
-0.092768031496063
20
0.0696841732283465
11
-0.0928864960629921
21
0.0698614566929134
0
LINE
8
BLACK
6
CONTINUOUS
10
-0.0928864960629921
20
0.0698614566929134
11
-0.0929577559055118
21
0.0699042125984252
0
LINE
8
BLACK
6
CONTINUOUS
10
-0.0929577559055118
20
0.0699042125984252
11
-0.0930607874015748
21
0.0701222834645669
0
LINE
8
BLACK
6
CONTINUOUS
10
-0.0930607874015748
20
0.0701222834645669
11
-0.0931947637795276
21
0.0703227952755905
0
LINE
8
BLACK
6
CONTINUOUS
10
-0.0931947637795276
20
0.0703227952755905
11
-0.0931947637795276
21
0.070405905511811
0
LINE
8
BLACK
6
CONTINUOUS
10
-0.0931947637795276
20
0.070405905511811
11
-0.0932858267716535
21
0.0705986614173228
0
LINE
8
BLACK
6
CONTINUOUS
10
-0.0932858267716535
20
0.0705986614173228
11
-0.0951605905511811
21
0.0780977165354331
0
LINE
8
BLACK
6
CONTINUOUS
10
-0.0951605905511811
20
0.0780977165354331
11
-0.0951723228346457
21
0.0783385826771654
0
LINE
8
BLACK
6
CONTINUOUS
10
-0.0951723228346457
20
0.0783385826771654
11
-0.0952193700787402
21
0.078575157480315
0
LINE
8
BLACK
6
CONTINUOUS
10
-0.0952193700787402
20
0.078575157480315
11
-0.0952193700787402
21
0.0916985039370079
0
LINE
8
BLACK
6
CONTINUOUS
10
-0.0952193700787402
20
0.0916985039370079
11
-0.0951723228346457
21
0.0919351181102362
0
LINE
8
BLACK
6
CONTINUOUS
10
-0.0951723228346457
20
0.0919351181102362
11
-0.0951605905511811
21
0.0921759448818898
0
LINE
8
BLACK
6
CONTINUOUS
10
-0.0951605905511811
20
0.0921759448818898
11
-0.0932858267716535
21
0.099675
0
LINE
8
BLACK
6
CONTINUOUS
10
-0.0932858267716535
20
0.099675
11
-0.0931947637795276
21
0.0998677952755905
0
LINE
8
BLACK
6
CONTINUOUS
10
-0.0931947637795276
20
0.0998677952755905
11
-0.0931947637795276
21
0.0999508661417323
0
LINE
8
BLACK
6
CONTINUOUS
10
-0.0931947637795276
20
0.0999508661417323
11
-0.0930607874015748
21
0.1001514173228346
0
LINE
8
BLACK
6
CONTINUOUS
10
-0.0930607874015748
20
0.1001514173228346
11
-0.0929577559055118
21
0.1003694488188976
0
LINE
8
BLACK
6
CONTINUOUS
10
-0.0929577559055118
20
0.1003694488188976
11
-0.0928864960629921
21
0.1004122440944882
0
LINE
8
BLACK
6
CONTINUOUS
10
-0.0928864960629921
20
0.1004122440944882
11
-0.092768031496063
21
0.1005894881889764
0
LINE
8
BLACK
6
CONTINUOUS
10
-0.092768031496063
20
0.1005894881889764
11
-0.0890185039370079
21
0.1043390157480315
0
LINE
8
BLACK
6
CONTINUOUS
10
-0.0890185039370079
20
0.1043390157480315
11
-0.0887563385826772
21
0.1045142519685039
0
LINE
8
BLACK
6
CONTINUOUS
10
-0.0887563385826772
20
0.1045142519685039
11
-0.0885069291338583
21
0.1047077559055118
0
LINE
8
BLACK
6
CONTINUOUS
10
-0.0885069291338583
20
0.1047077559055118
11
-0.0847574015748031
21
0.1065825590551181
0
LINE
8
BLACK
6
CONTINUOUS
10
-0.0847574015748031
20
0.1065825590551181
11
-0.0846623228346457
21
0.1066086220472441
0
LINE
8
BLACK
6
CONTINUOUS
10
-0.0846623228346457
20
0.1066086220472441
11
-0.0846303543307087
21
0.1066405511811024
0
LINE
8
BLACK
6
CONTINUOUS
10
-0.0846303543307087
20
0.1066405511811024
11
-0.0843208661417323
21
0.106702125984252
0
LINE
8
BLACK
6
CONTINUOUS
10
-0.0843208661417323
20
0.106702125984252
11
-0.0840166141732283
21
0.1067854330708661
0
LINE
8
BLACK
6
CONTINUOUS
10
-0.0840166141732283
20
0.1067854330708661
11
-0.0839737795275591
21
0.1067711811023622
0
LINE
8
BLACK
6
CONTINUOUS
10
-0.0839737795275591
20
0.1067711811023622
11
-0.0838770472440945
21
0.1067903937007874
0
LINE
8
BLACK
6
CONTINUOUS
10
-0.0838770472440945
20
0.1067903937007874
11
-0.0763779921259843
21
0.1067903937007874
0
LINE
8
BLACK
6
CONTINUOUS
10
-0.0763779921259843
20
0.1067903937007874
11
-0.0762812992125984
21
0.1067711811023622
0
LINE
8
BLACK
6
CONTINUOUS
10
-0.0864605511811024
20
0.1013292913385827
11
-0.0895986220472441
21
0.0981912204724409
0
LINE
8
BLACK
6
CONTINUOUS
10
-0.0895986220472441
20
0.0981912204724409
11
-0.0912823622047244
21
0.0914561811023622
0
LINE
8
BLACK
6
CONTINUOUS
10
-0.0912823622047244
20
0.0914561811023622
11
-0.0912823622047244
21
0.0788174803149606
0
LINE
8
BLACK
6
CONTINUOUS
10
-0.0912823622047244
20
0.0788174803149606
11
-0.0895986220472441
21
0.0720824803149606
0
LINE
8
BLACK
6
CONTINUOUS
10
-0.0895986220472441
20
0.0720824803149606
11
-0.0864605905511811
21
0.0689444488188976
0
LINE
8
BLACK
6
CONTINUOUS
10
-0.0864605905511811
20
0.0689444488188976
11
-0.0834123228346457
21
0.0674203149606299
0
LINE
8
BLACK
6
CONTINUOUS
10
-0.0834123228346457
20
0.0674203149606299
11
-0.0768426771653543
21
0.0674203149606299
0
LINE
8
BLACK
6
CONTINUOUS
10
-0.0768426771653543
20
0.0674203149606299
11
-0.0737944881889764
21
0.0689444094488189
0
LINE
8
BLACK
6
CONTINUOUS
10
-0.0737944881889764
20
0.0689444094488189
11
-0.0706564566929134
21
0.0720824803149606
0
LINE
8
BLACK
6
CONTINUOUS
10
-0.0706564566929134
20
0.0720824803149606
11
-0.0689726771653543
21
0.0788174803149606
0
LINE
8
BLACK
6
CONTINUOUS
10
-0.0689726771653543
20
0.0788174803149606
11
-0.0689726771653543
21
0.0914561811023622
0
LINE
8
BLACK
6
CONTINUOUS
10
-0.0689726771653543
20
0.0914561811023622
11
-0.0706564566929134
21
0.0981912204724409
0
LINE
8
BLACK
6
CONTINUOUS
10
-0.0706564566929134
20
0.0981912204724409
11
-0.0737945275590551
21
0.1013292913385827
0
LINE
8
BLACK
6
CONTINUOUS
10
-0.0737945275590551
20
0.1013292913385827
11
-0.0768426771653543
21
0.1028533858267717
0
LINE
8
BLACK
6
CONTINUOUS
10
-0.0768426771653543
20
0.1028533858267717
11
-0.0834123622047244
21
0.1028533858267717
0
LINE
8
BLACK
6
CONTINUOUS
10
-0.0834123622047244
20
0.1028533858267717
11
-0.0864605511811024
21
0.1013292913385827
0
LINE
8
BLACK
6
CONTINUOUS
10
0.0268308267716535
20
0.1067711811023622
11
0.0268737007874016
21
0.1067854330708661
0
LINE
8
BLACK
6
CONTINUOUS
10
0.0268737007874016
20
0.1067854330708661
11
0.0271779133858268
21
0.106702125984252
0
LINE
8
BLACK
6
CONTINUOUS
10
0.0271779133858268
20
0.106702125984252
11
0.0274874409448819
21
0.1066405511811024
0
LINE
8
BLACK
6
CONTINUOUS
10
0.0274874409448819
20
0.1066405511811024
11
0.0275193700787402
21
0.1066086220472441
0
LINE
8
BLACK
6
CONTINUOUS
10
0.0275193700787402
20
0.1066086220472441
11
0.0276144881889764
21
0.1065825590551181
0
LINE
8
BLACK
6
CONTINUOUS
10
0.0276144881889764
20
0.1065825590551181
11
0.0313640157480315
21
0.1047077559055118
0
LINE
8
BLACK
6
CONTINUOUS
10
0.0313640157480315
20
0.1047077559055118
11
0.0316133858267717
21
0.1045142519685039
0
LINE
8
BLACK
6
CONTINUOUS
10
0.0316133858267717
20
0.1045142519685039
11
0.0318755905511811
21
0.1043390157480315
0
LINE
8
BLACK
6
CONTINUOUS
10
0.0318755905511811
20
0.1043390157480315
11
0.0337503543307087
21
0.1024642913385827
0
LINE
8
BLACK
6
CONTINUOUS
10
0.0337503543307087
20
0.1024642913385827
11
0.0341770866141732
21
0.1018256692913386
0
LINE
8
BLACK
6
CONTINUOUS
10
0.0341770866141732
20
0.1018256692913386
11
0.0341770866141732
21
0.1003190157480315
0
LINE
8
BLACK
6
CONTINUOUS
10
0.0341770866141732
20
0.1003190157480315
11
0.0331117322834646
21
0.0992536614173228
0
LINE
8
BLACK
6
CONTINUOUS
10
0.0331117322834646
20
0.0992536614173228
11
0.0316050787401575
21
0.0992536614173228
0
LINE
8
BLACK
6
CONTINUOUS
10
0.0316050787401575
20
0.0992536614173228
11
0.0309664566929134
21
0.0996803937007874
0
LINE
8
BLACK
6
CONTINUOUS
10
0.0309664566929134
20
0.0996803937007874
11
0.0293175984251969
21
0.1013292913385827
0
LINE
8
BLACK
6
CONTINUOUS
10
0.0293175984251969
20
0.1013292913385827
11
0.0262694488188976
21
0.1028533858267717
0
LINE
8
BLACK
6
CONTINUOUS
10
0.0262694488188976
20
0.1028533858267717
11
0.0159502362204724
21
0.1028533858267717
0
LINE
8
BLACK
6
CONTINUOUS
10
0.0159502362204724
20
0.1028533858267717
11
0.0129020866141732
21
0.1013293307086614
0
LINE
8
BLACK
6
CONTINUOUS
10
0.0129020866141732
20
0.1013293307086614
11
0.0114790551181102
21
0.0999062992125984
0
LINE
8
BLACK
6
CONTINUOUS
10
0.0114790551181102
20
0.0999062992125984
11
0.009955
21
0.0968581102362205
0
LINE
8
BLACK
6
CONTINUOUS
10
0.009955
20
0.0968581102362205
11
0.009955
21
0.0884136614173228
0
LINE
8
BLACK
6
CONTINUOUS
10
0.009955
20
0.0884136614173228
11
0.0114790551181102
21
0.0853655118110236
0
LINE
8
BLACK
6
CONTINUOUS
10
0.0114790551181102
20
0.0853655118110236
11
0.0129020866141732
21
0.0839425196850394
0
LINE
8
BLACK
6
CONTINUOUS
10
0.0129020866141732
20
0.0839425196850394
11
0.0159502755905512
21
0.0824184251968504
0
LINE
8
BLACK
6
CONTINUOUS
10
0.0159502755905512
20
0.0824184251968504
11
0.021109842519685
21
0.0824184251968504
0
LINE
8
BLACK
6
CONTINUOUS
10
0.021109842519685
20
0.0824184251968504
11
0.0216588976377953
21
0.0823092125984252
0
LINE
8
BLACK
6
CONTINUOUS
10
0.0216588976377953
20
0.0823092125984252
11
0.0217405118110236
21
0.0823146456692913
0
LINE
8
BLACK
6
CONTINUOUS
10
0.0217405118110236
20
0.0823146456692913
11
0.0217725590551181
21
0.0822866141732283
0
LINE
8
BLACK
6
CONTINUOUS
10
0.0217725590551181
20
0.0822866141732283
11
0.0218631496062992
21
0.0822685826771654
0
LINE
8
BLACK
6
CONTINUOUS
10
0.0218631496062992
20
0.0822685826771654
11
0.0223529133858268
21
0.0817788188976378
0
LINE
8
BLACK
6
CONTINUOUS
10
0.0223529133858268
20
0.0817788188976378
11
0.0228743700787402
21
0.0813225590551181
0
LINE
8
BLACK
6
CONTINUOUS
10
0.0228743700787402
20
0.0813225590551181
11
0.0228790157480315
21
0.0812527165354331
0
LINE
8
BLACK
6
CONTINUOUS
10
0.0228790157480315
20
0.0812527165354331
11
0.0229285039370079
21
0.0812032283464567
0
LINE
8
BLACK
6
CONTINUOUS
10
0.0229285039370079
20
0.0812032283464567
11
0.0229285039370079
21
0.0805103937007874
0
LINE
8
BLACK
6
CONTINUOUS
10
0.0229285039370079
20
0.0805103937007874
11
0.0229745669291339
21
0.0798192519685039
0
LINE
8
BLACK
6
CONTINUOUS
10
0.0229745669291339
20
0.0798192519685039
11
0.0229285039370079
21
0.0797392913385827
0
LINE
8
BLACK
6
CONTINUOUS
10
0.0229285039370079
20
0.0797392913385827
11
0.0229285039370079
21
0.0796966141732283
0
LINE
8
BLACK
6
CONTINUOUS
10
0.0229285039370079
20
0.0796966141732283
11
0.0228705905511811
21
0.0796387401574803
0
LINE
8
BLACK
6
CONTINUOUS
10
0.0228705905511811
20
0.0796387401574803
11
0.0225912992125984
21
0.0791536614173228
0
LINE
8
BLACK
6
CONTINUOUS
10
0.0225912992125984
20
0.0791536614173228
11
0.0123246062992126
21
0.0674203149606299
0
LINE
8
BLACK
6
CONTINUOUS
10
0.0123246062992126
20
0.0674203149606299
11
0.0323584251968504
21
0.0674203149606299
0
LINE
8
BLACK
6
CONTINUOUS
10
0.0323584251968504
20
0.0674203149606299
11
0.0331117322834646
21
0.0672704724409449
0
LINE
8
BLACK
6
CONTINUOUS
10
0.0331117322834646
20
0.0672704724409449
11
0.0341770866141732
21
0.0662051181102362
0
LINE
8
BLACK
6
CONTINUOUS
10
0.0341770866141732
20
0.0662051181102362
11
0.0341770866141732
21
0.0646985039370079
0
LINE
8
BLACK
6
CONTINUOUS
10
0.0341770866141732
20
0.0646985039370079
11
0.0331117322834646
21
0.0636331496062992
0
LINE
8
BLACK
6
CONTINUOUS
10
0.0331117322834646
20
0.0636331496062992
11
0.0323584251968504
21
0.0634833070866142
0
LINE
8
BLACK
6
CONTINUOUS
10
0.0323584251968504
20
0.0634833070866142
11
0.0079864960629921
21
0.0634833070866142
0
LINE
8
BLACK
6
CONTINUOUS
10
0.0079864960629921
20
0.0634833070866142
11
0.0074374015748031
21
0.0635925590551181
0
LINE
8
BLACK
6
CONTINUOUS
10
0.0074374015748031
20
0.0635925590551181
11
0.0073558267716535
21
0.0635870866141732
0
LINE
8
BLACK
6
CONTINUOUS
10
0.0073558267716535
20
0.0635870866141732
11
0.0073237401574803
21
0.063615157480315
0
LINE
8
BLACK
6
CONTINUOUS
10
0.0073237401574803
20
0.063615157480315
11
0.007233188976378
21
0.0636331496062992
0
LINE
8
BLACK
6
CONTINUOUS
10
0.007233188976378
20
0.0636331496062992
11
0.0067433858267717
21
0.0641229527559055
0
LINE
8
BLACK
6
CONTINUOUS
10
0.0067433858267717
20
0.0641229527559055
11
0.006221968503937
21
0.0645791732283465
0
LINE
8
BLACK
6
CONTINUOUS
10
0.006221968503937
20
0.0645791732283465
11
0.0062172834645669
21
0.0646490551181102
0
LINE
8
BLACK
6
CONTINUOUS
10
0.0062172834645669
20
0.0646490551181102
11
0.0061678346456693
21
0.0646985039370079
0
LINE
8
BLACK
6
CONTINUOUS
10
0.0061678346456693
20
0.0646985039370079
11
0.0061678346456693
21
0.0653913779527559
0
LINE
8
BLACK
6
CONTINUOUS
10
0.0061678346456693
20
0.0653913779527559
11
0.0061217716535433
21
0.0660824803149606
0
LINE
8
BLACK
6
CONTINUOUS
10
0.0061217716535433
20
0.0660824803149606
11
0.0061678346456693
21
0.0661624803149606
0
LINE
8
BLACK
6
CONTINUOUS
10
0.0061678346456693
20
0.0661624803149606
11
0.0061678346456693
21
0.0662051181102362
0
LINE
8
BLACK
6
CONTINUOUS
10
0.0061678346456693
20
0.0662051181102362
11
0.0062257086614173
21
0.066263031496063
0
LINE
8
BLACK
6
CONTINUOUS
10
0.0062257086614173
20
0.066263031496063
11
0.0065050393700787
21
0.0667480708661417
0
LINE
8
BLACK
6
CONTINUOUS
10
0.0065050393700787
20
0.0667480708661417
11
0.0167717322834646
21
0.0784814173228346
0
LINE
8
BLACK
6
CONTINUOUS
10
0.0167717322834646
20
0.0784814173228346
11
0.0154855511811024
21
0.0784814173228346
0
LINE
8
BLACK
6
CONTINUOUS
10
0.0154855511811024
20
0.0784814173228346
11
0.0153888188976378
21
0.0785006692913386
0
LINE
8
BLACK
6
CONTINUOUS
10
0.0153888188976378
20
0.0785006692913386
11
0.0153459842519685
21
0.0784863779527559
0
LINE
8
BLACK
6
CONTINUOUS
10
0.0153459842519685
20
0.0784863779527559
11
0.0150417322834646
21
0.0785697244094488
0
LINE
8
BLACK
6
CONTINUOUS
10
0.0150417322834646
20
0.0785697244094488
11
0.0147322440944882
21
0.0786312598425197
0
LINE
8
BLACK
6
CONTINUOUS
10
0.0147322440944882
20
0.0786312598425197
11
0.0147002755905512
21
0.0786632283464567
0
LINE
8
BLACK
6
CONTINUOUS
10
0.0147002755905512
20
0.0786632283464567
11
0.0146051968503937
21
0.0786892519685039
0
LINE
8
BLACK
6
CONTINUOUS
10
0.0146051968503937
20
0.0786892519685039
11
0.0108556692913386
21
0.0805640157480315
0
LINE
8
BLACK
6
CONTINUOUS
10
0.0108556692913386
20
0.0805640157480315
11
0.0106064960629921
21
0.0807574015748031
0
LINE
8
BLACK
6
CONTINUOUS
10
0.0106064960629921
20
0.0807574015748031
11
0.0103440551181102
21
0.0809327559055118
0
LINE
8
BLACK
6
CONTINUOUS
10
0.0103440551181102
20
0.0809327559055118
11
0.0084693307086614
21
0.0828075196850394
0
LINE
8
BLACK
6
CONTINUOUS
10
0.0084693307086614
20
0.0828075196850394
11
0.0082940551181102
21
0.0830698031496063
0
LINE
8
BLACK
6
CONTINUOUS
10
0.0082940551181102
20
0.0830698031496063
11
0.0081005511811024
21
0.0833191338582677
0
LINE
8
BLACK
6
CONTINUOUS
10
0.0081005511811024
20
0.0833191338582677
11
0.0062258267716535
21
0.0870686220472441
0
LINE
8
BLACK
6
CONTINUOUS
10
0.0062258267716535
20
0.0870686220472441
11
0.0061997637795276
21
0.0871637401574803
0
LINE
8
BLACK
6
CONTINUOUS
10
0.0061997637795276
20
0.0871637401574803
11
0.0061678346456693
21
0.0871956692913386
0
LINE
8
BLACK
6
CONTINUOUS
10
0.0061678346456693
20
0.0871956692913386
11
0.0061062598425197
21
0.0875051968503937
0
LINE
8
BLACK
6
CONTINUOUS
10
0.0061062598425197
20
0.0875051968503937
11
0.0060229527559055
21
0.0878094094488189
0
LINE
8
BLACK
6
CONTINUOUS
10
0.0060229527559055
20
0.0878094094488189
11
0.0060372047244094
21
0.0878522834645669
0
LINE
8
BLACK
6
CONTINUOUS
10
0.0060372047244094
20
0.0878522834645669
11
0.0060179921259843
21
0.0879489763779528
0
LINE
8
BLACK
6
CONTINUOUS
10
0.0060179921259843
20
0.0879489763779528
11
0.0060179921259843
21
0.0973227952755906
0
LINE
8
BLACK
6
CONTINUOUS
10
0.0060179921259843
20
0.0973227952755906
11
0.0060372047244094
21
0.0974195275590551
0
LINE
8
BLACK
6
CONTINUOUS
10
0.0060372047244094
20
0.0974195275590551
11
0.0060229527559055
21
0.0974623622047244
0
LINE
8
BLACK
6
CONTINUOUS
10
0.0060229527559055
20
0.0974623622047244
11
0.0061062598425197
21
0.0977666141732284
0
LINE
8
BLACK
6
CONTINUOUS
10
0.0061062598425197
20
0.0977666141732284
11
0.0061678346456693
21
0.0980761023622047
0
LINE
8
BLACK
6
CONTINUOUS
10
0.0061678346456693
20
0.0980761023622047
11
0.0061997637795276
21
0.0981080708661417
0
LINE
8
BLACK
6
CONTINUOUS
10
0.0061997637795276
20
0.0981080708661417
11
0.0062258267716535
21
0.0982031496062992
0
LINE
8
BLACK
6
CONTINUOUS
10
0.0062258267716535
20
0.0982031496062992
11
0.0081005511811024
21
0.1019526377952756
0
LINE
8
BLACK
6
CONTINUOUS
10
0.0081005511811024
20
0.1019526377952756
11
0.0082940551181102
21
0.1022020078740157
0
LINE
8
BLACK
6
CONTINUOUS
10
0.0082940551181102
20
0.1022020078740157
11
0.0084693307086614
21
0.1024642519685039
0
LINE
8
BLACK
6
CONTINUOUS
10
0.0084693307086614
20
0.1024642519685039
11
0.0103440551181102
21
0.1043390157480315
0
LINE
8
BLACK
6
CONTINUOUS
10
0.0103440551181102
20
0.1043390157480315
11
0.0106064960629921
21
0.1045144094488189
0
LINE
8
BLACK
6
CONTINUOUS
10
0.0106064960629921
20
0.1045144094488189
11
0.0108556692913386
21
0.1047077559055118
0
LINE
8
BLACK
6
CONTINUOUS
10
0.0108556692913386
20
0.1047077559055118
11
0.0146051968503937
21
0.1065825590551181
0
LINE
8
BLACK
6
CONTINUOUS
10
0.0146051968503937
20
0.1065825590551181
11
0.0147002755905512
21
0.1066086220472441
0
LINE
8
BLACK
6
CONTINUOUS
10
0.0147002755905512
20
0.1066086220472441
11
0.0147322440944882
21
0.1066405511811024
0
LINE
8
BLACK
6
CONTINUOUS
10
0.0147322440944882
20
0.1066405511811024
11
0.0150417322834646
21
0.106702125984252
0
LINE
8
BLACK
6
CONTINUOUS
10
0.0150417322834646
20
0.106702125984252
11
0.0153459842519685
21
0.1067854330708661
0
LINE
8
BLACK
6
CONTINUOUS
10
0.0153459842519685
20
0.1067854330708661
11
0.0153888188976378
21
0.1067711811023622
0
LINE
8
BLACK
6
CONTINUOUS
10
0.0153888188976378
20
0.1067711811023622
11
0.0154855511811024
21
0.1067903937007874
0
LINE
8
BLACK
6
CONTINUOUS
10
0.0154855511811024
20
0.1067903937007874
11
0.0267341338582677
21
0.1067903937007874
0
LINE
8
BLACK
6
CONTINUOUS
10
0.0267341338582677
20
0.1067903937007874
11
0.0268308267716535
21
0.1067711811023622
0
LINE
8
BLACK
6
CONTINUOUS
10
0.0874799212598425
20
0.1066405511811024
11
0.0885452755905512
21
0.1055751968503937
0
LINE
8
BLACK
6
CONTINUOUS
10
0.0885452755905512
20
0.1055751968503937
11
0.0885452755905512
21
0.1040685826771654
0
LINE
8
BLACK
6
CONTINUOUS
10
0.0885452755905512
20
0.1040685826771654
11
0.0874799212598425
21
0.1030032283464567
0
LINE
8
BLACK
6
CONTINUOUS
10
0.0874799212598425
20
0.1030032283464567
11
0.0867266141732283
21
0.1028533858267717
0
LINE
8
BLACK
6
CONTINUOUS
10
0.0867266141732283
20
0.1028533858267717
11
0.0774465354330709
21
0.1028533858267717
0
LINE
8
BLACK
6
CONTINUOUS
10
0.0774465354330709
20
0.1028533858267717
11
0.0774465354330709
21
0.0719533464566929
0
LINE
8
BLACK
6
CONTINUOUS
10
0.0774465354330709
20
0.0719533464566929
11
0.0775896850393701
21
0.072168031496063
0
LINE
8
BLACK
6
CONTINUOUS
10
0.0775896850393701
20
0.072168031496063
11
0.0777273228346457
21
0.0723060236220472
0
LINE
8
BLACK
6
CONTINUOUS
10
0.0777273228346457
20
0.0723060236220472
11
0.0778356299212598
21
0.072468031496063
0
LINE
8
BLACK
6
CONTINUOUS
10
0.0778356299212598
20
0.072468031496063
11
0.081585157480315
21
0.0762175590551181
0
LINE
8
BLACK
6
CONTINUOUS
10
0.081585157480315
20
0.0762175590551181
11
0.0818473228346457
21
0.0763927952755905
0
LINE
8
BLACK
6
CONTINUOUS
10
0.0818473228346457
20
0.0763927952755905
11
0.0820967322834646
21
0.0765862992125984
0
LINE
8
BLACK
6
CONTINUOUS
10
0.0820967322834646
20
0.0765862992125984
11
0.0858462598425197
21
0.078461062992126
0
LINE
8
BLACK
6
CONTINUOUS
10
0.0858462598425197
20
0.078461062992126
11
0.0865870472440945
21
0.078663937007874
0
LINE
8
BLACK
6
CONTINUOUS
10
0.0865870472440945
20
0.078663937007874
11
0.0880163779527559
21
0.0781874803149606
0
LINE
8
BLACK
6
CONTINUOUS
10
0.0880163779527559
20
0.0781874803149606
11
0.088690157480315
21
0.0768399212598425
0
LINE
8
BLACK
6
CONTINUOUS
10
0.088690157480315
20
0.0768399212598425
11
0.0882137007874016
21
0.0754106299212598
0
LINE
8
BLACK
6
CONTINUOUS
10
0.0882137007874016
20
0.0754106299212598
11
0.0876069291338583
21
0.0749396850393701
0
LINE
8
BLACK
6
CONTINUOUS
10
0.0876069291338583
20
0.0749396850393701
11
0.0841430708661417
21
0.0732077952755906
0
LINE
8
BLACK
6
CONTINUOUS
10
0.0841430708661417
20
0.0732077952755906
11
0.0807574409448819
21
0.069822125984252
0
LINE
8
BLACK
6
CONTINUOUS
10
0.0807574409448819
20
0.069822125984252
11
0.0771159448818898
21
0.0643598818897638
0
LINE
8
BLACK
6
CONTINUOUS
10
0.0771159448818898
20
0.0643598818897638
11
0.0765733858267716
21
0.0638162204724409
0
LINE
8
BLACK
6
CONTINUOUS
10
0.0765733858267716
20
0.0638162204724409
11
0.0763746456692913
21
0.0637764960629921
0
LINE
8
BLACK
6
CONTINUOUS
10
0.0763746456692913
20
0.0637764960629921
11
0.0762313385826772
21
0.0636331496062992
0
LINE
8
BLACK
6
CONTINUOUS
10
0.0762313385826772
20
0.0636331496062992
11
0.075658031496063
21
0.0636331496062992
0
LINE
8
BLACK
6
CONTINUOUS
10
0.075658031496063
20
0.0636331496062992
11
0.0750960236220472
21
0.0635207480314961
0
LINE
8
BLACK
6
CONTINUOUS
10
0.0750960236220472
20
0.0635207480314961
11
0.0749274015748032
21
0.0636331496062992
0
LINE
8
BLACK
6
CONTINUOUS
10
0.0749274015748032
20
0.0636331496062992
11
0.0747247244094488
21
0.0636331496062992
0
LINE
8
BLACK
6
CONTINUOUS
10
0.0747247244094488
20
0.0636331496062992
11
0.0743193307086614
21
0.0640385433070866
0
LINE
8
BLACK
6
CONTINUOUS
10
0.0743193307086614
20
0.0640385433070866
11
0.0738424409448819
21
0.0643564566929134
0
LINE
8
BLACK
6
CONTINUOUS
10
0.0738424409448819
20
0.0643564566929134
11
0.0738026771653543
21
0.0645551968503937
0
LINE
8
BLACK
6
CONTINUOUS
10
0.0738026771653543
20
0.0645551968503937
11
0.0736593700787402
21
0.0646985039370079
0
LINE
8
BLACK
6
CONTINUOUS
10
0.0736593700787402
20
0.0646985039370079
11
0.0735095275590551
21
0.065451811023622
0
LINE
8
BLACK
6
CONTINUOUS
10
0.0735095275590551
20
0.065451811023622
11
0.0735095275590551
21
0.1028533858267717
0
LINE
8
BLACK
6
CONTINUOUS
10
0.0735095275590551
20
0.1028533858267717
11
0.0642294488188976
21
0.1028533858267717
0
LINE
8
BLACK
6
CONTINUOUS
10
0.0642294488188976
20
0.1028533858267717
11
0.0634761417322835
21
0.1030032283464567
0
LINE
8
BLACK
6
CONTINUOUS
10
0.0634761417322835
20
0.1030032283464567
11
0.0624107874015748
21
0.1040685826771654
0
LINE
8
BLACK
6
CONTINUOUS
10
0.0624107874015748
20
0.1040685826771654
11
0.0624107874015748
21
0.1055751968503937
0
LINE
8
BLACK
6
CONTINUOUS
10
0.0624107874015748
20
0.1055751968503937
11
0.0634761417322835
21
0.1066405511811024
0
LINE
8
BLACK
6
CONTINUOUS
10
0.0634761417322835
20
0.1066405511811024
11
0.0642294488188976
21
0.1067903937007874
0
LINE
8
BLACK
6
CONTINUOUS
10
0.0642294488188976
20
0.1067903937007874
11
0.0867266141732283
21
0.1067903937007874
0
LINE
8
BLACK
6
CONTINUOUS
10
0.0867266141732283
20
0.1067903937007874
11
0.0874799212598425
21
0.1066405511811024
0
LINE
8
BLACK
6
CONTINUOUS
10
-0.1093704724409449
20
0.1066405511811024
11
-0.1083051181102362
21
0.1055751968503937
0
LINE
8
BLACK
6
CONTINUOUS
10
-0.1083051181102362
20
0.1055751968503937
11
-0.1081552755905512
21
0.1048218897637795
0
LINE
8
BLACK
6
CONTINUOUS
10
-0.1081552755905512
20
0.1048218897637795
11
-0.1081552755905512
21
0.065451811023622
0
LINE
8
BLACK
6
CONTINUOUS
10
-0.1081552755905512
20
0.065451811023622
11
-0.1083051181102362
21
0.0646985039370079
0
LINE
8
BLACK
6
CONTINUOUS
10
-0.1083051181102362
20
0.0646985039370079
11
-0.1093704724409449
21
0.0636331496062992
0
LINE
8
BLACK
6
CONTINUOUS
10
-0.1093704724409449
20
0.0636331496062992
11
-0.1108770866141732
21
0.0636331496062992
0
LINE
8
BLACK
6
CONTINUOUS
10
-0.1108770866141732
20
0.0636331496062992
11
-0.1119424409448819
21
0.0646985039370079
0
LINE
8
BLACK
6
CONTINUOUS
10
-0.1119424409448819
20
0.0646985039370079
11
-0.1120922834645669
21
0.065451811023622
0
LINE
8
BLACK
6
CONTINUOUS
10
-0.1120922834645669
20
0.065451811023622
11
-0.1120922834645669
21
0.1028533858267717
0
LINE
8
BLACK
6
CONTINUOUS
10
-0.1120922834645669
20
0.1028533858267717
11
-0.1288714173228346
21
0.1028533858267717
0
LINE
8
BLACK
6
CONTINUOUS
10
-0.1288714173228346
20
0.1028533858267717
11
-0.1296247244094488
21
0.1030032283464567
0
LINE
8
BLACK
6
CONTINUOUS
10
-0.1296247244094488
20
0.1030032283464567
11
-0.1306900787401575
21
0.1040685826771654
0
LINE
8
BLACK
6
CONTINUOUS
10
-0.1306900787401575
20
0.1040685826771654
11
-0.1306900787401575
21
0.1055751968503937
0
LINE
8
BLACK
6
CONTINUOUS
10
-0.1306900787401575
20
0.1055751968503937
11
-0.1296247244094488
21
0.1066405511811024
0
LINE
8
BLACK
6
CONTINUOUS
10
-0.1296247244094488
20
0.1066405511811024
11
-0.1288714173228346
21
0.1067903937007874
0
LINE
8
BLACK
6
CONTINUOUS
10
-0.1288714173228346
20
0.1067903937007874
11
-0.1101237795275591
21
0.1067903937007874
0
LINE
8
BLACK
6
CONTINUOUS
10
-0.1101237795275591
20
0.1067903937007874
11
-0.1093704724409449
21
0.1066405511811024
0
LINE
8
BLACK
6
CONTINUOUS
10
-0.0201911023622047
20
0.0737041732283465
11
-0.0200412598425197
21
0.0729508661417323
0
LINE
8
BLACK
6
CONTINUOUS
10
-0.0200412598425197
20
0.0729508661417323
11
-0.0200412598425197
21
0.065451811023622
0
LINE
8
BLACK
6
CONTINUOUS
10
-0.0200412598425197
20
0.065451811023622
11
-0.0201911023622047
21
0.0646985039370079
0
LINE
8
BLACK
6
CONTINUOUS
10
-0.0201911023622047
20
0.0646985039370079
11
-0.0212564566929134
21
0.0636331496062992
0
LINE
8
BLACK
6
CONTINUOUS
10
-0.0212564566929134
20
0.0636331496062992
11
-0.0227630708661417
21
0.0636331496062992
0
LINE
8
BLACK
6
CONTINUOUS
10
-0.0227630708661417
20
0.0636331496062992
11
-0.0238284251968504
21
0.0646985039370079
0
LINE
8
BLACK
6
CONTINUOUS
10
-0.0238284251968504
20
0.0646985039370079
11
-0.0239782677165354
21
0.065451811023622
0
LINE
8
BLACK
6
CONTINUOUS
10
-0.0239782677165354
20
0.065451811023622
11
-0.0239782677165354
21
0.0729508661417323
0
LINE
8
BLACK
6
CONTINUOUS
10
-0.0239782677165354
20
0.0729508661417323
11
-0.0238284251968504
21
0.0737041732283465
0
LINE
8
BLACK
6
CONTINUOUS
10
-0.0238284251968504
20
0.0737041732283465
11
-0.0227630708661417
21
0.0747695275590551
0
LINE
8
BLACK
6
CONTINUOUS
10
-0.0227630708661417
20
0.0747695275590551
11
-0.0212564566929134
21
0.0747695275590551
0
LINE
8
BLACK
6
CONTINUOUS
10
-0.0212564566929134
20
0.0747695275590551
11
-0.0201911023622047
21
0.0737041732283465
0
LINE
8
BLACK
6
CONTINUOUS
10
-0.0051929921259843
20
0.0737041732283465
11
-0.0050431496062992
21
0.0729508661417323
0
LINE
8
BLACK
6
CONTINUOUS
10
-0.0050431496062992
20
0.0729508661417323
11
-0.0050431496062992
21
0.065451811023622
0
LINE
8
BLACK
6
CONTINUOUS
10
-0.0050431496062992
20
0.065451811023622
11
-0.0051929921259843
21
0.0646985039370079
0
LINE
8
BLACK
6
CONTINUOUS
10
-0.0051929921259843
20
0.0646985039370079
11
-0.0062583464566929
21
0.0636331496062992
0
LINE
8
BLACK
6
CONTINUOUS
10
-0.0062583464566929
20
0.0636331496062992
11
-0.0077649606299213
21
0.0636331496062992
0
LINE
8
BLACK
6
CONTINUOUS
10
-0.0077649606299213
20
0.0636331496062992
11
-0.0088303149606299
21
0.0646985039370079
0
LINE
8
BLACK
6
CONTINUOUS
10
-0.0088303149606299
20
0.0646985039370079
11
-0.008980157480315
21
0.065451811023622
0
LINE
8
BLACK
6
CONTINUOUS
10
-0.008980157480315
20
0.065451811023622
11
-0.008980157480315
21
0.0729508661417323
0
LINE
8
BLACK
6
CONTINUOUS
10
-0.008980157480315
20
0.0729508661417323
11
-0.0088303149606299
21
0.0737041732283465
0
LINE
8
BLACK
6
CONTINUOUS
10
-0.0088303149606299
20
0.0737041732283465
11
-0.0077649606299213
21
0.0747695275590551
0
LINE
8
BLACK
6
CONTINUOUS
10
-0.0077649606299213
20
0.0747695275590551
11
-0.0062583464566929
21
0.0747695275590551
0
LINE
8
BLACK
6
CONTINUOUS
10
-0.0062583464566929
20
0.0747695275590551
11
-0.0051929921259843
21
0.0737041732283465
0
LINE
8
BLACK
6
CONTINUOUS
10
0.0487485039370079
20
0.1062138188976378
11
0.0506232677165354
21
0.1043390157480315
0
LINE
8
BLACK
6
CONTINUOUS
10
0.0506232677165354
20
0.1043390157480315
11
0.0510499606299213
21
0.1037003937007874
0
LINE
8
BLACK
6
CONTINUOUS
10
0.0510499606299213
20
0.1037003937007874
11
0.0510499606299213
21
0.1021937401574803
0
LINE
8
BLACK
6
CONTINUOUS
10
0.0510499606299213
20
0.1021937401574803
11
0.0506232283464567
21
0.1015551181102362
0
LINE
8
BLACK
6
CONTINUOUS
10
0.0506232283464567
20
0.1015551181102362
11
0.0487484645669291
21
0.0996803937007874
0
LINE
8
BLACK
6
CONTINUOUS
10
0.0487484645669291
20
0.0996803937007874
11
0.048109842519685
21
0.0992536614173228
0
LINE
8
BLACK
6
CONTINUOUS
10
0.048109842519685
20
0.0992536614173228
11
0.0466032283464567
21
0.0992536614173228
0
LINE
8
BLACK
6
CONTINUOUS
10
0.0466032283464567
20
0.0992536614173228
11
0.046603188976378
21
0.0992536614173228
0
LINE
8
BLACK
6
CONTINUOUS
10
0.046603188976378
20
0.0992536614173228
11
0.0459645669291339
21
0.0996803937007874
0
LINE
8
BLACK
6
CONTINUOUS
10
0.0459645669291339
20
0.0996803937007874
11
0.044089842519685
21
0.101555157480315
0
LINE
8
BLACK
6
CONTINUOUS
10
0.044089842519685
20
0.101555157480315
11
0.0436631889763779
21
0.1021936614173228
0
LINE
8
BLACK
6
CONTINUOUS
10
0.0436631889763779
20
0.1021936614173228
11
0.0436631102362205
21
0.1021937401574803
0
LINE
8
BLACK
6
CONTINUOUS
10
0.0436631102362205
20
0.1021937401574803
11
0.0436631102362205
21
0.1037003937007874
0
LINE
8
BLACK
6
CONTINUOUS
10
0.0436631102362205
20
0.1037003937007874
11
0.0440898031496063
21
0.1043390157480315
0
LINE
8
BLACK
6
CONTINUOUS
10
0.0440898031496063
20
0.1043390157480315
11
0.0459645669291339
21
0.1062138188976378
0
LINE
8
BLACK
6
CONTINUOUS
10
0.0459645669291339
20
0.1062138188976378
11
0.046603188976378
21
0.1066405511811024
0
LINE
8
BLACK
6
CONTINUOUS
10
0.046603188976378
20
0.1066405511811024
11
0.048109842519685
21
0.1066405511811024
0
LINE
8
BLACK
6
CONTINUOUS
10
0.048109842519685
20
0.1066405511811024
11
0.0481098818897638
21
0.1066405511811024
0
LINE
8
BLACK
6
CONTINUOUS
10
0.0481098818897638
20
0.1066405511811024
11
0.0487485039370079
21
0.1062138188976378
0
LINE
8
BLACK
6
CONTINUOUS
10
-0.1682975984251968
20
0.1689588188976378
11
-0.1681477559055118
21
0.1682055118110236
0
LINE
8
BLACK
6
CONTINUOUS
10
-0.1681477559055118
20
0.1682055118110236
11
-0.1681477559055118
21
0.1570506299212598
0
LINE
8
BLACK
6
CONTINUOUS
10
-0.1681477559055118
20
0.1570506299212598
11
-0.1513686220472441
21
0.1570506299212598
0
LINE
8
BLACK
6
CONTINUOUS
10
-0.1513686220472441
20
0.1570506299212598
11
-0.1506153149606299
21
0.1569007874015748
0
LINE
8
BLACK
6
CONTINUOUS
10
-0.1506153149606299
20
0.1569007874015748
11
-0.1503862204724409
21
0.1566716929133858
0
LINE
8
BLACK
6
CONTINUOUS
10
-0.1503862204724409
20
0.1566716929133858
11
-0.1500788582677165
21
0.1565692125984252
0
LINE
8
BLACK
6
CONTINUOUS
10
-0.1500788582677165
20
0.1565692125984252
11
-0.1498739763779527
21
0.1561594488188976
0
LINE
8
BLACK
6
CONTINUOUS
10
-0.1498739763779527
20
0.1561594488188976
11
-0.1495499606299213
21
0.1558354330708661
0
LINE
8
BLACK
6
CONTINUOUS
10
-0.1495499606299213
20
0.1558354330708661
11
-0.1495499606299213
21
0.1555114173228346
0
LINE
8
BLACK
6
CONTINUOUS
10
-0.1495499606299213
20
0.1555114173228346
11
-0.1494050787401575
21
0.1552216535433071
0
LINE
8
BLACK
6
CONTINUOUS
10
-0.1494050787401575
20
0.1552216535433071
11
-0.1495011417322835
21
0.1544596062992126
0
LINE
8
BLACK
6
CONTINUOUS
10
-0.1495011417322835
20
0.1544596062992126
11
-0.1588749606299213
21
0.1263381496062992
0
LINE
8
BLACK
6
CONTINUOUS
10
-0.1588749606299213
20
0.1263381496062992
11
-0.1592553149606299
21
0.1256708661417323
0
LINE
8
BLACK
6
CONTINUOUS
10
-0.1592553149606299
20
0.1256708661417323
11
-0.1606029133858268
21
0.1249970866141732
0
LINE
8
BLACK
6
CONTINUOUS
10
-0.1606029133858268
20
0.1249970866141732
11
-0.1620322047244094
21
0.1254735039370079
0
LINE
8
BLACK
6
CONTINUOUS
10
-0.1620322047244094
20
0.1254735039370079
11
-0.1627059842519685
21
0.1268211023622047
0
LINE
8
BLACK
6
CONTINUOUS
10
-0.1627059842519685
20
0.1268211023622047
11
-0.1626099212598425
21
0.1275831102362205
0
LINE
8
BLACK
6
CONTINUOUS
10
-0.1626099212598425
20
0.1275831102362205
11
-0.1540997637795276
21
0.1531136220472441
0
LINE
8
BLACK
6
CONTINUOUS
10
-0.1540997637795276
20
0.1531136220472441
11
-0.1681477559055118
21
0.1531136220472441
0
LINE
8
BLACK
6
CONTINUOUS
10
-0.1681477559055118
20
0.1531136220472441
11
-0.1681477559055118
21
0.1419587795275591
0
LINE
8
BLACK
6
CONTINUOUS
10
-0.1681477559055118
20
0.1419587795275591
11
-0.1682975984251968
21
0.1412054724409449
0
LINE
8
BLACK
6
CONTINUOUS
10
-0.1682975984251968
20
0.1412054724409449
11
-0.1693629527559055
21
0.1401401181102362
0
LINE
8
BLACK
6
CONTINUOUS
10
-0.1693629527559055
20
0.1401401181102362
11
-0.1708695669291339
21
0.1401401181102362
0
LINE
8
BLACK
6
CONTINUOUS
10
-0.1708695669291339
20
0.1401401181102362
11
-0.1719349212598425
21
0.1412054724409449
0
LINE
8
BLACK
6
CONTINUOUS
10
-0.1719349212598425
20
0.1412054724409449
11
-0.1720847637795276
21
0.1419587795275591
0
LINE
8
BLACK
6
CONTINUOUS
10
-0.1720847637795276
20
0.1419587795275591
11
-0.1720847637795276
21
0.1531136220472441
0
LINE
8
BLACK
6
CONTINUOUS
10
-0.1720847637795276
20
0.1531136220472441
11
-0.1757405511811024
21
0.1531136220472441
0
LINE
8
BLACK
6
CONTINUOUS
10
-0.1757405511811024
20
0.1531136220472441
11
-0.1764938582677165
21
0.1532634645669291
0
LINE
8
BLACK
6
CONTINUOUS
10
-0.1764938582677165
20
0.1532634645669291
11
-0.1775592125984252
21
0.1543288188976378
0
LINE
8
BLACK
6
CONTINUOUS
10
-0.1775592125984252
20
0.1543288188976378
11
-0.1775592125984252
21
0.1558354330708661
0
LINE
8
BLACK
6
CONTINUOUS
10
-0.1775592125984252
20
0.1558354330708661
11
-0.1764938582677165
21
0.1569007874015748
0
LINE
8
BLACK
6
CONTINUOUS
10
-0.1764938582677165
20
0.1569007874015748
11
-0.1757405511811024
21
0.1570506299212598
0
LINE
8
BLACK
6
CONTINUOUS
10
-0.1757405511811024
20
0.1570506299212598
11
-0.1720847637795276
21
0.1570506299212598
0
LINE
8
BLACK
6
CONTINUOUS
10
-0.1720847637795276
20
0.1570506299212598
11
-0.1720847637795276
21
0.1682055118110236
0
LINE
8
BLACK
6
CONTINUOUS
10
-0.1720847637795276
20
0.1682055118110236
11
-0.1719349212598425
21
0.1689588188976378
0
LINE
8
BLACK
6
CONTINUOUS
10
-0.1719349212598425
20
0.1689588188976378
11
-0.1708695669291339
21
0.1700241732283465
0
LINE
8
BLACK
6
CONTINUOUS
10
-0.1708695669291339
20
0.1700241732283465
11
-0.1693629527559055
21
0.1700241732283465
0
LINE
8
BLACK
6
CONTINUOUS
10
-0.1693629527559055
20
0.1700241732283465
11
-0.1682975984251968
21
0.1689588188976378
0
LINE
8
BLACK
6
CONTINUOUS
10
-0.1212756692913386
20
0.1701548031496063
11
-0.1212327952755906
21
0.1701690551181102
0
LINE
8
BLACK
6
CONTINUOUS
10
-0.1212327952755906
20
0.1701690551181102
11
-0.1209285826771654
21
0.1700857480314961
0
LINE
8
BLACK
6
CONTINUOUS
10
-0.1209285826771654
20
0.1700857480314961
11
-0.1206190551181102
21
0.1700241732283465
0
LINE
8
BLACK
6
CONTINUOUS
10
-0.1206190551181102
20
0.1700241732283465
11
-0.120587125984252
21
0.1699922440944882
0
LINE
8
BLACK
6
CONTINUOUS
10
-0.120587125984252
20
0.1699922440944882
11
-0.1204920078740157
21
0.1699661811023622
0
LINE
8
BLACK
6
CONTINUOUS
10
-0.1204920078740157
20
0.1699661811023622
11
-0.1167424803149606
21
0.1680913779527559
0
LINE
8
BLACK
6
CONTINUOUS
10
-0.1167424803149606
20
0.1680913779527559
11
-0.1164931102362205
21
0.167897874015748
0
LINE
8
BLACK
6
CONTINUOUS
10
-0.1164931102362205
20
0.167897874015748
11
-0.116230905511811
21
0.1677226377952756
0
LINE
8
BLACK
6
CONTINUOUS
10
-0.116230905511811
20
0.1677226377952756
11
-0.1143561417322835
21
0.1658479133858268
0
LINE
8
BLACK
6
CONTINUOUS
10
-0.1143561417322835
20
0.1658479133858268
11
-0.1141807874015748
21
0.1655854724409449
0
LINE
8
BLACK
6
CONTINUOUS
10
-0.1141807874015748
20
0.1655854724409449
11
-0.1139874015748032
21
0.1653362992125984
0
LINE
8
BLACK
6
CONTINUOUS
10
-0.1139874015748032
20
0.1653362992125984
11
-0.1121126377952756
21
0.1615867716535433
0
LINE
8
BLACK
6
CONTINUOUS
10
-0.1121126377952756
20
0.1615867716535433
11
-0.1120866141732283
21
0.1614916929133858
0
LINE
8
BLACK
6
CONTINUOUS
10
-0.1120866141732283
20
0.1614916929133858
11
-0.1120546456692913
21
0.1614597244094488
0
LINE
8
BLACK
6
CONTINUOUS
10
-0.1120546456692913
20
0.1614597244094488
11
-0.1119931102362205
21
0.1611502362204724
0
LINE
8
BLACK
6
CONTINUOUS
10
-0.1119931102362205
20
0.1611502362204724
11
-0.1119097637795276
21
0.1608459842519685
0
LINE
8
BLACK
6
CONTINUOUS
10
-0.1119097637795276
20
0.1608459842519685
11
-0.1119240551181102
21
0.1608031496062992
0
LINE
8
BLACK
6
CONTINUOUS
10
-0.1119240551181102
20
0.1608031496062992
11
-0.1119048031496063
21
0.1607064173228346
0
LINE
8
BLACK
6
CONTINUOUS
10
-0.1119048031496063
20
0.1607064173228346
11
-0.1119048031496063
21
0.1457083070866142
0
LINE
8
BLACK
6
CONTINUOUS
10
-0.1119048031496063
20
0.1457083070866142
11
-0.1119518897637795
21
0.1454717322834645
0
LINE
8
BLACK
6
CONTINUOUS
10
-0.1119518897637795
20
0.1454717322834645
11
-0.1119635826771654
21
0.1452308661417323
0
LINE
8
BLACK
6
CONTINUOUS
10
-0.1119635826771654
20
0.1452308661417323
11
-0.1138383464566929
21
0.137731811023622
0
LINE
8
BLACK
6
CONTINUOUS
10
-0.1138383464566929
20
0.137731811023622
11
-0.1139817322834646
21
0.1374283858267716
0
LINE
8
BLACK
6
CONTINUOUS
10
-0.1139817322834646
20
0.1374283858267716
11
-0.114110157480315
21
0.1371173228346457
0
LINE
8
BLACK
6
CONTINUOUS
10
-0.114110157480315
20
0.1371173228346457
11
-0.1178596850393701
21
0.131493031496063
0
LINE
8
BLACK
6
CONTINUOUS
10
-0.1178596850393701
20
0.131493031496063
11
-0.1179974015748032
21
0.1313550787401575
0
LINE
8
BLACK
6
CONTINUOUS
10
-0.1179974015748032
20
0.1313550787401575
11
-0.1181056692913386
21
0.1311929921259843
0
LINE
8
BLACK
6
CONTINUOUS
10
-0.1181056692913386
20
0.1311929921259843
11
-0.1199804330708661
21
0.1293182677165354
0
LINE
8
BLACK
6
CONTINUOUS
10
-0.1199804330708661
20
0.1293182677165354
11
-0.1202427165354331
21
0.129143031496063
0
LINE
8
BLACK
6
CONTINUOUS
10
-0.1202427165354331
20
0.129143031496063
11
-0.1204920472440945
21
0.1289494881889764
0
LINE
8
BLACK
6
CONTINUOUS
10
-0.1204920472440945
20
0.1289494881889764
11
-0.1242415354330709
21
0.1270747637795276
0
LINE
8
BLACK
6
CONTINUOUS
10
-0.1242415354330709
20
0.1270747637795276
11
-0.1243366535433071
21
0.1270487401574803
0
LINE
8
BLACK
6
CONTINUOUS
10
-0.1243366535433071
20
0.1270487401574803
11
-0.1243685826771654
21
0.1270167716535433
0
LINE
8
BLACK
6
CONTINUOUS
10
-0.1243685826771654
20
0.1270167716535433
11
-0.1246781102362205
21
0.1269552362204724
0
LINE
8
BLACK
6
CONTINUOUS
10
-0.1246781102362205
20
0.1269552362204724
11
-0.1249823228346457
21
0.1268718897637795
0
LINE
8
BLACK
6
CONTINUOUS
10
-0.1249823228346457
20
0.1268718897637795
11
-0.1250251968503937
21
0.1268861811023622
0
LINE
8
BLACK
6
CONTINUOUS
10
-0.1250251968503937
20
0.1268861811023622
11
-0.1251218897637795
21
0.1268669291338583
0
LINE
8
BLACK
6
CONTINUOUS
10
-0.1251218897637795
20
0.1268669291338583
11
-0.1326209448818898
21
0.1268669291338583
0
LINE
8
BLACK
6
CONTINUOUS
10
-0.1326209448818898
20
0.1268669291338583
11
-0.1333742519685039
21
0.1270167716535433
0
LINE
8
BLACK
6
CONTINUOUS
10
-0.1333742519685039
20
0.1270167716535433
11
-0.1344396062992126
21
0.128082125984252
0
LINE
8
BLACK
6
CONTINUOUS
10
-0.1344396062992126
20
0.128082125984252
11
-0.1344396062992126
21
0.1295887401574803
0
LINE
8
BLACK
6
CONTINUOUS
10
-0.1344396062992126
20
0.1295887401574803
11
-0.1333742519685039
21
0.130654094488189
0
LINE
8
BLACK
6
CONTINUOUS
10
-0.1333742519685039
20
0.130654094488189
11
-0.1326209448818898
21
0.130803937007874
0
LINE
8
BLACK
6
CONTINUOUS
10
-0.1326209448818898
20
0.130803937007874
11
-0.1255865748031496
21
0.130803937007874
0
LINE
8
BLACK
6
CONTINUOUS
10
-0.1255865748031496
20
0.130803937007874
11
-0.1225384251968504
21
0.132328031496063
0
LINE
8
BLACK
6
CONTINUOUS
10
-0.1225384251968504
20
0.132328031496063
11
-0.1210274409448819
21
0.1338390551181102
0
LINE
8
BLACK
6
CONTINUOUS
10
-0.1210274409448819
20
0.1338390551181102
11
-0.1175751181102362
21
0.1390174409448819
0
LINE
8
BLACK
6
CONTINUOUS
10
-0.1175751181102362
20
0.1390174409448819
11
-0.1162542913385827
21
0.1443007874015748
0
LINE
8
BLACK
6
CONTINUOUS
10
-0.1162542913385827
20
0.1443007874015748
11
-0.1164931889763779
21
0.1441411417322835
0
LINE
8
BLACK
6
CONTINUOUS
10
-0.1164931889763779
20
0.1441411417322835
11
-0.1167425196850394
21
0.1439475984251969
0
LINE
8
BLACK
6
CONTINUOUS
10
-0.1167425196850394
20
0.1439475984251969
11
-0.1204920078740157
21
0.142072874015748
0
LINE
8
BLACK
6
CONTINUOUS
10
-0.1204920078740157
20
0.142072874015748
11
-0.120587125984252
21
0.1420468503937008
0
LINE
8
BLACK
6
CONTINUOUS
10
-0.120587125984252
20
0.1420468503937008
11
-0.1206190551181102
21
0.1420148818897638
0
LINE
8
BLACK
6
CONTINUOUS
10
-0.1206190551181102
20
0.1420148818897638
11
-0.1209285826771654
21
0.1419533464566929
0
LINE
8
BLACK
6
CONTINUOUS
10
-0.1209285826771654
20
0.1419533464566929
11
-0.1212327952755906
21
0.14187
0
LINE
8
BLACK
6
CONTINUOUS
10
-0.1212327952755906
20
0.14187
11
-0.1212756692913386
21
0.1418842913385827
0
LINE
8
BLACK
6
CONTINUOUS
10
-0.1212756692913386
20
0.1418842913385827
11
-0.1213723622047244
21
0.1418650393700787
0
LINE
8
BLACK
6
CONTINUOUS
10
-0.1213723622047244
20
0.1418650393700787
11
-0.1288714173228346
21
0.1418650393700787
0
LINE
8
BLACK
6
CONTINUOUS
10
-0.1288714173228346
20
0.1418650393700787
11
-0.1289681496062992
21
0.1418842913385827
0
LINE
8
BLACK
6
CONTINUOUS
10
-0.1289681496062992
20
0.1418842913385827
11
-0.1290109842519685
21
0.14187
0
LINE
8
BLACK
6
CONTINUOUS
10
-0.1290109842519685
20
0.14187
11
-0.1293152362204724
21
0.1419533464566929
0
LINE
8
BLACK
6
CONTINUOUS
10
-0.1293152362204724
20
0.1419533464566929
11
-0.1296247244094488
21
0.1420148818897638
0
LINE
8
BLACK
6
CONTINUOUS
10
-0.1296247244094488
20
0.1420148818897638
11
-0.1296566929133858
21
0.1420468503937008
0
LINE
8
BLACK
6
CONTINUOUS
10
-0.1296566929133858
20
0.1420468503937008
11
-0.1297517716535433
21
0.142072874015748
0
LINE
8
BLACK
6
CONTINUOUS
10
-0.1297517716535433
20
0.142072874015748
11
-0.1335012992125984
21
0.1439476377952756
0
LINE
8
BLACK
6
CONTINUOUS
10
-0.1335012992125984
20
0.1439476377952756
11
-0.1337504724409449
21
0.1441410236220473
0
LINE
8
BLACK
6
CONTINUOUS
10
-0.1337504724409449
20
0.1441410236220473
11
-0.1340129133858268
21
0.1443163779527559
0
LINE
8
BLACK
6
CONTINUOUS
10
-0.1340129133858268
20
0.1443163779527559
11
-0.1358876377952756
21
0.1461911417322835
0
LINE
8
BLACK
6
CONTINUOUS
10
-0.1358876377952756
20
0.1461911417322835
11
-0.1360629133858268
21
0.1464534251968504
0
LINE
8
BLACK
6
CONTINUOUS
10
-0.1360629133858268
20
0.1464534251968504
11
-0.1362564173228346
21
0.1467027559055118
0
LINE
8
BLACK
6
CONTINUOUS
10
-0.1362564173228346
20
0.1467027559055118
11
-0.1381311417322835
21
0.1504522440944882
0
LINE
8
BLACK
6
CONTINUOUS
10
-0.1381311417322835
20
0.1504522440944882
11
-0.1381572047244095
21
0.1505473622047244
0
LINE
8
BLACK
6
CONTINUOUS
10
-0.1381572047244095
20
0.1505473622047244
11
-0.1381891338582677
21
0.1505792913385827
0
LINE
8
BLACK
6
CONTINUOUS
10
-0.1381891338582677
20
0.1505792913385827
11
-0.1382507086614173
21
0.1508888188976378
0
LINE
8
BLACK
6
CONTINUOUS
10
-0.1382507086614173
20
0.1508888188976378
11
-0.1383340157480315
21
0.151193031496063
0
LINE
8
BLACK
6
CONTINUOUS
10
-0.1383340157480315
20
0.151193031496063
11
-0.1383197637795276
21
0.151235905511811
0
LINE
8
BLACK
6
CONTINUOUS
10
-0.1383197637795276
20
0.151235905511811
11
-0.1383389763779528
21
0.1513325984251968
0
LINE
8
BLACK
6
CONTINUOUS
10
-0.1383389763779528
20
0.1513325984251968
11
-0.1383389763779528
21
0.1607064173228346
0
LINE
8
BLACK
6
CONTINUOUS
10
-0.1383389763779528
20
0.1607064173228346
11
-0.1383197637795276
21
0.1608031496062992
0
LINE
8
BLACK
6
CONTINUOUS
10
-0.1383197637795276
20
0.1608031496062992
11
-0.1383340157480315
21
0.1608459842519685
0
LINE
8
BLACK
6
CONTINUOUS
10
-0.1383340157480315
20
0.1608459842519685
11
-0.1382507086614173
21
0.1611502362204724
0
LINE
8
BLACK
6
CONTINUOUS
10
-0.1382507086614173
20
0.1611502362204724
11
-0.1381891338582677
21
0.1614597244094488
0
LINE
8
BLACK
6
CONTINUOUS
10
-0.1381891338582677
20
0.1614597244094488
11
-0.1381572047244095
21
0.1614916929133858
0
LINE
8
BLACK
6
CONTINUOUS
10
-0.1381572047244095
20
0.1614916929133858
11
-0.1381311417322835
21
0.1615867716535433
0
LINE
8
BLACK
6
CONTINUOUS
10
-0.1381311417322835
20
0.1615867716535433
11
-0.1362564173228346
21
0.1653362598425197
0
LINE
8
BLACK
6
CONTINUOUS
10
-0.1362564173228346
20
0.1653362598425197
11
-0.1360629133858268
21
0.1655856299212598
0
LINE
8
BLACK
6
CONTINUOUS
10
-0.1360629133858268
20
0.1655856299212598
11
-0.1358876377952756
21
0.165847874015748
0
LINE
8
BLACK
6
CONTINUOUS
10
-0.1358876377952756
20
0.165847874015748
11
-0.1340129133858268
21
0.1677226377952756
0
LINE
8
BLACK
6
CONTINUOUS
10
-0.1340129133858268
20
0.1677226377952756
11
-0.1337504724409449
21
0.167898031496063
0
LINE
8
BLACK
6
CONTINUOUS
10
-0.1337504724409449
20
0.167898031496063
11
-0.1335012992125984
21
0.1680913779527559
0
LINE
8
BLACK
6
CONTINUOUS
10
-0.1335012992125984
20
0.1680913779527559
11
-0.1297517716535433
21
0.1699661811023622
0
LINE
8
BLACK
6
CONTINUOUS
10
-0.1297517716535433
20
0.1699661811023622
11
-0.1296566929133858
21
0.1699922440944882
0
LINE
8
BLACK
6
CONTINUOUS
10
-0.1296566929133858
20
0.1699922440944882
11
-0.1296247244094488
21
0.1700241732283465
0
LINE
8
BLACK
6
CONTINUOUS
10
-0.1296247244094488
20
0.1700241732283465
11
-0.1293152362204724
21
0.1700857480314961
0
LINE
8
BLACK
6
CONTINUOUS
10
-0.1293152362204724
20
0.1700857480314961
11
-0.1290109842519685
21
0.1701690551181102
0
LINE
8
BLACK
6
CONTINUOUS
10
-0.1290109842519685
20
0.1701690551181102
11
-0.1289681496062992
21
0.1701548031496063
0
LINE
8
BLACK
6
CONTINUOUS
10
-0.1289681496062992
20
0.1701548031496063
11
-0.1288714173228346
21
0.1701740157480315
0
LINE
8
BLACK
6
CONTINUOUS
10
-0.1288714173228346
20
0.1701740157480315
11
-0.1213723622047244
21
0.1701740157480315
0
LINE
8
BLACK
6
CONTINUOUS
10
-0.1213723622047244
20
0.1701740157480315
11
-0.1212756692913386
21
0.1701548031496063
0
LINE
8
BLACK
6
CONTINUOUS
10
-0.1314548818897638
20
0.1647129527559055
11
-0.1328779133858268
21
0.1632899212598425
0
LINE
8
BLACK
6
CONTINUOUS
10
-0.1328779133858268
20
0.1632899212598425
11
-0.134401968503937
21
0.1602417322834646
0
LINE
8
BLACK
6
CONTINUOUS
10
-0.134401968503937
20
0.1602417322834646
11
-0.134401968503937
21
0.1517972834645669
0
LINE
8
BLACK
6
CONTINUOUS
10
-0.134401968503937
20
0.1517972834645669
11
-0.1328779133858268
21
0.1487491338582677
0
LINE
8
BLACK
6
CONTINUOUS
10
-0.1328779133858268
20
0.1487491338582677
11
-0.1314548818897638
21
0.1473261417322834
0
LINE
8
BLACK
6
CONTINUOUS
10
-0.1314548818897638
20
0.1473261417322834
11
-0.1284066929133858
21
0.1458020472440945
0
LINE
8
BLACK
6
CONTINUOUS
10
-0.1284066929133858
20
0.1458020472440945
11
-0.1218370472440945
21
0.1458020472440945
0
LINE
8
BLACK
6
CONTINUOUS
10
-0.1218370472440945
20
0.1458020472440945
11
-0.1187888976377953
21
0.1473261417322834
0
LINE
8
BLACK
6
CONTINUOUS
10
-0.1187888976377953
20
0.1473261417322834
11
-0.117365905511811
21
0.1487491732283465
0
LINE
8
BLACK
6
CONTINUOUS
10
-0.117365905511811
20
0.1487491732283465
11
-0.115841811023622
21
0.1517973228346457
0
LINE
8
BLACK
6
CONTINUOUS
10
-0.115841811023622
20
0.1517973228346457
11
-0.115841811023622
21
0.1602417322834646
0
LINE
8
BLACK
6
CONTINUOUS
10
-0.115841811023622
20
0.1602417322834646
11
-0.117365905511811
21
0.1632898818897638
0
LINE
8
BLACK
6
CONTINUOUS
10
-0.117365905511811
20
0.1632898818897638
11
-0.1187888976377953
21
0.1647129133858268
0
LINE
8
BLACK
6
CONTINUOUS
10
-0.1187888976377953
20
0.1647129133858268
11
-0.1218370472440945
21
0.1662370078740157
0
LINE
8
BLACK
6
CONTINUOUS
10
-0.1218370472440945
20
0.1662370078740157
11
-0.1284067322834646
21
0.1662370078740157
0
LINE
8
BLACK
6
CONTINUOUS
10
-0.1284067322834646
20
0.1662370078740157
11
-0.1314548818897638
21
0.1647129527559055
0
LINE
8
BLACK
6
CONTINUOUS
10
0.008083188976378
20
0.1701548031496063
11
0.008126062992126
21
0.1701690551181102
0
LINE
8
BLACK
6
CONTINUOUS
10
0.008126062992126
20
0.1701690551181102
11
0.0084302755905512
21
0.1700857480314961
0
LINE
8
BLACK
6
CONTINUOUS
10
0.0084302755905512
20
0.1700857480314961
11
0.0087398031496063
21
0.1700241732283465
0
LINE
8
BLACK
6
CONTINUOUS
10
0.0087398031496063
20
0.1700241732283465
11
0.0087717322834646
21
0.1699922440944882
0
LINE
8
BLACK
6
CONTINUOUS
10
0.0087717322834646
20
0.1699922440944882
11
0.0088668503937008
21
0.1699661811023622
0
LINE
8
BLACK
6
CONTINUOUS
10
0.0088668503937008
20
0.1699661811023622
11
0.0126163779527559
21
0.1680913779527559
0
LINE
8
BLACK
6
CONTINUOUS
10
0.0126163779527559
20
0.1680913779527559
11
0.0128657480314961
21
0.167897874015748
0
LINE
8
BLACK
6
CONTINUOUS
10
0.0128657480314961
20
0.167897874015748
11
0.0131279527559055
21
0.1677226377952756
0
LINE
8
BLACK
6
CONTINUOUS
10
0.0131279527559055
20
0.1677226377952756
11
0.0150027165354331
21
0.1658479133858268
0
LINE
8
BLACK
6
CONTINUOUS
10
0.0150027165354331
20
0.1658479133858268
11
0.0151780708661417
21
0.1655854724409449
0
LINE
8
BLACK
6
CONTINUOUS
10
0.0151780708661417
20
0.1655854724409449
11
0.0153714566929134
21
0.1653362992125984
0
LINE
8
BLACK
6
CONTINUOUS
10
0.0153714566929134
20
0.1653362992125984
11
0.0172462204724409
21
0.1615867716535433
0
LINE
8
BLACK
6
CONTINUOUS
10
0.0172462204724409
20
0.1615867716535433
11
0.0172722440944882
21
0.1614916929133858
0
LINE
8
BLACK
6
CONTINUOUS
10
0.0172722440944882
20
0.1614916929133858
11
0.0173042125984252
21
0.1614597244094488
0
LINE
8
BLACK
6
CONTINUOUS
10
0.0173042125984252
20
0.1614597244094488
11
0.0173657480314961
21
0.1611502362204724
0
LINE
8
BLACK
6
CONTINUOUS
10
0.0173657480314961
20
0.1611502362204724
11
0.017449094488189
21
0.1608459842519685
0
LINE
8
BLACK
6
CONTINUOUS
10
0.017449094488189
20
0.1608459842519685
11
0.0174348031496063
21
0.1608031496062992
0
LINE
8
BLACK
6
CONTINUOUS
10
0.0174348031496063
20
0.1608031496062992
11
0.0174540551181102
21
0.1607064173228346
0
LINE
8
BLACK
6
CONTINUOUS
10
0.0174540551181102
20
0.1607064173228346
11
0.0174540551181102
21
0.1532073622047244
0
LINE
8
BLACK
6
CONTINUOUS
10
0.0174540551181102
20
0.1532073622047244
11
0.0174348031496063
21
0.1531106692913386
0
LINE
8
BLACK
6
CONTINUOUS
10
0.0174348031496063
20
0.1531106692913386
11
0.017449094488189
21
0.1530677952755906
0
LINE
8
BLACK
6
CONTINUOUS
10
0.017449094488189
20
0.1530677952755906
11
0.0173657480314961
21
0.1527635826771654
0
LINE
8
BLACK
6
CONTINUOUS
10
0.0173657480314961
20
0.1527635826771654
11
0.0173042125984252
21
0.1524540551181102
0
LINE
8
BLACK
6
CONTINUOUS
10
0.0173042125984252
20
0.1524540551181102
11
0.0172722440944882
21
0.152422125984252
0
LINE
8
BLACK
6
CONTINUOUS
10
0.0172722440944882
20
0.152422125984252
11
0.0172462204724409
21
0.1523270078740157
0
LINE
8
BLACK
6
CONTINUOUS
10
0.0172462204724409
20
0.1523270078740157
11
0.0153714566929134
21
0.1485774803149606
0
LINE
8
BLACK
6
CONTINUOUS
10
0.0153714566929134
20
0.1485774803149606
11
0.0151780708661417
21
0.1483283464566929
0
LINE
8
BLACK
6
CONTINUOUS
10
0.0151780708661417
20
0.1483283464566929
11
0.0150027165354331
21
0.1480658661417323
0
LINE
8
BLACK
6
CONTINUOUS
10
0.0150027165354331
20
0.1480658661417323
11
0.0131279527559055
21
0.1461911417322835
0
LINE
8
BLACK
6
CONTINUOUS
10
0.0131279527559055
20
0.1461911417322835
11
0.0128656692913386
21
0.146015905511811
0
LINE
8
BLACK
6
CONTINUOUS
10
0.0128656692913386
20
0.146015905511811
11
0.0126163385826772
21
0.1458223622047244
0
LINE
8
BLACK
6
CONTINUOUS
10
0.0126163385826772
20
0.1458223622047244
11
0.012388188976378
21
0.1457083070866142
0
LINE
8
BLACK
6
CONTINUOUS
10
0.012388188976378
20
0.1457083070866142
11
0.0126163385826772
21
0.1455942519685039
0
LINE
8
BLACK
6
CONTINUOUS
10
0.0126163385826772
20
0.1455942519685039
11
0.0128656692913386
21
0.1454007480314961
0
LINE
8
BLACK
6
CONTINUOUS
10
0.0128656692913386
20
0.1454007480314961
11
0.0131279527559055
21
0.1452254724409449
0
LINE
8
BLACK
6
CONTINUOUS
10
0.0131279527559055
20
0.1452254724409449
11
0.0150027165354331
21
0.1433507480314961
0
LINE
8
BLACK
6
CONTINUOUS
10
0.0150027165354331
20
0.1433507480314961
11
0.0151780708661417
21
0.1430883070866142
0
LINE
8
BLACK
6
CONTINUOUS
10
0.0151780708661417
20
0.1430883070866142
11
0.0153714566929134
21
0.1428391338582677
0
LINE
8
BLACK
6
CONTINUOUS
10
0.0153714566929134
20
0.1428391338582677
11
0.0172462204724409
21
0.1390896062992126
0
LINE
8
BLACK
6
CONTINUOUS
10
0.0172462204724409
20
0.1390896062992126
11
0.0172722440944882
21
0.1389945275590551
0
LINE
8
BLACK
6
CONTINUOUS
10
0.0172722440944882
20
0.1389945275590551
11
0.0173042125984252
21
0.1389625590551181
0
LINE
8
BLACK
6
CONTINUOUS
10
0.0173042125984252
20
0.1389625590551181
11
0.0173657480314961
21
0.1386530708661417
0
LINE
8
BLACK
6
CONTINUOUS
10
0.0173657480314961
20
0.1386530708661417
11
0.017449094488189
21
0.1383488188976378
0
LINE
8
BLACK
6
CONTINUOUS
10
0.017449094488189
20
0.1383488188976378
11
0.0174348031496063
21
0.1383059842519685
0
LINE
8
BLACK
6
CONTINUOUS
10
0.0174348031496063
20
0.1383059842519685
11
0.0174540551181102
21
0.1382092519685039
0
LINE
8
BLACK
6
CONTINUOUS
10
0.0174540551181102
20
0.1382092519685039
11
0.0174540551181102
21
0.1363344881889764
0
LINE
8
BLACK
6
CONTINUOUS
10
0.0174540551181102
20
0.1363344881889764
11
0.0174348031496063
21
0.1362377952755905
0
LINE
8
BLACK
6
CONTINUOUS
10
0.0174348031496063
20
0.1362377952755905
11
0.017449094488189
21
0.1361949212598425
0
LINE
8
BLACK
6
CONTINUOUS
10
0.017449094488189
20
0.1361949212598425
11
0.0173657480314961
21
0.1358907086614173
0
LINE
8
BLACK
6
CONTINUOUS
10
0.0173657480314961
20
0.1358907086614173
11
0.0173042125984252
21
0.1355811811023622
0
LINE
8
BLACK
6
CONTINUOUS
10
0.0173042125984252
20
0.1355811811023622
11
0.0172722440944882
21
0.1355492519685039
0
LINE
8
BLACK
6
CONTINUOUS
10
0.0172722440944882
20
0.1355492519685039
11
0.0172462204724409
21
0.1354541338582677
0
LINE
8
BLACK
6
CONTINUOUS
10
0.0172462204724409
20
0.1354541338582677
11
0.0153714566929134
21
0.1317046062992126
0
LINE
8
BLACK
6
CONTINUOUS
10
0.0153714566929134
20
0.1317046062992126
11
0.0151780708661417
21
0.1314554724409449
0
LINE
8
BLACK
6
CONTINUOUS
10
0.0151780708661417
20
0.1314554724409449
11
0.0150027165354331
21
0.1311929921259843
0
LINE
8
BLACK
6
CONTINUOUS
10
0.0150027165354331
20
0.1311929921259843
11
0.0131279527559055
21
0.1293182677165354
0
LINE
8
BLACK
6
CONTINUOUS
10
0.0131279527559055
20
0.1293182677165354
11
0.0128656692913386
21
0.129143031496063
0
LINE
8
BLACK
6
CONTINUOUS
10
0.0128656692913386
20
0.129143031496063
11
0.0126163385826772
21
0.1289494881889764
0
LINE
8
BLACK
6
CONTINUOUS
10
0.0126163385826772
20
0.1289494881889764
11
0.0088668503937008
21
0.1270747637795276
0
LINE
8
BLACK
6
CONTINUOUS
10
0.0088668503937008
20
0.1270747637795276
11
0.0087717322834646
21
0.1270487401574803
0
LINE
8
BLACK
6
CONTINUOUS
10
0.0087717322834646
20
0.1270487401574803
11
0.0087398031496063
21
0.1270167716535433
0
LINE
8
BLACK
6
CONTINUOUS
10
0.0087398031496063
20
0.1270167716535433
11
0.0084302755905512
21
0.1269552362204724
0
LINE
8
BLACK
6
CONTINUOUS
10
0.0084302755905512
20
0.1269552362204724
11
0.008126062992126
21
0.1268718897637795
0
LINE
8
BLACK
6
CONTINUOUS
10
0.008126062992126
20
0.1268718897637795
11
0.008083188976378
21
0.1268861811023622
0
LINE
8
BLACK
6
CONTINUOUS
10
0.008083188976378
20
0.1268861811023622
11
0.0079864960629921
21
0.1268669291338583
0
LINE
8
BLACK
6
CONTINUOUS
10
0.0079864960629921
20
0.1268669291338583
11
0.0004874409448819
21
0.1268669291338583
0
LINE
8
BLACK
6
CONTINUOUS
10
0.0004874409448819
20
0.1268669291338583
11
0.0003907086614173
21
0.1268861811023622
0
LINE
8
BLACK
6
CONTINUOUS
10
0.0003907086614173
20
0.1268861811023622
11
0.000347874015748
21
0.1268718897637795
0
LINE
8
BLACK
6
CONTINUOUS
10
0.000347874015748
20
0.1268718897637795
11
0.0000436220472441
21
0.1269552362204724
0
LINE
8
BLACK
6
CONTINUOUS
10
0.0000436220472441
20
0.1269552362204724
11
-0.0002658661417323
21
0.1270167716535433
0
LINE
8
BLACK
6
CONTINUOUS
10
-0.0002658661417323
20
0.1270167716535433
11
-0.0002978346456693
21
0.1270487401574803
0
LINE
8
BLACK
6
CONTINUOUS
10
-0.0002978346456693
20
0.1270487401574803
11
-0.0003929133858268
21
0.1270747637795276
0
LINE
8
BLACK
6
CONTINUOUS
10
-0.0003929133858268
20
0.1270747637795276
11
-0.0041424409448819
21
0.1289495275590551
0
LINE
8
BLACK
6
CONTINUOUS
10
-0.0041424409448819
20
0.1289495275590551
11
-0.0043916141732283
21
0.1291429133858268
0
LINE
8
BLACK
6
CONTINUOUS
10
-0.0043916141732283
20
0.1291429133858268
11
-0.0046540551181102
21
0.1293182677165354
0
LINE
8
BLACK
6
CONTINUOUS
10
-0.0046540551181102
20
0.1293182677165354
11
-0.0065287795275591
21
0.131193031496063
0
LINE
8
BLACK
6
CONTINUOUS
10
-0.0065287795275591
20
0.131193031496063
11
-0.0067040551181102
21
0.1314553149606299
0
LINE
8
BLACK
6
CONTINUOUS
10
-0.0067040551181102
20
0.1314553149606299
11
-0.0068975590551181
21
0.1317046456692913
0
LINE
8
BLACK
6
CONTINUOUS
10
-0.0068975590551181
20
0.1317046456692913
11
-0.0087722834645669
21
0.1354541338582677
0
LINE
8
BLACK
6
CONTINUOUS
10
-0.0087722834645669
20
0.1354541338582677
11
-0.0087983464566929
21
0.1355492519685039
0
LINE
8
BLACK
6
CONTINUOUS
10
-0.0087983464566929
20
0.1355492519685039
11
-0.0088302755905512
21
0.1355811811023622
0
LINE
8
BLACK
6
CONTINUOUS
10
-0.0088302755905512
20
0.1355811811023622
11
-0.0088918503937008
21
0.1358907086614173
0
LINE
8
BLACK
6
CONTINUOUS
10
-0.0088918503937008
20
0.1358907086614173
11
-0.008975157480315
21
0.1361949212598425
0
LINE
8
BLACK
6
CONTINUOUS
10
-0.008975157480315
20
0.1361949212598425
11
-0.008960905511811
21
0.1362377952755905
0
LINE
8
BLACK
6
CONTINUOUS
10
-0.008960905511811
20
0.1362377952755905
11
-0.0089801181102362
21
0.1363344881889764
0
LINE
8
BLACK
6
CONTINUOUS
10
-0.0089801181102362
20
0.1363344881889764
11
-0.0089801181102362
21
0.1382092519685039
0
LINE
8
BLACK
6
CONTINUOUS
10
-0.0089801181102362
20
0.1382092519685039
11
-0.008960905511811
21
0.1383059842519685
0
LINE
8
BLACK
6
CONTINUOUS
10
-0.008960905511811
20
0.1383059842519685
11
-0.008975157480315
21
0.1383488188976378
0
LINE
8
BLACK
6
CONTINUOUS
10
-0.008975157480315
20
0.1383488188976378
11
-0.0088918503937008
21
0.1386530708661417
0
LINE
8
BLACK
6
CONTINUOUS
10
-0.0088918503937008
20
0.1386530708661417
11
-0.0088302755905512
21
0.1389625590551181
0
LINE
8
BLACK
6
CONTINUOUS
10
-0.0088302755905512
20
0.1389625590551181
11
-0.0087983464566929
21
0.1389945275590551
0
LINE
8
BLACK
6
CONTINUOUS
10
-0.0087983464566929
20
0.1389945275590551
11
-0.0087722834645669
21
0.1390896062992126
0
LINE
8
BLACK
6
CONTINUOUS
10
-0.0087722834645669
20
0.1390896062992126
11
-0.0068975590551181
21
0.142839094488189
0
LINE
8
BLACK
6
CONTINUOUS
10
-0.0068975590551181
20
0.142839094488189
11
-0.0067040551181102
21
0.1430884645669291
0
LINE
8
BLACK
6
CONTINUOUS
10
-0.0067040551181102
20
0.1430884645669291
11
-0.0065287795275591
21
0.1433507086614173
0
LINE
8
BLACK
6
CONTINUOUS
10
-0.0065287795275591
20
0.1433507086614173
11
-0.0046540551181102
21
0.1452254724409449
0
LINE
8
BLACK
6
CONTINUOUS
10
-0.0046540551181102
20
0.1452254724409449
11
-0.0043916141732283
21
0.1454008661417323
0
LINE
8
BLACK
6
CONTINUOUS
10
-0.0043916141732283
20
0.1454008661417323
11
-0.0041424409448819
21
0.1455942125984252
0
LINE
8
BLACK
6
CONTINUOUS
10
-0.0041424409448819
20
0.1455942125984252
11
-0.0039142519685039
21
0.1457083070866142
0
LINE
8
BLACK
6
CONTINUOUS
10
-0.0039142519685039
20
0.1457083070866142
11
-0.0041424409448819
21
0.1458224015748031
0
LINE
8
BLACK
6
CONTINUOUS
10
-0.0041424409448819
20
0.1458224015748031
11
-0.0043916141732283
21
0.1460157874015748
0
LINE
8
BLACK
6
CONTINUOUS
10
-0.0043916141732283
20
0.1460157874015748
11
-0.0046540551181102
21
0.1461911417322835
0
LINE
8
BLACK
6
CONTINUOUS
10
-0.0046540551181102
20
0.1461911417322835
11
-0.0065287795275591
21
0.148065905511811
0
LINE
8
BLACK
6
CONTINUOUS
10
-0.0065287795275591
20
0.148065905511811
11
-0.0067040551181102
21
0.148328188976378
0
LINE
8
BLACK
6
CONTINUOUS
10
-0.0067040551181102
20
0.148328188976378
11
-0.0068975590551181
21
0.1485775196850394
0
LINE
8
BLACK
6
CONTINUOUS
10
-0.0068975590551181
20
0.1485775196850394
11
-0.0087722834645669
21
0.1523270078740157
0
LINE
8
BLACK
6
CONTINUOUS
10
-0.0087722834645669
20
0.1523270078740157
11
-0.0087983464566929
21
0.152422125984252
0
LINE
8
BLACK
6
CONTINUOUS
10
-0.0087983464566929
20
0.152422125984252
11
-0.0088302755905512
21
0.1524540551181102
0
LINE
8
BLACK
6
CONTINUOUS
10
-0.0088302755905512
20
0.1524540551181102
11
-0.0088918503937008
21
0.1527635826771654
0
LINE
8
BLACK
6
CONTINUOUS
10
-0.0088918503937008
20
0.1527635826771654
11
-0.008975157480315
21
0.1530677952755906
0
LINE
8
BLACK
6
CONTINUOUS
10
-0.008975157480315
20
0.1530677952755906
11
-0.008960905511811
21
0.1531106692913386
0
LINE
8
BLACK
6
CONTINUOUS
10
-0.008960905511811
20
0.1531106692913386
11
-0.0089801181102362
21
0.1532073622047244
0
LINE
8
BLACK
6
CONTINUOUS
10
-0.0089801181102362
20
0.1532073622047244
11
-0.0089801181102362
21
0.1607064173228346
0
LINE
8
BLACK
6
CONTINUOUS
10
-0.0089801181102362
20
0.1607064173228346
11
-0.008960905511811
21
0.1608031496062992
0
LINE
8
BLACK
6
CONTINUOUS
10
-0.008960905511811
20
0.1608031496062992
11
-0.008975157480315
21
0.1608459842519685
0
LINE
8
BLACK
6
CONTINUOUS
10
-0.008975157480315
20
0.1608459842519685
11
-0.0088918503937008
21
0.1611502362204724
0
LINE
8
BLACK
6
CONTINUOUS
10
-0.0088918503937008
20
0.1611502362204724
11
-0.0088302755905512
21
0.1614597244094488
0
LINE
8
BLACK
6
CONTINUOUS
10
-0.0088302755905512
20
0.1614597244094488
11
-0.0087983464566929
21
0.1614916929133858
0
LINE
8
BLACK
6
CONTINUOUS
10
-0.0087983464566929
20
0.1614916929133858
11
-0.0087722834645669
21
0.1615867716535433
0
LINE
8
BLACK
6
CONTINUOUS
10
-0.0087722834645669
20
0.1615867716535433
11
-0.0068975590551181
21
0.1653362598425197
0
LINE
8
BLACK
6
CONTINUOUS
10
-0.0068975590551181
20
0.1653362598425197
11
-0.0067040551181102
21
0.1655856299212598
0
LINE
8
BLACK
6
CONTINUOUS
10
-0.0067040551181102
20
0.1655856299212598
11
-0.0065287795275591
21
0.165847874015748
0
LINE
8
BLACK
6
CONTINUOUS
10
-0.0065287795275591
20
0.165847874015748
11
-0.0046540551181102
21
0.1677226377952756
0
LINE
8
BLACK
6
CONTINUOUS
10
-0.0046540551181102
20
0.1677226377952756
11
-0.0043916141732283
21
0.167898031496063
0
LINE
8
BLACK
6
CONTINUOUS
10
-0.0043916141732283
20
0.167898031496063
11
-0.0041424409448819
21
0.1680913779527559
0
LINE
8
BLACK
6
CONTINUOUS
10
-0.0041424409448819
20
0.1680913779527559
11
-0.0003929133858268
21
0.1699661811023622
0
LINE
8
BLACK
6
CONTINUOUS
10
-0.0003929133858268
20
0.1699661811023622
11
-0.0002978346456693
21
0.1699922440944882
0
LINE
8
BLACK
6
CONTINUOUS
10
-0.0002978346456693
20
0.1699922440944882
11
-0.0002658661417323
21
0.1700241732283465
0
LINE
8
BLACK
6
CONTINUOUS
10
-0.0002658661417323
20
0.1700241732283465
11
0.0000436220472441
21
0.1700857480314961
0
LINE
8
BLACK
6
CONTINUOUS
10
0.0000436220472441
20
0.1700857480314961
11
0.000347874015748
21
0.1701690551181102
0
LINE
8
BLACK
6
CONTINUOUS
10
0.000347874015748
20
0.1701690551181102
11
0.0003907086614173
21
0.1701548031496063
0
LINE
8
BLACK
6
CONTINUOUS
10
0.0003907086614173
20
0.1701548031496063
11
0.0004874409448819
21
0.1701740157480315
0
LINE
8
BLACK
6
CONTINUOUS
10
0.0004874409448819
20
0.1701740157480315
11
0.0079864960629921
21
0.1701740157480315
0
LINE
8
BLACK
6
CONTINUOUS
10
0.0079864960629921
20
0.1701740157480315
11
0.008083188976378
21
0.1701548031496063
0
LINE
8
BLACK
6
CONTINUOUS
10
-0.0020960236220472
20
0.1422157480314961
11
-0.0035190551181102
21
0.1407927559055118
0
LINE
8
BLACK
6
CONTINUOUS
10
-0.0035190551181102
20
0.1407927559055118
11
-0.0050431102362205
21
0.1377445669291339
0
LINE
8
BLACK
6
CONTINUOUS
10
-0.0050431102362205
20
0.1377445669291339
11
-0.0050431102362205
21
0.1367991732283464
0
LINE
8
BLACK
6
CONTINUOUS
10
-0.0050431102362205
20
0.1367991732283464
11
-0.0035190551181102
21
0.1337510236220472
0
LINE
8
BLACK
6
CONTINUOUS
10
-0.0035190551181102
20
0.1337510236220472
11
-0.0020960236220472
21
0.132328031496063
0
LINE
8
BLACK
6
CONTINUOUS
10
-0.0020960236220472
20
0.132328031496063
11
0.0009521653543307
21
0.130803937007874
0
LINE
8
BLACK
6
CONTINUOUS
10
0.0009521653543307
20
0.130803937007874
11
0.007521811023622
21
0.130803937007874
0
LINE
8
BLACK
6
CONTINUOUS
10
0.007521811023622
20
0.130803937007874
11
0.0105699606299213
21
0.132328031496063
0
LINE
8
BLACK
6
CONTINUOUS
10
0.0105699606299213
20
0.132328031496063
11
0.0119929527559055
21
0.133751062992126
0
LINE
8
BLACK
6
CONTINUOUS
10
0.0119929527559055
20
0.133751062992126
11
0.0135170472440945
21
0.1367992125984252
0
LINE
8
BLACK
6
CONTINUOUS
10
0.0135170472440945
20
0.1367992125984252
11
0.0135170472440945
21
0.1377445669291339
0
LINE
8
BLACK
6
CONTINUOUS
10
0.0135170472440945
20
0.1377445669291339
11
0.0119929527559055
21
0.1407927165354331
0
LINE
8
BLACK
6
CONTINUOUS
10
0.0119929527559055
20
0.1407927165354331
11
0.0105699606299213
21
0.1422157480314961
0
LINE
8
BLACK
6
CONTINUOUS
10
0.0105699606299213
20
0.1422157480314961
11
0.007521811023622
21
0.1437398031496063
0
LINE
8
BLACK
6
CONTINUOUS
10
0.007521811023622
20
0.1437398031496063
11
0.0009521653543307
21
0.1437398031496063
0
LINE
8
BLACK
6
CONTINUOUS
10
0.0009521653543307
20
0.1437398031496063
11
-0.0020960236220472
21
0.1422157480314961
0
LINE
8
BLACK
6
CONTINUOUS
10
-0.0020960236220472
20
0.1647129527559055
11
-0.0035190551181102
21
0.1632899212598425
0
LINE
8
BLACK
6
CONTINUOUS
10
-0.0035190551181102
20
0.1632899212598425
11
-0.0050431102362205
21
0.1602417322834646
0
LINE
8
BLACK
6
CONTINUOUS
10
-0.0050431102362205
20
0.1602417322834646
11
-0.0050431102362205
21
0.1536720472440945
0
LINE
8
BLACK
6
CONTINUOUS
10
-0.0050431102362205
20
0.1536720472440945
11
-0.0035190551181102
21
0.1506238976377953
0
LINE
8
BLACK
6
CONTINUOUS
10
-0.0035190551181102
20
0.1506238976377953
11
-0.0020960236220472
21
0.149200905511811
0
LINE
8
BLACK
6
CONTINUOUS
10
-0.0020960236220472
20
0.149200905511811
11
0.0009521653543307
21
0.147676811023622
0
LINE
8
BLACK
6
CONTINUOUS
10
0.0009521653543307
20
0.147676811023622
11
0.007521811023622
21
0.147676811023622
0
LINE
8
BLACK
6
CONTINUOUS
10
0.007521811023622
20
0.147676811023622
11
0.0105699606299213
21
0.149200905511811
0
LINE
8
BLACK
6
CONTINUOUS
10
0.0105699606299213
20
0.149200905511811
11
0.0119929527559055
21
0.150623937007874
0
LINE
8
BLACK
6
CONTINUOUS
10
0.0119929527559055
20
0.150623937007874
11
0.0135170472440945
21
0.1536720866141732
0
LINE
8
BLACK
6
CONTINUOUS
10
0.0135170472440945
20
0.1536720866141732
11
0.0135170472440945
21
0.1602417322834646
0
LINE
8
BLACK
6
CONTINUOUS
10
0.0135170472440945
20
0.1602417322834646
11
0.0119929527559055
21
0.1632898818897638
0
LINE
8
BLACK
6
CONTINUOUS
10
0.0119929527559055
20
0.1632898818897638
11
0.0105699606299213
21
0.1647129133858268
0
LINE
8
BLACK
6
CONTINUOUS
10
0.0105699606299213
20
0.1647129133858268
11
0.007521811023622
21
0.1662370078740157
0
LINE
8
BLACK
6
CONTINUOUS
10
0.007521811023622
20
0.1662370078740157
11
0.000952125984252
21
0.1662370078740157
0
LINE
8
BLACK
6
CONTINUOUS
10
0.000952125984252
20
0.1662370078740157
11
-0.0020960236220472
21
0.1647129527559055
0
LINE
8
BLACK
6
CONTINUOUS
10
0.055608937007874
20
0.1700241732283465
11
0.0566742913385827
21
0.1689588188976378
0
LINE
8
BLACK
6
CONTINUOUS
10
0.0566742913385827
20
0.1689588188976378
11
0.0566742913385827
21
0.1674522047244094
0
LINE
8
BLACK
6
CONTINUOUS
10
0.0566742913385827
20
0.1674522047244094
11
0.0562475590551181
21
0.1668135826771653
0
LINE
8
BLACK
6
CONTINUOUS
10
0.0562475590551181
20
0.1668135826771653
11
0.0340789763779528
21
0.144645
0
LINE
8
BLACK
6
CONTINUOUS
10
0.0340789763779528
20
0.144645
11
0.0324522047244094
21
0.1397646062992126
0
LINE
8
BLACK
6
CONTINUOUS
10
0.0324522047244094
20
0.1397646062992126
11
0.0324522047244094
21
0.1367991732283464
0
LINE
8
BLACK
6
CONTINUOUS
10
0.0324522047244094
20
0.1367991732283464
11
0.0339762598425197
21
0.1337510236220472
0
LINE
8
BLACK
6
CONTINUOUS
10
0.0339762598425197
20
0.1337510236220472
11
0.0353992913385827
21
0.132328031496063
0
LINE
8
BLACK
6
CONTINUOUS
10
0.0353992913385827
20
0.132328031496063
11
0.0384474803149606
21
0.130803937007874
0
LINE
8
BLACK
6
CONTINUOUS
10
0.0384474803149606
20
0.130803937007874
11
0.0468918897637795
21
0.130803937007874
0
LINE
8
BLACK
6
CONTINUOUS
10
0.0468918897637795
20
0.130803937007874
11
0.0499400393700787
21
0.132328031496063
0
LINE
8
BLACK
6
CONTINUOUS
10
0.0499400393700787
20
0.132328031496063
11
0.0515888976377953
21
0.1339768897637795
0
LINE
8
BLACK
6
CONTINUOUS
10
0.0515888976377953
20
0.1339768897637795
11
0.0522275196850394
21
0.1344036220472441
0
LINE
8
BLACK
6
CONTINUOUS
10
0.0522275196850394
20
0.1344036220472441
11
0.0537341732283465
21
0.1344036220472441
0
LINE
8
BLACK
6
CONTINUOUS
10
0.0537341732283465
20
0.1344036220472441
11
0.0547995275590551
21
0.1333382677165354
0
LINE
8
BLACK
6
CONTINUOUS
10
0.0547995275590551
20
0.1333382677165354
11
0.0547995275590551
21
0.1318316141732283
0
LINE
8
BLACK
6
CONTINUOUS
10
0.0547995275590551
20
0.1318316141732283
11
0.0543727952755906
21
0.1311929921259843
0
LINE
8
BLACK
6
CONTINUOUS
10
0.0543727952755906
20
0.1311929921259843
11
0.052498031496063
21
0.1293182677165354
0
LINE
8
BLACK
6
CONTINUOUS
10
0.052498031496063
20
0.1293182677165354
11
0.0522357480314961
21
0.129143031496063
0
LINE
8
BLACK
6
CONTINUOUS
10
0.0522357480314961
20
0.129143031496063
11
0.0519864173228346
21
0.1289494881889764
0
LINE
8
BLACK
6
CONTINUOUS
10
0.0519864173228346
20
0.1289494881889764
11
0.0482369291338583
21
0.1270747637795276
0
LINE
8
BLACK
6
CONTINUOUS
10
0.0482369291338583
20
0.1270747637795276
11
0.048141811023622
21
0.1270487401574803
0
LINE
8
BLACK
6
CONTINUOUS
10
0.048141811023622
20
0.1270487401574803
11
0.0481098818897638
21
0.1270167716535433
0
LINE
8
BLACK
6
CONTINUOUS
10
0.0481098818897638
20
0.1270167716535433
11
0.0478003543307087
21
0.1269552362204724
0
LINE
8
BLACK
6
CONTINUOUS
10
0.0478003543307087
20
0.1269552362204724
11
0.0474961417322835
21
0.1268718897637795
0
LINE
8
BLACK
6
CONTINUOUS
10
0.0474961417322835
20
0.1268718897637795
11
0.0474532677165354
21
0.1268861811023622
0
LINE
8
BLACK
6
CONTINUOUS
10
0.0474532677165354
20
0.1268861811023622
11
0.0473565748031496
21
0.1268669291338583
0
LINE
8
BLACK
6
CONTINUOUS
10
0.0473565748031496
20
0.1268669291338583
11
0.0379827559055118
21
0.1268669291338583
0
LINE
8
BLACK
6
CONTINUOUS
10
0.0379827559055118
20
0.1268669291338583
11
0.0378860236220472
21
0.1268861811023622
0
LINE
8
BLACK
6
CONTINUOUS
10
0.0378860236220472
20
0.1268861811023622
11
0.037843188976378
21
0.1268718897637795
0
LINE
8
BLACK
6
CONTINUOUS
10
0.037843188976378
20
0.1268718897637795
11
0.037538937007874
21
0.1269552362204724
0
LINE
8
BLACK
6
CONTINUOUS
10
0.037538937007874
20
0.1269552362204724
11
0.0372294488188976
21
0.1270167716535433
0
LINE
8
BLACK
6
CONTINUOUS
10
0.0372294488188976
20
0.1270167716535433
11
0.0371974803149606
21
0.1270487401574803
0
LINE
8
BLACK
6
CONTINUOUS
10
0.0371974803149606
20
0.1270487401574803
11
0.0371024015748031
21
0.1270747637795276
0
LINE
8
BLACK
6
CONTINUOUS
10
0.0371024015748031
20
0.1270747637795276
11
0.033352874015748
21
0.1289495275590551
0
LINE
8
BLACK
6
CONTINUOUS
10
0.033352874015748
20
0.1289495275590551
11
0.0331037007874016
21
0.1291429133858268
0
LINE
8
BLACK
6
CONTINUOUS
10
0.0331037007874016
20
0.1291429133858268
11
0.0328412598425197
21
0.1293182677165354
0
LINE
8
BLACK
6
CONTINUOUS
10
0.0328412598425197
20
0.1293182677165354
11
0.0309665354330709
21
0.131193031496063
0
LINE
8
BLACK
6
CONTINUOUS
10
0.0309665354330709
20
0.131193031496063
11
0.0307912598425197
21
0.1314553149606299
0
LINE
8
BLACK
6
CONTINUOUS
10
0.0307912598425197
20
0.1314553149606299
11
0.0305977559055118
21
0.1317046456692913
0
LINE
8
BLACK
6
CONTINUOUS
10
0.0305977559055118
20
0.1317046456692913
11
0.028723031496063
21
0.1354541338582677
0
LINE
8
BLACK
6
CONTINUOUS
10
0.028723031496063
20
0.1354541338582677
11
0.028696968503937
21
0.1355492519685039
0
LINE
8
BLACK
6
CONTINUOUS
10
0.028696968503937
20
0.1355492519685039
11
0.0286650393700787
21
0.1355811811023622
0
LINE
8
BLACK
6
CONTINUOUS
10
0.0286650393700787
20
0.1355811811023622
11
0.0286034645669291
21
0.1358907086614173
0
LINE
8
BLACK
6
CONTINUOUS
10
0.0286034645669291
20
0.1358907086614173
11
0.028520157480315
21
0.1361949212598425
0
LINE
8
BLACK
6
CONTINUOUS
10
0.028520157480315
20
0.1361949212598425
11
0.0285344094488189
21
0.1362377952755905
0
LINE
8
BLACK
6
CONTINUOUS
10
0.0285344094488189
20
0.1362377952755905
11
0.0285151968503937
21
0.1363344881889764
0
LINE
8
BLACK
6
CONTINUOUS
10
0.0285151968503937
20
0.1363344881889764
11
0.0285151968503937
21
0.1400840157480315
0
LINE
8
BLACK
6
CONTINUOUS
10
0.0285151968503937
20
0.1400840157480315
11
0.0285767322834646
21
0.1403935826771653
0
LINE
8
BLACK
6
CONTINUOUS
10
0.0285767322834646
20
0.1403935826771653
11
0.0286162204724409
21
0.1407064960629921
0
LINE
8
BLACK
6
CONTINUOUS
10
0.0286162204724409
20
0.1407064960629921
11
0.0304909842519685
21
0.1463307874015748
0
LINE
8
BLACK
6
CONTINUOUS
10
0.0304909842519685
20
0.1463307874015748
11
0.0305398031496063
21
0.1464164566929134
0
LINE
8
BLACK
6
CONTINUOUS
10
0.0305398031496063
20
0.1464164566929134
11
0.0305398031496063
21
0.1464616141732283
0
LINE
8
BLACK
6
CONTINUOUS
10
0.0305398031496063
20
0.1464616141732283
11
0.0307151181102362
21
0.1467240157480315
0
LINE
8
BLACK
6
CONTINUOUS
10
0.0307151181102362
20
0.1467240157480315
11
0.0308713385826772
21
0.146998031496063
0
LINE
8
BLACK
6
CONTINUOUS
10
0.0308713385826772
20
0.146998031496063
11
0.0309117322834646
21
0.1470182677165354
0
LINE
8
BLACK
6
CONTINUOUS
10
0.0309117322834646
20
0.1470182677165354
11
0.0309665354330709
21
0.1471002362204724
0
LINE
8
BLACK
6
CONTINUOUS
10
0.0309665354330709
20
0.1471002362204724
11
0.0501032677165354
21
0.1662370078740157
0
LINE
8
BLACK
6
CONTINUOUS
10
0.0501032677165354
20
0.1662370078740157
11
0.0304837007874016
21
0.1662370078740157
0
LINE
8
BLACK
6
CONTINUOUS
10
0.0304837007874016
20
0.1662370078740157
11
0.0297303937007874
21
0.1663868503937008
0
LINE
8
BLACK
6
CONTINUOUS
10
0.0297303937007874
20
0.1663868503937008
11
0.0286650393700787
21
0.1674522047244094
0
LINE
8
BLACK
6
CONTINUOUS
10
0.0286650393700787
20
0.1674522047244094
11
0.0286650393700787
21
0.1689588188976378
0
LINE
8
BLACK
6
CONTINUOUS
10
0.0286650393700787
20
0.1689588188976378
11
0.0297303937007874
21
0.1700241732283465
0
LINE
8
BLACK
6
CONTINUOUS
10
0.0297303937007874
20
0.1700241732283465
11
0.0304837007874016
21
0.1701740157480315
0
LINE
8
BLACK
6
CONTINUOUS
10
0.0304837007874016
20
0.1701740157480315
11
0.0548556299212598
21
0.1701740157480315
0
LINE
8
BLACK
6
CONTINUOUS
10
0.0548556299212598
20
0.1701740157480315
11
0.055608937007874
21
0.1700241732283465
0
LINE
8
BLACK
6
CONTINUOUS
10
0.0912294881889764
20
0.1700241732283465
11
0.092294842519685
21
0.1689588188976378
0
LINE
8
BLACK
6
CONTINUOUS
10
0.092294842519685
20
0.1689588188976378
11
0.092294842519685
21
0.1674522047244094
0
LINE
8
BLACK
6
CONTINUOUS
10
0.092294842519685
20
0.1674522047244094
11
0.0912294881889764
21
0.1663868503937008
0
LINE
8
BLACK
6
CONTINUOUS
10
0.0912294881889764
20
0.1663868503937008
11
0.0904761811023622
21
0.1662370078740157
0
LINE
8
BLACK
6
CONTINUOUS
10
0.0904761811023622
20
0.1662370078740157
11
0.0811961023622047
21
0.1662370078740157
0
LINE
8
BLACK
6
CONTINUOUS
10
0.0811961023622047
20
0.1662370078740157
11
0.0811961023622047
21
0.135336968503937
0
LINE
8
BLACK
6
CONTINUOUS
10
0.0811961023622047
20
0.135336968503937
11
0.0813392519685039
21
0.1355516535433071
0
LINE
8
BLACK
6
CONTINUOUS
10
0.0813392519685039
20
0.1355516535433071
11
0.0814768897637795
21
0.1356896456692913
0
LINE
8
BLACK
6
CONTINUOUS
10
0.0814768897637795
20
0.1356896456692913
11
0.0815851968503937
21
0.1358516535433071
0
LINE
8
BLACK
6
CONTINUOUS
10
0.0815851968503937
20
0.1358516535433071
11
0.0853347244094488
21
0.1396011811023622
0
LINE
8
BLACK
6
CONTINUOUS
10
0.0853347244094488
20
0.1396011811023622
11
0.0855968897637795
21
0.1397764173228346
0
LINE
8
BLACK
6
CONTINUOUS
10
0.0855968897637795
20
0.1397764173228346
11
0.0858462992125984
21
0.1399699212598425
0
LINE
8
BLACK
6
CONTINUOUS
10
0.0858462992125984
20
0.1399699212598425
11
0.0895958267716535
21
0.1418446850393701
0
LINE
8
BLACK
6
CONTINUOUS
10
0.0895958267716535
20
0.1418446850393701
11
0.0903366141732283
21
0.1420475590551181
0
LINE
8
BLACK
6
CONTINUOUS
10
0.0903366141732283
20
0.1420475590551181
11
0.0917659448818898
21
0.1415711023622047
0
LINE
8
BLACK
6
CONTINUOUS
10
0.0917659448818898
20
0.1415711023622047
11
0.0924397244094488
21
0.1402235433070866
0
LINE
8
BLACK
6
CONTINUOUS
10
0.0924397244094488
20
0.1402235433070866
11
0.0919632677165354
21
0.1387942519685039
0
LINE
8
BLACK
6
CONTINUOUS
10
0.0919632677165354
20
0.1387942519685039
11
0.0913564960629921
21
0.1383233070866142
0
LINE
8
BLACK
6
CONTINUOUS
10
0.0913564960629921
20
0.1383233070866142
11
0.0878926377952756
21
0.1365914173228346
0
LINE
8
BLACK
6
CONTINUOUS
10
0.0878926377952756
20
0.1365914173228346
11
0.0845070078740157
21
0.1332057480314961
0
LINE
8
BLACK
6
CONTINUOUS
10
0.0845070078740157
20
0.1332057480314961
11
0.0808655118110236
21
0.1277435039370079
0
LINE
8
BLACK
6
CONTINUOUS
10
0.0808655118110236
20
0.1277435039370079
11
0.0803229527559055
21
0.127199842519685
0
LINE
8
BLACK
6
CONTINUOUS
10
0.0803229527559055
20
0.127199842519685
11
0.0801242125984252
21
0.1271601181102362
0
LINE
8
BLACK
6
CONTINUOUS
10
0.0801242125984252
20
0.1271601181102362
11
0.079980905511811
21
0.1270167716535433
0
LINE
8
BLACK
6
CONTINUOUS
10
0.079980905511811
20
0.1270167716535433
11
0.0794075984251968
21
0.1270167716535433
0
LINE
8
BLACK
6
CONTINUOUS
10
0.0794075984251968
20
0.1270167716535433
11
0.0788455905511811
21
0.1269043700787401
0
LINE
8
BLACK
6
CONTINUOUS
10
0.0788455905511811
20
0.1269043700787401
11
0.078676968503937
21
0.1270167716535433
0
LINE
8
BLACK
6
CONTINUOUS
10
0.078676968503937
20
0.1270167716535433
11
0.0784742913385827
21
0.1270167716535433
0
LINE
8
BLACK
6
CONTINUOUS
10
0.0784742913385827
20
0.1270167716535433
11
0.0780688976377953
21
0.1274221653543307
0
LINE
8
BLACK
6
CONTINUOUS
10
0.0780688976377953
20
0.1274221653543307
11
0.0775920078740158
21
0.1277400787401575
0
LINE
8
BLACK
6
CONTINUOUS
10
0.0775920078740158
20
0.1277400787401575
11
0.0775522440944882
21
0.1279388188976378
0
LINE
8
BLACK
6
CONTINUOUS
10
0.0775522440944882
20
0.1279388188976378
11
0.077408937007874
21
0.128082125984252
0
LINE
8
BLACK
6
CONTINUOUS
10
0.077408937007874
20
0.128082125984252
11
0.077259094488189
21
0.1288354330708661
0
LINE
8
BLACK
6
CONTINUOUS
10
0.077259094488189
20
0.1288354330708661
11
0.077259094488189
21
0.1662370078740157
0
LINE
8
BLACK
6
CONTINUOUS
10
0.077259094488189
20
0.1662370078740157
11
0.0679790157480315
21
0.1662370078740157
0
LINE
8
BLACK
6
CONTINUOUS
10
0.0679790157480315
20
0.1662370078740157
11
0.0672257086614173
21
0.1663868503937008
0
LINE
8
BLACK
6
CONTINUOUS
10
0.0672257086614173
20
0.1663868503937008
11
0.0661603543307087
21
0.1674522047244094
0
LINE
8
BLACK
6
CONTINUOUS
10
0.0661603543307087
20
0.1674522047244094
11
0.0661603543307087
21
0.1689588188976378
0
LINE
8
BLACK
6
CONTINUOUS
10
0.0661603543307087
20
0.1689588188976378
11
0.0672257086614173
21
0.1700241732283465
0
LINE
8
BLACK
6
CONTINUOUS
10
0.0672257086614173
20
0.1700241732283465
11
0.0679790157480315
21
0.1701740157480315
0
LINE
8
BLACK
6
CONTINUOUS
10
0.0679790157480315
20
0.1701740157480315
11
0.0904761811023622
21
0.1701740157480315
0
LINE
8
BLACK
6
CONTINUOUS
10
0.0904761811023622
20
0.1701740157480315
11
0.0912294881889764
21
0.1700241732283465
0
LINE
8
BLACK
6
CONTINUOUS
10
-0.0484153149606299
20
0.169170157480315
11
-0.0482357874015748
21
0.1676742519685039
0
LINE
8
BLACK
6
CONTINUOUS
10
-0.0482357874015748
20
0.1676742519685039
11
-0.0485833858267717
21
0.1669893307086614
0
LINE
8
BLACK
6
CONTINUOUS
10
-0.0485833858267717
20
0.1669893307086614
11
-0.0579390551181102
21
0.1550821653543307
0
LINE
8
BLACK
6
CONTINUOUS
10
-0.0579390551181102
20
0.1550821653543307
11
-0.0485833858267717
21
0.1431749606299212
0
LINE
8
BLACK
6
CONTINUOUS
10
-0.0485833858267717
20
0.1431749606299212
11
-0.0482357874015748
21
0.1424900393700787
0
LINE
8
BLACK
6
CONTINUOUS
10
-0.0482357874015748
20
0.1424900393700787
11
-0.0484153149606299
21
0.1409941338582677
0
LINE
8
BLACK
6
CONTINUOUS
10
-0.0484153149606299
20
0.1409941338582677
11
-0.0496
21
0.1400633070866142
0
LINE
8
BLACK
6
CONTINUOUS
10
-0.0496
20
0.1400633070866142
11
-0.051095905511811
21
0.1402428346456693
0
LINE
8
BLACK
6
CONTINUOUS
10
-0.051095905511811
20
0.1402428346456693
11
-0.0516791338582677
21
0.1407425984251968
0
LINE
8
BLACK
6
CONTINUOUS
10
-0.0516791338582677
20
0.1407425984251968
11
-0.0604424803149606
21
0.1518959448818898
0
LINE
8
BLACK
6
CONTINUOUS
10
-0.0604424803149606
20
0.1518959448818898
11
-0.0692057874015748
21
0.1407425984251968
0
LINE
8
BLACK
6
CONTINUOUS
10
-0.0692057874015748
20
0.1407425984251968
11
-0.0697890157480315
21
0.1402428346456693
0
LINE
8
BLACK
6
CONTINUOUS
10
-0.0697890157480315
20
0.1402428346456693
11
-0.0712849212598425
21
0.1400633070866142
0
LINE
8
BLACK
6
CONTINUOUS
10
-0.0712849212598425
20
0.1400633070866142
11
-0.0724696062992126
21
0.1409941338582677
0
LINE
8
BLACK
6
CONTINUOUS
10
-0.0724696062992126
20
0.1409941338582677
11
-0.0726491338582677
21
0.1424900393700787
0
LINE
8
BLACK
6
CONTINUOUS
10
-0.0726491338582677
20
0.1424900393700787
11
-0.0723015354330709
21
0.1431749606299212
0
LINE
8
BLACK
6
CONTINUOUS
10
-0.0723015354330709
20
0.1431749606299212
11
-0.062945905511811
21
0.1550821653543307
0
LINE
8
BLACK
6
CONTINUOUS
10
-0.062945905511811
20
0.1550821653543307
11
-0.0723015354330709
21
0.1669893307086614
0
LINE
8
BLACK
6
CONTINUOUS
10
-0.0723015354330709
20
0.1669893307086614
11
-0.0726491338582677
21
0.1676742519685039
0
LINE
8
BLACK
6
CONTINUOUS
10
-0.0726491338582677
20
0.1676742519685039
11
-0.0724696062992126
21
0.169170157480315
0
LINE
8
BLACK
6
CONTINUOUS
10
-0.0724696062992126
20
0.169170157480315
11
-0.0712849212598425
21
0.1701009842519685
0
LINE
8
BLACK
6
CONTINUOUS
10
-0.0712849212598425
20
0.1701009842519685
11
-0.0697890157480315
21
0.1699214566929134
0
LINE
8
BLACK
6
CONTINUOUS
10
-0.0697890157480315
20
0.1699214566929134
11
-0.0692057874015748
21
0.1694216929133858
0
LINE
8
BLACK
6
CONTINUOUS
10
-0.0692057874015748
20
0.1694216929133858
11
-0.0604424803149606
21
0.1582683858267717
0
LINE
8
BLACK
6
CONTINUOUS
10
-0.0604424803149606
20
0.1582683858267717
11
-0.0516791338582677
21
0.1694216929133858
0
LINE
8
BLACK
6
CONTINUOUS
10
-0.0516791338582677
20
0.1694216929133858
11
-0.051095905511811
21
0.1699214566929134
0
LINE
8
BLACK
6
CONTINUOUS
10
-0.051095905511811
20
0.1699214566929134
11
-0.0496
21
0.1701009842519685
0
LINE
8
BLACK
6
CONTINUOUS
10
-0.0496
20
0.1701009842519685
11
-0.0484153149606299
21
0.169170157480315
0
LINE
8
BLACK
6
CONTINUOUS
10
-0.0405033858267717
20
0.6066713385826772
11
-0.0404256299212598
21
0.6066768503937008
0
LINE
8
BLACK
6
CONTINUOUS
10
-0.0404256299212598
20
0.6066768503937008
11
-0.0403233858267717
21
0.606653622047244
0
LINE
8
BLACK
6
CONTINUOUS
10
-0.0403233858267717
20
0.606653622047244
11
-0.0402188582677165
21
0.6066433070866142
0
LINE
8
BLACK
6
CONTINUOUS
10
-0.0402188582677165
20
0.6066433070866142
11
-0.0401467716535433
21
0.6066134645669291
0
LINE
8
BLACK
6
CONTINUOUS
10
-0.0401467716535433
20
0.6066134645669291
11
-0.0398611811023622
21
0.6065485039370079
0
LINE
8
BLACK
6
CONTINUOUS
10
-0.0398611811023622
20
0.6065485039370079
11
-0.0342368897637795
21
0.6046737401574803
0
LINE
8
BLACK
6
CONTINUOUS
10
-0.0342368897637795
20
0.6046737401574803
11
-0.0337083464566929
21
0.6044377559055117
0
LINE
8
BLACK
6
CONTINUOUS
10
-0.0337083464566929
20
0.6044377559055117
11
-0.0336282283464567
21
0.6043682677165354
0
LINE
8
BLACK
6
CONTINUOUS
10
-0.0336282283464567
20
0.6043682677165354
11
-0.033530157480315
21
0.6043276377952755
0
LINE
8
BLACK
6
CONTINUOUS
10
-0.033530157480315
20
0.6043276377952755
11
-0.0330827165354331
21
0.6039604330708661
0
LINE
8
BLACK
6
CONTINUOUS
10
-0.0330827165354331
20
0.6039604330708661
11
-0.029333188976378
21
0.600210905511811
0
LINE
8
BLACK
6
CONTINUOUS
10
-0.029333188976378
20
0.600210905511811
11
-0.0291473622047244
21
0.5999845275590551
0
LINE
8
BLACK
6
CONTINUOUS
10
-0.0291473622047244
20
0.5999845275590551
11
-0.0290884251968504
21
0.5999333858267717
0
LINE
8
BLACK
6
CONTINUOUS
10
-0.0290884251968504
20
0.5999333858267717
11
-0.0290325590551181
21
0.5998446456692913
0
LINE
8
BLACK
6
CONTINUOUS
10
-0.0290325590551181
20
0.5998446456692913
11
-0.0289659448818898
21
0.5997634645669291
0
LINE
8
BLACK
6
CONTINUOUS
10
-0.0289659448818898
20
0.5997634645669291
11
-0.0289361023622047
21
0.5996913385826772
0
LINE
8
BLACK
6
CONTINUOUS
10
-0.0289361023622047
20
0.5996913385826772
11
-0.0287800787401575
21
0.5994435039370078
0
LINE
8
BLACK
6
CONTINUOUS
10
-0.0287800787401575
20
0.5994435039370078
11
-0.0269053149606299
21
0.5956939763779527
0
LINE
8
BLACK
6
CONTINUOUS
10
-0.0269053149606299
20
0.5956939763779527
11
-0.0268892125984252
21
0.5956518897637795
0
LINE
8
BLACK
6
CONTINUOUS
10
-0.0268892125984252
20
0.5956518897637795
11
-0.0268764960629921
21
0.5956347244094488
0
LINE
8
BLACK
6
CONTINUOUS
10
-0.0268764960629921
20
0.5956347244094488
11
-0.0267904330708661
21
0.5953938188976378
0
LINE
8
BLACK
6
CONTINUOUS
10
-0.0267904330708661
20
0.5953938188976378
11
-0.0266984251968504
21
0.5951533858267717
0
LINE
8
BLACK
6
CONTINUOUS
10
-0.0266984251968504
20
0.5951533858267717
11
-0.0266969291338583
21
0.5951321259842519
0
LINE
8
BLACK
6
CONTINUOUS
10
-0.0266969291338583
20
0.5951321259842519
11
-0.0266817322834646
21
0.5950896062992126
0
LINE
8
BLACK
6
CONTINUOUS
10
-0.0266817322834646
20
0.5950896062992126
11
-0.024806968503937
21
0.5875905511811024
0
LINE
8
BLACK
6
CONTINUOUS
10
-0.024806968503937
20
0.5875905511811024
11
-0.0247922047244094
21
0.5874907086614173
0
LINE
8
BLACK
6
CONTINUOUS
10
-0.0247922047244094
20
0.5874907086614173
11
-0.0247755511811024
21
0.5874504724409448
0
LINE
8
BLACK
6
CONTINUOUS
10
-0.0247755511811024
20
0.5874504724409448
11
-0.0247542125984252
21
0.5872334645669292
0
LINE
8
BLACK
6
CONTINUOUS
10
-0.0247542125984252
20
0.5872334645669292
11
-0.0247223228346457
21
0.5870179527559055
0
LINE
8
BLACK
6
CONTINUOUS
10
-0.0247223228346457
20
0.5870179527559055
11
-0.0247287401574803
21
0.5869749606299213
0
LINE
8
BLACK
6
CONTINUOUS
10
-0.0247287401574803
20
0.5869749606299213
11
-0.0247188188976378
21
0.5868744094488189
0
LINE
8
BLACK
6
CONTINUOUS
10
-0.0247188188976378
20
0.5868744094488189
11
-0.0247188188976378
21
0.5812501181102362
0
LINE
8
BLACK
6
CONTINUOUS
10
-0.0247188188976378
20
0.5812501181102362
11
-0.0247287401574803
21
0.5811496062992126
0
LINE
8
BLACK
6
CONTINUOUS
10
-0.0247287401574803
20
0.5811496062992126
11
-0.0247223228346457
21
0.5811065748031496
0
LINE
8
BLACK
6
CONTINUOUS
10
-0.0247223228346457
20
0.5811065748031496
11
-0.0247542125984252
21
0.5808911023622048
0
LINE
8
BLACK
6
CONTINUOUS
10
-0.0247542125984252
20
0.5808911023622048
11
-0.0247755511811024
21
0.5806740551181102
0
LINE
8
BLACK
6
CONTINUOUS
10
-0.0247755511811024
20
0.5806740551181102
11
-0.0247922047244094
21
0.5806338582677165
0
LINE
8
BLACK
6
CONTINUOUS
10
-0.0247922047244094
20
0.5806338582677165
11
-0.024806968503937
21
0.5805339763779528
0
LINE
8
BLACK
6
CONTINUOUS
10
-0.024806968503937
20
0.5805339763779528
11
-0.0266817322834646
21
0.5730349212598425
0
LINE
8
BLACK
6
CONTINUOUS
10
-0.0266817322834646
20
0.5730349212598425
11
-0.0266969291338583
21
0.5729924409448819
0
LINE
8
BLACK
6
CONTINUOUS
10
-0.0266969291338583
20
0.5729924409448819
11
-0.0266984251968504
21
0.5729711417322835
0
LINE
8
BLACK
6
CONTINUOUS
10
-0.0266984251968504
20
0.5729711417322835
11
-0.0267901968503937
21
0.5727314173228346
0
LINE
8
BLACK
6
CONTINUOUS
10
-0.0267901968503937
20
0.5727314173228346
11
-0.0268764960629921
21
0.5724898031496063
0
LINE
8
BLACK
6
CONTINUOUS
10
-0.0268764960629921
20
0.5724898031496063
11
-0.0268892125984252
21
0.5724726771653543
0
LINE
8
BLACK
6
CONTINUOUS
10
-0.0268892125984252
20
0.5724726771653543
11
-0.0269053149606299
21
0.5724305511811023
0
LINE
8
BLACK
6
CONTINUOUS
10
-0.0269053149606299
20
0.5724305511811023
11
-0.0287800787401575
21
0.5686810236220472
0
LINE
8
BLACK
6
CONTINUOUS
10
-0.0287800787401575
20
0.5686810236220472
11
-0.0289361417322835
21
0.5684331496062992
0
LINE
8
BLACK
6
CONTINUOUS
10
-0.0289361417322835
20
0.5684331496062992
11
-0.0289659448818898
21
0.5683611023622047
0
LINE
8
BLACK
6
CONTINUOUS
10
-0.0289659448818898
20
0.5683611023622047
11
-0.0290324803149606
21
0.5682800787401575
0
LINE
8
BLACK
6
CONTINUOUS
10
-0.0290324803149606
20
0.5682800787401575
11
-0.0290884251968504
21
0.5681911417322835
0
LINE
8
BLACK
6
CONTINUOUS
10
-0.0290884251968504
20
0.5681911417322835
11
-0.0291474409448819
21
0.56814
0
LINE
8
BLACK
6
CONTINUOUS
10
-0.0291474409448819
20
0.56814
11
-0.0293331496062992
21
0.5679136614173228
0
LINE
8
BLACK
6
CONTINUOUS
10
-0.0293331496062992
20
0.5679136614173228
11
-0.0330827165354331
21
0.5641640551181102
0
LINE
8
BLACK
6
CONTINUOUS
10
-0.0330827165354331
20
0.5641640551181102
11
-0.033530157480315
21
0.5637968503937008
0
LINE
8
BLACK
6
CONTINUOUS
10
-0.033530157480315
20
0.5637968503937008
11
-0.0336282283464567
21
0.5637562598425196
0
LINE
8
BLACK
6
CONTINUOUS
10
-0.0336282283464567
20
0.5637562598425196
11
-0.0337083464566929
21
0.5636867322834646
0
LINE
8
BLACK
6
CONTINUOUS
10
-0.0337083464566929
20
0.5636867322834646
11
-0.0342368897637795
21
0.5634507480314961
0
LINE
8
BLACK
6
CONTINUOUS
10
-0.0342368897637795
20
0.5634507480314961
11
-0.0398611811023622
21
0.5615759842519685
0
LINE
8
BLACK
6
CONTINUOUS
10
-0.0398611811023622
20
0.5615759842519685
11
-0.0401467716535433
21
0.5615110629921259
0
LINE
8
BLACK
6
CONTINUOUS
10
-0.0401467716535433
20
0.5615110629921259
11
-0.0402188582677165
21
0.5614811811023622
0
LINE
8
BLACK
6
CONTINUOUS
10
-0.0402188582677165
20
0.5614811811023622
11
-0.0403233858267717
21
0.561470905511811
0
LINE
8
BLACK
6
CONTINUOUS
10
-0.0403233858267717
20
0.561470905511811
11
-0.0404256299212598
21
0.5614476377952756
0
LINE
8
BLACK
6
CONTINUOUS
10
-0.0404256299212598
20
0.5614476377952756
11
-0.0405033858267717
21
0.561453188976378
0
LINE
8
BLACK
6
CONTINUOUS
10
-0.0405033858267717
20
0.561453188976378
11
-0.0407949212598425
21
0.5614244488188976
0
LINE
8
BLACK
6
CONTINUOUS
10
-0.0407949212598425
20
0.5614244488188976
11
-0.0501687401574803
21
0.5614244488188976
0
LINE
8
BLACK
6
CONTINUOUS
10
-0.0501687401574803
20
0.5614244488188976
11
-0.0507448031496063
21
0.5614811811023622
0
LINE
8
BLACK
6
CONTINUOUS
10
-0.0507448031496063
20
0.5614811811023622
11
-0.0518092125984252
21
0.5619220866141732
0
LINE
8
BLACK
6
CONTINUOUS
10
-0.0518092125984252
20
0.5619220866141732
11
-0.0526238582677165
21
0.5627367322834645
0
LINE
8
BLACK
6
CONTINUOUS
10
-0.0526238582677165
20
0.5627367322834645
11
-0.0530647637795276
21
0.5638011417322835
0
LINE
8
BLACK
6
CONTINUOUS
10
-0.0530647637795276
20
0.5638011417322835
11
-0.0531214960629921
21
0.5643772047244094
0
LINE
8
BLACK
6
CONTINUOUS
10
-0.0531214960629921
20
0.5643772047244094
11
-0.0531214960629921
21
0.603747283464567
0
LINE
8
BLACK
6
CONTINUOUS
10
-0.0531214960629921
20
0.603747283464567
11
-0.0530647637795276
21
0.6043233464566929
0
LINE
8
BLACK
6
CONTINUOUS
10
-0.0530647637795276
20
0.6043233464566929
11
-0.0526238582677165
21
0.6053877559055117
0
LINE
8
BLACK
6
CONTINUOUS
10
-0.0526238582677165
20
0.6053877559055117
11
-0.0518092125984252
21
0.6062024015748031
0
LINE
8
BLACK
6
CONTINUOUS
10
-0.0518092125984252
20
0.6062024015748031
11
-0.0507448031496063
21
0.6066433070866142
0
LINE
8
BLACK
6
CONTINUOUS
10
-0.0507448031496063
20
0.6066433070866142
11
-0.0501687401574803
21
0.6067000393700788
0
LINE
8
BLACK
6
CONTINUOUS
10
-0.0501687401574803
20
0.6067000393700788
11
-0.0407949212598425
21
0.6067000393700788
0
LINE
8
BLACK
6
CONTINUOUS
10
-0.0407949212598425
20
0.6067000393700788
11
-0.0405033858267717
21
0.6066713385826772
0
LINE
8
BLACK
6
CONTINUOUS
10
-0.0472159842519685
20
0.5673299606299212
11
-0.0412740551181102
21
0.5673299606299212
0
LINE
8
BLACK
6
CONTINUOUS
10
-0.0412740551181102
20
0.5673299606299212
11
-0.0367656692913386
21
0.5688327952755905
0
LINE
8
BLACK
6
CONTINUOUS
10
-0.0367656692913386
20
0.5688327952755905
11
-0.033847874015748
21
0.5717506299212598
0
LINE
8
BLACK
6
CONTINUOUS
10
-0.033847874015748
20
0.5717506299212598
11
-0.0323323622047244
21
0.5747816141732284
0
LINE
8
BLACK
6
CONTINUOUS
10
-0.0323323622047244
20
0.5747816141732284
11
-0.0306243307086614
21
0.5816136614173228
0
LINE
8
BLACK
6
CONTINUOUS
10
-0.0306243307086614
20
0.5816136614173228
11
-0.0306243307086614
21
0.5865108661417323
0
LINE
8
BLACK
6
CONTINUOUS
10
-0.0306243307086614
20
0.5865108661417323
11
-0.0323323622047244
21
0.5933429133858268
0
LINE
8
BLACK
6
CONTINUOUS
10
-0.0323323622047244
20
0.5933429133858268
11
-0.0338478346456693
21
0.5963738976377952
0
LINE
8
BLACK
6
CONTINUOUS
10
-0.0338478346456693
20
0.5963738976377952
11
-0.0367656692913386
21
0.5992917322834646
0
LINE
8
BLACK
6
CONTINUOUS
10
-0.0367656692913386
20
0.5992917322834646
11
-0.0412740551181102
21
0.6007945275590552
0
LINE
8
BLACK
6
CONTINUOUS
10
-0.0412740551181102
20
0.6007945275590552
11
-0.0472159842519685
21
0.6007945275590552
0
LINE
8
BLACK
6
CONTINUOUS
10
-0.0472159842519685
20
0.6007945275590552
11
-0.0472159842519685
21
0.5673299606299212
0
LINE
8
BLACK
6
CONTINUOUS
10
0.0044909842519685
20
0.6066713385826772
11
0.0045687401574803
21
0.6066768503937008
0
LINE
8
BLACK
6
CONTINUOUS
10
0.0045687401574803
20
0.6066768503937008
11
0.0046709842519685
21
0.606653622047244
0
LINE
8
BLACK
6
CONTINUOUS
10
0.0046709842519685
20
0.606653622047244
11
0.0047755118110236
21
0.6066433070866142
0
LINE
8
BLACK
6
CONTINUOUS
10
0.0047755118110236
20
0.6066433070866142
11
0.0048475984251969
21
0.6066134645669291
0
LINE
8
BLACK
6
CONTINUOUS
10
0.0048475984251969
20
0.6066134645669291
11
0.005133188976378
21
0.6065485039370079
0
LINE
8
BLACK
6
CONTINUOUS
10
0.005133188976378
20
0.6065485039370079
11
0.0107574803149606
21
0.6046737401574803
0
LINE
8
BLACK
6
CONTINUOUS
10
0.0107574803149606
20
0.6046737401574803
11
0.0112860236220472
21
0.6044377559055117
0
LINE
8
BLACK
6
CONTINUOUS
10
0.0112860236220472
20
0.6044377559055117
11
0.0121563779527559
21
0.603682874015748
0
LINE
8
BLACK
6
CONTINUOUS
10
0.0121563779527559
20
0.603682874015748
11
0.0126716141732283
21
0.6026524409448819
0
LINE
8
BLACK
6
CONTINUOUS
10
0.0126716141732283
20
0.6026524409448819
11
0.0127533070866142
21
0.6015032283464566
0
LINE
8
BLACK
6
CONTINUOUS
10
0.0127533070866142
20
0.6015032283464566
11
0.0123889763779528
21
0.6004102362204724
0
LINE
8
BLACK
6
CONTINUOUS
10
0.0123889763779528
20
0.6004102362204724
11
0.011634094488189
21
0.5995398425196851
0
LINE
8
BLACK
6
CONTINUOUS
10
0.011634094488189
20
0.5995398425196851
11
0.0106036220472441
21
0.5990246456692914
0
LINE
8
BLACK
6
CONTINUOUS
10
0.0106036220472441
20
0.5990246456692914
11
0.0094544094488189
21
0.5989429527559055
0
LINE
8
BLACK
6
CONTINUOUS
10
0.0094544094488189
20
0.5989429527559055
11
0.0088899606299213
21
0.5990712992125984
0
LINE
8
BLACK
6
CONTINUOUS
10
0.0088899606299213
20
0.5990712992125984
11
0.0037203149606299
21
0.6007945275590552
0
LINE
8
BLACK
6
CONTINUOUS
10
0.0037203149606299
20
0.6007945275590552
11
-0.0044773228346457
21
0.6007945275590552
0
LINE
8
BLACK
6
CONTINUOUS
10
-0.0044773228346457
20
0.6007945275590552
11
-0.0071748031496063
21
0.5994457874015748
0
LINE
8
BLACK
6
CONTINUOUS
10
-0.0071748031496063
20
0.5994457874015748
11
-0.0083719291338583
21
0.5982486614173228
0
LINE
8
BLACK
6
CONTINUOUS
10
-0.0083719291338583
20
0.5982486614173228
11
-0.0097206692913386
21
0.5955511811023622
0
LINE
8
BLACK
6
CONTINUOUS
10
-0.0097206692913386
20
0.5955511811023622
11
-0.0097206692913386
21
0.593195748031496
0
LINE
8
BLACK
6
CONTINUOUS
10
-0.0097206692913386
20
0.593195748031496
11
-0.0083719291338583
21
0.5904982677165355
0
LINE
8
BLACK
6
CONTINUOUS
10
-0.0083719291338583
20
0.5904982677165355
11
-0.0071748031496063
21
0.5893011417322834
0
LINE
8
BLACK
6
CONTINUOUS
10
-0.0071748031496063
20
0.5893011417322834
11
-0.0041438188976378
21
0.5877856692913386
0
LINE
8
BLACK
6
CONTINUOUS
10
-0.0041438188976378
20
0.5877856692913386
11
0.0030408267716535
21
0.5859894881889763
0
LINE
8
BLACK
6
CONTINUOUS
10
0.0030408267716535
20
0.5859894881889763
11
0.0030833070866142
21
0.5859743307086615
0
LINE
8
BLACK
6
CONTINUOUS
10
0.0030833070866142
20
0.5859743307086615
11
0.0031045669291339
21
0.5859727952755905
0
LINE
8
BLACK
6
CONTINUOUS
10
0.0031045669291339
20
0.5859727952755905
11
0.0033439763779528
21
0.5858811811023622
0
LINE
8
BLACK
6
CONTINUOUS
10
0.0033439763779528
20
0.5858811811023622
11
0.0035859448818898
21
0.5857947244094488
0
LINE
8
BLACK
6
CONTINUOUS
10
0.0035859448818898
20
0.5857947244094488
11
0.0036030708661417
21
0.5857820472440944
0
LINE
8
BLACK
6
CONTINUOUS
10
0.0036030708661417
20
0.5857820472440944
11
0.0036451968503937
21
0.585765905511811
0
LINE
8
BLACK
6
CONTINUOUS
10
0.0036451968503937
20
0.585765905511811
11
0.0073947244094488
21
0.5838911417322834
0
LINE
8
BLACK
6
CONTINUOUS
10
0.0073947244094488
20
0.5838911417322834
11
0.0076427165354331
21
0.5837350787401575
0
LINE
8
BLACK
6
CONTINUOUS
10
0.0076427165354331
20
0.5837350787401575
11
0.0077146850393701
21
0.5837052362204724
0
LINE
8
BLACK
6
CONTINUOUS
10
0.0077146850393701
20
0.5837052362204724
11
0.0077956299212598
21
0.583638779527559
0
LINE
8
BLACK
6
CONTINUOUS
10
0.0077956299212598
20
0.583638779527559
11
0.0078846062992126
21
0.5835827952755905
0
LINE
8
BLACK
6
CONTINUOUS
10
0.0078846062992126
20
0.5835827952755905
11
0.0079357480314961
21
0.5835238188976378
0
LINE
8
BLACK
6
CONTINUOUS
10
0.0079357480314961
20
0.5835238188976378
11
0.008162125984252
21
0.583338031496063
0
LINE
8
BLACK
6
CONTINUOUS
10
0.008162125984252
20
0.583338031496063
11
0.0100368897637795
21
0.5814632677165354
0
LINE
8
BLACK
6
CONTINUOUS
10
0.0100368897637795
20
0.5814632677165354
11
0.0102226377952756
21
0.5812369291338583
0
LINE
8
BLACK
6
CONTINUOUS
10
0.0102226377952756
20
0.5812369291338583
11
0.0102816535433071
21
0.581185748031496
0
LINE
8
BLACK
6
CONTINUOUS
10
0.0102816535433071
20
0.581185748031496
11
0.0103375984251968
21
0.581096811023622
0
LINE
8
BLACK
6
CONTINUOUS
10
0.0103375984251968
20
0.581096811023622
11
0.010404094488189
21
0.5810158267716535
0
LINE
8
BLACK
6
CONTINUOUS
10
0.010404094488189
20
0.5810158267716535
11
0.0104338976377953
21
0.5809438976377953
0
LINE
8
BLACK
6
CONTINUOUS
10
0.0104338976377953
20
0.5809438976377953
11
0.01059
21
0.5806958661417323
0
LINE
8
BLACK
6
CONTINUOUS
10
0.01059
20
0.5806958661417323
11
0.0124647637795276
21
0.5769463385826772
0
LINE
8
BLACK
6
CONTINUOUS
10
0.0124647637795276
20
0.5769463385826772
11
0.0126716535433071
21
0.576405748031496
0
LINE
8
BLACK
6
CONTINUOUS
10
0.0126716535433071
20
0.576405748031496
11
0.0126791732283465
21
0.5762998818897638
0
LINE
8
BLACK
6
CONTINUOUS
10
0.0126791732283465
20
0.5762998818897638
11
0.0127197637795276
21
0.5762018897637795
0
LINE
8
BLACK
6
CONTINUOUS
10
0.0127197637795276
20
0.5762018897637795
11
0.0127764960629921
21
0.5756258267716535
0
LINE
8
BLACK
6
CONTINUOUS
10
0.0127764960629921
20
0.5756258267716535
11
0.0127764960629921
21
0.5718762992125984
0
LINE
8
BLACK
6
CONTINUOUS
10
0.0127764960629921
20
0.5718762992125984
11
0.0127197637795276
21
0.5713002362204724
0
LINE
8
BLACK
6
CONTINUOUS
10
0.0127197637795276
20
0.5713002362204724
11
0.0126791732283465
21
0.5712022834645669
0
LINE
8
BLACK
6
CONTINUOUS
10
0.0126791732283465
20
0.5712022834645669
11
0.0126716535433071
21
0.5710963779527559
0
LINE
8
BLACK
6
CONTINUOUS
10
0.0126716535433071
20
0.5710963779527559
11
0.0124647637795276
21
0.5705557874015748
0
LINE
8
BLACK
6
CONTINUOUS
10
0.0124647637795276
20
0.5705557874015748
11
0.01059
21
0.5668062598425196
0
LINE
8
BLACK
6
CONTINUOUS
10
0.01059
20
0.5668062598425196
11
0.010433937007874
21
0.5665583858267716
0
LINE
8
BLACK
6
CONTINUOUS
10
0.010433937007874
20
0.5665583858267716
11
0.0104041338582677
21
0.5664863385826772
0
LINE
8
BLACK
6
CONTINUOUS
10
0.0104041338582677
20
0.5664863385826772
11
0.0103375984251968
21
0.56640531496063
0
LINE
8
BLACK
6
CONTINUOUS
10
0.0103375984251968
20
0.56640531496063
11
0.0102816535433071
21
0.5663163779527559
0
LINE
8
BLACK
6
CONTINUOUS
10
0.0102816535433071
20
0.5663163779527559
11
0.0102226377952756
21
0.5662652362204724
0
LINE
8
BLACK
6
CONTINUOUS
10
0.0102226377952756
20
0.5662652362204724
11
0.0100368897637795
21
0.5660388582677165
0
LINE
8
BLACK
6
CONTINUOUS
10
0.0100368897637795
20
0.5660388582677165
11
0.0081621653543307
21
0.5641640944881889
0
LINE
8
BLACK
6
CONTINUOUS
10
0.0081621653543307
20
0.5641640944881889
11
0.0079357874015748
21
0.5639783464566929
0
LINE
8
BLACK
6
CONTINUOUS
10
0.0079357874015748
20
0.5639783464566929
11
0.0078846062992126
21
0.5639192913385827
0
LINE
8
BLACK
6
CONTINUOUS
10
0.0078846062992126
20
0.5639192913385827
11
0.0077956299212598
21
0.5638633070866141
0
LINE
8
BLACK
6
CONTINUOUS
10
0.0077956299212598
20
0.5638633070866141
11
0.0077146850393701
21
0.5637968503937008
0
LINE
8
BLACK
6
CONTINUOUS
10
0.0077146850393701
20
0.5637968503937008
11
0.0076427165354331
21
0.5637670472440944
0
LINE
8
BLACK
6
CONTINUOUS
10
0.0076427165354331
20
0.5637670472440944
11
0.0073947244094488
21
0.5636109448818898
0
LINE
8
BLACK
6
CONTINUOUS
10
0.0073947244094488
20
0.5636109448818898
11
0.0036451968503937
21
0.5617361811023622
0
LINE
8
BLACK
6
CONTINUOUS
10
0.0036451968503937
20
0.5617361811023622
11
0.0031045669291339
21
0.5615292913385826
0
LINE
8
BLACK
6
CONTINUOUS
10
0.0031045669291339
20
0.5615292913385826
11
0.0029987401574803
21
0.5615218110236221
0
LINE
8
BLACK
6
CONTINUOUS
10
0.0029987401574803
20
0.5615218110236221
11
0.0029007480314961
21
0.5614811811023622
0
LINE
8
BLACK
6
CONTINUOUS
10
0.0029007480314961
20
0.5614811811023622
11
0.0023246850393701
21
0.5614244488188976
0
LINE
8
BLACK
6
CONTINUOUS
10
0.0023246850393701
20
0.5614244488188976
11
-0.0070491338582677
21
0.5614244488188976
0
LINE
8
BLACK
6
CONTINUOUS
10
-0.0070491338582677
20
0.5614244488188976
11
-0.0073407480314961
21
0.561453188976378
0
LINE
8
BLACK
6
CONTINUOUS
10
-0.0073407480314961
20
0.561453188976378
11
-0.0074184645669291
21
0.5614476377952756
0
LINE
8
BLACK
6
CONTINUOUS
10
-0.0074184645669291
20
0.5614476377952756
11
-0.0075207480314961
21
0.561470905511811
0
LINE
8
BLACK
6
CONTINUOUS
10
-0.0075207480314961
20
0.561470905511811
11
-0.0076251968503937
21
0.5614811811023622
0
LINE
8
BLACK
6
CONTINUOUS
10
-0.0076251968503937
20
0.5614811811023622
11
-0.0076972834645669
21
0.5615110629921259
0
LINE
8
BLACK
6
CONTINUOUS
10
-0.0076972834645669
20
0.5615110629921259
11
-0.0079829133858268
21
0.5615759842519685
0
LINE
8
BLACK
6
CONTINUOUS
10
-0.0079829133858268
20
0.5615759842519685
11
-0.0136071653543307
21
0.5634507480314961
0
LINE
8
BLACK
6
CONTINUOUS
10
-0.0136071653543307
20
0.5634507480314961
11
-0.0141357480314961
21
0.5636867322834646
0
LINE
8
BLACK
6
CONTINUOUS
10
-0.0141357480314961
20
0.5636867322834646
11
-0.0150061023622047
21
0.5644416141732284
0
LINE
8
BLACK
6
CONTINUOUS
10
-0.0150061023622047
20
0.5644416141732284
11
-0.0155212992125984
21
0.5654720472440945
0
LINE
8
BLACK
6
CONTINUOUS
10
-0.0155212992125984
20
0.5654720472440945
11
-0.0156029921259843
21
0.5666212598425197
0
LINE
8
BLACK
6
CONTINUOUS
10
-0.0156029921259843
20
0.5666212598425197
11
-0.0152386614173228
21
0.5677142913385826
0
LINE
8
BLACK
6
CONTINUOUS
10
-0.0152386614173228
20
0.5677142913385826
11
-0.0144837795275591
21
0.5685846456692913
0
LINE
8
BLACK
6
CONTINUOUS
10
-0.0144837795275591
20
0.5685846456692913
11
-0.0134533464566929
21
0.569099842519685
0
LINE
8
BLACK
6
CONTINUOUS
10
-0.0134533464566929
20
0.569099842519685
11
-0.0123041338582677
21
0.5691815354330708
0
LINE
8
BLACK
6
CONTINUOUS
10
-0.0123041338582677
20
0.5691815354330708
11
-0.0117396850393701
21
0.5690531889763779
0
LINE
8
BLACK
6
CONTINUOUS
10
-0.0117396850393701
20
0.5690531889763779
11
-0.00657
21
0.5673299606299212
0
LINE
8
BLACK
6
CONTINUOUS
10
-0.00657
20
0.5673299606299212
11
0.0016276377952756
21
0.5673299606299212
0
LINE
8
BLACK
6
CONTINUOUS
10
0.0016276377952756
20
0.5673299606299212
11
0.0043250787401575
21
0.5686787007874016
0
LINE
8
BLACK
6
CONTINUOUS
10
0.0043250787401575
20
0.5686787007874016
11
0.0055222047244094
21
0.5698758661417322
0
LINE
8
BLACK
6
CONTINUOUS
10
0.0055222047244094
20
0.5698758661417322
11
0.0068709842519685
21
0.5725733464566929
0
LINE
8
BLACK
6
CONTINUOUS
10
0.0068709842519685
20
0.5725733464566929
11
0.0068709842519685
21
0.5749287795275591
0
LINE
8
BLACK
6
CONTINUOUS
10
0.0068709842519685
20
0.5749287795275591
11
0.0055222440944882
21
0.5776262598425197
0
LINE
8
BLACK
6
CONTINUOUS
10
0.0055222440944882
20
0.5776262598425197
11
0.0043251181102362
21
0.5788233858267716
0
LINE
8
BLACK
6
CONTINUOUS
10
0.0043251181102362
20
0.5788233858267716
11
0.0012941338582677
21
0.5803388976377952
0
LINE
8
BLACK
6
CONTINUOUS
10
0.0012941338582677
20
0.5803388976377952
11
-0.0058905118110236
21
0.5821350393700787
0
LINE
8
BLACK
6
CONTINUOUS
10
-0.0058905118110236
20
0.5821350393700787
11
-0.005933031496063
21
0.5821502362204725
0
LINE
8
BLACK
6
CONTINUOUS
10
-0.005933031496063
20
0.5821502362204725
11
-0.0059542913385827
21
0.5821517322834645
0
LINE
8
BLACK
6
CONTINUOUS
10
-0.0059542913385827
20
0.5821517322834645
11
-0.0061940551181102
21
0.5822435039370079
0
LINE
8
BLACK
6
CONTINUOUS
10
-0.0061940551181102
20
0.5822435039370079
11
-0.0064356299212598
21
0.5823298031496063
0
LINE
8
BLACK
6
CONTINUOUS
10
-0.0064356299212598
20
0.5823298031496063
11
-0.0064527952755906
21
0.5823425196850394
0
LINE
8
BLACK
6
CONTINUOUS
10
-0.0064527952755906
20
0.5823425196850394
11
-0.0064948818897638
21
0.5823586220472441
0
LINE
8
BLACK
6
CONTINUOUS
10
-0.0064948818897638
20
0.5823586220472441
11
-0.0102444094488189
21
0.5842333858267716
0
LINE
8
BLACK
6
CONTINUOUS
10
-0.0102444094488189
20
0.5842333858267716
11
-0.0104924409448819
21
0.5843894881889764
0
LINE
8
BLACK
6
CONTINUOUS
10
-0.0104924409448819
20
0.5843894881889764
11
-0.0105643700787402
21
0.5844192913385826
0
LINE
8
BLACK
6
CONTINUOUS
10
-0.0105643700787402
20
0.5844192913385826
11
-0.0106453543307087
21
0.5844857874015748
0
LINE
8
BLACK
6
CONTINUOUS
10
-0.0106453543307087
20
0.5844857874015748
11
-0.0107342913385827
21
0.5845417322834645
0
LINE
8
BLACK
6
CONTINUOUS
10
-0.0107342913385827
20
0.5845417322834645
11
-0.0107854724409449
21
0.5846007480314961
0
LINE
8
BLACK
6
CONTINUOUS
10
-0.0107854724409449
20
0.5846007480314961
11
-0.011011811023622
21
0.5847864960629922
0
LINE
8
BLACK
6
CONTINUOUS
10
-0.011011811023622
20
0.5847864960629922
11
-0.0128865748031496
21
0.5866612598425197
0
LINE
8
BLACK
6
CONTINUOUS
10
-0.0128865748031496
20
0.5866612598425197
11
-0.0130723622047244
21
0.5868876377952755
0
LINE
8
BLACK
6
CONTINUOUS
10
-0.0130723622047244
20
0.5868876377952755
11
-0.0131313385826772
21
0.586938779527559
0
LINE
8
BLACK
6
CONTINUOUS
10
-0.0131313385826772
20
0.586938779527559
11
-0.0131873228346457
21
0.5870277559055118
0
LINE
8
BLACK
6
CONTINUOUS
10
-0.0131873228346457
20
0.5870277559055118
11
-0.0132537795275591
21
0.5871087007874015
0
LINE
8
BLACK
6
CONTINUOUS
10
-0.0132537795275591
20
0.5871087007874015
11
-0.0132836220472441
21
0.5871806692913386
0
LINE
8
BLACK
6
CONTINUOUS
10
-0.0132836220472441
20
0.5871806692913386
11
-0.0134396850393701
21
0.5874286614173229
0
LINE
8
BLACK
6
CONTINUOUS
10
-0.0134396850393701
20
0.5874286614173229
11
-0.0153144488188976
21
0.591178188976378
0
LINE
8
BLACK
6
CONTINUOUS
10
-0.0153144488188976
20
0.591178188976378
11
-0.0155213385826772
21
0.5917188188976378
0
LINE
8
BLACK
6
CONTINUOUS
10
-0.0155213385826772
20
0.5917188188976378
11
-0.0155288582677165
21
0.5918246456692913
0
LINE
8
BLACK
6
CONTINUOUS
10
-0.0155288582677165
20
0.5918246456692913
11
-0.0155694488188976
21
0.5919226377952755
0
LINE
8
BLACK
6
CONTINUOUS
10
-0.0155694488188976
20
0.5919226377952755
11
-0.0156261811023622
21
0.5924987007874015
0
LINE
8
BLACK
6
CONTINUOUS
10
-0.0156261811023622
20
0.5924987007874015
11
-0.0156261811023622
21
0.5962482283464566
0
LINE
8
BLACK
6
CONTINUOUS
10
-0.0156261811023622
20
0.5962482283464566
11
-0.0155694488188976
21
0.5968242913385826
0
LINE
8
BLACK
6
CONTINUOUS
10
-0.0155694488188976
20
0.5968242913385826
11
-0.0155288582677165
21
0.5969223228346456
0
LINE
8
BLACK
6
CONTINUOUS
10
-0.0155288582677165
20
0.5969223228346456
11
-0.0155213385826772
21
0.5970281102362205
0
LINE
8
BLACK
6
CONTINUOUS
10
-0.0155213385826772
20
0.5970281102362205
11
-0.0153144488188976
21
0.5975687401574803
0
LINE
8
BLACK
6
CONTINUOUS
10
-0.0153144488188976
20
0.5975687401574803
11
-0.0134396850393701
21
0.6013182677165354
0
LINE
8
BLACK
6
CONTINUOUS
10
-0.0134396850393701
20
0.6013182677165354
11
-0.0132836220472441
21
0.6015662992125984
0
LINE
8
BLACK
6
CONTINUOUS
10
-0.0132836220472441
20
0.6015662992125984
11
-0.0132537795275591
21
0.6016382283464566
0
LINE
8
BLACK
6
CONTINUOUS
10
-0.0132537795275591
20
0.6016382283464566
11
-0.0131873228346457
21
0.6017192125984252
0
LINE
8
BLACK
6
CONTINUOUS
10
-0.0131873228346457
20
0.6017192125984252
11
-0.0131313385826772
21
0.6018081496062992
0
LINE
8
BLACK
6
CONTINUOUS
10
-0.0131313385826772
20
0.6018081496062992
11
-0.0130723622047244
21
0.6018593307086614
0
LINE
8
BLACK
6
CONTINUOUS
10
-0.0130723622047244
20
0.6018593307086614
11
-0.0128865748031496
21
0.6020856692913386
0
LINE
8
BLACK
6
CONTINUOUS
10
-0.0128865748031496
20
0.6020856692913386
11
-0.011011811023622
21
0.6039604330708661
0
LINE
8
BLACK
6
CONTINUOUS
10
-0.011011811023622
20
0.6039604330708661
11
-0.0107854724409449
21
0.6041462204724409
0
LINE
8
BLACK
6
CONTINUOUS
10
-0.0107854724409449
20
0.6041462204724409
11
-0.0107342913385827
21
0.6042051968503936
0
LINE
8
BLACK
6
CONTINUOUS
10
-0.0107342913385827
20
0.6042051968503936
11
-0.0106453543307087
21
0.6042611811023622
0
LINE
8
BLACK
6
CONTINUOUS
10
-0.0106453543307087
20
0.6042611811023622
11
-0.0105643700787402
21
0.6043276377952755
0
LINE
8
BLACK
6
CONTINUOUS
10
-0.0105643700787402
20
0.6043276377952755
11
-0.0104924409448819
21
0.6043574803149606
0
LINE
8
BLACK
6
CONTINUOUS
10
-0.0104924409448819
20
0.6043574803149606
11
-0.0102444094488189
21
0.6045135433070866
0
LINE
8
BLACK
6
CONTINUOUS
10
-0.0102444094488189
20
0.6045135433070866
11
-0.0064948818897638
21
0.6063883070866142
0
LINE
8
BLACK
6
CONTINUOUS
10
-0.0064948818897638
20
0.6063883070866142
11
-0.0059542913385827
21
0.6065951968503936
0
LINE
8
BLACK
6
CONTINUOUS
10
-0.0059542913385827
20
0.6065951968503936
11
-0.0058484251968504
21
0.6066027559055118
0
LINE
8
BLACK
6
CONTINUOUS
10
-0.0058484251968504
20
0.6066027559055118
11
-0.0057504330708661
21
0.6066433070866142
0
LINE
8
BLACK
6
CONTINUOUS
10
-0.0057504330708661
20
0.6066433070866142
11
-0.0051743700787402
21
0.6067000393700788
0
LINE
8
BLACK
6
CONTINUOUS
10
-0.0051743700787402
20
0.6067000393700788
11
0.0041994488188976
21
0.6067000393700788
0
LINE
8
BLACK
6
CONTINUOUS
10
0.0041994488188976
20
0.6067000393700788
11
0.0044909842519685
21
0.6066713385826772
0
LINE
8
BLACK
6
CONTINUOUS
10
0.0363541338582677
20
0.6066433070866142
11
0.0366465354330709
21
0.6066433070866142
0
LINE
8
BLACK
6
CONTINUOUS
10
0.0366465354330709
20
0.6066433070866142
11
0.0369137795275591
21
0.6065325984251968
0
LINE
8
BLACK
6
CONTINUOUS
10
0.0369137795275591
20
0.6065325984251968
11
0.0371975984251968
21
0.6064764566929134
0
LINE
8
BLACK
6
CONTINUOUS
10
0.0371975984251968
20
0.6064764566929134
11
0.0374408661417323
21
0.6063142913385826
0
LINE
8
BLACK
6
CONTINUOUS
10
0.0374408661417323
20
0.6063142913385826
11
0.0377109448818898
21
0.6062024015748031
0
LINE
8
BLACK
6
CONTINUOUS
10
0.0377109448818898
20
0.6062024015748031
11
0.0379153937007874
21
0.6059979527559055
0
LINE
8
BLACK
6
CONTINUOUS
10
0.0379153937007874
20
0.6059979527559055
11
0.0381562204724409
21
0.6058374015748031
0
LINE
8
BLACK
6
CONTINUOUS
10
0.0381562204724409
20
0.6058374015748031
11
0.038318937007874
21
0.6055944094488189
0
LINE
8
BLACK
6
CONTINUOUS
10
0.038318937007874
20
0.6055944094488189
11
0.0385255905511811
21
0.6053877559055117
0
LINE
8
BLACK
6
CONTINUOUS
10
0.0385255905511811
20
0.6053877559055117
11
0.0386362598425197
21
0.6051205511811023
0
LINE
8
BLACK
6
CONTINUOUS
10
0.0386362598425197
20
0.6051205511811023
11
0.0387972834645669
21
0.6048801181102362
0
LINE
8
BLACK
6
CONTINUOUS
10
0.0387972834645669
20
0.6048801181102362
11
0.0388546062992126
21
0.6045934645669291
0
LINE
8
BLACK
6
CONTINUOUS
10
0.0388546062992126
20
0.6045934645669291
11
0.0389664960629921
21
0.6043233464566929
0
LINE
8
BLACK
6
CONTINUOUS
10
0.0389664960629921
20
0.6043233464566929
11
0.0390225984251968
21
0.6037534251968504
0
LINE
8
BLACK
6
CONTINUOUS
10
0.0390225984251968
20
0.6037534251968504
11
0.0390232283464567
21
0.6037503937007874
0
LINE
8
BLACK
6
CONTINUOUS
10
0.0390232283464567
20
0.6037503937007874
11
0.0390229921259843
21
0.6037493700787402
0
LINE
8
BLACK
6
CONTINUOUS
10
0.0390229921259843
20
0.6037493700787402
11
0.0390232283464567
21
0.603747283464567
0
LINE
8
BLACK
6
CONTINUOUS
10
0.0390232283464567
20
0.603747283464567
11
0.0390232283464567
21
0.5673299606299212
0
LINE
8
BLACK
6
CONTINUOUS
10
0.0390232283464567
20
0.5673299606299212
11
0.0473190551181102
21
0.5673299606299212
0
LINE
8
BLACK
6
CONTINUOUS
10
0.0473190551181102
20
0.5673299606299212
11
0.0478951181102362
21
0.5672732283464567
0
LINE
8
BLACK
6
CONTINUOUS
10
0.0478951181102362
20
0.5672732283464567
11
0.0489595275590551
21
0.5668323228346457
0
LINE
8
BLACK
6
CONTINUOUS
10
0.0489595275590551
20
0.5668323228346457
11
0.0497741732283465
21
0.5660176771653543
0
LINE
8
BLACK
6
CONTINUOUS
10
0.0497741732283465
20
0.5660176771653543
11
0.0502150787401575
21
0.5649532677165354
0
LINE
8
BLACK
6
CONTINUOUS
10
0.0502150787401575
20
0.5649532677165354
11
0.0502150787401575
21
0.5638011417322835
0
LINE
8
BLACK
6
CONTINUOUS
10
0.0502150787401575
20
0.5638011417322835
11
0.0497741732283465
21
0.5627367322834645
0
LINE
8
BLACK
6
CONTINUOUS
10
0.0497741732283465
20
0.5627367322834645
11
0.0489595275590551
21
0.5619220866141732
0
LINE
8
BLACK
6
CONTINUOUS
10
0.0489595275590551
20
0.5619220866141732
11
0.0478951181102362
21
0.5614811811023622
0
LINE
8
BLACK
6
CONTINUOUS
10
0.0478951181102362
20
0.5614811811023622
11
0.0473190551181102
21
0.5614244488188976
0
LINE
8
BLACK
6
CONTINUOUS
10
0.0473190551181102
20
0.5614244488188976
11
0.0248218897637795
21
0.5614244488188976
0
LINE
8
BLACK
6
CONTINUOUS
10
0.0248218897637795
20
0.5614244488188976
11
0.0242458267716535
21
0.5614811811023622
0
LINE
8
BLACK
6
CONTINUOUS
10
0.0242458267716535
20
0.5614811811023622
11
0.0231814173228346
21
0.5619220866141732
0
LINE
8
BLACK
6
CONTINUOUS
10
0.0231814173228346
20
0.5619220866141732
11
0.0223667716535433
21
0.5627367322834645
0
LINE
8
BLACK
6
CONTINUOUS
10
0.0223667716535433
20
0.5627367322834645
11
0.0219258661417323
21
0.5638011417322835
0
LINE
8
BLACK
6
CONTINUOUS
10
0.0219258661417323
20
0.5638011417322835
11
0.0219258661417323
21
0.5649532677165354
0
LINE
8
BLACK
6
CONTINUOUS
10
0.0219258661417323
20
0.5649532677165354
11
0.0223667716535433
21
0.5660176771653543
0
LINE
8
BLACK
6
CONTINUOUS
10
0.0223667716535433
20
0.5660176771653543
11
0.0231814173228346
21
0.5668323228346457
0
LINE
8
BLACK
6
CONTINUOUS
10
0.0231814173228346
20
0.5668323228346457
11
0.0242458267716535
21
0.5672732283464567
0
LINE
8
BLACK
6
CONTINUOUS
10
0.0242458267716535
20
0.5672732283464567
11
0.0248218897637795
21
0.5673299606299212
0
LINE
8
BLACK
6
CONTINUOUS
10
0.0248218897637795
20
0.5673299606299212
11
0.0331177165354331
21
0.5673299606299212
0
LINE
8
BLACK
6
CONTINUOUS
10
0.0331177165354331
20
0.5673299606299212
11
0.0331177165354331
21
0.594743937007874
0
LINE
8
BLACK
6
CONTINUOUS
10
0.0331177165354331
20
0.594743937007874
11
0.0306593307086614
21
0.5922855511811024
0
LINE
8
BLACK
6
CONTINUOUS
10
0.0306593307086614
20
0.5922855511811024
11
0.0304329527559055
21
0.5920998031496063
0
LINE
8
BLACK
6
CONTINUOUS
10
0.0304329527559055
20
0.5920998031496063
11
0.030381811023622
21
0.5920407874015748
0
LINE
8
BLACK
6
CONTINUOUS
10
0.030381811023622
20
0.5920407874015748
11
0.0302928346456693
21
0.591984842519685
0
LINE
8
BLACK
6
CONTINUOUS
10
0.0302928346456693
20
0.591984842519685
11
0.0302118897637795
21
0.5919183464566929
0
LINE
8
BLACK
6
CONTINUOUS
10
0.0302118897637795
20
0.5919183464566929
11
0.0301399212598425
21
0.5918885433070866
0
LINE
8
BLACK
6
CONTINUOUS
10
0.0301399212598425
20
0.5918885433070866
11
0.0298919291338583
21
0.5917324409448819
0
LINE
8
BLACK
6
CONTINUOUS
10
0.0298919291338583
20
0.5917324409448819
11
0.0261424015748031
21
0.5898576771653543
0
LINE
8
BLACK
6
CONTINUOUS
10
0.0261424015748031
20
0.5898576771653543
11
0.0256017716535433
21
0.5896507874015748
0
LINE
8
BLACK
6
CONTINUOUS
10
0.0256017716535433
20
0.5896507874015748
11
0.0244525590551181
21
0.5895691338582677
0
LINE
8
BLACK
6
CONTINUOUS
10
0.0244525590551181
20
0.5895691338582677
11
0.0233596062992126
21
0.5899334645669291
0
LINE
8
BLACK
6
CONTINUOUS
10
0.0233596062992126
20
0.5899334645669291
11
0.0224892125984252
21
0.5906883070866141
0
LINE
8
BLACK
6
CONTINUOUS
10
0.0224892125984252
20
0.5906883070866141
11
0.0219739763779528
21
0.5917188188976378
0
LINE
8
BLACK
6
CONTINUOUS
10
0.0219739763779528
20
0.5917188188976378
11
0.0218923228346457
21
0.5928680314960629
0
LINE
8
BLACK
6
CONTINUOUS
10
0.0218923228346457
20
0.5928680314960629
11
0.0222566535433071
21
0.5939609842519685
0
LINE
8
BLACK
6
CONTINUOUS
10
0.0222566535433071
20
0.5939609842519685
11
0.0230114960629921
21
0.5948313779527559
0
LINE
8
BLACK
6
CONTINUOUS
10
0.0230114960629921
20
0.5948313779527559
11
0.0235013779527559
21
0.5951397244094488
0
LINE
8
BLACK
6
CONTINUOUS
10
0.0235013779527559
20
0.5951397244094488
11
0.0268223228346457
21
0.5968001968503936
0
LINE
8
BLACK
6
CONTINUOUS
10
0.0268223228346457
20
0.5968001968503936
11
0.0300262204724409
21
0.6000040944881889
0
LINE
8
BLACK
6
CONTINUOUS
10
0.0300262204724409
20
0.6000040944881889
11
0.0336136220472441
21
0.6053851968503937
0
LINE
8
BLACK
6
CONTINUOUS
10
0.0336136220472441
20
0.6053851968503937
11
0.0336149606299213
21
0.6053868897637795
0
LINE
8
BLACK
6
CONTINUOUS
10
0.0336149606299213
20
0.6053868897637795
11
0.0336153543307087
21
0.6053877559055117
0
LINE
8
BLACK
6
CONTINUOUS
10
0.0336153543307087
20
0.6053877559055117
11
0.0336173622047244
21
0.6053898031496063
0
LINE
8
BLACK
6
CONTINUOUS
10
0.0336173622047244
20
0.6053898031496063
11
0.0339803937007874
21
0.6058330314960629
0
LINE
8
BLACK
6
CONTINUOUS
10
0.0339803937007874
20
0.6058330314960629
11
0.0342232677165354
21
0.6059957086614173
0
LINE
8
BLACK
6
CONTINUOUS
10
0.0342232677165354
20
0.6059957086614173
11
0.03443
21
0.6062024015748031
0
LINE
8
BLACK
6
CONTINUOUS
10
0.03443
20
0.6062024015748031
11
0.0346972834645669
21
0.6063131496062992
0
LINE
8
BLACK
6
CONTINUOUS
10
0.0346972834645669
20
0.6063131496062992
11
0.0349376771653543
21
0.606474094488189
0
LINE
8
BLACK
6
CONTINUOUS
10
0.0349376771653543
20
0.606474094488189
11
0.0352242913385827
21
0.6065314566929134
0
LINE
8
BLACK
6
CONTINUOUS
10
0.0352242913385827
20
0.6065314566929134
11
0.0354944094488189
21
0.6066433070866142
0
LINE
8
BLACK
6
CONTINUOUS
10
0.0354944094488189
20
0.6066433070866142
11
0.0357837007874016
21
0.6066433070866142
0
LINE
8
BLACK
6
CONTINUOUS
10
0.0357837007874016
20
0.6066433070866142
11
0.0360673622047244
21
0.6067000393700788
0
LINE
8
BLACK
6
CONTINUOUS
10
0.0360673622047244
20
0.6067000393700788
11
0.0363541338582677
21
0.6066433070866142
0
LINE
8
BLACK
6
CONTINUOUS
10
0.660202125984252
20
0.6549682677165354
11
0.6612674803149606
21
0.6539029133858267
0
LINE
8
BLACK
6
CONTINUOUS
10
0.6612674803149606
20
0.6539029133858267
11
0.6614173228346456
21
0.6531496062992126
0
LINE
8
BLACK
6
CONTINUOUS
10
0.6614173228346456
20
0.6531496062992126
11
0.6614173228346456
21
-0.2523622047244095
0
LINE
8
BLACK
6
CONTINUOUS
10
0.6614173228346456
20
-0.2523622047244095
11
0.6612674803149606
21
-0.2531155118110236
0
LINE
8
BLACK
6
CONTINUOUS
10
0.6612674803149606
20
-0.2531155118110236
11
0.660202125984252
21
-0.2541808661417323
0
LINE
8
BLACK
6
CONTINUOUS
10
0.660202125984252
20
-0.2541808661417323
11
0.6594488188976377
21
-0.2543307086614173
0
LINE
8
BLACK
6
CONTINUOUS
10
0.6594488188976377
20
-0.2543307086614173
11
-0.6791338582677166
21
-0.2543307086614173
0
LINE
8
BLACK
6
CONTINUOUS
10
-0.6791338582677166
20
-0.2543307086614173
11
-0.6798871653543307
21
-0.2541808661417323
0
LINE
8
BLACK
6
CONTINUOUS
10
-0.6798871653543307
20
-0.2541808661417323
11
-0.6809525196850393
21
-0.2531155118110236
0
LINE
8
BLACK
6
CONTINUOUS
10
-0.6809525196850393
20
-0.2531155118110236
11
-0.6811023622047244
21
-0.2523622047244095
0
LINE
8
BLACK
6
CONTINUOUS
10
-0.6811023622047244
20
-0.2523622047244095
11
-0.6811023622047244
21
0.6531496062992126
0
LINE
8
BLACK
6
CONTINUOUS
10
-0.6811023622047244
20
0.6531496062992126
11
-0.6809525196850393
21
0.6539029133858267
0
LINE
8
BLACK
6
CONTINUOUS
10
-0.6809525196850393
20
0.6539029133858267
11
-0.6798871653543307
21
0.6549682677165354
0
LINE
8
BLACK
6
CONTINUOUS
10
-0.6798871653543307
20
0.6549682677165354
11
-0.6791338582677166
21
0.6551181102362205
0
LINE
8
BLACK
6
CONTINUOUS
10
-0.6791338582677166
20
0.6551181102362205
11
0.6594488188976377
21
0.6551181102362205
0
LINE
8
BLACK
6
CONTINUOUS
10
0.6594488188976377
20
0.6551181102362205
11
0.660202125984252
21
0.6549682677165354
0
LINE
8
BLACK
6
CONTINUOUS
10
-0.6771653543307087
20
0.6511811023622047
11
-0.6771653543307087
21
-0.2503937007874016
0
LINE
8
BLACK
6
CONTINUOUS
10
-0.6771653543307087
20
-0.2503937007874016
11
0.6574803149606299
21
-0.2503937007874016
0
LINE
8
BLACK
6
CONTINUOUS
10
0.6574803149606299
20
-0.2503937007874016
11
0.6574803149606299
21
0.6511811023622047
0
LINE
8
BLACK
6
CONTINUOUS
10
0.6574803149606299
20
0.6511811023622047
11
-0.6771653543307087
21
0.6511811023622047
0
LINE
8
BLACK
6
CONTINUOUS
10
-0.3668824015748031
20
0.8665433858267716
11
-0.3658179921259843
21
0.8661024803149606
0
LINE
8
BLACK
6
CONTINUOUS
10
-0.3658179921259843
20
0.8661024803149606
11
-0.3650033464566929
21
0.8652878346456693
0
LINE
8
BLACK
6
CONTINUOUS
10
-0.3650033464566929
20
0.8652878346456693
11
-0.3645770472440945
21
0.8642587007874015
0
LINE
8
BLACK
6
CONTINUOUS
10
-0.3645770472440945
20
0.8642587007874015
11
-0.3645624409448819
21
0.8642233858267716
0
LINE
8
BLACK
6
CONTINUOUS
10
-0.3645624409448819
20
0.8642233858267716
11
-0.3645624409448819
21
0.8630712992125984
0
LINE
8
BLACK
6
CONTINUOUS
10
-0.3645624409448819
20
0.8630712992125984
11
-0.3650033464566929
21
0.8620068897637795
0
LINE
8
BLACK
6
CONTINUOUS
10
-0.3650033464566929
20
0.8620068897637795
11
-0.3653705511811023
21
0.8615594488188976
0
LINE
8
BLACK
6
CONTINUOUS
10
-0.3653705511811023
20
0.8615594488188976
11
-0.3896246456692913
21
0.8373054330708661
0
LINE
8
BLACK
6
CONTINUOUS
10
-0.3896246456692913
20
0.8373054330708661
11
-0.3913148818897638
21
0.8322346062992125
0
LINE
8
BLACK
6
CONTINUOUS
10
-0.3913148818897638
20
0.8322346062992125
11
-0.3913148818897638
21
0.8292862992125984
0
LINE
8
BLACK
6
CONTINUOUS
10
-0.3913148818897638
20
0.8292862992125984
11
-0.3897786614173228
21
0.8262138582677165
0
LINE
8
BLACK
6
CONTINUOUS
10
-0.3897786614173228
20
0.8262138582677165
11
-0.3883940551181102
21
0.8248292519685039
0
LINE
8
BLACK
6
CONTINUOUS
10
-0.3883940551181102
20
0.8248292519685039
11
-0.3853216141732284
21
0.8232930314960629
0
LINE
8
BLACK
6
CONTINUOUS
10
-0.3853216141732284
20
0.8232930314960629
11
-0.3764044881889764
21
0.8232930314960629
0
LINE
8
BLACK
6
CONTINUOUS
10
-0.3764044881889764
20
0.8232930314960629
11
-0.3733320472440945
21
0.8248292519685039
0
LINE
8
BLACK
6
CONTINUOUS
10
-0.3733320472440945
20
0.8248292519685039
11
-0.3716086220472441
21
0.8265526771653543
0
LINE
8
BLACK
6
CONTINUOUS
10
-0.3716086220472441
20
0.8265526771653543
11
-0.3711611811023622
21
0.8269199212598425
0
LINE
8
BLACK
6
CONTINUOUS
10
-0.3711611811023622
20
0.8269199212598425
11
-0.3700967322834646
21
0.8273607874015748
0
LINE
8
BLACK
6
CONTINUOUS
10
-0.3700967322834646
20
0.8273607874015748
11
-0.3689446456692913
21
0.8273607874015748
0
LINE
8
BLACK
6
CONTINUOUS
10
-0.3689446456692913
20
0.8273607874015748
11
-0.3678802362204724
21
0.8269199212598425
0
LINE
8
BLACK
6
CONTINUOUS
10
-0.3678802362204724
20
0.8269199212598425
11
-0.3670655511811023
21
0.8261052362204724
0
LINE
8
BLACK
6
CONTINUOUS
10
-0.3670655511811023
20
0.8261052362204724
11
-0.3666246850393701
21
0.8250408267716536
0
LINE
8
BLACK
6
CONTINUOUS
10
-0.3666246850393701
20
0.8250408267716536
11
-0.3666246850393701
21
0.8238887401574803
0
LINE
8
BLACK
6
CONTINUOUS
10
-0.3666246850393701
20
0.8238887401574803
11
-0.3670655511811023
21
0.8228242913385827
0
LINE
8
BLACK
6
CONTINUOUS
10
-0.3670655511811023
20
0.8228242913385827
11
-0.3674327952755905
21
0.8223768503937008
0
LINE
8
BLACK
6
CONTINUOUS
10
-0.3674327952755905
20
0.8223768503937008
11
-0.3694950393700787
21
0.8203146062992126
0
LINE
8
BLACK
6
CONTINUOUS
10
-0.3694950393700787
20
0.8203146062992126
11
-0.3697215354330708
21
0.820128779527559
0
LINE
8
BLACK
6
CONTINUOUS
10
-0.3697215354330708
20
0.820128779527559
11
-0.3697725984251968
21
0.8200698425196851
0
LINE
8
BLACK
6
CONTINUOUS
10
-0.3697725984251968
20
0.8200698425196851
11
-0.3698614173228346
21
0.8200139763779527
0
LINE
8
BLACK
6
CONTINUOUS
10
-0.3698614173228346
20
0.8200139763779527
11
-0.3699424803149606
21
0.8199474015748032
0
LINE
8
BLACK
6
CONTINUOUS
10
-0.3699424803149606
20
0.8199474015748032
11
-0.3700145275590551
21
0.8199175984251968
0
LINE
8
BLACK
6
CONTINUOUS
10
-0.3700145275590551
20
0.8199175984251968
11
-0.3702624409448819
21
0.8197614960629921
0
LINE
8
BLACK
6
CONTINUOUS
10
-0.3702624409448819
20
0.8197614960629921
11
-0.3743869291338582
21
0.8176992519685039
0
LINE
8
BLACK
6
CONTINUOUS
10
-0.3743869291338582
20
0.8176992519685039
11
-0.3749275590551181
21
0.8174923622047244
0
LINE
8
BLACK
6
CONTINUOUS
10
-0.3749275590551181
20
0.8174923622047244
11
-0.3750333858267716
21
0.8174848818897638
0
LINE
8
BLACK
6
CONTINUOUS
10
-0.3750333858267716
20
0.8174848818897638
11
-0.3751313779527559
21
0.8174442519685039
0
LINE
8
BLACK
6
CONTINUOUS
10
-0.3751313779527559
20
0.8174442519685039
11
-0.3757074409448819
21
0.8173875196850393
0
LINE
8
BLACK
6
CONTINUOUS
10
-0.3757074409448819
20
0.8173875196850393
11
-0.3860186614173228
21
0.8173875196850393
0
LINE
8
BLACK
6
CONTINUOUS
10
-0.3860186614173228
20
0.8173875196850393
11
-0.3865947244094488
21
0.8174442519685039
0
LINE
8
BLACK
6
CONTINUOUS
10
-0.3865947244094488
20
0.8174442519685039
11
-0.3866927165354331
21
0.817484842519685
0
LINE
8
BLACK
6
CONTINUOUS
10
-0.3866927165354331
20
0.817484842519685
11
-0.3867985826771653
21
0.8174923622047244
0
LINE
8
BLACK
6
CONTINUOUS
10
-0.3867985826771653
20
0.8174923622047244
11
-0.3873391732283464
21
0.8176992519685039
0
LINE
8
BLACK
6
CONTINUOUS
10
-0.3873391732283464
20
0.8176992519685039
11
-0.3914636614173228
21
0.8197614960629921
0
LINE
8
BLACK
6
CONTINUOUS
10
-0.3914636614173228
20
0.8197614960629921
11
-0.3917114960629921
21
0.8199175196850393
0
LINE
8
BLACK
6
CONTINUOUS
10
-0.3917114960629921
20
0.8199175196850393
11
-0.3917836220472441
21
0.8199473622047244
0
LINE
8
BLACK
6
CONTINUOUS
10
-0.3917836220472441
20
0.8199473622047244
11
-0.3918648031496063
21
0.8200139763779527
0
LINE
8
BLACK
6
CONTINUOUS
10
-0.3918648031496063
20
0.8200139763779527
11
-0.3919535433070866
21
0.8200698425196851
0
LINE
8
BLACK
6
CONTINUOUS
10
-0.3919535433070866
20
0.8200698425196851
11
-0.3920046850393701
21
0.820128779527559
0
LINE
8
BLACK
6
CONTINUOUS
10
-0.3920046850393701
20
0.820128779527559
11
-0.392231062992126
21
0.8203146062992126
0
LINE
8
BLACK
6
CONTINUOUS
10
-0.392231062992126
20
0.8203146062992126
11
-0.3942933070866141
21
0.8223768503937008
0
LINE
8
BLACK
6
CONTINUOUS
10
-0.3942933070866141
20
0.8223768503937008
11
-0.3944791732283465
21
0.8226033464566929
0
LINE
8
BLACK
6
CONTINUOUS
10
-0.3944791732283465
20
0.8226033464566929
11
-0.3945380708661417
21
0.8226544094488188
0
LINE
8
BLACK
6
CONTINUOUS
10
-0.3945380708661417
20
0.8226544094488188
11
-0.3945939763779527
21
0.8227432283464566
0
LINE
8
BLACK
6
CONTINUOUS
10
-0.3945939763779527
20
0.8227432283464566
11
-0.3946605118110236
21
0.8228242913385827
0
LINE
8
BLACK
6
CONTINUOUS
10
-0.3946605118110236
20
0.8228242913385827
11
-0.3946903543307086
21
0.8228963385826772
0
LINE
8
BLACK
6
CONTINUOUS
10
-0.3946903543307086
20
0.8228963385826772
11
-0.3948464173228347
21
0.8231442519685039
0
LINE
8
BLACK
6
CONTINUOUS
10
-0.3948464173228347
20
0.8231442519685039
11
-0.3969086614173228
21
0.8272687401574803
0
LINE
8
BLACK
6
CONTINUOUS
10
-0.3969086614173228
20
0.8272687401574803
11
-0.3971155511811024
21
0.8278093700787401
0
LINE
8
BLACK
6
CONTINUOUS
10
-0.3971155511811024
20
0.8278093700787401
11
-0.3971230708661417
21
0.8279151968503937
0
LINE
8
BLACK
6
CONTINUOUS
10
-0.3971230708661417
20
0.8279151968503937
11
-0.3971636614173228
21
0.8280131889763779
0
LINE
8
BLACK
6
CONTINUOUS
10
-0.3971636614173228
20
0.8280131889763779
11
-0.3972203937007874
21
0.828589251968504
0
LINE
8
BLACK
6
CONTINUOUS
10
-0.3972203937007874
20
0.828589251968504
11
-0.3972203937007874
21
0.8327137401574803
0
LINE
8
BLACK
6
CONTINUOUS
10
-0.3972203937007874
20
0.8327137401574803
11
-0.3971916929133858
21
0.8330053149606299
0
LINE
8
BLACK
6
CONTINUOUS
10
-0.3971916929133858
20
0.8330053149606299
11
-0.3971972047244094
21
0.833083031496063
0
LINE
8
BLACK
6
CONTINUOUS
10
-0.3971972047244094
20
0.833083031496063
11
-0.3971739763779528
21
0.8331853149606299
0
LINE
8
BLACK
6
CONTINUOUS
10
-0.3971739763779528
20
0.8331853149606299
11
-0.3971636614173228
21
0.8332898031496063
0
LINE
8
BLACK
6
CONTINUOUS
10
-0.3971636614173228
20
0.8332898031496063
11
-0.3971338188976378
21
0.8333619291338582
0
LINE
8
BLACK
6
CONTINUOUS
10
-0.3971338188976378
20
0.8333619291338582
11
-0.3970688582677165
21
0.8336474803149606
0
LINE
8
BLACK
6
CONTINUOUS
10
-0.3970688582677165
20
0.8336474803149606
11
-0.3950066141732284
21
0.8398342125984252
0
LINE
8
BLACK
6
CONTINUOUS
10
-0.3950066141732284
20
0.8398342125984252
11
-0.3947706299212598
21
0.8403627559055118
0
LINE
8
BLACK
6
CONTINUOUS
10
-0.3947706299212598
20
0.8403627559055118
11
-0.3947011417322834
21
0.8404429133858268
0
LINE
8
BLACK
6
CONTINUOUS
10
-0.3947011417322834
20
0.8404429133858268
11
-0.3946605118110236
21
0.8405409448818898
0
LINE
8
BLACK
6
CONTINUOUS
10
-0.3946605118110236
20
0.8405409448818898
11
-0.3942933070866141
21
0.8409883858267716
0
LINE
8
BLACK
6
CONTINUOUS
10
-0.3942933070866141
20
0.8409883858267716
11
-0.3745870472440945
21
0.8606946062992126
0
LINE
8
BLACK
6
CONTINUOUS
10
-0.3745870472440945
20
0.8606946062992126
11
-0.3942676377952756
21
0.8606946062992126
0
LINE
8
BLACK
6
CONTINUOUS
10
-0.3942676377952756
20
0.8606946062992126
11
-0.3948437007874016
21
0.8607513385826772
0
LINE
8
BLACK
6
CONTINUOUS
10
-0.3948437007874016
20
0.8607513385826772
11
-0.3959081102362205
21
0.8611922440944881
0
LINE
8
BLACK
6
CONTINUOUS
10
-0.3959081102362205
20
0.8611922440944881
11
-0.3967227559055118
21
0.8620068897637795
0
LINE
8
BLACK
6
CONTINUOUS
10
-0.3967227559055118
20
0.8620068897637795
11
-0.3971636614173228
21
0.8630712992125984
0
LINE
8
BLACK
6
CONTINUOUS
10
-0.3971636614173228
20
0.8630712992125984
11
-0.3971636614173228
21
0.8642234251968504
0
LINE
8
BLACK
6
CONTINUOUS
10
-0.3971636614173228
20
0.8642234251968504
11
-0.3967227559055118
21
0.8652878346456693
0
LINE
8
BLACK
6
CONTINUOUS
10
-0.3967227559055118
20
0.8652878346456693
11
-0.3959081102362205
21
0.8661024803149606
0
LINE
8
BLACK
6
CONTINUOUS
10
-0.3959081102362205
20
0.8661024803149606
11
-0.3948437007874016
21
0.8665433858267716
0
LINE
8
BLACK
6
CONTINUOUS
10
-0.3948437007874016
20
0.8665433858267716
11
-0.3942676377952756
21
0.8666001181102362
0
LINE
8
BLACK
6
CONTINUOUS
10
-0.3942676377952756
20
0.8666001181102362
11
-0.3674584645669291
21
0.8666001181102362
0
LINE
8
BLACK
6
CONTINUOUS
10
-0.3674584645669291
20
0.8666001181102362
11
-0.3668824015748031
21
0.8665433858267716
0
LINE
8
BLACK
6
CONTINUOUS
10
-0.3380110236220472
20
0.8665433858267716
11
-0.337913031496063
21
0.8665027952755905
0
LINE
8
BLACK
6
CONTINUOUS
10
-0.337913031496063
20
0.8665027952755905
11
-0.3378072047244094
21
0.8664952755905512
0
LINE
8
BLACK
6
CONTINUOUS
10
-0.3378072047244094
20
0.8664952755905512
11
-0.3372665748031496
21
0.8662883858267716
0
LINE
8
BLACK
6
CONTINUOUS
10
-0.3372665748031496
20
0.8662883858267716
11
-0.3331420866141732
21
0.8642261417322834
0
LINE
8
BLACK
6
CONTINUOUS
10
-0.3331420866141732
20
0.8642261417322834
11
-0.3328942519685039
21
0.8640701574803149
0
LINE
8
BLACK
6
CONTINUOUS
10
-0.3328942519685039
20
0.8640701574803149
11
-0.3328221653543307
21
0.8640402755905512
0
LINE
8
BLACK
6
CONTINUOUS
10
-0.3328221653543307
20
0.8640402755905512
11
-0.3327409842519685
21
0.8639736614173228
0
LINE
8
BLACK
6
CONTINUOUS
10
-0.3327409842519685
20
0.8639736614173228
11
-0.3326522440944882
21
0.8639177952755905
0
LINE
8
BLACK
6
CONTINUOUS
10
-0.3326522440944882
20
0.8639177952755905
11
-0.3326012598425197
21
0.8638589763779527
0
LINE
8
BLACK
6
CONTINUOUS
10
-0.3326012598425197
20
0.8638589763779527
11
-0.3323746850393701
21
0.8636730708661418
0
LINE
8
BLACK
6
CONTINUOUS
10
-0.3323746850393701
20
0.8636730708661418
11
-0.3303124803149606
21
0.8616108661417322
0
LINE
8
BLACK
6
CONTINUOUS
10
-0.3303124803149606
20
0.8616108661417322
11
-0.3301267322834646
21
0.8613845275590551
0
LINE
8
BLACK
6
CONTINUOUS
10
-0.3301267322834646
20
0.8613845275590551
11
-0.3300676771653543
21
0.8613333070866142
0
LINE
8
BLACK
6
CONTINUOUS
10
-0.3300676771653543
20
0.8613333070866142
11
-0.3300116929133858
21
0.8612443700787401
0
LINE
8
BLACK
6
CONTINUOUS
10
-0.3300116929133858
20
0.8612443700787401
11
-0.3299452362204724
21
0.8611633858267717
0
LINE
8
BLACK
6
CONTINUOUS
10
-0.3299452362204724
20
0.8611633858267717
11
-0.3299154330708661
21
0.8610914566929133
0
LINE
8
BLACK
6
CONTINUOUS
10
-0.3299154330708661
20
0.8610914566929133
11
-0.3297593307086614
21
0.8608434251968504
0
LINE
8
BLACK
6
CONTINUOUS
10
-0.3297593307086614
20
0.8608434251968504
11
-0.3276970866141732
21
0.856718937007874
0
LINE
8
BLACK
6
CONTINUOUS
10
-0.3276970866141732
20
0.856718937007874
11
-0.3276809842519685
21
0.8566768503937008
0
LINE
8
BLACK
6
CONTINUOUS
10
-0.3276809842519685
20
0.8566768503937008
11
-0.3276682677165354
21
0.8566596850393701
0
LINE
8
BLACK
6
CONTINUOUS
10
-0.3276682677165354
20
0.8566596850393701
11
-0.327581968503937
21
0.8564181102362205
0
LINE
8
BLACK
6
CONTINUOUS
10
-0.327581968503937
20
0.8564181102362205
11
-0.3274901968503937
21
0.8561783464566929
0
LINE
8
BLACK
6
CONTINUOUS
10
-0.3274901968503937
20
0.8561783464566929
11
-0.3274887007874016
21
0.8561570866141732
0
LINE
8
BLACK
6
CONTINUOUS
10
-0.3274887007874016
20
0.8561570866141732
11
-0.3274735039370079
21
0.8561145669291338
0
LINE
8
BLACK
6
CONTINUOUS
10
-0.3274735039370079
20
0.8561145669291338
11
-0.3254112598425197
21
0.8478656299212598
0
LINE
8
BLACK
6
CONTINUOUS
10
-0.3254112598425197
20
0.8478656299212598
11
-0.3253964960629921
21
0.8477657086614173
0
LINE
8
BLACK
6
CONTINUOUS
10
-0.3253964960629921
20
0.8477657086614173
11
-0.325379842519685
21
0.8477255118110236
0
LINE
8
BLACK
6
CONTINUOUS
10
-0.325379842519685
20
0.8477255118110236
11
-0.3253585039370079
21
0.8475085433070866
0
LINE
8
BLACK
6
CONTINUOUS
10
-0.3253585039370079
20
0.8475085433070866
11
-0.3253266141732283
21
0.8472929921259842
0
LINE
8
BLACK
6
CONTINUOUS
10
-0.3253266141732283
20
0.8472929921259842
11
-0.325333031496063
21
0.8472499999999999
0
LINE
8
BLACK
6
CONTINUOUS
10
-0.325333031496063
20
0.8472499999999999
11
-0.3253231102362205
21
0.8471494488188976
0
LINE
8
BLACK
6
CONTINUOUS
10
-0.3253231102362205
20
0.8471494488188976
11
-0.3253231102362205
21
0.8368382283464567
0
LINE
8
BLACK
6
CONTINUOUS
10
-0.3253231102362205
20
0.8368382283464567
11
-0.325333031496063
21
0.8367377165354331
0
LINE
8
BLACK
6
CONTINUOUS
10
-0.325333031496063
20
0.8367377165354331
11
-0.3253266141732283
21
0.8366946850393701
0
LINE
8
BLACK
6
CONTINUOUS
10
-0.3253266141732283
20
0.8366946850393701
11
-0.3253585039370079
21
0.8364791732283464
0
LINE
8
BLACK
6
CONTINUOUS
10
-0.3253585039370079
20
0.8364791732283464
11
-0.325379842519685
21
0.8362621653543307
0
LINE
8
BLACK
6
CONTINUOUS
10
-0.325379842519685
20
0.8362621653543307
11
-0.3253964960629921
21
0.8362220078740157
0
LINE
8
BLACK
6
CONTINUOUS
10
-0.3253964960629921
20
0.8362220078740157
11
-0.3254112598425197
21
0.8361220472440944
0
LINE
8
BLACK
6
CONTINUOUS
10
-0.3254112598425197
20
0.8361220472440944
11
-0.3274735039370079
21
0.8278731102362205
0
LINE
8
BLACK
6
CONTINUOUS
10
-0.3274735039370079
20
0.8278731102362205
11
-0.3274887007874016
21
0.8278306299212598
0
LINE
8
BLACK
6
CONTINUOUS
10
-0.3274887007874016
20
0.8278306299212598
11
-0.3274901968503937
21
0.8278093307086614
0
LINE
8
BLACK
6
CONTINUOUS
10
-0.3274901968503937
20
0.8278093307086614
11
-0.327581968503937
21
0.8275696062992126
0
LINE
8
BLACK
6
CONTINUOUS
10
-0.327581968503937
20
0.8275696062992126
11
-0.3276682677165354
21
0.8273279921259842
0
LINE
8
BLACK
6
CONTINUOUS
10
-0.3276682677165354
20
0.8273279921259842
11
-0.3276809842519685
21
0.8273108661417322
0
LINE
8
BLACK
6
CONTINUOUS
10
-0.3276809842519685
20
0.8273108661417322
11
-0.3276970866141732
21
0.8272687401574803
0
LINE
8
BLACK
6
CONTINUOUS
10
-0.3276970866141732
20
0.8272687401574803
11
-0.3297593307086614
21
0.8231442519685039
0
LINE
8
BLACK
6
CONTINUOUS
10
-0.3297593307086614
20
0.8231442519685039
11
-0.3299153543307087
21
0.8228964566929133
0
LINE
8
BLACK
6
CONTINUOUS
10
-0.3299153543307087
20
0.8228964566929133
11
-0.3299451968503937
21
0.8228242913385827
0
LINE
8
BLACK
6
CONTINUOUS
10
-0.3299451968503937
20
0.8228242913385827
11
-0.330011811023622
21
0.8227431496062992
0
LINE
8
BLACK
6
CONTINUOUS
10
-0.330011811023622
20
0.8227431496062992
11
-0.3300676771653543
21
0.8226543700787401
0
LINE
8
BLACK
6
CONTINUOUS
10
-0.3300676771653543
20
0.8226543700787401
11
-0.3301266141732284
21
0.8226032677165355
0
LINE
8
BLACK
6
CONTINUOUS
10
-0.3301266141732284
20
0.8226032677165355
11
-0.3303124409448819
21
0.8223768503937008
0
LINE
8
BLACK
6
CONTINUOUS
10
-0.3303124409448819
20
0.8223768503937008
11
-0.3323746850393701
21
0.8203146062992126
0
LINE
8
BLACK
6
CONTINUOUS
10
-0.3323746850393701
20
0.8203146062992126
11
-0.3326011811023622
21
0.820128779527559
0
LINE
8
BLACK
6
CONTINUOUS
10
-0.3326011811023622
20
0.820128779527559
11
-0.3326522440944882
21
0.8200698425196851
0
LINE
8
BLACK
6
CONTINUOUS
10
-0.3326522440944882
20
0.8200698425196851
11
-0.332741062992126
21
0.8200139763779527
0
LINE
8
BLACK
6
CONTINUOUS
10
-0.332741062992126
20
0.8200139763779527
11
-0.332822125984252
21
0.8199474015748032
0
LINE
8
BLACK
6
CONTINUOUS
10
-0.332822125984252
20
0.8199474015748032
11
-0.3328941732283465
21
0.8199175984251968
0
LINE
8
BLACK
6
CONTINUOUS
10
-0.3328941732283465
20
0.8199175984251968
11
-0.3331420866141732
21
0.8197614960629921
0
LINE
8
BLACK
6
CONTINUOUS
10
-0.3331420866141732
20
0.8197614960629921
11
-0.3372665748031496
21
0.8176992519685039
0
LINE
8
BLACK
6
CONTINUOUS
10
-0.3372665748031496
20
0.8176992519685039
11
-0.3378072047244094
21
0.8174923622047244
0
LINE
8
BLACK
6
CONTINUOUS
10
-0.3378072047244094
20
0.8174923622047244
11
-0.337913031496063
21
0.8174848818897638
0
LINE
8
BLACK
6
CONTINUOUS
10
-0.337913031496063
20
0.8174848818897638
11
-0.3380110236220472
21
0.8174442519685039
0
LINE
8
BLACK
6
CONTINUOUS
10
-0.3380110236220472
20
0.8174442519685039
11
-0.3385870866141732
21
0.8173875196850393
0
LINE
8
BLACK
6
CONTINUOUS
10
-0.3385870866141732
20
0.8173875196850393
11
-0.3427115748031496
21
0.8173875196850393
0
LINE
8
BLACK
6
CONTINUOUS
10
-0.3427115748031496
20
0.8173875196850393
11
-0.3432876377952756
21
0.8174442519685039
0
LINE
8
BLACK
6
CONTINUOUS
10
-0.3432876377952756
20
0.8174442519685039
11
-0.3433856299212598
21
0.817484842519685
0
LINE
8
BLACK
6
CONTINUOUS
10
-0.3433856299212598
20
0.817484842519685
11
-0.3434914960629921
21
0.8174923622047244
0
LINE
8
BLACK
6
CONTINUOUS
10
-0.3434914960629921
20
0.8174923622047244
11
-0.3440320866141732
21
0.8176992519685039
0
LINE
8
BLACK
6
CONTINUOUS
10
-0.3440320866141732
20
0.8176992519685039
11
-0.3481565748031496
21
0.8197614960629921
0
LINE
8
BLACK
6
CONTINUOUS
10
-0.3481565748031496
20
0.8197614960629921
11
-0.3484044094488189
21
0.8199175196850393
0
LINE
8
BLACK
6
CONTINUOUS
10
-0.3484044094488189
20
0.8199175196850393
11
-0.3484765354330708
21
0.8199473622047244
0
LINE
8
BLACK
6
CONTINUOUS
10
-0.3484765354330708
20
0.8199473622047244
11
-0.348557716535433
21
0.8200139763779527
0
LINE
8
BLACK
6
CONTINUOUS
10
-0.348557716535433
20
0.8200139763779527
11
-0.3486464566929134
21
0.8200698425196851
0
LINE
8
BLACK
6
CONTINUOUS
10
-0.3486464566929134
20
0.8200698425196851
11
-0.3486975984251968
21
0.820128779527559
0
LINE
8
BLACK
6
CONTINUOUS
10
-0.3486975984251968
20
0.820128779527559
11
-0.3489239763779527
21
0.8203146062992126
0
LINE
8
BLACK
6
CONTINUOUS
10
-0.3489239763779527
20
0.8203146062992126
11
-0.3509862204724409
21
0.8223768503937008
0
LINE
8
BLACK
6
CONTINUOUS
10
-0.3509862204724409
20
0.8223768503937008
11
-0.3511720866141732
21
0.8226033464566929
0
LINE
8
BLACK
6
CONTINUOUS
10
-0.3511720866141732
20
0.8226033464566929
11
-0.3512309842519685
21
0.8226544094488188
0
LINE
8
BLACK
6
CONTINUOUS
10
-0.3512309842519685
20
0.8226544094488188
11
-0.3512868897637795
21
0.8227432283464566
0
LINE
8
BLACK
6
CONTINUOUS
10
-0.3512868897637795
20
0.8227432283464566
11
-0.3513534251968504
21
0.8228242913385827
0
LINE
8
BLACK
6
CONTINUOUS
10
-0.3513534251968504
20
0.8228242913385827
11
-0.3513832677165354
21
0.8228963385826772
0
LINE
8
BLACK
6
CONTINUOUS
10
-0.3513832677165354
20
0.8228963385826772
11
-0.3515393307086614
21
0.8231442519685039
0
LINE
8
BLACK
6
CONTINUOUS
10
-0.3515393307086614
20
0.8231442519685039
11
-0.3536015748031496
21
0.8272687401574803
0
LINE
8
BLACK
6
CONTINUOUS
10
-0.3536015748031496
20
0.8272687401574803
11
-0.3536177559055118
21
0.8273109448818897
0
LINE
8
BLACK
6
CONTINUOUS
10
-0.3536177559055118
20
0.8273109448818897
11
-0.3536303937007874
21
0.8273280314960629
0
LINE
8
BLACK
6
CONTINUOUS
10
-0.3536303937007874
20
0.8273280314960629
11
-0.3537167322834646
21
0.8275696456692914
0
LINE
8
BLACK
6
CONTINUOUS
10
-0.3537167322834646
20
0.8275696456692914
11
-0.3538084645669291
21
0.8278093700787401
0
LINE
8
BLACK
6
CONTINUOUS
10
-0.3538084645669291
20
0.8278093700787401
11
-0.35381
21
0.8278306299212598
0
LINE
8
BLACK
6
CONTINUOUS
10
-0.35381
20
0.8278306299212598
11
-0.353825157480315
21
0.8278731102362205
0
LINE
8
BLACK
6
CONTINUOUS
10
-0.353825157480315
20
0.8278731102362205
11
-0.3558874015748031
21
0.8361220866141732
0
LINE
8
BLACK
6
CONTINUOUS
10
-0.3558874015748031
20
0.8361220866141732
11
-0.3559022047244094
21
0.836221968503937
0
LINE
8
BLACK
6
CONTINUOUS
10
-0.3559022047244094
20
0.836221968503937
11
-0.3559188188976378
21
0.8362621653543307
0
LINE
8
BLACK
6
CONTINUOUS
10
-0.3559188188976378
20
0.8362621653543307
11
-0.3559401968503937
21
0.8364792125984252
0
LINE
8
BLACK
6
CONTINUOUS
10
-0.3559401968503937
20
0.8364792125984252
11
-0.3559720472440945
21
0.8366946850393701
0
LINE
8
BLACK
6
CONTINUOUS
10
-0.3559720472440945
20
0.8366946850393701
11
-0.3559656692913385
21
0.8367377165354331
0
LINE
8
BLACK
6
CONTINUOUS
10
-0.3559656692913385
20
0.8367377165354331
11
-0.3559755511811024
21
0.8368382283464567
0
LINE
8
BLACK
6
CONTINUOUS
10
-0.3559755511811024
20
0.8368382283464567
11
-0.3559755511811024
21
0.8471494488188976
0
LINE
8
BLACK
6
CONTINUOUS
10
-0.3559755511811024
20
0.8471494488188976
11
-0.3559656692913385
21
0.8472499999999999
0
LINE
8
BLACK
6
CONTINUOUS
10
-0.3559656692913385
20
0.8472499999999999
11
-0.3559720472440945
21
0.8472929921259842
0
LINE
8
BLACK
6
CONTINUOUS
10
-0.3559720472440945
20
0.8472929921259842
11
-0.3559401968503937
21
0.8475085039370078
0
LINE
8
BLACK
6
CONTINUOUS
10
-0.3559401968503937
20
0.8475085039370078
11
-0.3559188188976378
21
0.8477255118110236
0
LINE
8
BLACK
6
CONTINUOUS
10
-0.3559188188976378
20
0.8477255118110236
11
-0.3559022047244094
21
0.8477657480314961
0
LINE
8
BLACK
6
CONTINUOUS
10
-0.3559022047244094
20
0.8477657480314961
11
-0.3558874015748031
21
0.847865590551181
0
LINE
8
BLACK
6
CONTINUOUS
10
-0.3558874015748031
20
0.847865590551181
11
-0.353825157480315
21
0.8561145669291338
0
LINE
8
BLACK
6
CONTINUOUS
10
-0.353825157480315
20
0.8561145669291338
11
-0.35381
21
0.8561570866141732
0
LINE
8
BLACK
6
CONTINUOUS
10
-0.35381
20
0.8561570866141732
11
-0.3538084645669291
21
0.8561783070866141
0
LINE
8
BLACK
6
CONTINUOUS
10
-0.3538084645669291
20
0.8561783070866141
11
-0.3537167322834646
21
0.8564180708661417
0
LINE
8
BLACK
6
CONTINUOUS
10
-0.3537167322834646
20
0.8564180708661417
11
-0.3536303937007874
21
0.8566596456692913
0
LINE
8
BLACK
6
CONTINUOUS
10
-0.3536303937007874
20
0.8566596456692913
11
-0.3536177559055118
21
0.8566767716535433
0
LINE
8
BLACK
6
CONTINUOUS
10
-0.3536177559055118
20
0.8566767716535433
11
-0.3536015748031496
21
0.856718937007874
0
LINE
8
BLACK
6
CONTINUOUS
10
-0.3536015748031496
20
0.856718937007874
11
-0.3515393307086614
21
0.8608434251968504
0
LINE
8
BLACK
6
CONTINUOUS
10
-0.3515393307086614
20
0.8608434251968504
11
-0.3513832677165354
21
0.8610913779527559
0
LINE
8
BLACK
6
CONTINUOUS
10
-0.3513832677165354
20
0.8610913779527559
11
-0.3513534251968504
21
0.8611633858267717
0
LINE
8
BLACK
6
CONTINUOUS
10
-0.3513534251968504
20
0.8611633858267717
11
-0.3512868897637795
21
0.8612445275590551
0
LINE
8
BLACK
6
CONTINUOUS
10
-0.3512868897637795
20
0.8612445275590551
11
-0.3512309842519685
21
0.8613332677165354
0
LINE
8
BLACK
6
CONTINUOUS
10
-0.3512309842519685
20
0.8613332677165354
11
-0.3511721653543307
21
0.8613843307086614
0
LINE
8
BLACK
6
CONTINUOUS
10
-0.3511721653543307
20
0.8613843307086614
11
-0.3509862204724409
21
0.8616108661417322
0
LINE
8
BLACK
6
CONTINUOUS
10
-0.3509862204724409
20
0.8616108661417322
11
-0.3489239763779527
21
0.863673031496063
0
LINE
8
BLACK
6
CONTINUOUS
10
-0.3489239763779527
20
0.863673031496063
11
-0.3486976377952756
21
0.8638588188976378
0
LINE
8
BLACK
6
CONTINUOUS
10
-0.3486976377952756
20
0.8638588188976378
11
-0.3486464566929134
21
0.8639177952755905
0
LINE
8
BLACK
6
CONTINUOUS
10
-0.3486464566929134
20
0.8639177952755905
11
-0.3485575590551181
21
0.863973779527559
0
LINE
8
BLACK
6
CONTINUOUS
10
-0.3485575590551181
20
0.863973779527559
11
-0.3484764960629921
21
0.8640402755905512
0
LINE
8
BLACK
6
CONTINUOUS
10
-0.3484764960629921
20
0.8640402755905512
11
-0.3484044881889763
21
0.8640701181102362
0
LINE
8
BLACK
6
CONTINUOUS
10
-0.3484044881889763
20
0.8640701181102362
11
-0.3481565748031496
21
0.8642261417322834
0
LINE
8
BLACK
6
CONTINUOUS
10
-0.3481565748031496
20
0.8642261417322834
11
-0.3440320866141732
21
0.8662883858267716
0
LINE
8
BLACK
6
CONTINUOUS
10
-0.3440320866141732
20
0.8662883858267716
11
-0.3434914960629921
21
0.8664952755905512
0
LINE
8
BLACK
6
CONTINUOUS
10
-0.3434914960629921
20
0.8664952755905512
11
-0.3433856299212598
21
0.8665028346456692
0
LINE
8
BLACK
6
CONTINUOUS
10
-0.3433856299212598
20
0.8665028346456692
11
-0.3432876377952756
21
0.8665433858267716
0
LINE
8
BLACK
6
CONTINUOUS
10
-0.3432876377952756
20
0.8665433858267716
11
-0.3427115748031496
21
0.8666001181102362
0
LINE
8
BLACK
6
CONTINUOUS
10
-0.3427115748031496
20
0.8666001181102362
11
-0.3385870866141732
21
0.8666001181102362
0
LINE
8
BLACK
6
CONTINUOUS
10
-0.3385870866141732
20
0.8666001181102362
11
-0.3380110236220472
21
0.8665433858267716
0
LINE
8
BLACK
6
CONTINUOUS
10
-0.345086968503937
20
0.8591583858267716
11
-0.3464716141732284
21
0.8577737401574803
0
LINE
8
BLACK
6
CONTINUOUS
10
-0.3464716141732284
20
0.8577737401574803
11
-0.3481745669291338
21
0.8543679133858267
0
LINE
8
BLACK
6
CONTINUOUS
10
-0.3481745669291338
20
0.8543679133858267
11
-0.3500700393700787
21
0.846785905511811
0
LINE
8
BLACK
6
CONTINUOUS
10
-0.3500700393700787
20
0.846785905511811
11
-0.3500700393700787
21
0.837201811023622
0
LINE
8
BLACK
6
CONTINUOUS
10
-0.3500700393700787
20
0.837201811023622
11
-0.3481745669291338
21
0.8296198031496063
0
LINE
8
BLACK
6
CONTINUOUS
10
-0.3481745669291338
20
0.8296198031496063
11
-0.3464715748031496
21
0.8262138582677165
0
LINE
8
BLACK
6
CONTINUOUS
10
-0.3464715748031496
20
0.8262138582677165
11
-0.345086968503937
21
0.8248292519685039
0
LINE
8
BLACK
6
CONTINUOUS
10
-0.345086968503937
20
0.8248292519685039
11
-0.3420145275590551
21
0.8232930314960629
0
LINE
8
BLACK
6
CONTINUOUS
10
-0.3420145275590551
20
0.8232930314960629
11
-0.3392841338582677
21
0.8232930314960629
0
LINE
8
BLACK
6
CONTINUOUS
10
-0.3392841338582677
20
0.8232930314960629
11
-0.3362116929133858
21
0.8248292519685039
0
LINE
8
BLACK
6
CONTINUOUS
10
-0.3362116929133858
20
0.8248292519685039
11
-0.3348270866141732
21
0.8262138582677165
0
LINE
8
BLACK
6
CONTINUOUS
10
-0.3348270866141732
20
0.8262138582677165
11
-0.3331241338582677
21
0.8296198031496063
0
LINE
8
BLACK
6
CONTINUOUS
10
-0.3331241338582677
20
0.8296198031496063
11
-0.3312286220472441
21
0.8372017716535433
0
LINE
8
BLACK
6
CONTINUOUS
10
-0.3312286220472441
20
0.8372017716535433
11
-0.3312286220472441
21
0.846785905511811
0
LINE
8
BLACK
6
CONTINUOUS
10
-0.3312286220472441
20
0.846785905511811
11
-0.3331241338582677
21
0.854367874015748
0
LINE
8
BLACK
6
CONTINUOUS
10
-0.3331241338582677
20
0.854367874015748
11
-0.3348270866141732
21
0.8577738188976378
0
LINE
8
BLACK
6
CONTINUOUS
10
-0.3348270866141732
20
0.8577738188976378
11
-0.3362117716535433
21
0.8591584251968504
0
LINE
8
BLACK
6
CONTINUOUS
10
-0.3362117716535433
20
0.8591584251968504
11
-0.3392841338582677
21
0.8606946062992126
0
LINE
8
BLACK
6
CONTINUOUS
10
-0.3392841338582677
20
0.8606946062992126
11
-0.3420145275590551
21
0.8606946062992126
0
LINE
8
BLACK
6
CONTINUOUS
10
-0.3420145275590551
20
0.8606946062992126
11
-0.345086968503937
21
0.8591583858267716
0
LINE
8
BLACK
6
CONTINUOUS
10
-0.2864549606299213
20
0.8665433858267716
11
-0.2853905511811023
21
0.8661024803149606
0
LINE
8
BLACK
6
CONTINUOUS
10
-0.2853905511811023
20
0.8661024803149606
11
-0.284575905511811
21
0.8652878346456693
0
LINE
8
BLACK
6
CONTINUOUS
10
-0.284575905511811
20
0.8652878346456693
11
-0.284135
21
0.8642234251968504
0
LINE
8
BLACK
6
CONTINUOUS
10
-0.284135
20
0.8642234251968504
11
-0.2840782677165354
21
0.8636473622047244
0
LINE
8
BLACK
6
CONTINUOUS
10
-0.2840782677165354
20
0.8636473622047244
11
-0.2840782677165354
21
0.8203402755905511
0
LINE
8
BLACK
6
CONTINUOUS
10
-0.2840782677165354
20
0.8203402755905511
11
-0.284135
21
0.8197642125984251
0
LINE
8
BLACK
6
CONTINUOUS
10
-0.284135
20
0.8197642125984251
11
-0.284575905511811
21
0.8186998031496063
0
LINE
8
BLACK
6
CONTINUOUS
10
-0.284575905511811
20
0.8186998031496063
11
-0.2853905511811023
21
0.817885157480315
0
LINE
8
BLACK
6
CONTINUOUS
10
-0.2853905511811023
20
0.817885157480315
11
-0.2864549606299213
21
0.8174442519685039
0
LINE
8
BLACK
6
CONTINUOUS
10
-0.2864549606299213
20
0.8174442519685039
11
-0.2870310236220472
21
0.8173875196850393
0
LINE
8
BLACK
6
CONTINUOUS
10
-0.2870310236220472
20
0.8173875196850393
11
-0.2973422440944882
21
0.8173875196850393
0
LINE
8
BLACK
6
CONTINUOUS
10
-0.2973422440944882
20
0.8173875196850393
11
-0.2976338582677165
21
0.8174162598425196
0
LINE
8
BLACK
6
CONTINUOUS
10
-0.2976338582677165
20
0.8174162598425196
11
-0.2977115748031496
21
0.8174107086614173
0
LINE
8
BLACK
6
CONTINUOUS
10
-0.2977115748031496
20
0.8174107086614173
11
-0.2978138582677165
21
0.8174339763779528
0
LINE
8
BLACK
6
CONTINUOUS
10
-0.2978138582677165
20
0.8174339763779528
11
-0.2979183070866142
21
0.8174442519685039
0
LINE
8
BLACK
6
CONTINUOUS
10
-0.2979183070866142
20
0.8174442519685039
11
-0.2979903937007874
21
0.8174741338582677
0
LINE
8
BLACK
6
CONTINUOUS
10
-0.2979903937007874
20
0.8174741338582677
11
-0.2982759842519685
21
0.8175390551181102
0
LINE
8
BLACK
6
CONTINUOUS
10
-0.2982759842519685
20
0.8175390551181102
11
-0.3044627165354331
21
0.8196012992125984
0
LINE
8
BLACK
6
CONTINUOUS
10
-0.3044627165354331
20
0.8196012992125984
11
-0.3049912992125984
21
0.8198372834645669
0
LINE
8
BLACK
6
CONTINUOUS
10
-0.3049912992125984
20
0.8198372834645669
11
-0.3050714173228347
21
0.8199067716535433
0
LINE
8
BLACK
6
CONTINUOUS
10
-0.3050714173228347
20
0.8199067716535433
11
-0.3051694488188976
21
0.8199473622047244
0
LINE
8
BLACK
6
CONTINUOUS
10
-0.3051694488188976
20
0.8199473622047244
11
-0.3056168897637795
21
0.8203146062992126
0
LINE
8
BLACK
6
CONTINUOUS
10
-0.3056168897637795
20
0.8203146062992126
11
-0.3097413779527559
21
0.824439094488189
0
LINE
8
BLACK
6
CONTINUOUS
10
-0.3097413779527559
20
0.824439094488189
11
-0.3099272440944882
21
0.824665590551181
0
LINE
8
BLACK
6
CONTINUOUS
10
-0.3099272440944882
20
0.824665590551181
11
-0.3099861417322834
21
0.824716653543307
0
LINE
8
BLACK
6
CONTINUOUS
10
-0.3099861417322834
20
0.824716653543307
11
-0.3100420472440945
21
0.8248054724409448
0
LINE
8
BLACK
6
CONTINUOUS
10
-0.3100420472440945
20
0.8248054724409448
11
-0.3101085826771653
21
0.8248865354330709
0
LINE
8
BLACK
6
CONTINUOUS
10
-0.3101085826771653
20
0.8248865354330709
11
-0.3101384251968504
21
0.8249585826771654
0
LINE
8
BLACK
6
CONTINUOUS
10
-0.3101384251968504
20
0.8249585826771654
11
-0.3102944881889764
21
0.8252064960629921
0
LINE
8
BLACK
6
CONTINUOUS
10
-0.3102944881889764
20
0.8252064960629921
11
-0.3123567322834646
21
0.8293309842519685
0
LINE
8
BLACK
6
CONTINUOUS
10
-0.3123567322834646
20
0.8293309842519685
11
-0.3123729133858268
21
0.8293731889763779
0
LINE
8
BLACK
6
CONTINUOUS
10
-0.3123729133858268
20
0.8293731889763779
11
-0.3123855511811023
21
0.8293902755905511
0
LINE
8
BLACK
6
CONTINUOUS
10
-0.3123855511811023
20
0.8293902755905511
11
-0.3124718897637795
21
0.8296318897637796
0
LINE
8
BLACK
6
CONTINUOUS
10
-0.3124718897637795
20
0.8296318897637796
11
-0.3125636220472441
21
0.8298716141732283
0
LINE
8
BLACK
6
CONTINUOUS
10
-0.3125636220472441
20
0.8298716141732283
11
-0.3125651574803149
21
0.829892874015748
0
LINE
8
BLACK
6
CONTINUOUS
10
-0.3125651574803149
20
0.829892874015748
11
-0.3125803149606299
21
0.8299353543307086
0
LINE
8
BLACK
6
CONTINUOUS
10
-0.3125803149606299
20
0.8299353543307086
11
-0.3146425590551181
21
0.8381843307086614
0
LINE
8
BLACK
6
CONTINUOUS
10
-0.3146425590551181
20
0.8381843307086614
11
-0.3146573622047244
21
0.8382842125984252
0
LINE
8
BLACK
6
CONTINUOUS
10
-0.3146573622047244
20
0.8382842125984252
11
-0.3146739763779527
21
0.8383244094488189
0
LINE
8
BLACK
6
CONTINUOUS
10
-0.3146739763779527
20
0.8383244094488189
11
-0.3146953543307087
21
0.8385414566929134
0
LINE
8
BLACK
6
CONTINUOUS
10
-0.3146953543307087
20
0.8385414566929134
11
-0.3147272047244095
21
0.8387569291338582
0
LINE
8
BLACK
6
CONTINUOUS
10
-0.3147272047244095
20
0.8387569291338582
11
-0.3147208267716535
21
0.8387999606299212
0
LINE
8
BLACK
6
CONTINUOUS
10
-0.3147208267716535
20
0.8387999606299212
11
-0.3147307086614173
21
0.8389004724409449
0
LINE
8
BLACK
6
CONTINUOUS
10
-0.3147307086614173
20
0.8389004724409449
11
-0.3147307086614173
21
0.8450872047244095
0
LINE
8
BLACK
6
CONTINUOUS
10
-0.3147307086614173
20
0.8450872047244095
11
-0.3147208267716535
21
0.8451877559055118
0
LINE
8
BLACK
6
CONTINUOUS
10
-0.3147208267716535
20
0.8451877559055118
11
-0.3147272047244095
21
0.845230748031496
0
LINE
8
BLACK
6
CONTINUOUS
10
-0.3147272047244095
20
0.845230748031496
11
-0.3146953543307087
21
0.8454462598425196
0
LINE
8
BLACK
6
CONTINUOUS
10
-0.3146953543307087
20
0.8454462598425196
11
-0.3146739763779527
21
0.8456632677165354
0
LINE
8
BLACK
6
CONTINUOUS
10
-0.3146739763779527
20
0.8456632677165354
11
-0.3146573622047244
21
0.8457035039370079
0
LINE
8
BLACK
6
CONTINUOUS
10
-0.3146573622047244
20
0.8457035039370079
11
-0.3146425590551181
21
0.8458033464566929
0
LINE
8
BLACK
6
CONTINUOUS
10
-0.3146425590551181
20
0.8458033464566929
11
-0.3125803149606299
21
0.8540523228346456
0
LINE
8
BLACK
6
CONTINUOUS
10
-0.3125803149606299
20
0.8540523228346456
11
-0.3125651574803149
21
0.854094842519685
0
LINE
8
BLACK
6
CONTINUOUS
10
-0.3125651574803149
20
0.854094842519685
11
-0.3125636220472441
21
0.8541160629921259
0
LINE
8
BLACK
6
CONTINUOUS
10
-0.3125636220472441
20
0.8541160629921259
11
-0.3124718897637795
21
0.8543558267716536
0
LINE
8
BLACK
6
CONTINUOUS
10
-0.3124718897637795
20
0.8543558267716536
11
-0.3123855511811023
21
0.8545974015748031
0
LINE
8
BLACK
6
CONTINUOUS
10
-0.3123855511811023
20
0.8545974015748031
11
-0.3123729133858268
21
0.8546145275590551
0
LINE
8
BLACK
6
CONTINUOUS
10
-0.3123729133858268
20
0.8546145275590551
11
-0.3123567322834646
21
0.8546566929133859
0
LINE
8
BLACK
6
CONTINUOUS
10
-0.3123567322834646
20
0.8546566929133859
11
-0.3102944881889764
21
0.8587811811023622
0
LINE
8
BLACK
6
CONTINUOUS
10
-0.3102944881889764
20
0.8587811811023622
11
-0.3101384251968504
21
0.8590291338582677
0
LINE
8
BLACK
6
CONTINUOUS
10
-0.3101384251968504
20
0.8590291338582677
11
-0.3101085826771653
21
0.8591011417322835
0
LINE
8
BLACK
6
CONTINUOUS
10
-0.3101085826771653
20
0.8591011417322835
11
-0.3100420472440945
21
0.8591822440944882
0
LINE
8
BLACK
6
CONTINUOUS
10
-0.3100420472440945
20
0.8591822440944882
11
-0.3099861417322834
21
0.8592710236220472
0
LINE
8
BLACK
6
CONTINUOUS
10
-0.3099861417322834
20
0.8592710236220472
11
-0.3099272440944882
21
0.8593221259842519
0
LINE
8
BLACK
6
CONTINUOUS
10
-0.3099272440944882
20
0.8593221259842519
11
-0.3097413779527559
21
0.8595485826771654
0
LINE
8
BLACK
6
CONTINUOUS
10
-0.3097413779527559
20
0.8595485826771654
11
-0.3056168897637795
21
0.863673031496063
0
LINE
8
BLACK
6
CONTINUOUS
10
-0.3056168897637795
20
0.863673031496063
11
-0.3051694094488189
21
0.8640402755905512
0
LINE
8
BLACK
6
CONTINUOUS
10
-0.3051694094488189
20
0.8640402755905512
11
-0.3050714566929134
21
0.8640808661417323
0
LINE
8
BLACK
6
CONTINUOUS
10
-0.3050714566929134
20
0.8640808661417323
11
-0.3049912992125984
21
0.8641503543307086
0
LINE
8
BLACK
6
CONTINUOUS
10
-0.3049912992125984
20
0.8641503543307086
11
-0.3044627165354331
21
0.8643863385826771
0
LINE
8
BLACK
6
CONTINUOUS
10
-0.3044627165354331
20
0.8643863385826771
11
-0.2982759842519685
21
0.8664485826771653
0
LINE
8
BLACK
6
CONTINUOUS
10
-0.2982759842519685
20
0.8664485826771653
11
-0.2979903937007874
21
0.8665135433070866
0
LINE
8
BLACK
6
CONTINUOUS
10
-0.2979903937007874
20
0.8665135433070866
11
-0.2979183070866142
21
0.8665433858267716
0
LINE
8
BLACK
6
CONTINUOUS
10
-0.2979183070866142
20
0.8665433858267716
11
-0.2978138582677165
21
0.8665537007874016
0
LINE
8
BLACK
6
CONTINUOUS
10
-0.2978138582677165
20
0.8665537007874016
11
-0.2977115748031496
21
0.8665769291338582
0
LINE
8
BLACK
6
CONTINUOUS
10
-0.2977115748031496
20
0.8665769291338582
11
-0.2976338582677165
21
0.8665714173228346
0
LINE
8
BLACK
6
CONTINUOUS
10
-0.2976338582677165
20
0.8665714173228346
11
-0.2973422440944882
21
0.8666001181102362
0
LINE
8
BLACK
6
CONTINUOUS
10
-0.2973422440944882
20
0.8666001181102362
11
-0.2870310236220472
21
0.8666001181102362
0
LINE
8
BLACK
6
CONTINUOUS
10
-0.2870310236220472
20
0.8666001181102362
11
-0.2864549606299213
21
0.8665433858267716
0
LINE
8
BLACK
6
CONTINUOUS
10
-0.3019339763779528
20
0.8590043307086614
11
-0.3052267716535433
21
0.8557115748031496
0
LINE
8
BLACK
6
CONTINUOUS
10
-0.3052267716535433
20
0.8557115748031496
11
-0.3069297244094488
21
0.8523056692913386
0
LINE
8
BLACK
6
CONTINUOUS
10
-0.3069297244094488
20
0.8523056692913386
11
-0.3088251968503937
21
0.8447236614173228
0
LINE
8
BLACK
6
CONTINUOUS
10
-0.3088251968503937
20
0.8447236614173228
11
-0.3088251968503937
21
0.8392640551181102
0
LINE
8
BLACK
6
CONTINUOUS
10
-0.3088251968503937
20
0.8392640551181102
11
-0.3069297244094488
21
0.8316820472440944
0
LINE
8
BLACK
6
CONTINUOUS
10
-0.3069297244094488
20
0.8316820472440944
11
-0.3052267322834646
21
0.8282761023622047
0
LINE
8
BLACK
6
CONTINUOUS
10
-0.3052267322834646
20
0.8282761023622047
11
-0.301933937007874
21
0.8249833070866142
0
LINE
8
BLACK
6
CONTINUOUS
10
-0.301933937007874
20
0.8249833070866142
11
-0.2968631102362205
21
0.8232930314960629
0
LINE
8
BLACK
6
CONTINUOUS
10
-0.2968631102362205
20
0.8232930314960629
11
-0.289983779527559
21
0.8232930314960629
0
LINE
8
BLACK
6
CONTINUOUS
10
-0.289983779527559
20
0.8232930314960629
11
-0.289983779527559
21
0.8606946062992126
0
LINE
8
BLACK
6
CONTINUOUS
10
-0.289983779527559
20
0.8606946062992126
11
-0.2968631102362205
21
0.8606946062992126
0
LINE
8
BLACK
6
CONTINUOUS
10
-0.2968631102362205
20
0.8606946062992126
11
-0.3019339763779528
21
0.8590043307086614
0
LINE
8
BLACK
6
CONTINUOUS
10
-0.2472723622047244
20
0.8665433858267716
11
-0.2462079527559055
21
0.8661024803149606
0
LINE
8
BLACK
6
CONTINUOUS
10
-0.2462079527559055
20
0.8661024803149606
11
-0.2453933070866142
21
0.8652878346456693
0
LINE
8
BLACK
6
CONTINUOUS
10
-0.2453933070866142
20
0.8652878346456693
11
-0.2449524015748031
21
0.8642234251968504
0
LINE
8
BLACK
6
CONTINUOUS
10
-0.2449524015748031
20
0.8642234251968504
11
-0.2448956692913386
21
0.8636473622047244
0
LINE
8
BLACK
6
CONTINUOUS
10
-0.2448956692913386
20
0.8636473622047244
11
-0.2448956692913386
21
0.8203402755905511
0
LINE
8
BLACK
6
CONTINUOUS
10
-0.2448956692913386
20
0.8203402755905511
11
-0.2449524015748031
21
0.8197642125984251
0
LINE
8
BLACK
6
CONTINUOUS
10
-0.2449524015748031
20
0.8197642125984251
11
-0.2453933070866142
21
0.8186998031496063
0
LINE
8
BLACK
6
CONTINUOUS
10
-0.2453933070866142
20
0.8186998031496063
11
-0.2462079527559055
21
0.817885157480315
0
LINE
8
BLACK
6
CONTINUOUS
10
-0.2462079527559055
20
0.817885157480315
11
-0.2472723622047244
21
0.8174442519685039
0
LINE
8
BLACK
6
CONTINUOUS
10
-0.2472723622047244
20
0.8174442519685039
11
-0.2478484251968504
21
0.8173875196850393
0
LINE
8
BLACK
6
CONTINUOUS
10
-0.2478484251968504
20
0.8173875196850393
11
-0.2684708661417323
21
0.8173875196850393
0
LINE
8
BLACK
6
CONTINUOUS
10
-0.2684708661417323
20
0.8173875196850393
11
-0.2690469291338582
21
0.8174442519685039
0
LINE
8
BLACK
6
CONTINUOUS
10
-0.2690469291338582
20
0.8174442519685039
11
-0.2701113385826772
21
0.817885157480315
0
LINE
8
BLACK
6
CONTINUOUS
10
-0.2701113385826772
20
0.817885157480315
11
-0.2709259842519685
21
0.8186998031496063
0
LINE
8
BLACK
6
CONTINUOUS
10
-0.2709259842519685
20
0.8186998031496063
11
-0.2713668897637795
21
0.8197642125984251
0
LINE
8
BLACK
6
CONTINUOUS
10
-0.2713668897637795
20
0.8197642125984251
11
-0.2713668897637795
21
0.8209163385826771
0
LINE
8
BLACK
6
CONTINUOUS
10
-0.2713668897637795
20
0.8209163385826771
11
-0.2709259842519685
21
0.821980748031496
0
LINE
8
BLACK
6
CONTINUOUS
10
-0.2709259842519685
20
0.821980748031496
11
-0.2701113385826772
21
0.8227953937007874
0
LINE
8
BLACK
6
CONTINUOUS
10
-0.2701113385826772
20
0.8227953937007874
11
-0.2690469291338582
21
0.8232362992125984
0
LINE
8
BLACK
6
CONTINUOUS
10
-0.2690469291338582
20
0.8232362992125984
11
-0.2684708661417323
21
0.8232930314960629
0
LINE
8
BLACK
6
CONTINUOUS
10
-0.2684708661417323
20
0.8232930314960629
11
-0.2508011811023622
21
0.8232930314960629
0
LINE
8
BLACK
6
CONTINUOUS
10
-0.2508011811023622
20
0.8232930314960629
11
-0.2508011811023622
21
0.8380099606299213
0
LINE
8
BLACK
6
CONTINUOUS
10
-0.2508011811023622
20
0.8380099606299213
11
-0.2622841338582677
21
0.8380099606299213
0
LINE
8
BLACK
6
CONTINUOUS
10
-0.2622841338582677
20
0.8380099606299213
11
-0.2628601968503937
21
0.8380666929133858
0
LINE
8
BLACK
6
CONTINUOUS
10
-0.2628601968503937
20
0.8380666929133858
11
-0.2639246062992126
21
0.8385075984251968
0
LINE
8
BLACK
6
CONTINUOUS
10
-0.2639246062992126
20
0.8385075984251968
11
-0.264739251968504
21
0.8393222440944882
0
LINE
8
BLACK
6
CONTINUOUS
10
-0.264739251968504
20
0.8393222440944882
11
-0.265180157480315
21
0.8403866535433071
0
LINE
8
BLACK
6
CONTINUOUS
10
-0.265180157480315
20
0.8403866535433071
11
-0.265180157480315
21
0.8415387795275591
0
LINE
8
BLACK
6
CONTINUOUS
10
-0.265180157480315
20
0.8415387795275591
11
-0.264739251968504
21
0.842603188976378
0
LINE
8
BLACK
6
CONTINUOUS
10
-0.264739251968504
20
0.842603188976378
11
-0.2639246062992126
21
0.8434178346456692
0
LINE
8
BLACK
6
CONTINUOUS
10
-0.2639246062992126
20
0.8434178346456692
11
-0.2628601968503937
21
0.8438587401574803
0
LINE
8
BLACK
6
CONTINUOUS
10
-0.2628601968503937
20
0.8438587401574803
11
-0.2622841338582677
21
0.8439154724409449
0
LINE
8
BLACK
6
CONTINUOUS
10
-0.2622841338582677
20
0.8439154724409449
11
-0.2508011811023622
21
0.8439154724409449
0
LINE
8
BLACK
6
CONTINUOUS
10
-0.2508011811023622
20
0.8439154724409449
11
-0.2508011811023622
21
0.8606946062992126
0
LINE
8
BLACK
6
CONTINUOUS
10
-0.2508011811023622
20
0.8606946062992126
11
-0.2684708661417323
21
0.8606946062992126
0
LINE
8
BLACK
6
CONTINUOUS
10
-0.2684708661417323
20
0.8606946062992126
11
-0.2690469291338582
21
0.8607513385826772
0
LINE
8
BLACK
6
CONTINUOUS
10
-0.2690469291338582
20
0.8607513385826772
11
-0.2701113385826772
21
0.8611922440944881
0
LINE
8
BLACK
6
CONTINUOUS
10
-0.2701113385826772
20
0.8611922440944881
11
-0.2709259842519685
21
0.8620068897637795
0
LINE
8
BLACK
6
CONTINUOUS
10
-0.2709259842519685
20
0.8620068897637795
11
-0.2713668897637795
21
0.8630712992125984
0
LINE
8
BLACK
6
CONTINUOUS
10
-0.2713668897637795
20
0.8630712992125984
11
-0.2713668897637795
21
0.8642234251968504
0
LINE
8
BLACK
6
CONTINUOUS
10
-0.2713668897637795
20
0.8642234251968504
11
-0.2709259842519685
21
0.8652878346456693
0
LINE
8
BLACK
6
CONTINUOUS
10
-0.2709259842519685
20
0.8652878346456693
11
-0.2701113385826772
21
0.8661024803149606
0
LINE
8
BLACK
6
CONTINUOUS
10
-0.2701113385826772
20
0.8661024803149606
11
-0.2690469291338582
21
0.8665433858267716
0
LINE
8
BLACK
6
CONTINUOUS
10
-0.2690469291338582
20
0.8665433858267716
11
-0.2684708661417323
21
0.8666001181102362
0
LINE
8
BLACK
6
CONTINUOUS
10
-0.2684708661417323
20
0.8666001181102362
11
-0.2478484251968504
21
0.8666001181102362
0
LINE
8
BLACK
6
CONTINUOUS
10
-0.2478484251968504
20
0.8666001181102362
11
-0.2472723622047244
21
0.8665433858267716
0
LINE
8
BLACK
6
CONTINUOUS
10
-0.1750938976377953
20
0.8665433858267716
11
-0.174995905511811
21
0.8665027952755905
0
LINE
8
BLACK
6
CONTINUOUS
10
-0.174995905511811
20
0.8665027952755905
11
-0.1748900787401575
21
0.8664952755905512
0
LINE
8
BLACK
6
CONTINUOUS
10
-0.1748900787401575
20
0.8664952755905512
11
-0.1743494488188976
21
0.8662883858267716
0
LINE
8
BLACK
6
CONTINUOUS
10
-0.1743494488188976
20
0.8662883858267716
11
-0.1702249606299213
21
0.8642261417322834
0
LINE
8
BLACK
6
CONTINUOUS
10
-0.1702249606299213
20
0.8642261417322834
11
-0.169977125984252
21
0.8640701574803149
0
LINE
8
BLACK
6
CONTINUOUS
10
-0.169977125984252
20
0.8640701574803149
11
-0.1699050393700787
21
0.8640402755905512
0
LINE
8
BLACK
6
CONTINUOUS
10
-0.1699050393700787
20
0.8640402755905512
11
-0.1698238976377953
21
0.8639737007874015
0
LINE
8
BLACK
6
CONTINUOUS
10
-0.1698238976377953
20
0.8639737007874015
11
-0.1697351181102362
21
0.8639177952755905
0
LINE
8
BLACK
6
CONTINUOUS
10
-0.1697351181102362
20
0.8639177952755905
11
-0.1696840551181102
21
0.863858937007874
0
LINE
8
BLACK
6
CONTINUOUS
10
-0.1696840551181102
20
0.863858937007874
11
-0.1694575590551181
21
0.863673031496063
0
LINE
8
BLACK
6
CONTINUOUS
10
-0.1694575590551181
20
0.863673031496063
11
-0.1653330708661417
21
0.8595485826771654
0
LINE
8
BLACK
6
CONTINUOUS
10
-0.1653330708661417
20
0.8595485826771654
11
-0.1649658661417323
21
0.8591011417322835
0
LINE
8
BLACK
6
CONTINUOUS
10
-0.1649658661417323
20
0.8591011417322835
11
-0.1648818897637795
21
0.8588983464566929
0
LINE
8
BLACK
6
CONTINUOUS
10
-0.1648818897637795
20
0.8588983464566929
11
-0.1647511417322835
21
0.8587219291338583
0
LINE
8
BLACK
6
CONTINUOUS
10
-0.1647511417322835
20
0.8587219291338583
11
-0.1645563779527559
21
0.858176811023622
0
LINE
8
BLACK
6
CONTINUOUS
10
-0.1645563779527559
20
0.858176811023622
11
-0.1624941338582677
21
0.849927874015748
0
LINE
8
BLACK
6
CONTINUOUS
10
-0.1624941338582677
20
0.849927874015748
11
-0.1624793700787402
21
0.8498279527559055
0
LINE
8
BLACK
6
CONTINUOUS
10
-0.1624793700787402
20
0.8498279527559055
11
-0.1624627165354331
21
0.8497877559055118
0
LINE
8
BLACK
6
CONTINUOUS
10
-0.1624627165354331
20
0.8497877559055118
11
-0.1624413779527559
21
0.8495707874015748
0
LINE
8
BLACK
6
CONTINUOUS
10
-0.1624413779527559
20
0.8495707874015748
11
-0.1624094881889764
21
0.8493552362204724
0
LINE
8
BLACK
6
CONTINUOUS
10
-0.1624094881889764
20
0.8493552362204724
11
-0.162415905511811
21
0.8493122440944881
0
LINE
8
BLACK
6
CONTINUOUS
10
-0.162415905511811
20
0.8493122440944881
11
-0.1624059842519685
21
0.8492116929133858
0
LINE
8
BLACK
6
CONTINUOUS
10
-0.1624059842519685
20
0.8492116929133858
11
-0.1624059842519685
21
0.8347759842519685
0
LINE
8
BLACK
6
CONTINUOUS
10
-0.1624059842519685
20
0.8347759842519685
11
-0.162415905511811
21
0.8346754724409449
0
LINE
8
BLACK
6
CONTINUOUS
10
-0.162415905511811
20
0.8346754724409449
11
-0.1624094881889764
21
0.8346324409448819
0
LINE
8
BLACK
6
CONTINUOUS
10
-0.1624094881889764
20
0.8346324409448819
11
-0.1624413779527559
21
0.8344169291338582
0
LINE
8
BLACK
6
CONTINUOUS
10
-0.1624413779527559
20
0.8344169291338582
11
-0.1624627165354331
21
0.8341999212598425
0
LINE
8
BLACK
6
CONTINUOUS
10
-0.1624627165354331
20
0.8341999212598425
11
-0.1624793700787402
21
0.8341597637795275
0
LINE
8
BLACK
6
CONTINUOUS
10
-0.1624793700787402
20
0.8341597637795275
11
-0.1624941338582677
21
0.8340598031496063
0
LINE
8
BLACK
6
CONTINUOUS
10
-0.1624941338582677
20
0.8340598031496063
11
-0.1645563779527559
21
0.8258108661417323
0
LINE
8
BLACK
6
CONTINUOUS
10
-0.1645563779527559
20
0.8258108661417323
11
-0.1647511417322835
21
0.825265748031496
0
LINE
8
BLACK
6
CONTINUOUS
10
-0.1647511417322835
20
0.825265748031496
11
-0.164881811023622
21
0.8250894488188976
0
LINE
8
BLACK
6
CONTINUOUS
10
-0.164881811023622
20
0.8250894488188976
11
-0.1649658267716535
21
0.8248865354330709
0
LINE
8
BLACK
6
CONTINUOUS
10
-0.1649658267716535
20
0.8248865354330709
11
-0.1653330708661417
21
0.824439094488189
0
LINE
8
BLACK
6
CONTINUOUS
10
-0.1653330708661417
20
0.824439094488189
11
-0.1694575590551181
21
0.8203146062992126
0
LINE
8
BLACK
6
CONTINUOUS
10
-0.1694575590551181
20
0.8203146062992126
11
-0.1696840551181102
21
0.820128779527559
0
LINE
8
BLACK
6
CONTINUOUS
10
-0.1696840551181102
20
0.820128779527559
11
-0.1697351181102362
21
0.8200698425196851
0
LINE
8
BLACK
6
CONTINUOUS
10
-0.1697351181102362
20
0.8200698425196851
11
-0.169823937007874
21
0.8200139763779527
0
LINE
8
BLACK
6
CONTINUOUS
10
-0.169823937007874
20
0.8200139763779527
11
-0.169905
21
0.8199474015748032
0
LINE
8
BLACK
6
CONTINUOUS
10
-0.169905
20
0.8199474015748032
11
-0.1699770472440945
21
0.8199175984251968
0
LINE
8
BLACK
6
CONTINUOUS
10
-0.1699770472440945
20
0.8199175984251968
11
-0.1702249606299213
21
0.8197614960629921
0
LINE
8
BLACK
6
CONTINUOUS
10
-0.1702249606299213
20
0.8197614960629921
11
-0.1743494488188976
21
0.8176992519685039
0
LINE
8
BLACK
6
CONTINUOUS
10
-0.1743494488188976
20
0.8176992519685039
11
-0.1748900787401575
21
0.8174923622047244
0
LINE
8
BLACK
6
CONTINUOUS
10
-0.1748900787401575
20
0.8174923622047244
11
-0.174995905511811
21
0.8174848818897638
0
LINE
8
BLACK
6
CONTINUOUS
10
-0.174995905511811
20
0.8174848818897638
11
-0.1750938976377953
21
0.8174442519685039
0
LINE
8
BLACK
6
CONTINUOUS
10
-0.1750938976377953
20
0.8174442519685039
11
-0.1756699606299213
21
0.8173875196850393
0
LINE
8
BLACK
6
CONTINUOUS
10
-0.1756699606299213
20
0.8173875196850393
11
-0.183918937007874
21
0.8173875196850393
0
LINE
8
BLACK
6
CONTINUOUS
10
-0.183918937007874
20
0.8173875196850393
11
-0.184495
21
0.8174442519685039
0
LINE
8
BLACK
6
CONTINUOUS
10
-0.184495
20
0.8174442519685039
11
-0.1845929921259842
21
0.817484842519685
0
LINE
8
BLACK
6
CONTINUOUS
10
-0.1845929921259842
20
0.817484842519685
11
-0.1846988582677165
21
0.8174923622047244
0
LINE
8
BLACK
6
CONTINUOUS
10
-0.1846988582677165
20
0.8174923622047244
11
-0.1852394488188976
21
0.8176992519685039
0
LINE
8
BLACK
6
CONTINUOUS
10
-0.1852394488188976
20
0.8176992519685039
11
-0.189363937007874
21
0.8197614960629921
0
LINE
8
BLACK
6
CONTINUOUS
10
-0.189363937007874
20
0.8197614960629921
11
-0.1896117716535433
21
0.8199175196850393
0
LINE
8
BLACK
6
CONTINUOUS
10
-0.1896117716535433
20
0.8199175196850393
11
-0.1896838976377953
21
0.8199473622047244
0
LINE
8
BLACK
6
CONTINUOUS
10
-0.1896838976377953
20
0.8199473622047244
11
-0.1897650787401575
21
0.8200139763779527
0
LINE
8
BLACK
6
CONTINUOUS
10
-0.1897650787401575
20
0.8200139763779527
11
-0.1898538188976378
21
0.8200698425196851
0
LINE
8
BLACK
6
CONTINUOUS
10
-0.1898538188976378
20
0.8200698425196851
11
-0.1899049606299213
21
0.820128779527559
0
LINE
8
BLACK
6
CONTINUOUS
10
-0.1899049606299213
20
0.820128779527559
11
-0.1901313385826772
21
0.8203146062992126
0
LINE
8
BLACK
6
CONTINUOUS
10
-0.1901313385826772
20
0.8203146062992126
11
-0.1942558267716535
21
0.824439094488189
0
LINE
8
BLACK
6
CONTINUOUS
10
-0.1942558267716535
20
0.824439094488189
11
-0.194623031496063
21
0.8248865354330709
0
LINE
8
BLACK
6
CONTINUOUS
10
-0.194623031496063
20
0.8248865354330709
11
-0.1947070866141732
21
0.8250894094488189
0
LINE
8
BLACK
6
CONTINUOUS
10
-0.1947070866141732
20
0.8250894094488189
11
-0.1948377559055118
21
0.8252657874015747
0
LINE
8
BLACK
6
CONTINUOUS
10
-0.1948377559055118
20
0.8252657874015747
11
-0.1950325196850394
21
0.8258108661417323
0
LINE
8
BLACK
6
CONTINUOUS
10
-0.1950325196850394
20
0.8258108661417323
11
-0.1970947637795276
21
0.834059842519685
0
LINE
8
BLACK
6
CONTINUOUS
10
-0.1970947637795276
20
0.834059842519685
11
-0.1971095669291339
21
0.8341597244094489
0
LINE
8
BLACK
6
CONTINUOUS
10
-0.1971095669291339
20
0.8341597244094489
11
-0.1971261811023622
21
0.8341999212598425
0
LINE
8
BLACK
6
CONTINUOUS
10
-0.1971261811023622
20
0.8341999212598425
11
-0.1971475590551181
21
0.834416968503937
0
LINE
8
BLACK
6
CONTINUOUS
10
-0.1971475590551181
20
0.834416968503937
11
-0.1971794094488189
21
0.8346324409448819
0
LINE
8
BLACK
6
CONTINUOUS
10
-0.1971794094488189
20
0.8346324409448819
11
-0.197173031496063
21
0.8346754724409449
0
LINE
8
BLACK
6
CONTINUOUS
10
-0.197173031496063
20
0.8346754724409449
11
-0.1971829133858268
21
0.8347759842519685
0
LINE
8
BLACK
6
CONTINUOUS
10
-0.1971829133858268
20
0.8347759842519685
11
-0.1971829133858268
21
0.8492116929133858
0
LINE
8
BLACK
6
CONTINUOUS
10
-0.1971829133858268
20
0.8492116929133858
11
-0.197173031496063
21
0.8493122440944881
0
LINE
8
BLACK
6
CONTINUOUS
10
-0.197173031496063
20
0.8493122440944881
11
-0.1971794094488189
21
0.8493552362204724
0
LINE
8
BLACK
6
CONTINUOUS
10
-0.1971794094488189
20
0.8493552362204724
11
-0.1971475590551181
21
0.849570748031496
0
LINE
8
BLACK
6
CONTINUOUS
10
-0.1971475590551181
20
0.849570748031496
11
-0.1971261811023622
21
0.8497877559055118
0
LINE
8
BLACK
6
CONTINUOUS
10
-0.1971261811023622
20
0.8497877559055118
11
-0.1971095669291339
21
0.8498279921259843
0
LINE
8
BLACK
6
CONTINUOUS
10
-0.1971095669291339
20
0.8498279921259843
11
-0.1970947637795276
21
0.8499278346456692
0
LINE
8
BLACK
6
CONTINUOUS
10
-0.1970947637795276
20
0.8499278346456692
11
-0.1950325196850394
21
0.858176811023622
0
LINE
8
BLACK
6
CONTINUOUS
10
-0.1950325196850394
20
0.858176811023622
11
-0.1948377559055118
21
0.8587218897637795
0
LINE
8
BLACK
6
CONTINUOUS
10
-0.1948377559055118
20
0.8587218897637795
11
-0.1947070866141732
21
0.8588983070866142
0
LINE
8
BLACK
6
CONTINUOUS
10
-0.1947070866141732
20
0.8588983070866142
11
-0.194623031496063
21
0.8591011417322835
0
LINE
8
BLACK
6
CONTINUOUS
10
-0.194623031496063
20
0.8591011417322835
11
-0.1942558267716535
21
0.8595485826771654
0
LINE
8
BLACK
6
CONTINUOUS
10
-0.1942558267716535
20
0.8595485826771654
11
-0.1901313385826772
21
0.863673031496063
0
LINE
8
BLACK
6
CONTINUOUS
10
-0.1901313385826772
20
0.863673031496063
11
-0.189905
21
0.8638588188976378
0
LINE
8
BLACK
6
CONTINUOUS
10
-0.189905
20
0.8638588188976378
11
-0.1898538188976378
21
0.8639177952755905
0
LINE
8
BLACK
6
CONTINUOUS
10
-0.1898538188976378
20
0.8639177952755905
11
-0.1897649212598425
21
0.863973779527559
0
LINE
8
BLACK
6
CONTINUOUS
10
-0.1897649212598425
20
0.863973779527559
11
-0.1896838582677165
21
0.8640402755905512
0
LINE
8
BLACK
6
CONTINUOUS
10
-0.1896838582677165
20
0.8640402755905512
11
-0.1896118503937008
21
0.8640701181102362
0
LINE
8
BLACK
6
CONTINUOUS
10
-0.1896118503937008
20
0.8640701181102362
11
-0.189363937007874
21
0.8642261417322834
0
LINE
8
BLACK
6
CONTINUOUS
10
-0.189363937007874
20
0.8642261417322834
11
-0.1852394488188976
21
0.8662883858267716
0
LINE
8
BLACK
6
CONTINUOUS
10
-0.1852394488188976
20
0.8662883858267716
11
-0.1846988582677165
21
0.8664952755905512
0
LINE
8
BLACK
6
CONTINUOUS
10
-0.1846988582677165
20
0.8664952755905512
11
-0.1845929921259842
21
0.8665028346456692
0
LINE
8
BLACK
6
CONTINUOUS
10
-0.1845929921259842
20
0.8665028346456692
11
-0.184495
21
0.8665433858267716
0
LINE
8
BLACK
6
CONTINUOUS
10
-0.184495
20
0.8665433858267716
11
-0.183918937007874
21
0.8666001181102362
0
LINE
8
BLACK
6
CONTINUOUS
10
-0.183918937007874
20
0.8666001181102362
11
-0.1756699606299213
21
0.8666001181102362
0
LINE
8
BLACK
6
CONTINUOUS
10
-0.1756699606299213
20
0.8666001181102362
11
-0.1750938976377953
21
0.8665433858267716
0
LINE
8
BLACK
6
CONTINUOUS
10
-0.1862943700787401
20
0.8591583858267716
11
-0.1895016929133858
21
0.8559511023622047
0
LINE
8
BLACK
6
CONTINUOUS
10
-0.1895016929133858
20
0.8559511023622047
11
-0.1912774015748031
21
0.8488481496062992
0
LINE
8
BLACK
6
CONTINUOUS
10
-0.1912774015748031
20
0.8488481496062992
11
-0.1912774015748031
21
0.8351395669291338
0
LINE
8
BLACK
6
CONTINUOUS
10
-0.1912774015748031
20
0.8351395669291338
11
-0.1895016929133858
21
0.8280366141732284
0
LINE
8
BLACK
6
CONTINUOUS
10
-0.1895016929133858
20
0.8280366141732284
11
-0.1862943307086614
21
0.8248292519685039
0
LINE
8
BLACK
6
CONTINUOUS
10
-0.1862943307086614
20
0.8248292519685039
11
-0.1832218897637795
21
0.8232930314960629
0
LINE
8
BLACK
6
CONTINUOUS
10
-0.1832218897637795
20
0.8232930314960629
11
-0.1763670078740157
21
0.8232930314960629
0
LINE
8
BLACK
6
CONTINUOUS
10
-0.1763670078740157
20
0.8232930314960629
11
-0.1732945669291339
21
0.8248292519685039
0
LINE
8
BLACK
6
CONTINUOUS
10
-0.1732945669291339
20
0.8248292519685039
11
-0.1700872440944882
21
0.8280366141732284
0
LINE
8
BLACK
6
CONTINUOUS
10
-0.1700872440944882
20
0.8280366141732284
11
-0.1683114960629921
21
0.8351395275590551
0
LINE
8
BLACK
6
CONTINUOUS
10
-0.1683114960629921
20
0.8351395275590551
11
-0.1683114960629921
21
0.8488481496062992
0
LINE
8
BLACK
6
CONTINUOUS
10
-0.1683114960629921
20
0.8488481496062992
11
-0.1700872440944882
21
0.8559511023622047
0
LINE
8
BLACK
6
CONTINUOUS
10
-0.1700872440944882
20
0.8559511023622047
11
-0.1732945669291339
21
0.8591583858267716
0
LINE
8
BLACK
6
CONTINUOUS
10
-0.1732945669291339
20
0.8591583858267716
11
-0.1763670078740157
21
0.8606946062992126
0
LINE
8
BLACK
6
CONTINUOUS
10
-0.1763670078740157
20
0.8606946062992126
11
-0.1832218897637795
21
0.8606946062992126
0
LINE
8
BLACK
6
CONTINUOUS
10
-0.1832218897637795
20
0.8606946062992126
11
-0.1862943700787401
21
0.8591583858267716
0
LINE
8
BLACK
6
CONTINUOUS
10
-0.4051787401574803
20
0.8662125984251968
11
-0.4043083858267716
21
0.865457716535433
0
LINE
8
BLACK
6
CONTINUOUS
10
-0.4043083858267716
20
0.865457716535433
11
-0.4037931496062992
21
0.8644272834645669
0
LINE
8
BLACK
6
CONTINUOUS
10
-0.4037931496062992
20
0.8644272834645669
11
-0.4037114960629921
21
0.8632780708661417
0
LINE
8
BLACK
6
CONTINUOUS
10
-0.4037114960629921
20
0.8632780708661417
11
-0.403839842519685
21
0.8627136220472441
0
LINE
8
BLACK
6
CONTINUOUS
10
-0.403839842519685
20
0.8627136220472441
11
-0.4182755511811024
21
0.8194065354330708
0
LINE
8
BLACK
6
CONTINUOUS
10
-0.4182755511811024
20
0.8194065354330708
11
-0.4185115354330708
21
0.8188779527559055
0
LINE
8
BLACK
6
CONTINUOUS
10
-0.4185115354330708
20
0.8188779527559055
11
-0.4186497637795276
21
0.8187186220472441
0
LINE
8
BLACK
6
CONTINUOUS
10
-0.4186497637795276
20
0.8187186220472441
11
-0.4187440944881889
21
0.8185299212598425
0
LINE
8
BLACK
6
CONTINUOUS
10
-0.4187440944881889
20
0.8185299212598425
11
-0.4190238188976378
21
0.8182873228346457
0
LINE
8
BLACK
6
CONTINUOUS
10
-0.4190238188976378
20
0.8182873228346457
11
-0.4192664173228347
21
0.8180075984251969
0
LINE
8
BLACK
6
CONTINUOUS
10
-0.4192664173228347
20
0.8180075984251969
11
-0.4194550787401575
21
0.8179133070866141
0
LINE
8
BLACK
6
CONTINUOUS
10
-0.4194550787401575
20
0.8179133070866141
11
-0.4196144488188976
21
0.8177750393700787
0
LINE
8
BLACK
6
CONTINUOUS
10
-0.4196144488188976
20
0.8177750393700787
11
-0.4199657874015748
21
0.8176579527559055
0
LINE
8
BLACK
6
CONTINUOUS
10
-0.4199657874015748
20
0.8176579527559055
11
-0.4202968503937008
21
0.8174924015748032
0
LINE
8
BLACK
6
CONTINUOUS
10
-0.4202968503937008
20
0.8174924015748032
11
-0.4205072834645669
21
0.8174774803149606
0
LINE
8
BLACK
6
CONTINUOUS
10
-0.4205072834645669
20
0.8174774803149606
11
-0.4207074803149606
21
0.8174107086614173
0
LINE
8
BLACK
6
CONTINUOUS
10
-0.4207074803149606
20
0.8174107086614173
11
-0.4210768897637795
21
0.817436968503937
0
LINE
8
BLACK
6
CONTINUOUS
10
-0.4210768897637795
20
0.817436968503937
11
-0.4214460629921259
21
0.8174107086614173
0
LINE
8
BLACK
6
CONTINUOUS
10
-0.4214460629921259
20
0.8174107086614173
11
-0.4216461811023622
21
0.8174774409448818
0
LINE
8
BLACK
6
CONTINUOUS
10
-0.4216461811023622
20
0.8174774409448818
11
-0.4218566929133858
21
0.8174923622047244
0
LINE
8
BLACK
6
CONTINUOUS
10
-0.4218566929133858
20
0.8174923622047244
11
-0.4221879527559055
21
0.8176579921259842
0
LINE
8
BLACK
6
CONTINUOUS
10
-0.4221879527559055
20
0.8176579921259842
11
-0.422539094488189
21
0.8177750393700787
0
LINE
8
BLACK
6
CONTINUOUS
10
-0.422539094488189
20
0.8177750393700787
11
-0.4226984645669291
21
0.8179132677165354
0
LINE
8
BLACK
6
CONTINUOUS
10
-0.4226984645669291
20
0.8179132677165354
11
-0.4228871259842519
21
0.8180075984251969
0
LINE
8
BLACK
6
CONTINUOUS
10
-0.4228871259842519
20
0.8180075984251969
11
-0.4231297637795275
21
0.8182873228346457
0
LINE
8
BLACK
6
CONTINUOUS
10
-0.4231297637795275
20
0.8182873228346457
11
-0.4234094488188976
21
0.8185299212598425
0
LINE
8
BLACK
6
CONTINUOUS
10
-0.4234094488188976
20
0.8185299212598425
11
-0.423503779527559
21
0.8187185826771654
0
LINE
8
BLACK
6
CONTINUOUS
10
-0.423503779527559
20
0.8187185826771654
11
-0.4236420078740157
21
0.8188779527559055
0
LINE
8
BLACK
6
CONTINUOUS
10
-0.4236420078740157
20
0.8188779527559055
11
-0.4238779921259843
21
0.8194065354330708
0
LINE
8
BLACK
6
CONTINUOUS
10
-0.4238779921259843
20
0.8194065354330708
11
-0.4383137007874016
21
0.8627136220472441
0
LINE
8
BLACK
6
CONTINUOUS
10
-0.4383137007874016
20
0.8627136220472441
11
-0.4384420472440945
21
0.8632780708661417
0
LINE
8
BLACK
6
CONTINUOUS
10
-0.4384420472440945
20
0.8632780708661417
11
-0.4383603543307086
21
0.8644272834645669
0
LINE
8
BLACK
6
CONTINUOUS
10
-0.4383603543307086
20
0.8644272834645669
11
-0.4378451574803149
21
0.865457716535433
0
LINE
8
BLACK
6
CONTINUOUS
10
-0.4378451574803149
20
0.865457716535433
11
-0.4369748031496063
21
0.8662125984251968
0
LINE
8
BLACK
6
CONTINUOUS
10
-0.4369748031496063
20
0.8662125984251968
11
-0.4358817716535433
21
0.8665769291338582
0
LINE
8
BLACK
6
CONTINUOUS
10
-0.4358817716535433
20
0.8665769291338582
11
-0.4347325590551181
21
0.8664952362204724
0
LINE
8
BLACK
6
CONTINUOUS
10
-0.4347325590551181
20
0.8664952362204724
11
-0.433702125984252
21
0.8659800393700787
0
LINE
8
BLACK
6
CONTINUOUS
10
-0.433702125984252
20
0.8659800393700787
11
-0.4329472440944882
21
0.86510968503937
0
LINE
8
BLACK
6
CONTINUOUS
10
-0.4329472440944882
20
0.86510968503937
11
-0.4327112598425197
21
0.8645811023622048
0
LINE
8
BLACK
6
CONTINUOUS
10
-0.4327112598425197
20
0.8645811023622048
11
-0.4292598031496063
21
0.8542266929133858
0
LINE
8
BLACK
6
CONTINUOUS
10
-0.4292598031496063
20
0.8542266929133858
11
-0.4128937401574803
21
0.8542266929133858
0
LINE
8
BLACK
6
CONTINUOUS
10
-0.4128937401574803
20
0.8542266929133858
11
-0.4094422834645669
21
0.8645811023622048
0
LINE
8
BLACK
6
CONTINUOUS
10
-0.4094422834645669
20
0.8645811023622048
11
-0.4092062992125984
21
0.86510968503937
0
LINE
8
BLACK
6
CONTINUOUS
10
-0.4092062992125984
20
0.86510968503937
11
-0.4084514173228346
21
0.8659800393700787
0
LINE
8
BLACK
6
CONTINUOUS
10
-0.4084514173228346
20
0.8659800393700787
11
-0.4074209842519685
21
0.8664952755905512
0
LINE
8
BLACK
6
CONTINUOUS
10
-0.4074209842519685
20
0.8664952755905512
11
-0.4062717716535433
21
0.8665769291338582
0
LINE
8
BLACK
6
CONTINUOUS
10
-0.4062717716535433
20
0.8665769291338582
11
-0.4051787401574803
21
0.8662125984251968
0
LINE
8
BLACK
6
CONTINUOUS
10
-0.4210767716535433
20
0.8296776771653543
11
-0.4148622440944882
21
0.8483211811023622
0
LINE
8
BLACK
6
CONTINUOUS
10
-0.4148622440944882
20
0.8483211811023622
11
-0.4272912992125984
21
0.8483211811023622
0
LINE
8
BLACK
6
CONTINUOUS
10
-0.4272912992125984
20
0.8483211811023622
11
-0.4210767716535433
21
0.8296776771653543
0
LINE
8
BLACK
6
CONTINUOUS
10
-0.2122142519685039
20
0.8665433858267716
11
-0.211149842519685
21
0.8661024803149606
0
LINE
8
BLACK
6
CONTINUOUS
10
-0.211149842519685
20
0.8661024803149606
11
-0.2103351968503937
21
0.8652878346456693
0
LINE
8
BLACK
6
CONTINUOUS
10
-0.2103351968503937
20
0.8652878346456693
11
-0.2098942913385827
21
0.8642234251968504
0
LINE
8
BLACK
6
CONTINUOUS
10
-0.2098942913385827
20
0.8642234251968504
11
-0.2098375590551181
21
0.8636473622047244
0
LINE
8
BLACK
6
CONTINUOUS
10
-0.2098375590551181
20
0.8636473622047244
11
-0.2098375590551181
21
0.8203402755905511
0
LINE
8
BLACK
6
CONTINUOUS
10
-0.2098375590551181
20
0.8203402755905511
11
-0.2098942913385827
21
0.8197642125984251
0
LINE
8
BLACK
6
CONTINUOUS
10
-0.2098942913385827
20
0.8197642125984251
11
-0.2103351968503937
21
0.8186998031496063
0
LINE
8
BLACK
6
CONTINUOUS
10
-0.2103351968503937
20
0.8186998031496063
11
-0.211149842519685
21
0.817885157480315
0
LINE
8
BLACK
6
CONTINUOUS
10
-0.211149842519685
20
0.817885157480315
11
-0.2122142519685039
21
0.8174442519685039
0
LINE
8
BLACK
6
CONTINUOUS
10
-0.2122142519685039
20
0.8174442519685039
11
-0.2133663779527559
21
0.8174442519685039
0
LINE
8
BLACK
6
CONTINUOUS
10
-0.2133663779527559
20
0.8174442519685039
11
-0.2144307874015748
21
0.817885157480315
0
LINE
8
BLACK
6
CONTINUOUS
10
-0.2144307874015748
20
0.817885157480315
11
-0.2152454330708661
21
0.8186998031496063
0
LINE
8
BLACK
6
CONTINUOUS
10
-0.2152454330708661
20
0.8186998031496063
11
-0.2156863385826772
21
0.8197642125984251
0
LINE
8
BLACK
6
CONTINUOUS
10
-0.2156863385826772
20
0.8197642125984251
11
-0.2157430708661417
21
0.8203402755905511
0
LINE
8
BLACK
6
CONTINUOUS
10
-0.2157430708661417
20
0.8203402755905511
11
-0.2157430708661417
21
0.8606946062992126
0
LINE
8
BLACK
6
CONTINUOUS
10
-0.2157430708661417
20
0.8606946062992126
11
-0.2334127559055118
21
0.8606946062992126
0
LINE
8
BLACK
6
CONTINUOUS
10
-0.2334127559055118
20
0.8606946062992126
11
-0.2339888188976378
21
0.8607513385826772
0
LINE
8
BLACK
6
CONTINUOUS
10
-0.2339888188976378
20
0.8607513385826772
11
-0.2350532283464567
21
0.8611922440944881
0
LINE
8
BLACK
6
CONTINUOUS
10
-0.2350532283464567
20
0.8611922440944881
11
-0.235867874015748
21
0.8620068897637795
0
LINE
8
BLACK
6
CONTINUOUS
10
-0.235867874015748
20
0.8620068897637795
11
-0.236308779527559
21
0.8630712992125984
0
LINE
8
BLACK
6
CONTINUOUS
10
-0.236308779527559
20
0.8630712992125984
11
-0.236308779527559
21
0.8642234251968504
0
LINE
8
BLACK
6
CONTINUOUS
10
-0.236308779527559
20
0.8642234251968504
11
-0.235867874015748
21
0.8652878346456693
0
LINE
8
BLACK
6
CONTINUOUS
10
-0.235867874015748
20
0.8652878346456693
11
-0.2350532283464567
21
0.8661024803149606
0
LINE
8
BLACK
6
CONTINUOUS
10
-0.2350532283464567
20
0.8661024803149606
11
-0.2339888188976378
21
0.8665433858267716
0
LINE
8
BLACK
6
CONTINUOUS
10
-0.2339888188976378
20
0.8665433858267716
11
-0.2334127559055118
21
0.8666001181102362
0
LINE
8
BLACK
6
CONTINUOUS
10
-0.2334127559055118
20
0.8666001181102362
11
-0.2127903149606299
21
0.8666001181102362
0
LINE
8
BLACK
6
CONTINUOUS
10
-0.2127903149606299
20
0.8666001181102362
11
-0.2122142519685039
21
0.8665433858267716
0
LINE
8
BLACK
6
CONTINUOUS
10
0.1259934251968504
20
0.8665433858267716
11
0.1260914173228346
21
0.8665027952755905
0
LINE
8
BLACK
6
CONTINUOUS
10
0.1260914173228346
20
0.8665027952755905
11
0.1261972440944882
21
0.8664952755905512
0
LINE
8
BLACK
6
CONTINUOUS
10
0.1261972440944882
20
0.8664952755905512
11
0.126737874015748
21
0.8662883858267716
0
LINE
8
BLACK
6
CONTINUOUS
10
0.126737874015748
20
0.8662883858267716
11
0.1276374803149606
21
0.8658385826771653
0
LINE
8
BLACK
6
CONTINUOUS
10
0.1276374803149606
20
0.8658385826771653
11
0.1279013779527559
21
0.8661024803149606
0
LINE
8
BLACK
6
CONTINUOUS
10
0.1279013779527559
20
0.8661024803149606
11
0.1289657874015748
21
0.8665433858267716
0
LINE
8
BLACK
6
CONTINUOUS
10
0.1289657874015748
20
0.8665433858267716
11
0.1301179133858268
21
0.8665433858267716
0
LINE
8
BLACK
6
CONTINUOUS
10
0.1301179133858268
20
0.8665433858267716
11
0.1311823228346457
21
0.8661024803149606
0
LINE
8
BLACK
6
CONTINUOUS
10
0.1311823228346457
20
0.8661024803149606
11
0.131996968503937
21
0.8652878346456693
0
LINE
8
BLACK
6
CONTINUOUS
10
0.131996968503937
20
0.8652878346456693
11
0.132437874015748
21
0.8642234251968504
0
LINE
8
BLACK
6
CONTINUOUS
10
0.132437874015748
20
0.8642234251968504
11
0.1324946062992126
21
0.8636473622047244
0
LINE
8
BLACK
6
CONTINUOUS
10
0.1324946062992126
20
0.8636473622047244
11
0.1324946062992126
21
0.8203402755905511
0
LINE
8
BLACK
6
CONTINUOUS
10
0.1324946062992126
20
0.8203402755905511
11
0.132437874015748
21
0.8197642125984251
0
LINE
8
BLACK
6
CONTINUOUS
10
0.132437874015748
20
0.8197642125984251
11
0.131996968503937
21
0.8186998031496063
0
LINE
8
BLACK
6
CONTINUOUS
10
0.131996968503937
20
0.8186998031496063
11
0.1311823228346457
21
0.817885157480315
0
LINE
8
BLACK
6
CONTINUOUS
10
0.1311823228346457
20
0.817885157480315
11
0.1301179133858268
21
0.8174442519685039
0
LINE
8
BLACK
6
CONTINUOUS
10
0.1301179133858268
20
0.8174442519685039
11
0.1289657874015748
21
0.8174442519685039
0
LINE
8
BLACK
6
CONTINUOUS
10
0.1289657874015748
20
0.8174442519685039
11
0.1279013779527559
21
0.817885157480315
0
LINE
8
BLACK
6
CONTINUOUS
10
0.1279013779527559
20
0.817885157480315
11
0.1270867322834646
21
0.8186998031496063
0
LINE
8
BLACK
6
CONTINUOUS
10
0.1270867322834646
20
0.8186998031496063
11
0.1266458267716535
21
0.8197642125984251
0
LINE
8
BLACK
6
CONTINUOUS
10
0.1266458267716535
20
0.8197642125984251
11
0.126589094488189
21
0.8203402755905511
0
LINE
8
BLACK
6
CONTINUOUS
10
0.126589094488189
20
0.8203402755905511
11
0.126589094488189
21
0.832078031496063
0
LINE
8
BLACK
6
CONTINUOUS
10
0.126589094488189
20
0.832078031496063
11
0.1261972440944882
21
0.8319280708661417
0
LINE
8
BLACK
6
CONTINUOUS
10
0.1261972440944882
20
0.8319280708661417
11
0.1260914173228346
21
0.8319205905511811
0
LINE
8
BLACK
6
CONTINUOUS
10
0.1260914173228346
20
0.8319205905511811
11
0.1259934251968504
21
0.8318799606299212
0
LINE
8
BLACK
6
CONTINUOUS
10
0.1259934251968504
20
0.8318799606299212
11
0.1254173622047244
21
0.8318232283464567
0
LINE
8
BLACK
6
CONTINUOUS
10
0.1254173622047244
20
0.8318232283464567
11
0.1171683858267717
21
0.8318232283464567
0
LINE
8
BLACK
6
CONTINUOUS
10
0.1171683858267717
20
0.8318232283464567
11
0.1165923228346457
21
0.8318799606299212
0
LINE
8
BLACK
6
CONTINUOUS
10
0.1165923228346457
20
0.8318799606299212
11
0.1164943307086614
21
0.8319205511811023
0
LINE
8
BLACK
6
CONTINUOUS
10
0.1164943307086614
20
0.8319205511811023
11
0.1163884645669291
21
0.8319280708661417
0
LINE
8
BLACK
6
CONTINUOUS
10
0.1163884645669291
20
0.8319280708661417
11
0.115847874015748
21
0.8321349606299212
0
LINE
8
BLACK
6
CONTINUOUS
10
0.115847874015748
20
0.8321349606299212
11
0.1117233858267716
21
0.8341972047244094
0
LINE
8
BLACK
6
CONTINUOUS
10
0.1117233858267716
20
0.8341972047244094
11
0.1114755511811024
21
0.8343532283464566
0
LINE
8
BLACK
6
CONTINUOUS
10
0.1114755511811024
20
0.8343532283464566
11
0.1114034251968504
21
0.8343830708661417
0
LINE
8
BLACK
6
CONTINUOUS
10
0.1114034251968504
20
0.8343830708661417
11
0.1113222440944882
21
0.8344496850393701
0
LINE
8
BLACK
6
CONTINUOUS
10
0.1113222440944882
20
0.8344496850393701
11
0.1112335039370079
21
0.8345055511811024
0
LINE
8
BLACK
6
CONTINUOUS
10
0.1112335039370079
20
0.8345055511811024
11
0.1111823622047244
21
0.8345644881889763
0
LINE
8
BLACK
6
CONTINUOUS
10
0.1111823622047244
20
0.8345644881889763
11
0.1109559842519685
21
0.8347503149606299
0
LINE
8
BLACK
6
CONTINUOUS
10
0.1109559842519685
20
0.8347503149606299
11
0.1088937401574803
21
0.8368125590551181
0
LINE
8
BLACK
6
CONTINUOUS
10
0.1088937401574803
20
0.8368125590551181
11
0.108707874015748
21
0.8370390551181102
0
LINE
8
BLACK
6
CONTINUOUS
10
0.108707874015748
20
0.8370390551181102
11
0.1086489763779527
21
0.8370901181102361
0
LINE
8
BLACK
6
CONTINUOUS
10
0.1086489763779527
20
0.8370901181102361
11
0.1085930708661417
21
0.837178937007874
0
LINE
8
BLACK
6
CONTINUOUS
10
0.1085930708661417
20
0.837178937007874
11
0.1085265354330709
21
0.83726
0
LINE
8
BLACK
6
CONTINUOUS
10
0.1085265354330709
20
0.83726
11
0.1084966929133858
21
0.8373320472440945
0
LINE
8
BLACK
6
CONTINUOUS
10
0.1084966929133858
20
0.8373320472440945
11
0.1083406299212598
21
0.8375799606299212
0
LINE
8
BLACK
6
CONTINUOUS
10
0.1083406299212598
20
0.8375799606299212
11
0.1062783858267717
21
0.8417044488188976
0
LINE
8
BLACK
6
CONTINUOUS
10
0.1062783858267717
20
0.8417044488188976
11
0.1060714960629921
21
0.8422450787401574
0
LINE
8
BLACK
6
CONTINUOUS
10
0.1060714960629921
20
0.8422450787401574
11
0.1060639763779528
21
0.842350905511811
0
LINE
8
BLACK
6
CONTINUOUS
10
0.1060639763779528
20
0.842350905511811
11
0.1060233858267716
21
0.8424488976377953
0
LINE
8
BLACK
6
CONTINUOUS
10
0.1060233858267716
20
0.8424488976377953
11
0.1059666535433071
21
0.8430249606299213
0
LINE
8
BLACK
6
CONTINUOUS
10
0.1059666535433071
20
0.8430249606299213
11
0.1059666535433071
21
0.8553984251968504
0
LINE
8
BLACK
6
CONTINUOUS
10
0.1059666535433071
20
0.8553984251968504
11
0.1060233858267716
21
0.8559744881889764
0
LINE
8
BLACK
6
CONTINUOUS
10
0.1060233858267716
20
0.8559744881889764
11
0.1060639763779528
21
0.8560725196850394
0
LINE
8
BLACK
6
CONTINUOUS
10
0.1060639763779528
20
0.8560725196850394
11
0.1060714960629921
21
0.8561783070866141
0
LINE
8
BLACK
6
CONTINUOUS
10
0.1060714960629921
20
0.8561783070866141
11
0.1062783858267717
21
0.856718937007874
0
LINE
8
BLACK
6
CONTINUOUS
10
0.1062783858267717
20
0.856718937007874
11
0.1083406299212598
21
0.8608434251968504
0
LINE
8
BLACK
6
CONTINUOUS
10
0.1083406299212598
20
0.8608434251968504
11
0.1084966929133858
21
0.8610913779527559
0
LINE
8
BLACK
6
CONTINUOUS
10
0.1084966929133858
20
0.8610913779527559
11
0.1085265354330709
21
0.8611633858267717
0
LINE
8
BLACK
6
CONTINUOUS
10
0.1085265354330709
20
0.8611633858267717
11
0.1085930708661417
21
0.8612445275590551
0
LINE
8
BLACK
6
CONTINUOUS
10
0.1085930708661417
20
0.8612445275590551
11
0.1086489763779527
21
0.8613332677165354
0
LINE
8
BLACK
6
CONTINUOUS
10
0.1086489763779527
20
0.8613332677165354
11
0.1087077952755905
21
0.8613843307086614
0
LINE
8
BLACK
6
CONTINUOUS
10
0.1087077952755905
20
0.8613843307086614
11
0.1088937401574803
21
0.8616108661417322
0
LINE
8
BLACK
6
CONTINUOUS
10
0.1088937401574803
20
0.8616108661417322
11
0.1109559842519685
21
0.863673031496063
0
LINE
8
BLACK
6
CONTINUOUS
10
0.1109559842519685
20
0.863673031496063
11
0.1111823228346457
21
0.8638588188976378
0
LINE
8
BLACK
6
CONTINUOUS
10
0.1111823228346457
20
0.8638588188976378
11
0.1112335039370079
21
0.8639177952755905
0
LINE
8
BLACK
6
CONTINUOUS
10
0.1112335039370079
20
0.8639177952755905
11
0.1113224015748032
21
0.863973779527559
0
LINE
8
BLACK
6
CONTINUOUS
10
0.1113224015748032
20
0.863973779527559
11
0.1114034645669291
21
0.8640402755905512
0
LINE
8
BLACK
6
CONTINUOUS
10
0.1114034645669291
20
0.8640402755905512
11
0.1114754724409449
21
0.8640701181102362
0
LINE
8
BLACK
6
CONTINUOUS
10
0.1114754724409449
20
0.8640701181102362
11
0.1117233858267716
21
0.8642261417322834
0
LINE
8
BLACK
6
CONTINUOUS
10
0.1117233858267716
20
0.8642261417322834
11
0.115847874015748
21
0.8662883858267716
0
LINE
8
BLACK
6
CONTINUOUS
10
0.115847874015748
20
0.8662883858267716
11
0.1163884645669291
21
0.8664952755905512
0
LINE
8
BLACK
6
CONTINUOUS
10
0.1163884645669291
20
0.8664952755905512
11
0.1164943307086614
21
0.8665028346456692
0
LINE
8
BLACK
6
CONTINUOUS
10
0.1164943307086614
20
0.8665028346456692
11
0.1165923228346457
21
0.8665433858267716
0
LINE
8
BLACK
6
CONTINUOUS
10
0.1165923228346457
20
0.8665433858267716
11
0.1171683858267717
21
0.8666001181102362
0
LINE
8
BLACK
6
CONTINUOUS
10
0.1171683858267717
20
0.8666001181102362
11
0.1254173622047244
21
0.8666001181102362
0
LINE
8
BLACK
6
CONTINUOUS
10
0.1254173622047244
20
0.8666001181102362
11
0.1259934251968504
21
0.8665433858267716
0
LINE
8
BLACK
6
CONTINUOUS
10
0.1147929921259842
20
0.8591583858267716
11
0.1134083464566929
21
0.8577737401574803
0
LINE
8
BLACK
6
CONTINUOUS
10
0.1134083464566929
20
0.8577737401574803
11
0.1118721653543307
21
0.8547013779527559
0
LINE
8
BLACK
6
CONTINUOUS
10
0.1118721653543307
20
0.8547013779527559
11
0.1118721653543307
21
0.8437220078740157
0
LINE
8
BLACK
6
CONTINUOUS
10
0.1118721653543307
20
0.8437220078740157
11
0.1134083858267717
21
0.8406495669291338
0
LINE
8
BLACK
6
CONTINUOUS
10
0.1134083858267717
20
0.8406495669291338
11
0.1147929921259842
21
0.8392649606299213
0
LINE
8
BLACK
6
CONTINUOUS
10
0.1147929921259842
20
0.8392649606299213
11
0.1178654330708661
21
0.8377287401574803
0
LINE
8
BLACK
6
CONTINUOUS
10
0.1178654330708661
20
0.8377287401574803
11
0.1247203149606299
21
0.8377287401574803
0
LINE
8
BLACK
6
CONTINUOUS
10
0.1247203149606299
20
0.8377287401574803
11
0.126589094488189
21
0.8386631496062992
0
LINE
8
BLACK
6
CONTINUOUS
10
0.126589094488189
20
0.8386631496062992
11
0.126589094488189
21
0.8597602362204724
0
LINE
8
BLACK
6
CONTINUOUS
10
0.126589094488189
20
0.8597602362204724
11
0.1247203149606299
21
0.8606946062992126
0
LINE
8
BLACK
6
CONTINUOUS
10
0.1247203149606299
20
0.8606946062992126
11
0.1178654330708661
21
0.8606946062992126
0
LINE
8
BLACK
6
CONTINUOUS
10
0.1178654330708661
20
0.8606946062992126
11
0.1147929921259842
21
0.8591583858267716
0
LINE
8
BLACK
6
CONTINUOUS
10
0.1860022440944882
20
0.8664952755905512
11
0.186542874015748
21
0.8662883858267716
0
LINE
8
BLACK
6
CONTINUOUS
10
0.186542874015748
20
0.8662883858267716
11
0.1906673622047244
21
0.8642261417322834
0
LINE
8
BLACK
6
CONTINUOUS
10
0.1906673622047244
20
0.8642261417322834
11
0.1907636614173228
21
0.8641655118110236
0
LINE
8
BLACK
6
CONTINUOUS
10
0.1907636614173228
20
0.8641655118110236
11
0.1908091338582677
21
0.8641503543307086
0
LINE
8
BLACK
6
CONTINUOUS
10
0.1908091338582677
20
0.8641503543307086
11
0.1908657086614173
21
0.8641012992125984
0
LINE
8
BLACK
6
CONTINUOUS
10
0.1908657086614173
20
0.8641012992125984
11
0.1911572047244094
21
0.8639177952755905
0
LINE
8
BLACK
6
CONTINUOUS
10
0.1911572047244094
20
0.8639177952755905
11
0.1913997637795276
21
0.8636381102362205
0
LINE
8
BLACK
6
CONTINUOUS
10
0.1913997637795276
20
0.8636381102362205
11
0.1916794881889764
21
0.8633955118110236
0
LINE
8
BLACK
6
CONTINUOUS
10
0.1916794881889764
20
0.8633955118110236
11
0.1918629921259843
21
0.8631040157480315
0
LINE
8
BLACK
6
CONTINUOUS
10
0.1918629921259843
20
0.8631040157480315
11
0.1919120866141732
21
0.8630474015748031
0
LINE
8
BLACK
6
CONTINUOUS
10
0.1919120866141732
20
0.8630474015748031
11
0.1919272047244094
21
0.863001968503937
0
LINE
8
BLACK
6
CONTINUOUS
10
0.1919272047244094
20
0.863001968503937
11
0.191987874015748
21
0.8629056299212599
0
LINE
8
BLACK
6
CONTINUOUS
10
0.191987874015748
20
0.8629056299212599
11
0.1940501181102362
21
0.8587811811023622
0
LINE
8
BLACK
6
CONTINUOUS
10
0.1940501181102362
20
0.8587811811023622
11
0.1942570078740157
21
0.8582405511811023
0
LINE
8
BLACK
6
CONTINUOUS
10
0.1942570078740157
20
0.8582405511811023
11
0.1942644881889764
21
0.8581347637795276
0
LINE
8
BLACK
6
CONTINUOUS
10
0.1942644881889764
20
0.8581347637795276
11
0.1943051181102362
21
0.8580367322834646
0
LINE
8
BLACK
6
CONTINUOUS
10
0.1943051181102362
20
0.8580367322834646
11
0.1943618503937008
21
0.8574606692913386
0
LINE
8
BLACK
6
CONTINUOUS
10
0.1943618503937008
20
0.8574606692913386
11
0.1943618503937008
21
0.8203402755905511
0
LINE
8
BLACK
6
CONTINUOUS
10
0.1943618503937008
20
0.8203402755905511
11
0.1943051181102362
21
0.8197642125984251
0
LINE
8
BLACK
6
CONTINUOUS
10
0.1943051181102362
20
0.8197642125984251
11
0.1938642125984252
21
0.8186998031496063
0
LINE
8
BLACK
6
CONTINUOUS
10
0.1938642125984252
20
0.8186998031496063
11
0.1930495669291339
21
0.817885157480315
0
LINE
8
BLACK
6
CONTINUOUS
10
0.1930495669291339
20
0.817885157480315
11
0.1919851574803149
21
0.8174442519685039
0
LINE
8
BLACK
6
CONTINUOUS
10
0.1919851574803149
20
0.8174442519685039
11
0.190833031496063
21
0.8174442519685039
0
LINE
8
BLACK
6
CONTINUOUS
10
0.190833031496063
20
0.8174442519685039
11
0.1897686220472441
21
0.817885157480315
0
LINE
8
BLACK
6
CONTINUOUS
10
0.1897686220472441
20
0.817885157480315
11
0.1889539763779527
21
0.8186998031496063
0
LINE
8
BLACK
6
CONTINUOUS
10
0.1889539763779527
20
0.8186998031496063
11
0.1885130708661417
21
0.8197642125984251
0
LINE
8
BLACK
6
CONTINUOUS
10
0.1885130708661417
20
0.8197642125984251
11
0.1884563385826772
21
0.8203402755905511
0
LINE
8
BLACK
6
CONTINUOUS
10
0.1884563385826772
20
0.8203402755905511
11
0.1884563385826772
21
0.8567635826771653
0
LINE
8
BLACK
6
CONTINUOUS
10
0.1884563385826772
20
0.8567635826771653
11
0.1871459842519685
21
0.8593842913385826
0
LINE
8
BLACK
6
CONTINUOUS
10
0.1871459842519685
20
0.8593842913385826
11
0.1839018503937008
21
0.8610063385826772
0
LINE
8
BLACK
6
CONTINUOUS
10
0.1839018503937008
20
0.8610063385826772
11
0.183411968503937
21
0.86131468503937
0
LINE
8
BLACK
6
CONTINUOUS
10
0.183411968503937
20
0.86131468503937
11
0.182657125984252
21
0.8621850787401575
0
LINE
8
BLACK
6
CONTINUOUS
10
0.182657125984252
20
0.8621850787401575
11
0.1822927952755906
21
0.863278031496063
0
LINE
8
BLACK
6
CONTINUOUS
10
0.1822927952755906
20
0.863278031496063
11
0.1823744488188976
21
0.8644272440944881
0
LINE
8
BLACK
6
CONTINUOUS
10
0.1823744488188976
20
0.8644272440944881
11
0.1828896850393701
21
0.8654577559055118
0
LINE
8
BLACK
6
CONTINUOUS
10
0.1828896850393701
20
0.8654577559055118
11
0.1837600787401575
21
0.8662125984251968
0
LINE
8
BLACK
6
CONTINUOUS
10
0.1837600787401575
20
0.8662125984251968
11
0.184853031496063
21
0.8665769291338582
0
LINE
8
BLACK
6
CONTINUOUS
10
0.184853031496063
20
0.8665769291338582
11
0.1860022440944882
21
0.8664952755905512
0
LINE
8
BLACK
6
CONTINUOUS
10
0.0369055511811024
20
0.866583937007874
11
0.0369678346456693
21
0.8665913779527559
0
LINE
8
BLACK
6
CONTINUOUS
10
0.0369678346456693
20
0.8665913779527559
11
0.0370426377952756
21
0.8665704330708661
0
LINE
8
BLACK
6
CONTINUOUS
10
0.0370426377952756
20
0.8665704330708661
11
0.0373170078740157
21
0.8665433858267716
0
LINE
8
BLACK
6
CONTINUOUS
10
0.0373170078740157
20
0.8665433858267716
11
0.0376893700787402
21
0.8663891338582677
0
LINE
8
BLACK
6
CONTINUOUS
10
0.0376893700787402
20
0.8663891338582677
11
0.0380772047244094
21
0.8662804330708661
0
LINE
8
BLACK
6
CONTINUOUS
10
0.0380772047244094
20
0.8662804330708661
11
0.0382170078740157
21
0.8661705905511811
0
LINE
8
BLACK
6
CONTINUOUS
10
0.0382170078740157
20
0.8661705905511811
11
0.0383814173228346
21
0.8661024803149606
0
LINE
8
BLACK
6
CONTINUOUS
10
0.0383814173228346
20
0.8661024803149606
11
0.0386663779527559
21
0.8658175196850394
0
LINE
8
BLACK
6
CONTINUOUS
10
0.0386663779527559
20
0.8658175196850394
11
0.0389831496062992
21
0.8655686220472441
0
LINE
8
BLACK
6
CONTINUOUS
10
0.0389831496062992
20
0.8655686220472441
11
0.0390702755905512
21
0.865413622047244
0
LINE
8
BLACK
6
CONTINUOUS
10
0.0390702755905512
20
0.865413622047244
11
0.039196062992126
21
0.8652878346456693
0
LINE
8
BLACK
6
CONTINUOUS
10
0.039196062992126
20
0.8652878346456693
11
0.0393503149606299
21
0.8649154330708662
0
LINE
8
BLACK
6
CONTINUOUS
10
0.0393503149606299
20
0.8649154330708662
11
0.0395476771653543
21
0.8645643307086613
0
LINE
8
BLACK
6
CONTINUOUS
10
0.0395476771653543
20
0.8645643307086613
11
0.0395688188976378
21
0.864387874015748
0
LINE
8
BLACK
6
CONTINUOUS
10
0.0395688188976378
20
0.864387874015748
11
0.039636968503937
21
0.8642234251968504
0
LINE
8
BLACK
6
CONTINUOUS
10
0.039636968503937
20
0.8642234251968504
11
0.039636968503937
21
0.8638203543307087
0
LINE
8
BLACK
6
CONTINUOUS
10
0.039636968503937
20
0.8638203543307087
11
0.0396849606299213
21
0.8634204724409449
0
LINE
8
BLACK
6
CONTINUOUS
10
0.0396849606299213
20
0.8634204724409449
11
0.039636968503937
21
0.8632492519685039
0
LINE
8
BLACK
6
CONTINUOUS
10
0.039636968503937
20
0.8632492519685039
11
0.039636968503937
21
0.8630712992125984
0
LINE
8
BLACK
6
CONTINUOUS
10
0.039636968503937
20
0.8630712992125984
11
0.0394826771653543
21
0.862698937007874
0
LINE
8
BLACK
6
CONTINUOUS
10
0.0394826771653543
20
0.862698937007874
11
0.0393740157480315
21
0.8623111023622047
0
LINE
8
BLACK
6
CONTINUOUS
10
0.0393740157480315
20
0.8623111023622047
11
0.0392258267716535
21
0.8620787795275591
0
LINE
8
BLACK
6
CONTINUOUS
10
0.0392258267716535
20
0.8620787795275591
11
0.039196062992126
21
0.8620068897637795
0
LINE
8
BLACK
6
CONTINUOUS
10
0.039196062992126
20
0.8620068897637795
11
0.0391516929133858
21
0.8619625590551181
0
LINE
8
BLACK
6
CONTINUOUS
10
0.0391516929133858
20
0.8619625590551181
11
0.0390627559055118
21
0.8618230708661417
0
LINE
8
BLACK
6
CONTINUOUS
10
0.0390627559055118
20
0.8618230708661417
11
0.0201314566929134
21
0.8377287401574803
0
LINE
8
BLACK
6
CONTINUOUS
10
0.0201314566929134
20
0.8377287401574803
11
0.0367409448818898
21
0.8377287401574803
0
LINE
8
BLACK
6
CONTINUOUS
10
0.0367409448818898
20
0.8377287401574803
11
0.0373170078740157
21
0.8376720078740157
0
LINE
8
BLACK
6
CONTINUOUS
10
0.0373170078740157
20
0.8376720078740157
11
0.0383814173228346
21
0.8372311023622047
0
LINE
8
BLACK
6
CONTINUOUS
10
0.0383814173228346
20
0.8372311023622047
11
0.039196062992126
21
0.8364164566929133
0
LINE
8
BLACK
6
CONTINUOUS
10
0.039196062992126
20
0.8364164566929133
11
0.039636968503937
21
0.8353520472440945
0
LINE
8
BLACK
6
CONTINUOUS
10
0.039636968503937
20
0.8353520472440945
11
0.039636968503937
21
0.8341999212598425
0
LINE
8
BLACK
6
CONTINUOUS
10
0.039636968503937
20
0.8341999212598425
11
0.039196062992126
21
0.8331355118110236
0
LINE
8
BLACK
6
CONTINUOUS
10
0.039196062992126
20
0.8331355118110236
11
0.0383814173228346
21
0.8323208661417323
0
LINE
8
BLACK
6
CONTINUOUS
10
0.0383814173228346
20
0.8323208661417323
11
0.0373170078740157
21
0.8318799606299212
0
LINE
8
BLACK
6
CONTINUOUS
10
0.0373170078740157
20
0.8318799606299212
11
0.0367409448818898
21
0.8318232283464567
0
LINE
8
BLACK
6
CONTINUOUS
10
0.0367409448818898
20
0.8318232283464567
11
0.0140562598425197
21
0.8318232283464567
0
LINE
8
BLACK
6
CONTINUOUS
10
0.0140562598425197
20
0.8318232283464567
11
0.0138916141732283
21
0.8318394488188976
0
LINE
8
BLACK
6
CONTINUOUS
10
0.0138916141732283
20
0.8318394488188976
11
0.0138293700787402
21
0.831831968503937
0
LINE
8
BLACK
6
CONTINUOUS
10
0.0138293700787402
20
0.831831968503937
11
0.0137544881889764
21
0.8318529527559055
0
LINE
8
BLACK
6
CONTINUOUS
10
0.0137544881889764
20
0.8318529527559055
11
0.0134801968503937
21
0.8318799606299212
0
LINE
8
BLACK
6
CONTINUOUS
10
0.0134801968503937
20
0.8318799606299212
11
0.0131079527559055
21
0.8320341732283464
0
LINE
8
BLACK
6
CONTINUOUS
10
0.0131079527559055
20
0.8320341732283464
11
0.01272
21
0.832142874015748
0
LINE
8
BLACK
6
CONTINUOUS
10
0.01272
20
0.832142874015748
11
0.0125800393700787
21
0.8322528346456692
0
LINE
8
BLACK
6
CONTINUOUS
10
0.0125800393700787
20
0.8322528346456692
11
0.0124157874015748
21
0.8323208661417323
0
LINE
8
BLACK
6
CONTINUOUS
10
0.0124157874015748
20
0.8323208661417323
11
0.0121309448818898
21
0.8326057086614173
0
LINE
8
BLACK
6
CONTINUOUS
10
0.0121309448818898
20
0.8326057086614173
11
0.0118140551181102
21
0.8328546850393701
0
LINE
8
BLACK
6
CONTINUOUS
10
0.0118140551181102
20
0.8328546850393701
11
0.0117268503937008
21
0.8330098031496063
0
LINE
8
BLACK
6
CONTINUOUS
10
0.0117268503937008
20
0.8330098031496063
11
0.0116011417322835
21
0.8331355118110236
0
LINE
8
BLACK
6
CONTINUOUS
10
0.0116011417322835
20
0.8331355118110236
11
0.0114469291338583
21
0.8335077165354331
0
LINE
8
BLACK
6
CONTINUOUS
10
0.0114469291338583
20
0.8335077165354331
11
0.0112494881889764
21
0.8338590157480315
0
LINE
8
BLACK
6
CONTINUOUS
10
0.0112494881889764
20
0.8338590157480315
11
0.0112282677165354
21
0.8340356299212598
0
LINE
8
BLACK
6
CONTINUOUS
10
0.0112282677165354
20
0.8340356299212598
11
0.0111602362204724
21
0.8341999212598425
0
LINE
8
BLACK
6
CONTINUOUS
10
0.0111602362204724
20
0.8341999212598425
11
0.0111602362204724
21
0.8346029133858267
0
LINE
8
BLACK
6
CONTINUOUS
10
0.0111602362204724
20
0.8346029133858267
11
0.0111122440944882
21
0.835002874015748
0
LINE
8
BLACK
6
CONTINUOUS
10
0.0111122440944882
20
0.835002874015748
11
0.0111602362204724
21
0.8351741338582677
0
LINE
8
BLACK
6
CONTINUOUS
10
0.0111602362204724
20
0.8351741338582677
11
0.0111602362204724
21
0.8353520472440945
0
LINE
8
BLACK
6
CONTINUOUS
10
0.0111602362204724
20
0.8353520472440945
11
0.0113144094488189
21
0.8357242913385826
0
LINE
8
BLACK
6
CONTINUOUS
10
0.0113144094488189
20
0.8357242913385826
11
0.0114231496062992
21
0.8361122440944881
0
LINE
8
BLACK
6
CONTINUOUS
10
0.0114231496062992
20
0.8361122440944881
11
0.0115713779527559
21
0.8363446850393701
0
LINE
8
BLACK
6
CONTINUOUS
10
0.0115713779527559
20
0.8363446850393701
11
0.0116011417322835
21
0.8364164566929133
0
LINE
8
BLACK
6
CONTINUOUS
10
0.0116011417322835
20
0.8364164566929133
11
0.0116454724409449
21
0.8364608267716536
0
LINE
8
BLACK
6
CONTINUOUS
10
0.0116454724409449
20
0.8364608267716536
11
0.0117344488188976
21
0.8366002755905512
0
LINE
8
BLACK
6
CONTINUOUS
10
0.0117344488188976
20
0.8366002755905512
11
0.0306657480314961
21
0.8606946062992126
0
LINE
8
BLACK
6
CONTINUOUS
10
0.0306657480314961
20
0.8606946062992126
11
0.0140562598425197
21
0.8606946062992126
0
LINE
8
BLACK
6
CONTINUOUS
10
0.0140562598425197
20
0.8606946062992126
11
0.0134801968503937
21
0.8607513385826772
0
LINE
8
BLACK
6
CONTINUOUS
10
0.0134801968503937
20
0.8607513385826772
11
0.0124157874015748
21
0.8611922440944881
0
LINE
8
BLACK
6
CONTINUOUS
10
0.0124157874015748
20
0.8611922440944881
11
0.0116011417322835
21
0.8620068897637795
0
LINE
8
BLACK
6
CONTINUOUS
10
0.0116011417322835
20
0.8620068897637795
11
0.0111602362204724
21
0.8630712992125984
0
LINE
8
BLACK
6
CONTINUOUS
10
0.0111602362204724
20
0.8630712992125984
11
0.0111602362204724
21
0.8642234251968504
0
LINE
8
BLACK
6
CONTINUOUS
10
0.0111602362204724
20
0.8642234251968504
11
0.0116011417322835
21
0.8652878346456693
0
LINE
8
BLACK
6
CONTINUOUS
10
0.0116011417322835
20
0.8652878346456693
11
0.0124157874015748
21
0.8661024803149606
0
LINE
8
BLACK
6
CONTINUOUS
10
0.0124157874015748
20
0.8661024803149606
11
0.0134801968503937
21
0.8665433858267716
0
LINE
8
BLACK
6
CONTINUOUS
10
0.0134801968503937
20
0.8665433858267716
11
0.0140562598425197
21
0.8666001181102362
0
LINE
8
BLACK
6
CONTINUOUS
10
0.0140562598425197
20
0.8666001181102362
11
0.0367409448818898
21
0.8666001181102362
0
LINE
8
BLACK
6
CONTINUOUS
10
0.0367409448818898
20
0.8666001181102362
11
0.0369055511811024
21
0.866583937007874
0
LINE
8
BLACK
6
CONTINUOUS
10
0.0641261417322835
20
0.8665433858267716
11
0.0642241338582677
21
0.8665027952755905
0
LINE
8
BLACK
6
CONTINUOUS
10
0.0642241338582677
20
0.8665027952755905
11
0.0643299606299213
21
0.8664952755905512
0
LINE
8
BLACK
6
CONTINUOUS
10
0.0643299606299213
20
0.8664952755905512
11
0.0648705905511811
21
0.8662883858267716
0
LINE
8
BLACK
6
CONTINUOUS
10
0.0648705905511811
20
0.8662883858267716
11
0.0689950787401575
21
0.8642261417322834
0
LINE
8
BLACK
6
CONTINUOUS
10
0.0689950787401575
20
0.8642261417322834
11
0.0692429133858268
21
0.8640701574803149
0
LINE
8
BLACK
6
CONTINUOUS
10
0.0692429133858268
20
0.8640701574803149
11
0.069315
21
0.8640402755905512
0
LINE
8
BLACK
6
CONTINUOUS
10
0.069315
20
0.8640402755905512
11
0.0693961811023622
21
0.8639736614173228
0
LINE
8
BLACK
6
CONTINUOUS
10
0.0693961811023622
20
0.8639736614173228
11
0.0694849212598425
21
0.8639177952755905
0
LINE
8
BLACK
6
CONTINUOUS
10
0.0694849212598425
20
0.8639177952755905
11
0.069535905511811
21
0.8638589763779527
0
LINE
8
BLACK
6
CONTINUOUS
10
0.069535905511811
20
0.8638589763779527
11
0.0697624803149606
21
0.8636730708661418
0
LINE
8
BLACK
6
CONTINUOUS
10
0.0697624803149606
20
0.8636730708661418
11
0.0718246850393701
21
0.8616108661417322
0
LINE
8
BLACK
6
CONTINUOUS
10
0.0718246850393701
20
0.8616108661417322
11
0.0720104330708661
21
0.8613845275590551
0
LINE
8
BLACK
6
CONTINUOUS
10
0.0720104330708661
20
0.8613845275590551
11
0.0720694881889764
21
0.8613333070866142
0
LINE
8
BLACK
6
CONTINUOUS
10
0.0720694881889764
20
0.8613333070866142
11
0.0721254724409449
21
0.8612443700787401
0
LINE
8
BLACK
6
CONTINUOUS
10
0.0721254724409449
20
0.8612443700787401
11
0.0721919291338583
21
0.8611633858267717
0
LINE
8
BLACK
6
CONTINUOUS
10
0.0721919291338583
20
0.8611633858267717
11
0.0722217322834646
21
0.8610914566929133
0
LINE
8
BLACK
6
CONTINUOUS
10
0.0722217322834646
20
0.8610914566929133
11
0.0723778346456693
21
0.8608434251968504
0
LINE
8
BLACK
6
CONTINUOUS
10
0.0723778346456693
20
0.8608434251968504
11
0.0744400787401575
21
0.856718937007874
0
LINE
8
BLACK
6
CONTINUOUS
10
0.0744400787401575
20
0.856718937007874
11
0.074646968503937
21
0.8561783464566929
0
LINE
8
BLACK
6
CONTINUOUS
10
0.074646968503937
20
0.8561783464566929
11
0.0746544881889764
21
0.8560724803149606
0
LINE
8
BLACK
6
CONTINUOUS
10
0.0746544881889764
20
0.8560724803149606
11
0.0746950787401575
21
0.8559744881889764
0
LINE
8
BLACK
6
CONTINUOUS
10
0.0746950787401575
20
0.8559744881889764
11
0.0747518110236221
21
0.8553984251968504
0
LINE
8
BLACK
6
CONTINUOUS
10
0.0747518110236221
20
0.8553984251968504
11
0.0747518110236221
21
0.8430249606299213
0
LINE
8
BLACK
6
CONTINUOUS
10
0.0747518110236221
20
0.8430249606299213
11
0.0746950787401575
21
0.8424488976377953
0
LINE
8
BLACK
6
CONTINUOUS
10
0.0746950787401575
20
0.8424488976377953
11
0.0746544881889764
21
0.8423509448818898
0
LINE
8
BLACK
6
CONTINUOUS
10
0.0746544881889764
20
0.8423509448818898
11
0.074646968503937
21
0.8422450393700788
0
LINE
8
BLACK
6
CONTINUOUS
10
0.074646968503937
20
0.8422450393700788
11
0.0744400787401575
21
0.8417044488188976
0
LINE
8
BLACK
6
CONTINUOUS
10
0.0744400787401575
20
0.8417044488188976
11
0.0723778346456693
21
0.8375799606299212
0
LINE
8
BLACK
6
CONTINUOUS
10
0.0723778346456693
20
0.8375799606299212
11
0.072221811023622
21
0.8373321653543306
0
LINE
8
BLACK
6
CONTINUOUS
10
0.072221811023622
20
0.8373321653543306
11
0.072191968503937
21
0.83726
0
LINE
8
BLACK
6
CONTINUOUS
10
0.072191968503937
20
0.83726
11
0.0721253543307087
21
0.8371788582677165
0
LINE
8
BLACK
6
CONTINUOUS
10
0.0721253543307087
20
0.8371788582677165
11
0.0720694881889764
21
0.8370900787401575
0
LINE
8
BLACK
6
CONTINUOUS
10
0.0720694881889764
20
0.8370900787401575
11
0.0720105511811024
21
0.8370389763779528
0
LINE
8
BLACK
6
CONTINUOUS
10
0.0720105511811024
20
0.8370389763779528
11
0.0718247244094488
21
0.8368125590551181
0
LINE
8
BLACK
6
CONTINUOUS
10
0.0718247244094488
20
0.8368125590551181
11
0.0697624803149606
21
0.8347503149606299
0
LINE
8
BLACK
6
CONTINUOUS
10
0.0697624803149606
20
0.8347503149606299
11
0.0695359842519685
21
0.8345644881889763
0
LINE
8
BLACK
6
CONTINUOUS
10
0.0695359842519685
20
0.8345644881889763
11
0.0694849212598425
21
0.8345055511811024
0
LINE
8
BLACK
6
CONTINUOUS
10
0.0694849212598425
20
0.8345055511811024
11
0.0693961023622047
21
0.8344496850393701
0
LINE
8
BLACK
6
CONTINUOUS
10
0.0693961023622047
20
0.8344496850393701
11
0.0693150393700787
21
0.8343831102362205
0
LINE
8
BLACK
6
CONTINUOUS
10
0.0693150393700787
20
0.8343831102362205
11
0.0692429921259843
21
0.8343533070866141
0
LINE
8
BLACK
6
CONTINUOUS
10
0.0692429921259843
20
0.8343533070866141
11
0.0689950787401575
21
0.8341972047244094
0
LINE
8
BLACK
6
CONTINUOUS
10
0.0689950787401575
20
0.8341972047244094
11
0.0648705905511811
21
0.8321349606299212
0
LINE
8
BLACK
6
CONTINUOUS
10
0.0648705905511811
20
0.8321349606299212
11
0.0643299606299213
21
0.8319280708661417
0
LINE
8
BLACK
6
CONTINUOUS
10
0.0643299606299213
20
0.8319280708661417
11
0.0642241338582677
21
0.8319205905511811
0
LINE
8
BLACK
6
CONTINUOUS
10
0.0642241338582677
20
0.8319205905511811
11
0.0641261417322835
21
0.8318799606299212
0
LINE
8
BLACK
6
CONTINUOUS
10
0.0641261417322835
20
0.8318799606299212
11
0.0635500787401575
21
0.8318232283464567
0
LINE
8
BLACK
6
CONTINUOUS
10
0.0635500787401575
20
0.8318232283464567
11
0.0553011023622047
21
0.8318232283464567
0
LINE
8
BLACK
6
CONTINUOUS
10
0.0553011023622047
20
0.8318232283464567
11
0.0547250393700787
21
0.8318799606299212
0
LINE
8
BLACK
6
CONTINUOUS
10
0.0547250393700787
20
0.8318799606299212
11
0.0546270472440945
21
0.8319205511811023
0
LINE
8
BLACK
6
CONTINUOUS
10
0.0546270472440945
20
0.8319205511811023
11
0.0545211811023622
21
0.8319280708661417
0
LINE
8
BLACK
6
CONTINUOUS
10
0.0545211811023622
20
0.8319280708661417
11
0.0539805905511811
21
0.8321349606299212
0
LINE
8
BLACK
6
CONTINUOUS
10
0.0539805905511811
20
0.8321349606299212
11
0.0498561023622047
21
0.8341972047244094
0
LINE
8
BLACK
6
CONTINUOUS
10
0.0498561023622047
20
0.8341972047244094
11
0.0493662204724409
21
0.8345055511811024
0
LINE
8
BLACK
6
CONTINUOUS
10
0.0493662204724409
20
0.8345055511811024
11
0.0486113779527559
21
0.8353759448818897
0
LINE
8
BLACK
6
CONTINUOUS
10
0.0486113779527559
20
0.8353759448818897
11
0.0482470472440945
21
0.8364688976377953
0
LINE
8
BLACK
6
CONTINUOUS
10
0.0482470472440945
20
0.8364688976377953
11
0.0483287007874016
21
0.8376181102362205
0
LINE
8
BLACK
6
CONTINUOUS
10
0.0483287007874016
20
0.8376181102362205
11
0.048843937007874
21
0.8386486220472441
0
LINE
8
BLACK
6
CONTINUOUS
10
0.048843937007874
20
0.8386486220472441
11
0.0497143307086614
21
0.8394034645669292
0
LINE
8
BLACK
6
CONTINUOUS
10
0.0497143307086614
20
0.8394034645669292
11
0.0508072834645669
21
0.8397677952755905
0
LINE
8
BLACK
6
CONTINUOUS
10
0.0508072834645669
20
0.8397677952755905
11
0.0519564960629921
21
0.8396861417322834
0
LINE
8
BLACK
6
CONTINUOUS
10
0.0519564960629921
20
0.8396861417322834
11
0.052497125984252
21
0.8394792519685039
0
LINE
8
BLACK
6
CONTINUOUS
10
0.052497125984252
20
0.8394792519685039
11
0.0559981496062992
21
0.8377287401574803
0
LINE
8
BLACK
6
CONTINUOUS
10
0.0559981496062992
20
0.8377287401574803
11
0.062853031496063
21
0.8377287401574803
0
LINE
8
BLACK
6
CONTINUOUS
10
0.062853031496063
20
0.8377287401574803
11
0.0659254724409449
21
0.8392649606299213
0
LINE
8
BLACK
6
CONTINUOUS
10
0.0659254724409449
20
0.8392649606299213
11
0.0673100787401575
21
0.8406495669291338
0
LINE
8
BLACK
6
CONTINUOUS
10
0.0673100787401575
20
0.8406495669291338
11
0.0688462992125984
21
0.8437220078740157
0
LINE
8
BLACK
6
CONTINUOUS
10
0.0688462992125984
20
0.8437220078740157
11
0.0688462992125984
21
0.8547013779527559
0
LINE
8
BLACK
6
CONTINUOUS
10
0.0688462992125984
20
0.8547013779527559
11
0.0673100787401575
21
0.8577738188976378
0
LINE
8
BLACK
6
CONTINUOUS
10
0.0673100787401575
20
0.8577738188976378
11
0.0659253937007874
21
0.8591584251968504
0
LINE
8
BLACK
6
CONTINUOUS
10
0.0659253937007874
20
0.8591584251968504
11
0.062853031496063
21
0.8606946062992126
0
LINE
8
BLACK
6
CONTINUOUS
10
0.062853031496063
20
0.8606946062992126
11
0.0559981496062992
21
0.8606946062992126
0
LINE
8
BLACK
6
CONTINUOUS
10
0.0559981496062992
20
0.8606946062992126
11
0.052497125984252
21
0.858944094488189
0
LINE
8
BLACK
6
CONTINUOUS
10
0.052497125984252
20
0.858944094488189
11
0.0519564960629921
21
0.8587372047244094
0
LINE
8
BLACK
6
CONTINUOUS
10
0.0519564960629921
20
0.8587372047244094
11
0.0508072834645669
21
0.8586555511811024
0
LINE
8
BLACK
6
CONTINUOUS
10
0.0508072834645669
20
0.8586555511811024
11
0.0497143307086614
21
0.8590198818897637
0
LINE
8
BLACK
6
CONTINUOUS
10
0.0497143307086614
20
0.8590198818897637
11
0.048843937007874
21
0.8597747244094488
0
LINE
8
BLACK
6
CONTINUOUS
10
0.048843937007874
20
0.8597747244094488
11
0.0483287007874016
21
0.8608052362204724
0
LINE
8
BLACK
6
CONTINUOUS
10
0.0483287007874016
20
0.8608052362204724
11
0.0482470472440945
21
0.8619544488188976
0
LINE
8
BLACK
6
CONTINUOUS
10
0.0482470472440945
20
0.8619544488188976
11
0.0486113779527559
21
0.8630474015748031
0
LINE
8
BLACK
6
CONTINUOUS
10
0.0486113779527559
20
0.8630474015748031
11
0.0493662204724409
21
0.8639177952755905
0
LINE
8
BLACK
6
CONTINUOUS
10
0.0493662204724409
20
0.8639177952755905
11
0.0498561023622047
21
0.8642261417322834
0
LINE
8
BLACK
6
CONTINUOUS
10
0.0498561023622047
20
0.8642261417322834
11
0.0539805905511811
21
0.8662883858267716
0
LINE
8
BLACK
6
CONTINUOUS
10
0.0539805905511811
20
0.8662883858267716
11
0.0545211811023622
21
0.8664952755905512
0
LINE
8
BLACK
6
CONTINUOUS
10
0.0545211811023622
20
0.8664952755905512
11
0.0546270472440945
21
0.8665028346456692
0
LINE
8
BLACK
6
CONTINUOUS
10
0.0546270472440945
20
0.8665028346456692
11
0.0547250393700787
21
0.8665433858267716
0
LINE
8
BLACK
6
CONTINUOUS
10
0.0547250393700787
20
0.8665433858267716
11
0.0553011023622047
21
0.8666001181102362
0
LINE
8
BLACK
6
CONTINUOUS
10
0.0553011023622047
20
0.8666001181102362
11
0.0635500787401575
21
0.8666001181102362
0
LINE
8
BLACK
6
CONTINUOUS
10
0.0635500787401575
20
0.8666001181102362
11
0.0641261417322835
21
0.8665433858267716
0
LINE
8
BLACK
6
CONTINUOUS
10
0.1651760236220473
20
0.8665433858267716
11
0.1652740157480315
21
0.8665027952755905
0
LINE
8
BLACK
6
CONTINUOUS
10
0.1652740157480315
20
0.8665027952755905
11
0.165379842519685
21
0.8664952755905512
0
LINE
8
BLACK
6
CONTINUOUS
10
0.165379842519685
20
0.8664952755905512
11
0.1659204724409449
21
0.8662883858267716
0
LINE
8
BLACK
6
CONTINUOUS
10
0.1659204724409449
20
0.8662883858267716
11
0.1700449606299212
21
0.8642261417322834
0
LINE
8
BLACK
6
CONTINUOUS
10
0.1700449606299212
20
0.8642261417322834
11
0.1701412598425197
21
0.8641655118110236
0
LINE
8
BLACK
6
CONTINUOUS
10
0.1701412598425197
20
0.8641655118110236
11
0.1701867322834646
21
0.8641503543307086
0
LINE
8
BLACK
6
CONTINUOUS
10
0.1701867322834646
20
0.8641503543307086
11
0.1702433070866142
21
0.8641012992125984
0
LINE
8
BLACK
6
CONTINUOUS
10
0.1702433070866142
20
0.8641012992125984
11
0.1705348031496063
21
0.8639177952755905
0
LINE
8
BLACK
6
CONTINUOUS
10
0.1705348031496063
20
0.8639177952755905
11
0.1707773622047244
21
0.8636381102362205
0
LINE
8
BLACK
6
CONTINUOUS
10
0.1707773622047244
20
0.8636381102362205
11
0.1710570866141732
21
0.8633955118110236
0
LINE
8
BLACK
6
CONTINUOUS
10
0.1710570866141732
20
0.8633955118110236
11
0.1712405905511811
21
0.8631040157480315
0
LINE
8
BLACK
6
CONTINUOUS
10
0.1712405905511811
20
0.8631040157480315
11
0.1712896850393701
21
0.8630474015748031
0
LINE
8
BLACK
6
CONTINUOUS
10
0.1712896850393701
20
0.8630474015748031
11
0.1713048031496063
21
0.863001968503937
0
LINE
8
BLACK
6
CONTINUOUS
10
0.1713048031496063
20
0.863001968503937
11
0.1713654724409449
21
0.8629056299212599
0
LINE
8
BLACK
6
CONTINUOUS
10
0.1713654724409449
20
0.8629056299212599
11
0.1734277165354331
21
0.8587811811023622
0
LINE
8
BLACK
6
CONTINUOUS
10
0.1734277165354331
20
0.8587811811023622
11
0.1736346062992126
21
0.8582405511811023
0
LINE
8
BLACK
6
CONTINUOUS
10
0.1736346062992126
20
0.8582405511811023
11
0.1736420866141732
21
0.8581347637795276
0
LINE
8
BLACK
6
CONTINUOUS
10
0.1736420866141732
20
0.8581347637795276
11
0.1736827165354331
21
0.8580367322834646
0
LINE
8
BLACK
6
CONTINUOUS
10
0.1736827165354331
20
0.8580367322834646
11
0.1737394488188976
21
0.8574606692913386
0
LINE
8
BLACK
6
CONTINUOUS
10
0.1737394488188976
20
0.8574606692913386
11
0.1737394488188976
21
0.8533361811023622
0
LINE
8
BLACK
6
CONTINUOUS
10
0.1737394488188976
20
0.8533361811023622
11
0.1736827165354331
21
0.8527601181102362
0
LINE
8
BLACK
6
CONTINUOUS
10
0.1736827165354331
20
0.8527601181102362
11
0.173642125984252
21
0.8526621653543307
0
LINE
8
BLACK
6
CONTINUOUS
10
0.173642125984252
20
0.8526621653543307
11
0.1736346062992126
21
0.8525562598425197
0
LINE
8
BLACK
6
CONTINUOUS
10
0.1736346062992126
20
0.8525562598425197
11
0.1734277165354331
21
0.8520156692913385
0
LINE
8
BLACK
6
CONTINUOUS
10
0.1734277165354331
20
0.8520156692913385
11
0.1713654724409449
21
0.8478911811023622
0
LINE
8
BLACK
6
CONTINUOUS
10
0.1713654724409449
20
0.8478911811023622
11
0.1713048031496063
21
0.8477948425196851
0
LINE
8
BLACK
6
CONTINUOUS
10
0.1713048031496063
20
0.8477948425196851
11
0.1712896850393701
21
0.8477494094488188
0
LINE
8
BLACK
6
CONTINUOUS
10
0.1712896850393701
20
0.8477494094488188
11
0.1712406299212599
21
0.847692874015748
0
LINE
8
BLACK
6
CONTINUOUS
10
0.1712406299212599
20
0.847692874015748
11
0.171057125984252
21
0.8474012992125984
0
LINE
8
BLACK
6
CONTINUOUS
10
0.171057125984252
20
0.8474012992125984
11
0.1707772834645669
21
0.8471586614173228
0
LINE
8
BLACK
6
CONTINUOUS
10
0.1707772834645669
20
0.8471586614173228
11
0.1705348031496063
21
0.8468790157480315
0
LINE
8
BLACK
6
CONTINUOUS
10
0.1705348031496063
20
0.8468790157480315
11
0.1702433070866142
21
0.8466955511811023
0
LINE
8
BLACK
6
CONTINUOUS
10
0.1702433070866142
20
0.8466955511811023
11
0.1701867322834646
21
0.8466464566929134
0
LINE
8
BLACK
6
CONTINUOUS
10
0.1701867322834646
20
0.8466464566929134
11
0.1701412598425197
21
0.8466313385826771
0
LINE
8
BLACK
6
CONTINUOUS
10
0.1701412598425197
20
0.8466313385826771
11
0.1700449606299212
21
0.8465706692913386
0
LINE
8
BLACK
6
CONTINUOUS
10
0.1700449606299212
20
0.8465706692913386
11
0.1659204724409449
21
0.8445084251968503
0
LINE
8
BLACK
6
CONTINUOUS
10
0.1659204724409449
20
0.8445084251968503
11
0.165379842519685
21
0.8443015354330708
0
LINE
8
BLACK
6
CONTINUOUS
10
0.165379842519685
20
0.8443015354330708
11
0.1652740157480315
21
0.8442940551181102
0
LINE
8
BLACK
6
CONTINUOUS
10
0.1652740157480315
20
0.8442940551181102
11
0.1651760236220473
21
0.8442534251968504
0
LINE
8
BLACK
6
CONTINUOUS
10
0.1651760236220473
20
0.8442534251968504
11
0.1645999606299212
21
0.8441966929133858
0
LINE
8
BLACK
6
CONTINUOUS
10
0.1645999606299212
20
0.8441966929133858
11
0.1549857874015748
21
0.8441966929133858
0
LINE
8
BLACK
6
CONTINUOUS
10
0.1549857874015748
20
0.8441966929133858
11
0.1531170078740157
21
0.8432623228346456
0
LINE
8
BLACK
6
CONTINUOUS
10
0.1531170078740157
20
0.8432623228346456
11
0.1531170078740157
21
0.8416597637795276
0
LINE
8
BLACK
6
CONTINUOUS
10
0.1531170078740157
20
0.8416597637795276
11
0.1544273228346457
21
0.8390390944881889
0
LINE
8
BLACK
6
CONTINUOUS
10
0.1544273228346457
20
0.8390390944881889
11
0.157048031496063
21
0.8377287401574803
0
LINE
8
BLACK
6
CONTINUOUS
10
0.157048031496063
20
0.8377287401574803
11
0.1639029133858268
21
0.8377287401574803
0
LINE
8
BLACK
6
CONTINUOUS
10
0.1639029133858268
20
0.8377287401574803
11
0.167403937007874
21
0.8394792519685039
0
LINE
8
BLACK
6
CONTINUOUS
10
0.167403937007874
20
0.8394792519685039
11
0.1679445275590551
21
0.8396861417322834
0
LINE
8
BLACK
6
CONTINUOUS
10
0.1679445275590551
20
0.8396861417322834
11
0.1690937401574803
21
0.8397677952755905
0
LINE
8
BLACK
6
CONTINUOUS
10
0.1690937401574803
20
0.8397677952755905
11
0.1701867322834646
21
0.8394034645669292
0
LINE
8
BLACK
6
CONTINUOUS
10
0.1701867322834646
20
0.8394034645669292
11
0.1710570866141732
21
0.8386486220472441
0
LINE
8
BLACK
6
CONTINUOUS
10
0.1710570866141732
20
0.8386486220472441
11
0.1715723228346457
21
0.8376181102362205
0
LINE
8
BLACK
6
CONTINUOUS
10
0.1715723228346457
20
0.8376181102362205
11
0.1716540157480315
21
0.8364688976377953
0
LINE
8
BLACK
6
CONTINUOUS
10
0.1716540157480315
20
0.8364688976377953
11
0.1712896850393701
21
0.8353759448818897
0
LINE
8
BLACK
6
CONTINUOUS
10
0.1712896850393701
20
0.8353759448818897
11
0.1705348031496063
21
0.8345055511811024
0
LINE
8
BLACK
6
CONTINUOUS
10
0.1705348031496063
20
0.8345055511811024
11
0.1700449606299212
21
0.8341972047244094
0
LINE
8
BLACK
6
CONTINUOUS
10
0.1700449606299212
20
0.8341972047244094
11
0.1659204724409449
21
0.8321349606299212
0
LINE
8
BLACK
6
CONTINUOUS
10
0.1659204724409449
20
0.8321349606299212
11
0.165379842519685
21
0.8319280708661417
0
LINE
8
BLACK
6
CONTINUOUS
10
0.165379842519685
20
0.8319280708661417
11
0.1652740157480315
21
0.8319205905511811
0
LINE
8
BLACK
6
CONTINUOUS
10
0.1652740157480315
20
0.8319205905511811
11
0.1651760236220473
21
0.8318799606299212
0
LINE
8
BLACK
6
CONTINUOUS
10
0.1651760236220473
20
0.8318799606299212
11
0.1645999606299212
21
0.8318232283464567
0
LINE
8
BLACK
6
CONTINUOUS
10
0.1645999606299212
20
0.8318232283464567
11
0.1563509842519685
21
0.8318232283464567
0
LINE
8
BLACK
6
CONTINUOUS
10
0.1563509842519685
20
0.8318232283464567
11
0.1557749212598425
21
0.8318799606299212
0
LINE
8
BLACK
6
CONTINUOUS
10
0.1557749212598425
20
0.8318799606299212
11
0.1556769291338583
21
0.8319205511811023
0
LINE
8
BLACK
6
CONTINUOUS
10
0.1556769291338583
20
0.8319205511811023
11
0.155571062992126
21
0.8319280708661417
0
LINE
8
BLACK
6
CONTINUOUS
10
0.155571062992126
20
0.8319280708661417
11
0.1550304724409449
21
0.8321349606299212
0
LINE
8
BLACK
6
CONTINUOUS
10
0.1550304724409449
20
0.8321349606299212
11
0.1509059842519685
21
0.8341972047244094
0
LINE
8
BLACK
6
CONTINUOUS
10
0.1509059842519685
20
0.8341972047244094
11
0.1508096062992126
21
0.834257874015748
0
LINE
8
BLACK
6
CONTINUOUS
10
0.1508096062992126
20
0.834257874015748
11
0.1507642125984252
21
0.8342729921259843
0
LINE
8
BLACK
6
CONTINUOUS
10
0.1507642125984252
20
0.8342729921259843
11
0.1507076377952756
21
0.8343220472440944
0
LINE
8
BLACK
6
CONTINUOUS
10
0.1507076377952756
20
0.8343220472440944
11
0.1504161023622047
21
0.8345055511811024
0
LINE
8
BLACK
6
CONTINUOUS
10
0.1504161023622047
20
0.8345055511811024
11
0.1501734251968504
21
0.8347853937007874
0
LINE
8
BLACK
6
CONTINUOUS
10
0.1501734251968504
20
0.8347853937007874
11
0.1498938188976378
21
0.835027874015748
0
LINE
8
BLACK
6
CONTINUOUS
10
0.1498938188976378
20
0.835027874015748
11
0.1497103149606299
21
0.8353193700787401
0
LINE
8
BLACK
6
CONTINUOUS
10
0.1497103149606299
20
0.8353193700787401
11
0.1496612598425197
21
0.8353759448818897
0
LINE
8
BLACK
6
CONTINUOUS
10
0.1496612598425197
20
0.8353759448818897
11
0.1496461023622047
21
0.8354214173228346
0
LINE
8
BLACK
6
CONTINUOUS
10
0.1496461023622047
20
0.8354214173228346
11
0.1495854724409449
21
0.8355177165354331
0
LINE
8
BLACK
6
CONTINUOUS
10
0.1495854724409449
20
0.8355177165354331
11
0.1475232283464567
21
0.8396422047244094
0
LINE
8
BLACK
6
CONTINUOUS
10
0.1475232283464567
20
0.8396422047244094
11
0.1473163385826772
21
0.8401828346456692
0
LINE
8
BLACK
6
CONTINUOUS
10
0.1473163385826772
20
0.8401828346456692
11
0.1473088188976378
21
0.8402886614173228
0
LINE
8
BLACK
6
CONTINUOUS
10
0.1473088188976378
20
0.8402886614173228
11
0.1472682283464567
21
0.8403866535433071
0
LINE
8
BLACK
6
CONTINUOUS
10
0.1472682283464567
20
0.8403866535433071
11
0.1472114960629921
21
0.8409627165354331
0
LINE
8
BLACK
6
CONTINUOUS
10
0.1472114960629921
20
0.8409627165354331
11
0.1472114960629921
21
0.8636473622047244
0
LINE
8
BLACK
6
CONTINUOUS
10
0.1472114960629921
20
0.8636473622047244
11
0.1472682283464567
21
0.8642234251968504
0
LINE
8
BLACK
6
CONTINUOUS
10
0.1472682283464567
20
0.8642234251968504
11
0.1477091338582677
21
0.8652878346456693
0
LINE
8
BLACK
6
CONTINUOUS
10
0.1477091338582677
20
0.8652878346456693
11
0.148523779527559
21
0.8661024803149606
0
LINE
8
BLACK
6
CONTINUOUS
10
0.148523779527559
20
0.8661024803149606
11
0.149588188976378
21
0.8665433858267716
0
LINE
8
BLACK
6
CONTINUOUS
10
0.149588188976378
20
0.8665433858267716
11
0.1507403149606299
21
0.8665433858267716
0
LINE
8
BLACK
6
CONTINUOUS
10
0.1507403149606299
20
0.8665433858267716
11
0.1518047244094488
21
0.8661024803149606
0
LINE
8
BLACK
6
CONTINUOUS
10
0.1518047244094488
20
0.8661024803149606
11
0.1520686220472441
21
0.8658385826771653
0
LINE
8
BLACK
6
CONTINUOUS
10
0.1520686220472441
20
0.8658385826771653
11
0.1529682283464567
21
0.8662883858267716
0
LINE
8
BLACK
6
CONTINUOUS
10
0.1529682283464567
20
0.8662883858267716
11
0.1535088188976378
21
0.8664952755905512
0
LINE
8
BLACK
6
CONTINUOUS
10
0.1535088188976378
20
0.8664952755905512
11
0.1536146850393701
21
0.8665028346456692
0
LINE
8
BLACK
6
CONTINUOUS
10
0.1536146850393701
20
0.8665028346456692
11
0.1537126771653543
21
0.8665433858267716
0
LINE
8
BLACK
6
CONTINUOUS
10
0.1537126771653543
20
0.8665433858267716
11
0.1542887401574803
21
0.8666001181102362
0
LINE
8
BLACK
6
CONTINUOUS
10
0.1542887401574803
20
0.8666001181102362
11
0.1645999606299212
21
0.8666001181102362
0
LINE
8
BLACK
6
CONTINUOUS
10
0.1645999606299212
20
0.8666001181102362
11
0.1651760236220473
21
0.8665433858267716
0
LINE
8
BLACK
6
CONTINUOUS
10
0.1531170078740157
20
0.8597602362204724
11
0.1531170078740157
21
0.8498474409448818
0
LINE
8
BLACK
6
CONTINUOUS
10
0.1531170078740157
20
0.8498474409448818
11
0.1535088188976378
21
0.8499973622047244
0
LINE
8
BLACK
6
CONTINUOUS
10
0.1535088188976378
20
0.8499973622047244
11
0.1536146850393701
21
0.8500049212598425
0
LINE
8
BLACK
6
CONTINUOUS
10
0.1536146850393701
20
0.8500049212598425
11
0.1537126771653543
21
0.8500454724409449
0
LINE
8
BLACK
6
CONTINUOUS
10
0.1537126771653543
20
0.8500454724409449
11
0.1542887401574803
21
0.8501022047244094
0
LINE
8
BLACK
6
CONTINUOUS
10
0.1542887401574803
20
0.8501022047244094
11
0.1639029133858268
21
0.8501022047244094
0
LINE
8
BLACK
6
CONTINUOUS
10
0.1639029133858268
20
0.8501022047244094
11
0.1665235826771654
21
0.8514125590551181
0
LINE
8
BLACK
6
CONTINUOUS
10
0.1665235826771654
20
0.8514125590551181
11
0.167833937007874
21
0.8540332283464567
0
LINE
8
BLACK
6
CONTINUOUS
10
0.167833937007874
20
0.8540332283464567
11
0.167833937007874
21
0.8567635826771653
0
LINE
8
BLACK
6
CONTINUOUS
10
0.167833937007874
20
0.8567635826771653
11
0.1665235826771654
21
0.8593842913385826
0
LINE
8
BLACK
6
CONTINUOUS
10
0.1665235826771654
20
0.8593842913385826
11
0.1639029133858268
21
0.8606946062992126
0
LINE
8
BLACK
6
CONTINUOUS
10
0.1639029133858268
20
0.8606946062992126
11
0.1549857874015748
21
0.8606946062992126
0
LINE
8
BLACK
6
CONTINUOUS
10
0.1549857874015748
20
0.8606946062992126
11
0.1531170078740157
21
0.8597602362204724
0
LINE
8
BLACK
6
CONTINUOUS
10
0.2136720078740157
20
0.8661024803149606
11
0.2144866535433071
21
0.8652878346456693
0
LINE
8
BLACK
6
CONTINUOUS
10
0.2144866535433071
20
0.8652878346456693
11
0.2149275590551181
21
0.8642234251968504
0
LINE
8
BLACK
6
CONTINUOUS
10
0.2149275590551181
20
0.8642234251968504
11
0.2149842913385827
21
0.8636473622047244
0
LINE
8
BLACK
6
CONTINUOUS
10
0.2149842913385827
20
0.8636473622047244
11
0.2149842913385827
21
0.8416597637795276
0
LINE
8
BLACK
6
CONTINUOUS
10
0.2149842913385827
20
0.8416597637795276
11
0.2162946062992126
21
0.8390390944881889
0
LINE
8
BLACK
6
CONTINUOUS
10
0.2162946062992126
20
0.8390390944881889
11
0.2189153149606299
21
0.8377287401574803
0
LINE
8
BLACK
6
CONTINUOUS
10
0.2189153149606299
20
0.8377287401574803
11
0.2237079133858268
21
0.8377287401574803
0
LINE
8
BLACK
6
CONTINUOUS
10
0.2237079133858268
20
0.8377287401574803
11
0.2263285826771654
21
0.8390390944881889
0
LINE
8
BLACK
6
CONTINUOUS
10
0.2263285826771654
20
0.8390390944881889
11
0.227638937007874
21
0.8416597637795276
0
LINE
8
BLACK
6
CONTINUOUS
10
0.227638937007874
20
0.8416597637795276
11
0.227638937007874
21
0.8636473622047244
0
LINE
8
BLACK
6
CONTINUOUS
10
0.227638937007874
20
0.8636473622047244
11
0.2276956692913386
21
0.8642234251968504
0
LINE
8
BLACK
6
CONTINUOUS
10
0.2276956692913386
20
0.8642234251968504
11
0.2281365748031496
21
0.8652878346456693
0
LINE
8
BLACK
6
CONTINUOUS
10
0.2281365748031496
20
0.8652878346456693
11
0.2289512204724409
21
0.8661024803149606
0
LINE
8
BLACK
6
CONTINUOUS
10
0.2289512204724409
20
0.8661024803149606
11
0.2300156299212598
21
0.8665433858267716
0
LINE
8
BLACK
6
CONTINUOUS
10
0.2300156299212598
20
0.8665433858267716
11
0.2311677559055118
21
0.8665433858267716
0
LINE
8
BLACK
6
CONTINUOUS
10
0.2311677559055118
20
0.8665433858267716
11
0.2322321653543307
21
0.8661024803149606
0
LINE
8
BLACK
6
CONTINUOUS
10
0.2322321653543307
20
0.8661024803149606
11
0.233046811023622
21
0.8652878346456693
0
LINE
8
BLACK
6
CONTINUOUS
10
0.233046811023622
20
0.8652878346456693
11
0.2334877165354331
21
0.8642234251968504
0
LINE
8
BLACK
6
CONTINUOUS
10
0.2334877165354331
20
0.8642234251968504
11
0.2335444488188976
21
0.8636473622047244
0
LINE
8
BLACK
6
CONTINUOUS
10
0.2335444488188976
20
0.8636473622047244
11
0.2335444488188976
21
0.8416597637795276
0
LINE
8
BLACK
6
CONTINUOUS
10
0.2335444488188976
20
0.8416597637795276
11
0.2348547637795275
21
0.8390390944881889
0
LINE
8
BLACK
6
CONTINUOUS
10
0.2348547637795275
20
0.8390390944881889
11
0.2374754724409449
21
0.8377287401574803
0
LINE
8
BLACK
6
CONTINUOUS
10
0.2374754724409449
20
0.8377287401574803
11
0.2422681102362205
21
0.8377287401574803
0
LINE
8
BLACK
6
CONTINUOUS
10
0.2422681102362205
20
0.8377287401574803
11
0.2453405511811023
21
0.8392649606299213
0
LINE
8
BLACK
6
CONTINUOUS
10
0.2453405511811023
20
0.8392649606299213
11
0.2461991338582677
21
0.8401235433070866
0
LINE
8
BLACK
6
CONTINUOUS
10
0.2461991338582677
20
0.8401235433070866
11
0.2461991338582677
21
0.8636473622047244
0
LINE
8
BLACK
6
CONTINUOUS
10
0.2461991338582677
20
0.8636473622047244
11
0.2462558661417323
21
0.8642234251968504
0
LINE
8
BLACK
6
CONTINUOUS
10
0.2462558661417323
20
0.8642234251968504
11
0.2466967716535433
21
0.8652878346456693
0
LINE
8
BLACK
6
CONTINUOUS
10
0.2466967716535433
20
0.8652878346456693
11
0.2475114173228346
21
0.8661024803149606
0
LINE
8
BLACK
6
CONTINUOUS
10
0.2475114173228346
20
0.8661024803149606
11
0.2485758267716535
21
0.8665433858267716
0
LINE
8
BLACK
6
CONTINUOUS
10
0.2485758267716535
20
0.8665433858267716
11
0.2497279527559055
21
0.8665433858267716
0
LINE
8
BLACK
6
CONTINUOUS
10
0.2497279527559055
20
0.8665433858267716
11
0.2507923622047244
21
0.8661024803149606
0
LINE
8
BLACK
6
CONTINUOUS
10
0.2507923622047244
20
0.8661024803149606
11
0.2516070078740157
21
0.8652878346456693
0
LINE
8
BLACK
6
CONTINUOUS
10
0.2516070078740157
20
0.8652878346456693
11
0.2520479133858268
21
0.8642234251968504
0
LINE
8
BLACK
6
CONTINUOUS
10
0.2520479133858268
20
0.8642234251968504
11
0.2521046456692913
21
0.8636473622047244
0
LINE
8
BLACK
6
CONTINUOUS
10
0.2521046456692913
20
0.8636473622047244
11
0.2521046456692913
21
0.8347759842519685
0
LINE
8
BLACK
6
CONTINUOUS
10
0.2521046456692913
20
0.8347759842519685
11
0.2520479133858268
21
0.8341999212598425
0
LINE
8
BLACK
6
CONTINUOUS
10
0.2520479133858268
20
0.8341999212598425
11
0.2516070078740157
21
0.8331355118110236
0
LINE
8
BLACK
6
CONTINUOUS
10
0.2516070078740157
20
0.8331355118110236
11
0.2507923622047244
21
0.8323208661417323
0
LINE
8
BLACK
6
CONTINUOUS
10
0.2507923622047244
20
0.8323208661417323
11
0.2497279527559055
21
0.8318799606299212
0
LINE
8
BLACK
6
CONTINUOUS
10
0.2497279527559055
20
0.8318799606299212
11
0.2485758267716535
21
0.8318799606299212
0
LINE
8
BLACK
6
CONTINUOUS
10
0.2485758267716535
20
0.8318799606299212
11
0.2475114173228346
21
0.8323208661417323
0
LINE
8
BLACK
6
CONTINUOUS
10
0.2475114173228346
20
0.8323208661417323
11
0.2466967716535433
21
0.8331355118110236
0
LINE
8
BLACK
6
CONTINUOUS
10
0.2466967716535433
20
0.8331355118110236
11
0.2466264173228346
21
0.8333053543307086
0
LINE
8
BLACK
6
CONTINUOUS
10
0.2466264173228346
20
0.8333053543307086
11
0.2442856692913386
21
0.8321349606299212
0
LINE
8
BLACK
6
CONTINUOUS
10
0.2442856692913386
20
0.8321349606299212
11
0.2437450393700787
21
0.8319280708661417
0
LINE
8
BLACK
6
CONTINUOUS
10
0.2437450393700787
20
0.8319280708661417
11
0.2436392125984252
21
0.8319205905511811
0
LINE
8
BLACK
6
CONTINUOUS
10
0.2436392125984252
20
0.8319205905511811
11
0.243541220472441
21
0.8318799606299212
0
LINE
8
BLACK
6
CONTINUOUS
10
0.243541220472441
20
0.8318799606299212
11
0.2429651574803149
21
0.8318232283464567
0
LINE
8
BLACK
6
CONTINUOUS
10
0.2429651574803149
20
0.8318232283464567
11
0.2367784251968504
21
0.8318232283464567
0
LINE
8
BLACK
6
CONTINUOUS
10
0.2367784251968504
20
0.8318232283464567
11
0.2362023622047244
21
0.8318799606299212
0
LINE
8
BLACK
6
CONTINUOUS
10
0.2362023622047244
20
0.8318799606299212
11
0.2361043700787402
21
0.8319205511811023
0
LINE
8
BLACK
6
CONTINUOUS
10
0.2361043700787402
20
0.8319205511811023
11
0.2359985039370079
21
0.8319280708661417
0
LINE
8
BLACK
6
CONTINUOUS
10
0.2359985039370079
20
0.8319280708661417
11
0.2354579133858268
21
0.8321349606299212
0
LINE
8
BLACK
6
CONTINUOUS
10
0.2354579133858268
20
0.8321349606299212
11
0.2313334251968504
21
0.8341972047244094
0
LINE
8
BLACK
6
CONTINUOUS
10
0.2313334251968504
20
0.8341972047244094
11
0.2312370472440945
21
0.834257874015748
0
LINE
8
BLACK
6
CONTINUOUS
10
0.2312370472440945
20
0.834257874015748
11
0.2311916535433071
21
0.8342729921259843
0
LINE
8
BLACK
6
CONTINUOUS
10
0.2311916535433071
20
0.8342729921259843
11
0.2311350787401575
21
0.8343220472440944
0
LINE
8
BLACK
6
CONTINUOUS
10
0.2311350787401575
20
0.8343220472440944
11
0.2308435433070866
21
0.8345055511811024
0
LINE
8
BLACK
6
CONTINUOUS
10
0.2308435433070866
20
0.8345055511811024
11
0.2306008661417323
21
0.8347853937007874
0
LINE
8
BLACK
6
CONTINUOUS
10
0.2306008661417323
20
0.8347853937007874
11
0.2305916929133858
21
0.8347933464566929
0
LINE
8
BLACK
6
CONTINUOUS
10
0.2305916929133858
20
0.8347933464566929
11
0.2305822834645669
21
0.8347851968503937
0
LINE
8
BLACK
6
CONTINUOUS
10
0.2305822834645669
20
0.8347851968503937
11
0.2303398031496063
21
0.8345055511811024
0
LINE
8
BLACK
6
CONTINUOUS
10
0.2303398031496063
20
0.8345055511811024
11
0.2300483070866142
21
0.8343220866141732
0
LINE
8
BLACK
6
CONTINUOUS
10
0.2300483070866142
20
0.8343220866141732
11
0.2299917322834646
21
0.8342729921259843
0
LINE
8
BLACK
6
CONTINUOUS
10
0.2299917322834646
20
0.8342729921259843
11
0.2299462598425197
21
0.834257874015748
0
LINE
8
BLACK
6
CONTINUOUS
10
0.2299462598425197
20
0.834257874015748
11
0.2298499606299212
21
0.8341972047244094
0
LINE
8
BLACK
6
CONTINUOUS
10
0.2298499606299212
20
0.8341972047244094
11
0.2257254724409449
21
0.8321349606299212
0
LINE
8
BLACK
6
CONTINUOUS
10
0.2257254724409449
20
0.8321349606299212
11
0.225184842519685
21
0.8319280708661417
0
LINE
8
BLACK
6
CONTINUOUS
10
0.225184842519685
20
0.8319280708661417
11
0.2250790157480315
21
0.8319205905511811
0
LINE
8
BLACK
6
CONTINUOUS
10
0.2250790157480315
20
0.8319205905511811
11
0.2249810236220472
21
0.8318799606299212
0
LINE
8
BLACK
6
CONTINUOUS
10
0.2249810236220472
20
0.8318799606299212
11
0.2244049606299213
21
0.8318232283464567
0
LINE
8
BLACK
6
CONTINUOUS
10
0.2244049606299213
20
0.8318232283464567
11
0.2182182283464567
21
0.8318232283464567
0
LINE
8
BLACK
6
CONTINUOUS
10
0.2182182283464567
20
0.8318232283464567
11
0.2176421653543307
21
0.8318799606299212
0
LINE
8
BLACK
6
CONTINUOUS
10
0.2176421653543307
20
0.8318799606299212
11
0.2175441338582677
21
0.8319205905511811
0
LINE
8
BLACK
6
CONTINUOUS
10
0.2175441338582677
20
0.8319205905511811
11
0.2174383464566929
21
0.8319280708661417
0
LINE
8
BLACK
6
CONTINUOUS
10
0.2174383464566929
20
0.8319280708661417
11
0.2168977165354331
21
0.8321349606299212
0
LINE
8
BLACK
6
CONTINUOUS
10
0.2168977165354331
20
0.8321349606299212
11
0.2127732677165354
21
0.8341972047244094
0
LINE
8
BLACK
6
CONTINUOUS
10
0.2127732677165354
20
0.8341972047244094
11
0.2126769291338583
21
0.834257874015748
0
LINE
8
BLACK
6
CONTINUOUS
10
0.2126769291338583
20
0.834257874015748
11
0.2126314960629921
21
0.8342729921259843
0
LINE
8
BLACK
6
CONTINUOUS
10
0.2126314960629921
20
0.8342729921259843
11
0.2125748818897638
21
0.8343220866141732
0
LINE
8
BLACK
6
CONTINUOUS
10
0.2125748818897638
20
0.8343220866141732
11
0.2122833858267716
21
0.8345055905511811
0
LINE
8
BLACK
6
CONTINUOUS
10
0.2122833858267716
20
0.8345055905511811
11
0.2120407874015748
21
0.8347853149606299
0
LINE
8
BLACK
6
CONTINUOUS
10
0.2120407874015748
20
0.8347853149606299
11
0.2117611023622047
21
0.835027874015748
0
LINE
8
BLACK
6
CONTINUOUS
10
0.2117611023622047
20
0.835027874015748
11
0.2115775984251969
21
0.8353193700787401
0
LINE
8
BLACK
6
CONTINUOUS
10
0.2115775984251969
20
0.8353193700787401
11
0.2115285433070866
21
0.8353759448818897
0
LINE
8
BLACK
6
CONTINUOUS
10
0.2115285433070866
20
0.8353759448818897
11
0.2115133858267716
21
0.8354214173228346
0
LINE
8
BLACK
6
CONTINUOUS
10
0.2115133858267716
20
0.8354214173228346
11
0.2114527559055118
21
0.8355177165354331
0
LINE
8
BLACK
6
CONTINUOUS
10
0.2114527559055118
20
0.8355177165354331
11
0.2093905118110236
21
0.8396422047244094
0
LINE
8
BLACK
6
CONTINUOUS
10
0.2093905118110236
20
0.8396422047244094
11
0.2091836220472441
21
0.8401828346456692
0
LINE
8
BLACK
6
CONTINUOUS
10
0.2091836220472441
20
0.8401828346456692
11
0.2091761023622047
21
0.8402886614173228
0
LINE
8
BLACK
6
CONTINUOUS
10
0.2091761023622047
20
0.8402886614173228
11
0.2091355118110236
21
0.8403866535433071
0
LINE
8
BLACK
6
CONTINUOUS
10
0.2091355118110236
20
0.8403866535433071
11
0.209078779527559
21
0.8409627165354331
0
LINE
8
BLACK
6
CONTINUOUS
10
0.209078779527559
20
0.8409627165354331
11
0.209078779527559
21
0.8636473622047244
0
LINE
8
BLACK
6
CONTINUOUS
10
0.209078779527559
20
0.8636473622047244
11
0.2091355118110236
21
0.8642234251968504
0
LINE
8
BLACK
6
CONTINUOUS
10
0.2091355118110236
20
0.8642234251968504
11
0.2095764173228346
21
0.8652878346456693
0
LINE
8
BLACK
6
CONTINUOUS
10
0.2095764173228346
20
0.8652878346456693
11
0.210391062992126
21
0.8661024803149606
0
LINE
8
BLACK
6
CONTINUOUS
10
0.210391062992126
20
0.8661024803149606
11
0.2114554724409449
21
0.8665433858267716
0
LINE
8
BLACK
6
CONTINUOUS
10
0.2114554724409449
20
0.8665433858267716
11
0.2126075984251969
21
0.8665433858267716
0
LINE
8
BLACK
6
CONTINUOUS
10
0.2126075984251969
20
0.8665433858267716
11
0.2136720078740157
21
0.8661024803149606
0
LINE
8
BLACK
6
CONTINUOUS
10
0.2949441732283464
20
0.8665384645669291
11
0.2951325590551181
21
0.8665361417322834
0
LINE
8
BLACK
6
CONTINUOUS
10
0.2951325590551181
20
0.8665361417322834
11
0.2954933070866141
21
0.8663815354330708
0
LINE
8
BLACK
6
CONTINUOUS
10
0.2954933070866141
20
0.8663815354330708
11
0.2958707086614173
21
0.8662737007874015
0
LINE
8
BLACK
6
CONTINUOUS
10
0.2958707086614173
20
0.8662737007874015
11
0.2960182283464567
21
0.8661565748031496
0
LINE
8
BLACK
6
CONTINUOUS
10
0.2960182283464567
20
0.8661565748031496
11
0.2961914960629921
21
0.8660823228346457
0
LINE
8
BLACK
6
CONTINUOUS
10
0.2961914960629921
20
0.8660823228346457
11
0.2964657086614173
21
0.8658013385826772
0
LINE
8
BLACK
6
CONTINUOUS
10
0.2964657086614173
20
0.8658013385826772
11
0.296773031496063
21
0.8655573622047243
0
LINE
8
BLACK
6
CONTINUOUS
10
0.296773031496063
20
0.8655573622047243
11
0.2968644881889764
21
0.8653927559055118
0
LINE
8
BLACK
6
CONTINUOUS
10
0.2968644881889764
20
0.8653927559055118
11
0.2969961811023622
21
0.8652577952755905
0
LINE
8
BLACK
6
CONTINUOUS
10
0.2969961811023622
20
0.8652577952755905
11
0.2972627952755905
21
0.8647439763779527
0
LINE
8
BLACK
6
CONTINUOUS
10
0.2972627952755905
20
0.8647439763779527
11
0.3027701574803149
21
0.8509755118110236
0
LINE
8
BLACK
6
CONTINUOUS
10
0.3027701574803149
20
0.8509755118110236
11
0.3082775984251969
21
0.8647440157480315
0
LINE
8
BLACK
6
CONTINUOUS
10
0.3082775984251969
20
0.8647440157480315
11
0.3085442519685039
21
0.8652577952755905
0
LINE
8
BLACK
6
CONTINUOUS
10
0.3085442519685039
20
0.8652577952755905
11
0.3086758267716536
21
0.8653926771653543
0
LINE
8
BLACK
6
CONTINUOUS
10
0.3086758267716536
20
0.8653926771653543
11
0.3087673622047244
21
0.8655573622047243
0
LINE
8
BLACK
6
CONTINUOUS
10
0.3087673622047244
20
0.8655573622047243
11
0.3090746850393701
21
0.8658013779527559
0
LINE
8
BLACK
6
CONTINUOUS
10
0.3090746850393701
20
0.8658013779527559
11
0.3093488976377953
21
0.8660823228346457
0
LINE
8
BLACK
6
CONTINUOUS
10
0.3093488976377953
20
0.8660823228346457
11
0.3095221259842519
21
0.8661565748031496
0
LINE
8
BLACK
6
CONTINUOUS
10
0.3095221259842519
20
0.8661565748031496
11
0.3096696850393701
21
0.8662737007874015
0
LINE
8
BLACK
6
CONTINUOUS
10
0.3096696850393701
20
0.8662737007874015
11
0.310046968503937
21
0.8663814960629921
0
LINE
8
BLACK
6
CONTINUOUS
10
0.310046968503937
20
0.8663814960629921
11
0.3104078346456693
21
0.8665361417322834
0
LINE
8
BLACK
6
CONTINUOUS
10
0.3104078346456693
20
0.8665361417322834
11
0.3105962992125984
21
0.8665384645669291
0
LINE
8
BLACK
6
CONTINUOUS
10
0.3105962992125984
20
0.8665384645669291
11
0.3107774803149606
21
0.8665901968503937
0
LINE
8
BLACK
6
CONTINUOUS
10
0.3107774803149606
20
0.8665901968503937
11
0.3111673228346457
21
0.8665454330708661
0
LINE
8
BLACK
6
CONTINUOUS
10
0.3111673228346457
20
0.8665454330708661
11
0.3115598818897637
21
0.8665501968503937
0
LINE
8
BLACK
6
CONTINUOUS
10
0.3115598818897637
20
0.8665501968503937
11
0.311734842519685
21
0.8664802362204724
0
LINE
8
BLACK
6
CONTINUOUS
10
0.311734842519685
20
0.8664802362204724
11
0.3119220472440945
21
0.8664587007874015
0
LINE
8
BLACK
6
CONTINUOUS
10
0.3119220472440945
20
0.8664587007874015
11
0.3122650393700787
21
0.8662681496062992
0
LINE
8
BLACK
6
CONTINUOUS
10
0.3122650393700787
20
0.8662681496062992
11
0.3126296062992126
21
0.8661223228346456
0
LINE
8
BLACK
6
CONTINUOUS
10
0.3126296062992126
20
0.8661223228346456
11
0.3127645275590551
21
0.8659906692913386
0
LINE
8
BLACK
6
CONTINUOUS
10
0.3127645275590551
20
0.8659906692913386
11
0.3129291732283465
21
0.8658991732283464
0
LINE
8
BLACK
6
CONTINUOUS
10
0.3129291732283465
20
0.8658991732283464
11
0.3131731102362205
21
0.8655918897637795
0
LINE
8
BLACK
6
CONTINUOUS
10
0.3131731102362205
20
0.8655918897637795
11
0.3134541338582677
21
0.8653176377952756
0
LINE
8
BLACK
6
CONTINUOUS
10
0.3134541338582677
20
0.8653176377952756
11
0.3135283464566929
21
0.8651444094488189
0
LINE
8
BLACK
6
CONTINUOUS
10
0.3135283464566929
20
0.8651444094488189
11
0.3136455118110236
21
0.8649968503937008
0
LINE
8
BLACK
6
CONTINUOUS
10
0.3136455118110236
20
0.8649968503937008
11
0.3138583070866142
21
0.8644585433070866
0
LINE
8
BLACK
6
CONTINUOUS
10
0.3138583070866142
20
0.8644585433070866
11
0.3221072834645669
21
0.8355871653543306
0
LINE
8
BLACK
6
CONTINUOUS
10
0.3221072834645669
20
0.8355871653543306
11
0.3222109842519685
21
0.8350176771653544
0
LINE
8
BLACK
6
CONTINUOUS
10
0.3222109842519685
20
0.8350176771653544
11
0.3220794881889764
21
0.8338731102362205
0
LINE
8
BLACK
6
CONTINUOUS
10
0.3220794881889764
20
0.8338731102362205
11
0.3215199606299213
21
0.8328659842519684
0
LINE
8
BLACK
6
CONTINUOUS
10
0.3215199606299213
20
0.8328659842519684
11
0.3206176377952756
21
0.8321496456692913
0
LINE
8
BLACK
6
CONTINUOUS
10
0.3206176377952756
20
0.8321496456692913
11
0.319509842519685
21
0.8318331102362204
0
LINE
8
BLACK
6
CONTINUOUS
10
0.319509842519685
20
0.8318331102362204
11
0.3183652755905512
21
0.8319646456692913
0
LINE
8
BLACK
6
CONTINUOUS
10
0.3183652755905512
20
0.8319646456692913
11
0.3173581496062992
21
0.8325241732283465
0
LINE
8
BLACK
6
CONTINUOUS
10
0.3173581496062992
20
0.8325241732283465
11
0.316641811023622
21
0.8334264960629921
0
LINE
8
BLACK
6
CONTINUOUS
10
0.316641811023622
20
0.8334264960629921
11
0.3164290157480315
21
0.8339648031496063
0
LINE
8
BLACK
6
CONTINUOUS
10
0.3164290157480315
20
0.8339648031496063
11
0.310552874015748
21
0.8545311811023621
0
LINE
8
BLACK
6
CONTINUOUS
10
0.310552874015748
20
0.8545311811023621
11
0.3055117716535433
21
0.8419283464566929
0
LINE
8
BLACK
6
CONTINUOUS
10
0.3055117716535433
20
0.8419283464566929
11
0.3052451574803149
21
0.8414145275590551
0
LINE
8
BLACK
6
CONTINUOUS
10
0.3052451574803149
20
0.8414145275590551
11
0.3052195275590551
21
0.8413883070866142
0
LINE
8
BLACK
6
CONTINUOUS
10
0.3052195275590551
20
0.8413883070866142
11
0.305205157480315
21
0.8413546850393701
0
LINE
8
BLACK
6
CONTINUOUS
10
0.305205157480315
20
0.8413546850393701
11
0.3048181496062992
21
0.8409770078740157
0
LINE
8
BLACK
6
CONTINUOUS
10
0.3048181496062992
20
0.8409770078740157
11
0.3044404724409449
21
0.8405899999999999
0
LINE
8
BLACK
6
CONTINUOUS
10
0.3044404724409449
20
0.8405899999999999
11
0.3044068503937008
21
0.8405756299212598
0
LINE
8
BLACK
6
CONTINUOUS
10
0.3044068503937008
20
0.8405756299212598
11
0.3043806299212599
21
0.84055
0
LINE
8
BLACK
6
CONTINUOUS
10
0.3043806299212599
20
0.84055
11
0.3038783070866142
21
0.840349094488189
0
LINE
8
BLACK
6
CONTINUOUS
10
0.3038783070866142
20
0.840349094488189
11
0.3033815354330708
21
0.8401361811023622
0
LINE
8
BLACK
6
CONTINUOUS
10
0.3033815354330708
20
0.8401361811023622
11
0.3033449212598425
21
0.840135748031496
0
LINE
8
BLACK
6
CONTINUOUS
10
0.3033449212598425
20
0.840135748031496
11
0.303310905511811
21
0.840122125984252
0
LINE
8
BLACK
6
CONTINUOUS
10
0.303310905511811
20
0.840122125984252
11
0.3027701968503937
21
0.8401287401574803
0
LINE
8
BLACK
6
CONTINUOUS
10
0.3027701968503937
20
0.8401287401574803
11
0.3022294881889764
21
0.840122125984252
0
LINE
8
BLACK
6
CONTINUOUS
10
0.3022294881889764
20
0.840122125984252
11
0.3021954330708662
21
0.840135748031496
0
LINE
8
BLACK
6
CONTINUOUS
10
0.3021954330708662
20
0.840135748031496
11
0.3021588582677165
21
0.8401361811023622
0
LINE
8
BLACK
6
CONTINUOUS
10
0.3021588582677165
20
0.8401361811023622
11
0.3016620472440945
21
0.840349094488189
0
LINE
8
BLACK
6
CONTINUOUS
10
0.3016620472440945
20
0.840349094488189
11
0.3011597637795276
21
0.84055
0
LINE
8
BLACK
6
CONTINUOUS
10
0.3011597637795276
20
0.84055
11
0.3011335039370079
21
0.8405756299212598
0
LINE
8
BLACK
6
CONTINUOUS
10
0.3011335039370079
20
0.8405756299212598
11
0.3010999212598425
21
0.8405899999999999
0
LINE
8
BLACK
6
CONTINUOUS
10
0.3010999212598425
20
0.8405899999999999
11
0.3007225984251968
21
0.8409766535433071
0
LINE
8
BLACK
6
CONTINUOUS
10
0.3007225984251968
20
0.8409766535433071
11
0.3003352362204724
21
0.8413546850393701
0
LINE
8
BLACK
6
CONTINUOUS
10
0.3003352362204724
20
0.8413546850393701
11
0.3003207874015748
21
0.8413883858267717
0
LINE
8
BLACK
6
CONTINUOUS
10
0.3003207874015748
20
0.8413883858267717
11
0.3002952755905512
21
0.8414145275590551
0
LINE
8
BLACK
6
CONTINUOUS
10
0.3002952755905512
20
0.8414145275590551
11
0.3000286220472441
21
0.8419283070866141
0
LINE
8
BLACK
6
CONTINUOUS
10
0.3000286220472441
20
0.8419283070866141
11
0.2949874803149606
21
0.8545311811023621
0
LINE
8
BLACK
6
CONTINUOUS
10
0.2949874803149606
20
0.8545311811023621
11
0.2891113779527559
21
0.8339648031496063
0
LINE
8
BLACK
6
CONTINUOUS
10
0.2891113779527559
20
0.8339648031496063
11
0.2888985826771653
21
0.8334264960629921
0
LINE
8
BLACK
6
CONTINUOUS
10
0.2888985826771653
20
0.8334264960629921
11
0.2881822440944882
21
0.8325241732283465
0
LINE
8
BLACK
6
CONTINUOUS
10
0.2881822440944882
20
0.8325241732283465
11
0.2871751181102362
21
0.8319646456692913
0
LINE
8
BLACK
6
CONTINUOUS
10
0.2871751181102362
20
0.8319646456692913
11
0.2860305511811024
21
0.8318331496062992
0
LINE
8
BLACK
6
CONTINUOUS
10
0.2860305511811024
20
0.8318331496062992
11
0.2849227559055118
21
0.8321496456692913
0
LINE
8
BLACK
6
CONTINUOUS
10
0.2849227559055118
20
0.8321496456692913
11
0.2840204330708662
21
0.8328659842519684
0
LINE
8
BLACK
6
CONTINUOUS
10
0.2840204330708662
20
0.8328659842519684
11
0.283460905511811
21
0.8338731102362205
0
LINE
8
BLACK
6
CONTINUOUS
10
0.283460905511811
20
0.8338731102362205
11
0.2833294094488189
21
0.8350176771653544
0
LINE
8
BLACK
6
CONTINUOUS
10
0.2833294094488189
20
0.8350176771653544
11
0.2834331102362205
21
0.8355871653543306
0
LINE
8
BLACK
6
CONTINUOUS
10
0.2834331102362205
20
0.8355871653543306
11
0.2916820866141732
21
0.8644585433070866
0
LINE
8
BLACK
6
CONTINUOUS
10
0.2916820866141732
20
0.8644585433070866
11
0.2918948818897638
21
0.8649968503937008
0
LINE
8
BLACK
6
CONTINUOUS
10
0.2918948818897638
20
0.8649968503937008
11
0.2920120078740158
21
0.8651444094488189
0
LINE
8
BLACK
6
CONTINUOUS
10
0.2920120078740158
20
0.8651444094488189
11
0.2920862598425197
21
0.8653176377952756
0
LINE
8
BLACK
6
CONTINUOUS
10
0.2920862598425197
20
0.8653176377952756
11
0.2923672440944882
21
0.8655918897637795
0
LINE
8
BLACK
6
CONTINUOUS
10
0.2923672440944882
20
0.8655918897637795
11
0.2926112204724409
21
0.8658991732283464
0
LINE
8
BLACK
6
CONTINUOUS
10
0.2926112204724409
20
0.8658991732283464
11
0.2927758267716535
21
0.8659906692913386
0
LINE
8
BLACK
6
CONTINUOUS
10
0.2927758267716535
20
0.8659906692913386
11
0.2929107874015748
21
0.8661223228346456
0
LINE
8
BLACK
6
CONTINUOUS
10
0.2929107874015748
20
0.8661223228346456
11
0.2932753149606299
21
0.8662681496062992
0
LINE
8
BLACK
6
CONTINUOUS
10
0.2932753149606299
20
0.8662681496062992
11
0.2936183464566929
21
0.8664587007874015
0
LINE
8
BLACK
6
CONTINUOUS
10
0.2936183464566929
20
0.8664587007874015
11
0.2938055118110236
21
0.8664802362204724
0
LINE
8
BLACK
6
CONTINUOUS
10
0.2938055118110236
20
0.8664802362204724
11
0.2939805118110236
21
0.8665501968503937
0
LINE
8
BLACK
6
CONTINUOUS
10
0.2939805118110236
20
0.8665501968503937
11
0.2943728346456693
21
0.8665454330708661
0
LINE
8
BLACK
6
CONTINUOUS
10
0.2943728346456693
20
0.8665454330708661
11
0.2947629133858268
21
0.8665902362204724
0
LINE
8
BLACK
6
CONTINUOUS
10
0.2947629133858268
20
0.8665902362204724
11
0.2949441732283464
21
0.8665384645669291
0
LINE
8
BLACK
6
CONTINUOUS
10
0.3403135039370079
20
0.8665384645669291
11
0.3405018897637795
21
0.8665361417322834
0
LINE
8
BLACK
6
CONTINUOUS
10
0.3405018897637795
20
0.8665361417322834
11
0.3408626377952756
21
0.8663815354330708
0
LINE
8
BLACK
6
CONTINUOUS
10
0.3408626377952756
20
0.8663815354330708
11
0.3412400393700787
21
0.8662737007874015
0
LINE
8
BLACK
6
CONTINUOUS
10
0.3412400393700787
20
0.8662737007874015
11
0.3413875590551181
21
0.8661565748031496
0
LINE
8
BLACK
6
CONTINUOUS
10
0.3413875590551181
20
0.8661565748031496
11
0.3415608267716536
21
0.8660823228346457
0
LINE
8
BLACK
6
CONTINUOUS
10
0.3415608267716536
20
0.8660823228346457
11
0.3418350393700788
21
0.8658013385826772
0
LINE
8
BLACK
6
CONTINUOUS
10
0.3418350393700788
20
0.8658013385826772
11
0.3421423622047244
21
0.8655573622047243
0
LINE
8
BLACK
6
CONTINUOUS
10
0.3421423622047244
20
0.8655573622047243
11
0.3422338188976378
21
0.8653927559055118
0
LINE
8
BLACK
6
CONTINUOUS
10
0.3422338188976378
20
0.8653927559055118
11
0.3423655118110236
21
0.8652577952755905
0
LINE
8
BLACK
6
CONTINUOUS
10
0.3423655118110236
20
0.8652577952755905
11
0.342632125984252
21
0.8647439763779527
0
LINE
8
BLACK
6
CONTINUOUS
10
0.342632125984252
20
0.8647439763779527
11
0.3481394881889764
21
0.8509755118110236
0
LINE
8
BLACK
6
CONTINUOUS
10
0.3481394881889764
20
0.8509755118110236
11
0.3536469291338583
21
0.8647440157480315
0
LINE
8
BLACK
6
CONTINUOUS
10
0.3536469291338583
20
0.8647440157480315
11
0.3539135826771653
21
0.8652577952755905
0
LINE
8
BLACK
6
CONTINUOUS
10
0.3539135826771653
20
0.8652577952755905
11
0.354045157480315
21
0.8653926771653543
0
LINE
8
BLACK
6
CONTINUOUS
10
0.354045157480315
20
0.8653926771653543
11
0.3541366929133858
21
0.8655573622047243
0
LINE
8
BLACK
6
CONTINUOUS
10
0.3541366929133858
20
0.8655573622047243
11
0.3544440157480315
21
0.8658013779527559
0
LINE
8
BLACK
6
CONTINUOUS
10
0.3544440157480315
20
0.8658013779527559
11
0.3547182283464567
21
0.8660823228346457
0
LINE
8
BLACK
6
CONTINUOUS
10
0.3547182283464567
20
0.8660823228346457
11
0.3548914566929134
21
0.8661565748031496
0
LINE
8
BLACK
6
CONTINUOUS
10
0.3548914566929134
20
0.8661565748031496
11
0.3550390157480315
21
0.8662737007874015
0
LINE
8
BLACK
6
CONTINUOUS
10
0.3550390157480315
20
0.8662737007874015
11
0.3554162992125984
21
0.8663814960629921
0
LINE
8
BLACK
6
CONTINUOUS
10
0.3554162992125984
20
0.8663814960629921
11
0.3557771653543307
21
0.8665361417322834
0
LINE
8
BLACK
6
CONTINUOUS
10
0.3557771653543307
20
0.8665361417322834
11
0.3559656299212599
21
0.8665384645669291
0
LINE
8
BLACK
6
CONTINUOUS
10
0.3559656299212599
20
0.8665384645669291
11
0.3561468110236221
21
0.8665901968503937
0
LINE
8
BLACK
6
CONTINUOUS
10
0.3561468110236221
20
0.8665901968503937
11
0.3565366535433071
21
0.8665454330708661
0
LINE
8
BLACK
6
CONTINUOUS
10
0.3565366535433071
20
0.8665454330708661
11
0.3569292125984252
21
0.8665501968503937
0
LINE
8
BLACK
6
CONTINUOUS
10
0.3569292125984252
20
0.8665501968503937
11
0.3571041732283464
21
0.8664802362204724
0
LINE
8
BLACK
6
CONTINUOUS
10
0.3571041732283464
20
0.8664802362204724
11
0.3572913779527559
21
0.8664587007874015
0
LINE
8
BLACK
6
CONTINUOUS
10
0.3572913779527559
20
0.8664587007874015
11
0.3576343700787402
21
0.8662681496062992
0
LINE
8
BLACK
6
CONTINUOUS
10
0.3576343700787402
20
0.8662681496062992
11
0.357998937007874
21
0.8661223228346456
0
LINE
8
BLACK
6
CONTINUOUS
10
0.357998937007874
20
0.8661223228346456
11
0.3581338582677165
21
0.8659906692913386
0
LINE
8
BLACK
6
CONTINUOUS
10
0.3581338582677165
20
0.8659906692913386
11
0.3582985039370079
21
0.8658991732283464
0
LINE
8
BLACK
6
CONTINUOUS
10
0.3582985039370079
20
0.8658991732283464
11
0.3585424409448819
21
0.8655918897637795
0
LINE
8
BLACK
6
CONTINUOUS
10
0.3585424409448819
20
0.8655918897637795
11
0.3588234645669292
21
0.8653176377952756
0
LINE
8
BLACK
6
CONTINUOUS
10
0.3588234645669292
20
0.8653176377952756
11
0.3588976771653543
21
0.8651444094488189
0
LINE
8
BLACK
6
CONTINUOUS
10
0.3588976771653543
20
0.8651444094488189
11
0.359014842519685
21
0.8649968503937008
0
LINE
8
BLACK
6
CONTINUOUS
10
0.359014842519685
20
0.8649968503937008
11
0.3592276377952756
21
0.8644585433070866
0
LINE
8
BLACK
6
CONTINUOUS
10
0.3592276377952756
20
0.8644585433070866
11
0.3674766141732284
21
0.8355871653543306
0
LINE
8
BLACK
6
CONTINUOUS
10
0.3674766141732284
20
0.8355871653543306
11
0.3675803149606299
21
0.8350176771653544
0
LINE
8
BLACK
6
CONTINUOUS
10
0.3675803149606299
20
0.8350176771653544
11
0.3674488188976378
21
0.8338731102362205
0
LINE
8
BLACK
6
CONTINUOUS
10
0.3674488188976378
20
0.8338731102362205
11
0.3668892913385827
21
0.8328659842519684
0
LINE
8
BLACK
6
CONTINUOUS
10
0.3668892913385827
20
0.8328659842519684
11
0.365986968503937
21
0.8321496456692913
0
LINE
8
BLACK
6
CONTINUOUS
10
0.365986968503937
20
0.8321496456692913
11
0.3648791732283465
21
0.8318331102362204
0
LINE
8
BLACK
6
CONTINUOUS
10
0.3648791732283465
20
0.8318331102362204
11
0.3637346062992126
21
0.8319646456692913
0
LINE
8
BLACK
6
CONTINUOUS
10
0.3637346062992126
20
0.8319646456692913
11
0.3627274803149606
21
0.8325241732283465
0
LINE
8
BLACK
6
CONTINUOUS
10
0.3627274803149606
20
0.8325241732283465
11
0.3620111417322834
21
0.8334264960629921
0
LINE
8
BLACK
6
CONTINUOUS
10
0.3620111417322834
20
0.8334264960629921
11
0.3617983464566929
21
0.8339648031496063
0
LINE
8
BLACK
6
CONTINUOUS
10
0.3617983464566929
20
0.8339648031496063
11
0.3559222047244094
21
0.8545311811023621
0
LINE
8
BLACK
6
CONTINUOUS
10
0.3559222047244094
20
0.8545311811023621
11
0.3508811023622047
21
0.8419283464566929
0
LINE
8
BLACK
6
CONTINUOUS
10
0.3508811023622047
20
0.8419283464566929
11
0.3506144881889764
21
0.8414145275590551
0
LINE
8
BLACK
6
CONTINUOUS
10
0.3506144881889764
20
0.8414145275590551
11
0.3505888582677165
21
0.8413883070866142
0
LINE
8
BLACK
6
CONTINUOUS
10
0.3505888582677165
20
0.8413883070866142
11
0.3505744881889764
21
0.8413546850393701
0
LINE
8
BLACK
6
CONTINUOUS
10
0.3505744881889764
20
0.8413546850393701
11
0.3501874803149606
21
0.8409770078740157
0
LINE
8
BLACK
6
CONTINUOUS
10
0.3501874803149606
20
0.8409770078740157
11
0.3498098031496063
21
0.8405899999999999
0
LINE
8
BLACK
6
CONTINUOUS
10
0.3498098031496063
20
0.8405899999999999
11
0.3497761811023622
21
0.8405756299212598
0
LINE
8
BLACK
6
CONTINUOUS
10
0.3497761811023622
20
0.8405756299212598
11
0.3497499606299213
21
0.84055
0
LINE
8
BLACK
6
CONTINUOUS
10
0.3497499606299213
20
0.84055
11
0.3492476377952756
21
0.840349094488189
0
LINE
8
BLACK
6
CONTINUOUS
10
0.3492476377952756
20
0.840349094488189
11
0.3487508661417323
21
0.8401361811023622
0
LINE
8
BLACK
6
CONTINUOUS
10
0.3487508661417323
20
0.8401361811023622
11
0.3487142519685039
21
0.840135748031496
0
LINE
8
BLACK
6
CONTINUOUS
10
0.3487142519685039
20
0.840135748031496
11
0.3486802362204725
21
0.840122125984252
0
LINE
8
BLACK
6
CONTINUOUS
10
0.3486802362204725
20
0.840122125984252
11
0.3481395275590551
21
0.8401287401574803
0
LINE
8
BLACK
6
CONTINUOUS
10
0.3481395275590551
20
0.8401287401574803
11
0.3475988188976378
21
0.840122125984252
0
LINE
8
BLACK
6
CONTINUOUS
10
0.3475988188976378
20
0.840122125984252
11
0.3475647637795276
21
0.840135748031496
0
LINE
8
BLACK
6
CONTINUOUS
10
0.3475647637795276
20
0.840135748031496
11
0.3475281889763779
21
0.8401361811023622
0
LINE
8
BLACK
6
CONTINUOUS
10
0.3475281889763779
20
0.8401361811023622
11
0.3470313779527559
21
0.840349094488189
0
LINE
8
BLACK
6
CONTINUOUS
10
0.3470313779527559
20
0.840349094488189
11
0.346529094488189
21
0.84055
0
LINE
8
BLACK
6
CONTINUOUS
10
0.346529094488189
20
0.84055
11
0.3465028346456693
21
0.8405756299212598
0
LINE
8
BLACK
6
CONTINUOUS
10
0.3465028346456693
20
0.8405756299212598
11
0.3464692519685039
21
0.8405899999999999
0
LINE
8
BLACK
6
CONTINUOUS
10
0.3464692519685039
20
0.8405899999999999
11
0.3460919291338583
21
0.8409766535433071
0
LINE
8
BLACK
6
CONTINUOUS
10
0.3460919291338583
20
0.8409766535433071
11
0.3457045669291339
21
0.8413546850393701
0
LINE
8
BLACK
6
CONTINUOUS
10
0.3457045669291339
20
0.8413546850393701
11
0.3456901181102362
21
0.8413883858267717
0
LINE
8
BLACK
6
CONTINUOUS
10
0.3456901181102362
20
0.8413883858267717
11
0.3456646062992126
21
0.8414145275590551
0
LINE
8
BLACK
6
CONTINUOUS
10
0.3456646062992126
20
0.8414145275590551
11
0.3453979527559055
21
0.8419283070866141
0
LINE
8
BLACK
6
CONTINUOUS
10
0.3453979527559055
20
0.8419283070866141
11
0.340356811023622
21
0.8545311811023621
0
LINE
8
BLACK
6
CONTINUOUS
10
0.340356811023622
20
0.8545311811023621
11
0.3344807086614173
21
0.8339648031496063
0
LINE
8
BLACK
6
CONTINUOUS
10
0.3344807086614173
20
0.8339648031496063
11
0.3342679133858268
21
0.8334264960629921
0
LINE
8
BLACK
6
CONTINUOUS
10
0.3342679133858268
20
0.8334264960629921
11
0.3335515748031496
21
0.8325241732283465
0
LINE
8
BLACK
6
CONTINUOUS
10
0.3335515748031496
20
0.8325241732283465
11
0.3325444488188976
21
0.8319646456692913
0
LINE
8
BLACK
6
CONTINUOUS
10
0.3325444488188976
20
0.8319646456692913
11
0.3313998818897638
21
0.8318331496062992
0
LINE
8
BLACK
6
CONTINUOUS
10
0.3313998818897638
20
0.8318331496062992
11
0.3302920866141732
21
0.8321496456692913
0
LINE
8
BLACK
6
CONTINUOUS
10
0.3302920866141732
20
0.8321496456692913
11
0.3293897637795276
21
0.8328659842519684
0
LINE
8
BLACK
6
CONTINUOUS
10
0.3293897637795276
20
0.8328659842519684
11
0.3288302362204724
21
0.8338731102362205
0
LINE
8
BLACK
6
CONTINUOUS
10
0.3288302362204724
20
0.8338731102362205
11
0.3286987401574803
21
0.8350176771653544
0
LINE
8
BLACK
6
CONTINUOUS
10
0.3286987401574803
20
0.8350176771653544
11
0.3288024409448819
21
0.8355871653543306
0
LINE
8
BLACK
6
CONTINUOUS
10
0.3288024409448819
20
0.8355871653543306
11
0.3370514173228346
21
0.8644585433070866
0
LINE
8
BLACK
6
CONTINUOUS
10
0.3370514173228346
20
0.8644585433070866
11
0.3372642125984252
21
0.8649968503937008
0
LINE
8
BLACK
6
CONTINUOUS
10
0.3372642125984252
20
0.8649968503937008
11
0.3373813385826772
21
0.8651444094488189
0
LINE
8
BLACK
6
CONTINUOUS
10
0.3373813385826772
20
0.8651444094488189
11
0.3374555905511811
21
0.8653176377952756
0
LINE
8
BLACK
6
CONTINUOUS
10
0.3374555905511811
20
0.8653176377952756
11
0.3377365748031496
21
0.8655918897637795
0
LINE
8
BLACK
6
CONTINUOUS
10
0.3377365748031496
20
0.8655918897637795
11
0.3379805511811024
21
0.8658991732283464
0
LINE
8
BLACK
6
CONTINUOUS
10
0.3379805511811024
20
0.8658991732283464
11
0.3381451574803149
21
0.8659906692913386
0
LINE
8
BLACK
6
CONTINUOUS
10
0.3381451574803149
20
0.8659906692913386
11
0.3382801181102362
21
0.8661223228346456
0
LINE
8
BLACK
6
CONTINUOUS
10
0.3382801181102362
20
0.8661223228346456
11
0.3386446456692913
21
0.8662681496062992
0
LINE
8
BLACK
6
CONTINUOUS
10
0.3386446456692913
20
0.8662681496062992
11
0.3389876771653543
21
0.8664587007874015
0
LINE
8
BLACK
6
CONTINUOUS
10
0.3389876771653543
20
0.8664587007874015
11
0.339174842519685
21
0.8664802362204724
0
LINE
8
BLACK
6
CONTINUOUS
10
0.339174842519685
20
0.8664802362204724
11
0.339349842519685
21
0.8665501968503937
0
LINE
8
BLACK
6
CONTINUOUS
10
0.339349842519685
20
0.8665501968503937
11
0.3397421653543307
21
0.8665454330708661
0
LINE
8
BLACK
6
CONTINUOUS
10
0.3397421653543307
20
0.8665454330708661
11
0.3401322440944882
21
0.8665902362204724
0
LINE
8
BLACK
6
CONTINUOUS
10
0.3401322440944882
20
0.8665902362204724
11
0.3403135039370079
21
0.8665384645669291
0
LINE
8
BLACK
6
CONTINUOUS
10
0.3856828346456693
20
0.8665384645669291
11
0.3858712204724409
21
0.8665361417322834
0
LINE
8
BLACK
6
CONTINUOUS
10
0.3858712204724409
20
0.8665361417322834
11
0.386231968503937
21
0.8663815354330708
0
LINE
8
BLACK
6
CONTINUOUS
10
0.386231968503937
20
0.8663815354330708
11
0.3866093700787401
21
0.8662737007874015
0
LINE
8
BLACK
6
CONTINUOUS
10
0.3866093700787401
20
0.8662737007874015
11
0.3867568897637795
21
0.8661565748031496
0
LINE
8
BLACK
6
CONTINUOUS
10
0.3867568897637795
20
0.8661565748031496
11
0.386930157480315
21
0.8660823228346457
0
LINE
8
BLACK
6
CONTINUOUS
10
0.386930157480315
20
0.8660823228346457
11
0.3872043700787401
21
0.8658013385826772
0
LINE
8
BLACK
6
CONTINUOUS
10
0.3872043700787401
20
0.8658013385826772
11
0.3875116929133858
21
0.8655573622047243
0
LINE
8
BLACK
6
CONTINUOUS
10
0.3875116929133858
20
0.8655573622047243
11
0.3876031496062992
21
0.8653927559055118
0
LINE
8
BLACK
6
CONTINUOUS
10
0.3876031496062992
20
0.8653927559055118
11
0.387734842519685
21
0.8652577952755905
0
LINE
8
BLACK
6
CONTINUOUS
10
0.387734842519685
20
0.8652577952755905
11
0.3880014566929134
21
0.8647439763779527
0
LINE
8
BLACK
6
CONTINUOUS
10
0.3880014566929134
20
0.8647439763779527
11
0.3935088188976378
21
0.8509755118110236
0
LINE
8
BLACK
6
CONTINUOUS
10
0.3935088188976378
20
0.8509755118110236
11
0.3990162598425196
21
0.8647440157480315
0
LINE
8
BLACK
6
CONTINUOUS
10
0.3990162598425196
20
0.8647440157480315
11
0.3992829133858268
21
0.8652577952755905
0
LINE
8
BLACK
6
CONTINUOUS
10
0.3992829133858268
20
0.8652577952755905
11
0.3994144881889763
21
0.8653926771653543
0
LINE
8
BLACK
6
CONTINUOUS
10
0.3994144881889763
20
0.8653926771653543
11
0.3995060236220472
21
0.8655573622047243
0
LINE
8
BLACK
6
CONTINUOUS
10
0.3995060236220472
20
0.8655573622047243
11
0.3998133464566929
21
0.8658013779527559
0
LINE
8
BLACK
6
CONTINUOUS
10
0.3998133464566929
20
0.8658013779527559
11
0.4000875590551181
21
0.8660823228346457
0
LINE
8
BLACK
6
CONTINUOUS
10
0.4000875590551181
20
0.8660823228346457
11
0.4002607874015748
21
0.8661565748031496
0
LINE
8
BLACK
6
CONTINUOUS
10
0.4002607874015748
20
0.8661565748031496
11
0.4004083464566929
21
0.8662737007874015
0
LINE
8
BLACK
6
CONTINUOUS
10
0.4004083464566929
20
0.8662737007874015
11
0.4007856299212598
21
0.8663814960629921
0
LINE
8
BLACK
6
CONTINUOUS
10
0.4007856299212598
20
0.8663814960629921
11
0.4011464960629921
21
0.8665361417322834
0
LINE
8
BLACK
6
CONTINUOUS
10
0.4011464960629921
20
0.8665361417322834
11
0.4013349606299212
21
0.8665384645669291
0
LINE
8
BLACK
6
CONTINUOUS
10
0.4013349606299212
20
0.8665384645669291
11
0.4015161417322834
21
0.8665901968503937
0
LINE
8
BLACK
6
CONTINUOUS
10
0.4015161417322834
20
0.8665901968503937
11
0.4019059842519685
21
0.8665454330708661
0
LINE
8
BLACK
6
CONTINUOUS
10
0.4019059842519685
20
0.8665454330708661
11
0.4022985433070866
21
0.8665501968503937
0
LINE
8
BLACK
6
CONTINUOUS
10
0.4022985433070866
20
0.8665501968503937
11
0.4024735039370079
21
0.8664802362204724
0
LINE
8
BLACK
6
CONTINUOUS
10
0.4024735039370079
20
0.8664802362204724
11
0.4026607086614173
21
0.8664587007874015
0
LINE
8
BLACK
6
CONTINUOUS
10
0.4026607086614173
20
0.8664587007874015
11
0.4030037007874016
21
0.8662681496062992
0
LINE
8
BLACK
6
CONTINUOUS
10
0.4030037007874016
20
0.8662681496062992
11
0.4033682677165354
21
0.8661223228346456
0
LINE
8
BLACK
6
CONTINUOUS
10
0.4033682677165354
20
0.8661223228346456
11
0.4035031889763779
21
0.8659906692913386
0
LINE
8
BLACK
6
CONTINUOUS
10
0.4035031889763779
20
0.8659906692913386
11
0.4036678346456693
21
0.8658991732283464
0
LINE
8
BLACK
6
CONTINUOUS
10
0.4036678346456693
20
0.8658991732283464
11
0.4039117716535433
21
0.8655918897637795
0
LINE
8
BLACK
6
CONTINUOUS
10
0.4039117716535433
20
0.8655918897637795
11
0.4041927952755905
21
0.8653176377952756
0
LINE
8
BLACK
6
CONTINUOUS
10
0.4041927952755905
20
0.8653176377952756
11
0.4042670078740158
21
0.8651444094488189
0
LINE
8
BLACK
6
CONTINUOUS
10
0.4042670078740158
20
0.8651444094488189
11
0.4043841732283465
21
0.8649968503937008
0
LINE
8
BLACK
6
CONTINUOUS
10
0.4043841732283465
20
0.8649968503937008
11
0.404596968503937
21
0.8644585433070866
0
LINE
8
BLACK
6
CONTINUOUS
10
0.404596968503937
20
0.8644585433070866
11
0.4128459448818897
21
0.8355871653543306
0
LINE
8
BLACK
6
CONTINUOUS
10
0.4128459448818897
20
0.8355871653543306
11
0.4129496456692913
21
0.8350176771653544
0
LINE
8
BLACK
6
CONTINUOUS
10
0.4129496456692913
20
0.8350176771653544
11
0.4128181496062992
21
0.8338731102362205
0
LINE
8
BLACK
6
CONTINUOUS
10
0.4128181496062992
20
0.8338731102362205
11
0.4122586220472441
21
0.8328659842519684
0
LINE
8
BLACK
6
CONTINUOUS
10
0.4122586220472441
20
0.8328659842519684
11
0.4113562992125984
21
0.8321496456692913
0
LINE
8
BLACK
6
CONTINUOUS
10
0.4113562992125984
20
0.8321496456692913
11
0.4102485039370078
21
0.8318331102362204
0
LINE
8
BLACK
6
CONTINUOUS
10
0.4102485039370078
20
0.8318331102362204
11
0.409103937007874
21
0.8319646456692913
0
LINE
8
BLACK
6
CONTINUOUS
10
0.409103937007874
20
0.8319646456692913
11
0.4080968110236221
21
0.8325241732283465
0
LINE
8
BLACK
6
CONTINUOUS
10
0.4080968110236221
20
0.8325241732283465
11
0.4073804724409449
21
0.8334264960629921
0
LINE
8
BLACK
6
CONTINUOUS
10
0.4073804724409449
20
0.8334264960629921
11
0.4071676771653543
21
0.8339648031496063
0
LINE
8
BLACK
6
CONTINUOUS
10
0.4071676771653543
20
0.8339648031496063
11
0.4012915354330708
21
0.8545311811023621
0
LINE
8
BLACK
6
CONTINUOUS
10
0.4012915354330708
20
0.8545311811023621
11
0.3962504330708662
21
0.8419283464566929
0
LINE
8
BLACK
6
CONTINUOUS
10
0.3962504330708662
20
0.8419283464566929
11
0.3959838188976378
21
0.8414145275590551
0
LINE
8
BLACK
6
CONTINUOUS
10
0.3959838188976378
20
0.8414145275590551
11
0.395958188976378
21
0.8413883070866142
0
LINE
8
BLACK
6
CONTINUOUS
10
0.395958188976378
20
0.8413883070866142
11
0.3959438188976378
21
0.8413546850393701
0
LINE
8
BLACK
6
CONTINUOUS
10
0.3959438188976378
20
0.8413546850393701
11
0.3955568110236221
21
0.8409770078740157
0
LINE
8
BLACK
6
CONTINUOUS
10
0.3955568110236221
20
0.8409770078740157
11
0.3951791338582677
21
0.8405899999999999
0
LINE
8
BLACK
6
CONTINUOUS
10
0.3951791338582677
20
0.8405899999999999
11
0.3951455118110236
21
0.8405756299212598
0
LINE
8
BLACK
6
CONTINUOUS
10
0.3951455118110236
20
0.8405756299212598
11
0.3951192913385826
21
0.84055
0
LINE
8
BLACK
6
CONTINUOUS
10
0.3951192913385826
20
0.84055
11
0.394616968503937
21
0.840349094488189
0
LINE
8
BLACK
6
CONTINUOUS
10
0.394616968503937
20
0.840349094488189
11
0.3941201968503937
21
0.8401361811023622
0
LINE
8
BLACK
6
CONTINUOUS
10
0.3941201968503937
20
0.8401361811023622
11
0.3940835826771654
21
0.840135748031496
0
LINE
8
BLACK
6
CONTINUOUS
10
0.3940835826771654
20
0.840135748031496
11
0.3940495669291338
21
0.840122125984252
0
LINE
8
BLACK
6
CONTINUOUS
10
0.3940495669291338
20
0.840122125984252
11
0.3935088582677165
21
0.8401287401574803
0
LINE
8
BLACK
6
CONTINUOUS
10
0.3935088582677165
20
0.8401287401574803
11
0.3929681496062992
21
0.840122125984252
0
LINE
8
BLACK
6
CONTINUOUS
10
0.3929681496062992
20
0.840122125984252
11
0.3929340944881889
21
0.840135748031496
0
LINE
8
BLACK
6
CONTINUOUS
10
0.3929340944881889
20
0.840135748031496
11
0.3928975196850394
21
0.8401361811023622
0
LINE
8
BLACK
6
CONTINUOUS
10
0.3928975196850394
20
0.8401361811023622
11
0.3924007086614173
21
0.840349094488189
0
LINE
8
BLACK
6
CONTINUOUS
10
0.3924007086614173
20
0.840349094488189
11
0.3918984251968504
21
0.84055
0
LINE
8
BLACK
6
CONTINUOUS
10
0.3918984251968504
20
0.84055
11
0.3918721653543307
21
0.8405756299212598
0
LINE
8
BLACK
6
CONTINUOUS
10
0.3918721653543307
20
0.8405756299212598
11
0.3918385826771654
21
0.8405899999999999
0
LINE
8
BLACK
6
CONTINUOUS
10
0.3918385826771654
20
0.8405899999999999
11
0.3914612598425197
21
0.8409766535433071
0
LINE
8
BLACK
6
CONTINUOUS
10
0.3914612598425197
20
0.8409766535433071
11
0.3910738976377953
21
0.8413546850393701
0
LINE
8
BLACK
6
CONTINUOUS
10
0.3910738976377953
20
0.8413546850393701
11
0.3910594488188976
21
0.8413883858267717
0
LINE
8
BLACK
6
CONTINUOUS
10
0.3910594488188976
20
0.8413883858267717
11
0.391033937007874
21
0.8414145275590551
0
LINE
8
BLACK
6
CONTINUOUS
10
0.391033937007874
20
0.8414145275590551
11
0.3907672834645669
21
0.8419283070866141
0
LINE
8
BLACK
6
CONTINUOUS
10
0.3907672834645669
20
0.8419283070866141
11
0.3857261417322835
21
0.8545311811023621
0
LINE
8
BLACK
6
CONTINUOUS
10
0.3857261417322835
20
0.8545311811023621
11
0.3798500393700787
21
0.8339648031496063
0
LINE
8
BLACK
6
CONTINUOUS
10
0.3798500393700787
20
0.8339648031496063
11
0.3796372440944882
21
0.8334264960629921
0
LINE
8
BLACK
6
CONTINUOUS
10
0.3796372440944882
20
0.8334264960629921
11
0.378920905511811
21
0.8325241732283465
0
LINE
8
BLACK
6
CONTINUOUS
10
0.378920905511811
20
0.8325241732283465
11
0.3779137795275591
21
0.8319646456692913
0
LINE
8
BLACK
6
CONTINUOUS
10
0.3779137795275591
20
0.8319646456692913
11
0.3767692125984252
21
0.8318331496062992
0
LINE
8
BLACK
6
CONTINUOUS
10
0.3767692125984252
20
0.8318331496062992
11
0.3756614173228346
21
0.8321496456692913
0
LINE
8
BLACK
6
CONTINUOUS
10
0.3756614173228346
20
0.8321496456692913
11
0.3747590944881889
21
0.8328659842519684
0
LINE
8
BLACK
6
CONTINUOUS
10
0.3747590944881889
20
0.8328659842519684
11
0.3741995669291339
21
0.8338731102362205
0
LINE
8
BLACK
6
CONTINUOUS
10
0.3741995669291339
20
0.8338731102362205
11
0.3740680708661417
21
0.8350176771653544
0
LINE
8
BLACK
6
CONTINUOUS
10
0.3740680708661417
20
0.8350176771653544
11
0.3741717716535433
21
0.8355871653543306
0
LINE
8
BLACK
6
CONTINUOUS
10
0.3741717716535433
20
0.8355871653543306
11
0.3824207480314961
21
0.8644585433070866
0
LINE
8
BLACK
6
CONTINUOUS
10
0.3824207480314961
20
0.8644585433070866
11
0.3826335433070866
21
0.8649968503937008
0
LINE
8
BLACK
6
CONTINUOUS
10
0.3826335433070866
20
0.8649968503937008
11
0.3827506692913386
21
0.8651444094488189
0
LINE
8
BLACK
6
CONTINUOUS
10
0.3827506692913386
20
0.8651444094488189
11
0.3828249212598425
21
0.8653176377952756
0
LINE
8
BLACK
6
CONTINUOUS
10
0.3828249212598425
20
0.8653176377952756
11
0.383105905511811
21
0.8655918897637795
0
LINE
8
BLACK
6
CONTINUOUS
10
0.383105905511811
20
0.8655918897637795
11
0.3833498818897638
21
0.8658991732283464
0
LINE
8
BLACK
6
CONTINUOUS
10
0.3833498818897638
20
0.8658991732283464
11
0.3835144881889764
21
0.8659906692913386
0
LINE
8
BLACK
6
CONTINUOUS
10
0.3835144881889764
20
0.8659906692913386
11
0.3836494488188976
21
0.8661223228346456
0
LINE
8
BLACK
6
CONTINUOUS
10
0.3836494488188976
20
0.8661223228346456
11
0.3840139763779528
21
0.8662681496062992
0
LINE
8
BLACK
6
CONTINUOUS
10
0.3840139763779528
20
0.8662681496062992
11
0.3843570078740157
21
0.8664587007874015
0
LINE
8
BLACK
6
CONTINUOUS
10
0.3843570078740157
20
0.8664587007874015
11
0.3845441732283464
21
0.8664802362204724
0
LINE
8
BLACK
6
CONTINUOUS
10
0.3845441732283464
20
0.8664802362204724
11
0.3847191732283464
21
0.8665501968503937
0
LINE
8
BLACK
6
CONTINUOUS
10
0.3847191732283464
20
0.8665501968503937
11
0.3851114960629921
21
0.8665454330708661
0
LINE
8
BLACK
6
CONTINUOUS
10
0.3851114960629921
20
0.8665454330708661
11
0.3855015748031496
21
0.8665902362204724
0
LINE
8
BLACK
6
CONTINUOUS
10
0.3855015748031496
20
0.8665902362204724
11
0.3856828346456693
21
0.8665384645669291
0
LINE
8
BLACK
6
CONTINUOUS
10
0.0919997244094488
20
0.8661025196850394
11
0.0919999212598425
21
0.8661023228346456
0
LINE
8
BLACK
6
CONTINUOUS
10
0.0919999212598425
20
0.8661023228346456
11
0.0924471653543307
21
0.8657352755905512
0
LINE
8
BLACK
6
CONTINUOUS
10
0.0924471653543307
20
0.8657352755905512
11
0.0945094094488189
21
0.863673031496063
0
LINE
8
BLACK
6
CONTINUOUS
10
0.0945094094488189
20
0.863673031496063
11
0.0948766535433071
21
0.8632255905511811
0
LINE
8
BLACK
6
CONTINUOUS
10
0.0948766535433071
20
0.8632255905511811
11
0.0953175196850394
21
0.8621611417322834
0
LINE
8
BLACK
6
CONTINUOUS
10
0.0953175196850394
20
0.8621611417322834
11
0.0953175196850394
21
0.8610090551181102
0
LINE
8
BLACK
6
CONTINUOUS
10
0.0953175196850394
20
0.8610090551181102
11
0.0948766535433071
21
0.8599446456692913
0
LINE
8
BLACK
6
CONTINUOUS
10
0.0948766535433071
20
0.8599446456692913
11
0.0948764173228346
21
0.8599444488188976
0
LINE
8
BLACK
6
CONTINUOUS
10
0.0948764173228346
20
0.8599444488188976
11
0.0945093700787401
21
0.8594971653543307
0
LINE
8
BLACK
6
CONTINUOUS
10
0.0945093700787401
20
0.8594971653543307
11
0.0924471653543307
21
0.8574349606299212
0
LINE
8
BLACK
6
CONTINUOUS
10
0.0924471653543307
20
0.8574349606299212
11
0.0919996850393701
21
0.8570677559055118
0
LINE
8
BLACK
6
CONTINUOUS
10
0.0919996850393701
20
0.8570677559055118
11
0.0913761811023622
21
0.8568095275590552
0
LINE
8
BLACK
6
CONTINUOUS
10
0.0913761811023622
20
0.8568095275590552
11
0.0909353149606299
21
0.8566268897637795
0
LINE
8
BLACK
6
CONTINUOUS
10
0.0909353149606299
20
0.8566268897637795
11
0.0897832283464567
21
0.8566268897637795
0
LINE
8
BLACK
6
CONTINUOUS
10
0.0897832283464567
20
0.8566268897637795
11
0.089783188976378
21
0.8566268897637795
0
LINE
8
BLACK
6
CONTINUOUS
10
0.089783188976378
20
0.8566268897637795
11
0.0893423228346457
21
0.8568095275590552
0
LINE
8
BLACK
6
CONTINUOUS
10
0.0893423228346457
20
0.8568095275590552
11
0.0887188188976378
21
0.8570677559055118
0
LINE
8
BLACK
6
CONTINUOUS
10
0.0887188188976378
20
0.8570677559055118
11
0.0882713385826772
21
0.8574349999999999
0
LINE
8
BLACK
6
CONTINUOUS
10
0.0882713385826772
20
0.8574349999999999
11
0.086209094488189
21
0.8594971653543307
0
LINE
8
BLACK
6
CONTINUOUS
10
0.086209094488189
20
0.8594971653543307
11
0.0858418897637795
21
0.8599446456692913
0
LINE
8
BLACK
6
CONTINUOUS
10
0.0858418897637795
20
0.8599446456692913
11
0.0854009842519685
21
0.8610090551181102
0
LINE
8
BLACK
6
CONTINUOUS
10
0.0854009842519685
20
0.8610090551181102
11
0.0854009842519685
21
0.8621611417322834
0
LINE
8
BLACK
6
CONTINUOUS
10
0.0854009842519685
20
0.8621611417322834
11
0.0858418503937008
21
0.8632255511811023
0
LINE
8
BLACK
6
CONTINUOUS
10
0.0858418503937008
20
0.8632255511811023
11
0.0858418897637795
21
0.8632255905511811
0
LINE
8
BLACK
6
CONTINUOUS
10
0.0858418897637795
20
0.8632255905511811
11
0.086209094488189
21
0.863673031496063
0
LINE
8
BLACK
6
CONTINUOUS
10
0.086209094488189
20
0.863673031496063
11
0.0882713385826772
21
0.8657352755905512
0
LINE
8
BLACK
6
CONTINUOUS
10
0.0882713385826772
20
0.8657352755905512
11
0.088718779527559
21
0.8661025196850394
0
LINE
8
BLACK
6
CONTINUOUS
10
0.088718779527559
20
0.8661025196850394
11
0.0895676377952756
21
0.866454094488189
0
LINE
8
BLACK
6
CONTINUOUS
10
0.0895676377952756
20
0.866454094488189
11
0.089783188976378
21
0.8665433858267716
0
LINE
8
BLACK
6
CONTINUOUS
10
0.089783188976378
20
0.8665433858267716
11
0.0909353149606299
21
0.8665433858267716
0
LINE
8
BLACK
6
CONTINUOUS
10
0.0909353149606299
20
0.8665433858267716
11
0.0919997244094488
21
0.8661025196850394
0
LINE
8
BLACK
6
CONTINUOUS
10
0.2714148031496063
20
0.8661025196850394
11
0.271415
21
0.8661023228346456
0
LINE
8
BLACK
6
CONTINUOUS
10
0.271415
20
0.8661023228346456
11
0.2718622440944882
21
0.8657352755905512
0
LINE
8
BLACK
6
CONTINUOUS
10
0.2718622440944882
20
0.8657352755905512
11
0.2739244881889764
21
0.863673031496063
0
LINE
8
BLACK
6
CONTINUOUS
10
0.2739244881889764
20
0.863673031496063
11
0.2742917322834645
21
0.8632255905511811
0
LINE
8
BLACK
6
CONTINUOUS
10
0.2742917322834645
20
0.8632255905511811
11
0.2747325984251968
21
0.8621611417322834
0
LINE
8
BLACK
6
CONTINUOUS
10
0.2747325984251968
20
0.8621611417322834
11
0.2747325984251968
21
0.8610090551181102
0
LINE
8
BLACK
6
CONTINUOUS
10
0.2747325984251968
20
0.8610090551181102
11
0.2742917322834645
21
0.8599446456692913
0
LINE
8
BLACK
6
CONTINUOUS
10
0.2742917322834645
20
0.8599446456692913
11
0.2742914960629921
21
0.8599444488188976
0
LINE
8
BLACK
6
CONTINUOUS
10
0.2742914960629921
20
0.8599444488188976
11
0.2739244488188977
21
0.8594971653543307
0
LINE
8
BLACK
6
CONTINUOUS
10
0.2739244488188977
20
0.8594971653543307
11
0.2718622440944882
21
0.8574349606299212
0
LINE
8
BLACK
6
CONTINUOUS
10
0.2718622440944882
20
0.8574349606299212
11
0.2714147637795276
21
0.8570677559055118
0
LINE
8
BLACK
6
CONTINUOUS
10
0.2714147637795276
20
0.8570677559055118
11
0.2707912598425197
21
0.8568095275590552
0
LINE
8
BLACK
6
CONTINUOUS
10
0.2707912598425197
20
0.8568095275590552
11
0.2703503937007874
21
0.8566268897637795
0
LINE
8
BLACK
6
CONTINUOUS
10
0.2703503937007874
20
0.8566268897637795
11
0.2691983070866142
21
0.8566268897637795
0
LINE
8
BLACK
6
CONTINUOUS
10
0.2691983070866142
20
0.8566268897637795
11
0.2691982677165354
21
0.8566268897637795
0
LINE
8
BLACK
6
CONTINUOUS
10
0.2691982677165354
20
0.8566268897637795
11
0.2687574015748032
21
0.8568095275590552
0
LINE
8
BLACK
6
CONTINUOUS
10
0.2687574015748032
20
0.8568095275590552
11
0.2681338976377953
21
0.8570677559055118
0
LINE
8
BLACK
6
CONTINUOUS
10
0.2681338976377953
20
0.8570677559055118
11
0.2676864173228347
21
0.8574349999999999
0
LINE
8
BLACK
6
CONTINUOUS
10
0.2676864173228347
20
0.8574349999999999
11
0.2656241732283465
21
0.8594971653543307
0
LINE
8
BLACK
6
CONTINUOUS
10
0.2656241732283465
20
0.8594971653543307
11
0.265256968503937
21
0.8599446456692913
0
LINE
8
BLACK
6
CONTINUOUS
10
0.265256968503937
20
0.8599446456692913
11
0.264816062992126
21
0.8610090551181102
0
LINE
8
BLACK
6
CONTINUOUS
10
0.264816062992126
20
0.8610090551181102
11
0.264816062992126
21
0.8621611417322834
0
LINE
8
BLACK
6
CONTINUOUS
10
0.264816062992126
20
0.8621611417322834
11
0.2652569291338583
21
0.8632255511811023
0
LINE
8
BLACK
6
CONTINUOUS
10
0.2652569291338583
20
0.8632255511811023
11
0.265256968503937
21
0.8632255905511811
0
LINE
8
BLACK
6
CONTINUOUS
10
0.265256968503937
20
0.8632255905511811
11
0.2656241732283465
21
0.863673031496063
0
LINE
8
BLACK
6
CONTINUOUS
10
0.2656241732283465
20
0.863673031496063
11
0.2676864173228347
21
0.8657352755905512
0
LINE
8
BLACK
6
CONTINUOUS
10
0.2676864173228347
20
0.8657352755905512
11
0.2681338582677165
21
0.8661025196850394
0
LINE
8
BLACK
6
CONTINUOUS
10
0.2681338582677165
20
0.8661025196850394
11
0.268982716535433
21
0.866454094488189
0
LINE
8
BLACK
6
CONTINUOUS
10
0.268982716535433
20
0.866454094488189
11
0.2691982677165354
21
0.8665433858267716
0
LINE
8
BLACK
6
CONTINUOUS
10
0.2691982677165354
20
0.8665433858267716
11
0.2703503937007874
21
0.8665433858267716
0
LINE
8
BLACK
6
CONTINUOUS
10
0.2703503937007874
20
0.8665433858267716
11
0.2714148031496063
21
0.8661025196850394
0
LINE
8
BLACK
6
CONTINUOUS
10
-0.4205006299212598
20
0.9362653543307087
11
-0.4204026377952756
21
0.9362247637795276
0
LINE
8
BLACK
6
CONTINUOUS
10
-0.4204026377952756
20
0.9362247637795276
11
-0.420296811023622
21
0.9362172440944881
0
LINE
8
BLACK
6
CONTINUOUS
10
-0.420296811023622
20
0.9362172440944881
11
-0.4197561811023622
21
0.9360103543307087
0
LINE
8
BLACK
6
CONTINUOUS
10
-0.4197561811023622
20
0.9360103543307087
11
-0.4156316929133858
21
0.9339481102362205
0
LINE
8
BLACK
6
CONTINUOUS
10
-0.4156316929133858
20
0.9339481102362205
11
-0.4153838582677165
21
0.933792125984252
0
LINE
8
BLACK
6
CONTINUOUS
10
-0.4153838582677165
20
0.933792125984252
11
-0.4153117716535433
21
0.9337622440944882
0
LINE
8
BLACK
6
CONTINUOUS
10
-0.4153117716535433
20
0.9337622440944882
11
-0.4152305905511811
21
0.9336956299212599
0
LINE
8
BLACK
6
CONTINUOUS
10
-0.4152305905511811
20
0.9336956299212599
11
-0.4151418503937008
21
0.9336397637795275
0
LINE
8
BLACK
6
CONTINUOUS
10
-0.4151418503937008
20
0.9336397637795275
11
-0.4150908661417323
21
0.9335809448818897
0
LINE
8
BLACK
6
CONTINUOUS
10
-0.4150908661417323
20
0.9335809448818897
11
-0.4148642913385827
21
0.9333950393700787
0
LINE
8
BLACK
6
CONTINUOUS
10
-0.4148642913385827
20
0.9333950393700787
11
-0.4128020866141732
21
0.9313328346456693
0
LINE
8
BLACK
6
CONTINUOUS
10
-0.4128020866141732
20
0.9313328346456693
11
-0.412434842519685
21
0.9308853543307086
0
LINE
8
BLACK
6
CONTINUOUS
10
-0.412434842519685
20
0.9308853543307086
11
-0.411993937007874
21
0.9298209448818897
0
LINE
8
BLACK
6
CONTINUOUS
10
-0.411993937007874
20
0.9298209448818897
11
-0.411993937007874
21
0.9286688582677165
0
LINE
8
BLACK
6
CONTINUOUS
10
-0.411993937007874
20
0.9286688582677165
11
-0.4124348031496063
21
0.9276044488188976
0
LINE
8
BLACK
6
CONTINUOUS
10
-0.4124348031496063
20
0.9276044488188976
11
-0.4132494881889764
21
0.9267897637795275
0
LINE
8
BLACK
6
CONTINUOUS
10
-0.4132494881889764
20
0.9267897637795275
11
-0.4143138976377952
21
0.9263488582677165
0
LINE
8
BLACK
6
CONTINUOUS
10
-0.4143138976377952
20
0.9263488582677165
11
-0.4154659842519685
21
0.9263488582677165
0
LINE
8
BLACK
6
CONTINUOUS
10
-0.4154659842519685
20
0.9263488582677165
11
-0.4165303937007874
21
0.9267897244094488
0
LINE
8
BLACK
6
CONTINUOUS
10
-0.4165303937007874
20
0.9267897244094488
11
-0.416977874015748
21
0.927156968503937
0
LINE
8
BLACK
6
CONTINUOUS
10
-0.416977874015748
20
0.927156968503937
11
-0.4187013779527559
21
0.9288803937007873
0
LINE
8
BLACK
6
CONTINUOUS
10
-0.4187013779527559
20
0.9288803937007873
11
-0.4217737401574803
21
0.9304165748031495
0
LINE
8
BLACK
6
CONTINUOUS
10
-0.4217737401574803
20
0.9304165748031495
11
-0.4306908661417323
21
0.9304165748031495
0
LINE
8
BLACK
6
CONTINUOUS
10
-0.4306908661417323
20
0.9304165748031495
11
-0.4337633070866141
21
0.9288803543307086
0
LINE
8
BLACK
6
CONTINUOUS
10
-0.4337633070866141
20
0.9288803543307086
11
-0.4351479527559055
21
0.9274957086614173
0
LINE
8
BLACK
6
CONTINUOUS
10
-0.4351479527559055
20
0.9274957086614173
11
-0.4366841338582677
21
0.9244233464566929
0
LINE
8
BLACK
6
CONTINUOUS
10
-0.4366841338582677
20
0.9244233464566929
11
-0.4366841338582677
21
0.9155062204724409
0
LINE
8
BLACK
6
CONTINUOUS
10
-0.4366841338582677
20
0.9155062204724409
11
-0.4351479133858268
21
0.912433779527559
0
LINE
8
BLACK
6
CONTINUOUS
10
-0.4351479133858268
20
0.912433779527559
11
-0.4337633070866141
21
0.9110491732283464
0
LINE
8
BLACK
6
CONTINUOUS
10
-0.4337633070866141
20
0.9110491732283464
11
-0.4306908661417323
21
0.9095129527559055
0
LINE
8
BLACK
6
CONTINUOUS
10
-0.4306908661417323
20
0.9095129527559055
11
-0.4217737401574803
21
0.9095129527559055
0
LINE
8
BLACK
6
CONTINUOUS
10
-0.4217737401574803
20
0.9095129527559055
11
-0.4187012992125984
21
0.9110491732283464
0
LINE
8
BLACK
6
CONTINUOUS
10
-0.4187012992125984
20
0.9110491732283464
11
-0.416977874015748
21
0.9127725984251969
0
LINE
8
BLACK
6
CONTINUOUS
10
-0.416977874015748
20
0.9127725984251969
11
-0.4165304330708661
21
0.9131398425196851
0
LINE
8
BLACK
6
CONTINUOUS
10
-0.4165304330708661
20
0.9131398425196851
11
-0.416393031496063
21
0.9131967716535433
0
LINE
8
BLACK
6
CONTINUOUS
10
-0.416393031496063
20
0.9131967716535433
11
-0.4162779921259843
21
0.9132908661417323
0
LINE
8
BLACK
6
CONTINUOUS
10
-0.4162779921259843
20
0.9132908661417323
11
-0.4158647637795275
21
0.9134155511811023
0
LINE
8
BLACK
6
CONTINUOUS
10
-0.4158647637795275
20
0.9134155511811023
11
-0.4154659842519685
21
0.9135807086614173
0
LINE
8
BLACK
6
CONTINUOUS
10
-0.4154659842519685
20
0.9135807086614173
11
-0.4153173622047244
21
0.9135807086614173
0
LINE
8
BLACK
6
CONTINUOUS
10
-0.4153173622047244
20
0.9135807086614173
11
-0.415175
21
0.9136236614173228
0
LINE
8
BLACK
6
CONTINUOUS
10
-0.415175
20
0.9136236614173228
11
-0.4147454724409449
21
0.9135807086614173
0
LINE
8
BLACK
6
CONTINUOUS
10
-0.4147454724409449
20
0.9135807086614173
11
-0.4143138976377952
21
0.9135807086614173
0
LINE
8
BLACK
6
CONTINUOUS
10
-0.4143138976377952
20
0.9135807086614173
11
-0.4141765354330709
21
0.9135238188976378
0
LINE
8
BLACK
6
CONTINUOUS
10
-0.4141765354330709
20
0.9135238188976378
11
-0.4140285826771654
21
0.9135090157480314
0
LINE
8
BLACK
6
CONTINUOUS
10
-0.4140285826771654
20
0.9135090157480314
11
-0.4136483858267717
21
0.9133050787401574
0
LINE
8
BLACK
6
CONTINUOUS
10
-0.4136483858267717
20
0.9133050787401574
11
-0.4132494881889764
21
0.9131398425196851
0
LINE
8
BLACK
6
CONTINUOUS
10
-0.4132494881889764
20
0.9131398425196851
11
-0.4131443307086614
21
0.91303468503937
0
LINE
8
BLACK
6
CONTINUOUS
10
-0.4131443307086614
20
0.91303468503937
11
-0.4130133464566929
21
0.9129644094488188
0
LINE
8
BLACK
6
CONTINUOUS
10
-0.4130133464566929
20
0.9129644094488188
11
-0.4127401181102362
21
0.9126304724409449
0
LINE
8
BLACK
6
CONTINUOUS
10
-0.4127401181102362
20
0.9126304724409449
11
-0.4124348031496063
21
0.912325157480315
0
LINE
8
BLACK
6
CONTINUOUS
10
-0.4124348031496063
20
0.912325157480315
11
-0.4123779133858267
21
0.9121878346456692
0
LINE
8
BLACK
6
CONTINUOUS
10
-0.4123779133858267
20
0.9121878346456692
11
-0.4122837795275591
21
0.9120727559055118
0
LINE
8
BLACK
6
CONTINUOUS
10
-0.4122837795275591
20
0.9120727559055118
11
-0.4121591338582677
21
0.9116595275590551
0
LINE
8
BLACK
6
CONTINUOUS
10
-0.4121591338582677
20
0.9116595275590551
11
-0.411993937007874
21
0.911260748031496
0
LINE
8
BLACK
6
CONTINUOUS
10
-0.411993937007874
20
0.911260748031496
11
-0.411993937007874
21
0.911112125984252
0
LINE
8
BLACK
6
CONTINUOUS
10
-0.411993937007874
20
0.911112125984252
11
-0.4119509842519685
21
0.9109697244094488
0
LINE
8
BLACK
6
CONTINUOUS
10
-0.4119509842519685
20
0.9109697244094488
11
-0.4119518503937008
21
0.910390905511811
0
LINE
8
BLACK
6
CONTINUOUS
10
-0.4119518503937008
20
0.910390905511811
11
-0.414014094488189
21
0.8897684251968504
0
LINE
8
BLACK
6
CONTINUOUS
10
-0.414014094488189
20
0.8897684251968504
11
-0.4140561811023622
21
0.8895585039370079
0
LINE
8
BLACK
6
CONTINUOUS
10
-0.4140561811023622
20
0.8895585039370079
11
-0.4140561811023622
21
0.8894861811023622
0
LINE
8
BLACK
6
CONTINUOUS
10
-0.4140561811023622
20
0.8894861811023622
11
-0.4140842913385827
21
0.8894183858267717
0
LINE
8
BLACK
6
CONTINUOUS
10
-0.4140842913385827
20
0.8894183858267717
11
-0.414127874015748
21
0.8892008661417322
0
LINE
8
BLACK
6
CONTINUOUS
10
-0.414127874015748
20
0.8892008661417322
11
-0.4143319291338582
21
0.8888205905511811
0
LINE
8
BLACK
6
CONTINUOUS
10
-0.4143319291338582
20
0.8888205905511811
11
-0.4144970866141732
21
0.8884217716535433
0
LINE
8
BLACK
6
CONTINUOUS
10
-0.4144970866141732
20
0.8884217716535433
11
-0.4146022834645669
21
0.8883166141732284
0
LINE
8
BLACK
6
CONTINUOUS
10
-0.4146022834645669
20
0.8883166141732284
11
-0.4146725196850394
21
0.8881856299212598
0
LINE
8
BLACK
6
CONTINUOUS
10
-0.4146725196850394
20
0.8881856299212598
11
-0.4150064960629921
21
0.8879124015748031
0
LINE
8
BLACK
6
CONTINUOUS
10
-0.4150064960629921
20
0.8879124015748031
11
-0.4153117322834646
21
0.887607125984252
0
LINE
8
BLACK
6
CONTINUOUS
10
-0.4153117322834646
20
0.887607125984252
11
-0.415449094488189
21
0.8875502362204725
0
LINE
8
BLACK
6
CONTINUOUS
10
-0.415449094488189
20
0.8875502362204725
11
-0.4155641732283464
21
0.887456062992126
0
LINE
8
BLACK
6
CONTINUOUS
10
-0.4155641732283464
20
0.887456062992126
11
-0.4159774803149606
21
0.8873313779527559
0
LINE
8
BLACK
6
CONTINUOUS
10
-0.4159774803149606
20
0.8873313779527559
11
-0.4163761417322834
21
0.8871662204724409
0
LINE
8
BLACK
6
CONTINUOUS
10
-0.4163761417322834
20
0.8871662204724409
11
-0.4165968503937008
21
0.8871444881889764
0
LINE
8
BLACK
6
CONTINUOUS
10
-0.4165968503937008
20
0.8871444881889764
11
-0.4166671653543307
21
0.8871232677165354
0
LINE
8
BLACK
6
CONTINUOUS
10
-0.4166671653543307
20
0.8871232677165354
11
-0.4167391732283465
21
0.8871304724409449
0
LINE
8
BLACK
6
CONTINUOUS
10
-0.4167391732283465
20
0.8871304724409449
11
-0.4169522047244094
21
0.8871094881889764
0
LINE
8
BLACK
6
CONTINUOUS
10
-0.4169522047244094
20
0.8871094881889764
11
-0.4375746456692913
21
0.8871094881889764
0
LINE
8
BLACK
6
CONTINUOUS
10
-0.4375746456692913
20
0.8871094881889764
11
-0.4381507086614173
21
0.8871662204724409
0
LINE
8
BLACK
6
CONTINUOUS
10
-0.4381507086614173
20
0.8871662204724409
11
-0.4392151181102362
21
0.887607125984252
0
LINE
8
BLACK
6
CONTINUOUS
10
-0.4392151181102362
20
0.887607125984252
11
-0.4400297637795276
21
0.8884217716535433
0
LINE
8
BLACK
6
CONTINUOUS
10
-0.4400297637795276
20
0.8884217716535433
11
-0.4404706692913385
21
0.8894861811023622
0
LINE
8
BLACK
6
CONTINUOUS
10
-0.4404706692913385
20
0.8894861811023622
11
-0.4404706692913385
21
0.8906383070866142
0
LINE
8
BLACK
6
CONTINUOUS
10
-0.4404706692913385
20
0.8906383070866142
11
-0.4400297637795276
21
0.8917027165354331
0
LINE
8
BLACK
6
CONTINUOUS
10
-0.4400297637795276
20
0.8917027165354331
11
-0.4392151181102362
21
0.8925173622047244
0
LINE
8
BLACK
6
CONTINUOUS
10
-0.4392151181102362
20
0.8925173622047244
11
-0.4381507086614173
21
0.8929582677165354
0
LINE
8
BLACK
6
CONTINUOUS
10
-0.4381507086614173
20
0.8929582677165354
11
-0.4375746456692913
21
0.893015
0
LINE
8
BLACK
6
CONTINUOUS
10
-0.4375746456692913
20
0.893015
11
-0.4196244094488189
21
0.893015
0
LINE
8
BLACK
6
CONTINUOUS
10
-0.4196244094488189
20
0.893015
11
-0.41846968503937
21
0.9045624409448819
0
LINE
8
BLACK
6
CONTINUOUS
10
-0.41846968503937
20
0.9045624409448819
11
-0.4197561811023622
21
0.9039191732283465
0
LINE
8
BLACK
6
CONTINUOUS
10
-0.4197561811023622
20
0.9039191732283465
11
-0.420296811023622
21
0.9037122834645669
0
LINE
8
BLACK
6
CONTINUOUS
10
-0.420296811023622
20
0.9037122834645669
11
-0.4204026377952756
21
0.9037048031496063
0
LINE
8
BLACK
6
CONTINUOUS
10
-0.4204026377952756
20
0.9037048031496063
11
-0.4205006299212598
21
0.9036641732283465
0
LINE
8
BLACK
6
CONTINUOUS
10
-0.4205006299212598
20
0.9036641732283465
11
-0.4210766929133858
21
0.9036074409448819
0
LINE
8
BLACK
6
CONTINUOUS
10
-0.4210766929133858
20
0.9036074409448819
11
-0.4313879133858268
21
0.9036074409448819
0
LINE
8
BLACK
6
CONTINUOUS
10
-0.4313879133858268
20
0.9036074409448819
11
-0.4319639763779528
21
0.9036641732283465
0
LINE
8
BLACK
6
CONTINUOUS
10
-0.4319639763779528
20
0.9036641732283465
11
-0.432061968503937
21
0.9037047637795276
0
LINE
8
BLACK
6
CONTINUOUS
10
-0.432061968503937
20
0.9037047637795276
11
-0.4321678346456693
21
0.9037122834645669
0
LINE
8
BLACK
6
CONTINUOUS
10
-0.4321678346456693
20
0.9037122834645669
11
-0.4327084251968504
21
0.9039191732283465
0
LINE
8
BLACK
6
CONTINUOUS
10
-0.4327084251968504
20
0.9039191732283465
11
-0.4368329133858267
21
0.9059814173228347
0
LINE
8
BLACK
6
CONTINUOUS
10
-0.4368329133858267
20
0.9059814173228347
11
-0.437080748031496
21
0.9061374409448819
0
LINE
8
BLACK
6
CONTINUOUS
10
-0.437080748031496
20
0.9061374409448819
11
-0.437152874015748
21
0.9061672834645669
0
LINE
8
BLACK
6
CONTINUOUS
10
-0.437152874015748
20
0.9061672834645669
11
-0.4372340551181102
21
0.9062338976377953
0
LINE
8
BLACK
6
CONTINUOUS
10
-0.4372340551181102
20
0.9062338976377953
11
-0.4373227952755905
21
0.9062897637795275
0
LINE
8
BLACK
6
CONTINUOUS
10
-0.4373227952755905
20
0.9062897637795275
11
-0.437373937007874
21
0.9063487007874016
0
LINE
8
BLACK
6
CONTINUOUS
10
-0.437373937007874
20
0.9063487007874016
11
-0.4376003149606299
21
0.9065345275590551
0
LINE
8
BLACK
6
CONTINUOUS
10
-0.4376003149606299
20
0.9065345275590551
11
-0.4396625590551181
21
0.9085967716535432
0
LINE
8
BLACK
6
CONTINUOUS
10
-0.4396625590551181
20
0.9085967716535432
11
-0.4398484251968504
21
0.9088232677165354
0
LINE
8
BLACK
6
CONTINUOUS
10
-0.4398484251968504
20
0.9088232677165354
11
-0.4399073228346457
21
0.9088743307086614
0
LINE
8
BLACK
6
CONTINUOUS
10
-0.4399073228346457
20
0.9088743307086614
11
-0.4399632283464567
21
0.9089631496062992
0
LINE
8
BLACK
6
CONTINUOUS
10
-0.4399632283464567
20
0.9089631496062992
11
-0.4400297637795276
21
0.9090442125984252
0
LINE
8
BLACK
6
CONTINUOUS
10
-0.4400297637795276
20
0.9090442125984252
11
-0.4400596062992126
21
0.9091162598425196
0
LINE
8
BLACK
6
CONTINUOUS
10
-0.4400596062992126
20
0.9091162598425196
11
-0.4402156692913386
21
0.9093641732283464
0
LINE
8
BLACK
6
CONTINUOUS
10
-0.4402156692913386
20
0.9093641732283464
11
-0.4422779133858268
21
0.9134886614173228
0
LINE
8
BLACK
6
CONTINUOUS
10
-0.4422779133858268
20
0.9134886614173228
11
-0.4424848031496063
21
0.9140292913385827
0
LINE
8
BLACK
6
CONTINUOUS
10
-0.4424848031496063
20
0.9140292913385827
11
-0.4424923228346457
21
0.9141351181102362
0
LINE
8
BLACK
6
CONTINUOUS
10
-0.4424923228346457
20
0.9141351181102362
11
-0.4425329133858268
21
0.9142331102362204
0
LINE
8
BLACK
6
CONTINUOUS
10
-0.4425329133858268
20
0.9142331102362204
11
-0.4425896456692913
21
0.9148091732283464
0
LINE
8
BLACK
6
CONTINUOUS
10
-0.4425896456692913
20
0.9148091732283464
11
-0.4425896456692913
21
0.9251203937007874
0
LINE
8
BLACK
6
CONTINUOUS
10
-0.4425896456692913
20
0.9251203937007874
11
-0.4425329133858268
21
0.9256964566929133
0
LINE
8
BLACK
6
CONTINUOUS
10
-0.4425329133858268
20
0.9256964566929133
11
-0.4424923228346457
21
0.9257944881889764
0
LINE
8
BLACK
6
CONTINUOUS
10
-0.4424923228346457
20
0.9257944881889764
11
-0.4424848031496063
21
0.9259002755905512
0
LINE
8
BLACK
6
CONTINUOUS
10
-0.4424848031496063
20
0.9259002755905512
11
-0.4422779133858268
21
0.926440905511811
0
LINE
8
BLACK
6
CONTINUOUS
10
-0.4422779133858268
20
0.926440905511811
11
-0.4402156692913386
21
0.9305653937007874
0
LINE
8
BLACK
6
CONTINUOUS
10
-0.4402156692913386
20
0.9305653937007874
11
-0.4400596062992126
21
0.9308133464566929
0
LINE
8
BLACK
6
CONTINUOUS
10
-0.4400596062992126
20
0.9308133464566929
11
-0.4400297637795276
21
0.9308853543307086
0
LINE
8
BLACK
6
CONTINUOUS
10
-0.4400297637795276
20
0.9308853543307086
11
-0.4399632283464567
21
0.9309664960629921
0
LINE
8
BLACK
6
CONTINUOUS
10
-0.4399632283464567
20
0.9309664960629921
11
-0.4399073228346457
21
0.9310552362204724
0
LINE
8
BLACK
6
CONTINUOUS
10
-0.4399073228346457
20
0.9310552362204724
11
-0.4398485039370079
21
0.9311062992125984
0
LINE
8
BLACK
6
CONTINUOUS
10
-0.4398485039370079
20
0.9311062992125984
11
-0.4396625590551181
21
0.9313328346456693
0
LINE
8
BLACK
6
CONTINUOUS
10
-0.4396625590551181
20
0.9313328346456693
11
-0.4376003149606299
21
0.933395
0
LINE
8
BLACK
6
CONTINUOUS
10
-0.4376003149606299
20
0.933395
11
-0.4373739763779527
21
0.9335807874015748
0
LINE
8
BLACK
6
CONTINUOUS
10
-0.4373739763779527
20
0.9335807874015748
11
-0.4373227952755905
21
0.9336397637795275
0
LINE
8
BLACK
6
CONTINUOUS
10
-0.4373227952755905
20
0.9336397637795275
11
-0.4372338976377952
21
0.933695748031496
0
LINE
8
BLACK
6
CONTINUOUS
10
-0.4372338976377952
20
0.933695748031496
11
-0.4371528346456693
21
0.9337622440944882
0
LINE
8
BLACK
6
CONTINUOUS
10
-0.4371528346456693
20
0.9337622440944882
11
-0.4370808267716536
21
0.9337920866141732
0
LINE
8
BLACK
6
CONTINUOUS
10
-0.4370808267716536
20
0.9337920866141732
11
-0.4368329133858267
21
0.9339481102362205
0
LINE
8
BLACK
6
CONTINUOUS
10
-0.4368329133858267
20
0.9339481102362205
11
-0.4327084251968504
21
0.9360103543307087
0
LINE
8
BLACK
6
CONTINUOUS
10
-0.4327084251968504
20
0.9360103543307087
11
-0.4321678346456693
21
0.9362172440944881
0
LINE
8
BLACK
6
CONTINUOUS
10
-0.4321678346456693
20
0.9362172440944881
11
-0.432061968503937
21
0.9362248031496063
0
LINE
8
BLACK
6
CONTINUOUS
10
-0.432061968503937
20
0.9362248031496063
11
-0.4319639763779528
21
0.9362653543307087
0
LINE
8
BLACK
6
CONTINUOUS
10
-0.4319639763779528
20
0.9362653543307087
11
-0.4313879133858268
21
0.9363220866141732
0
LINE
8
BLACK
6
CONTINUOUS
10
-0.4313879133858268
20
0.9363220866141732
11
-0.4210766929133858
21
0.9363220866141732
0
LINE
8
BLACK
6
CONTINUOUS
10
-0.4210766929133858
20
0.9363220866141732
11
-0.4205006299212598
21
0.9362653543307087
0
LINE
8
BLACK
6
CONTINUOUS
10
-0.371006811023622
20
0.9362653543307087
11
-0.3699424015748031
21
0.9358244488188976
0
LINE
8
BLACK
6
CONTINUOUS
10
-0.3699424015748031
20
0.9358244488188976
11
-0.3691277559055118
21
0.9350098031496062
0
LINE
8
BLACK
6
CONTINUOUS
10
-0.3691277559055118
20
0.9350098031496062
11
-0.3687712598425197
21
0.9341492125984252
0
LINE
8
BLACK
6
CONTINUOUS
10
-0.3687712598425197
20
0.9341492125984252
11
-0.3686868503937008
21
0.9339453543307087
0
LINE
8
BLACK
6
CONTINUOUS
10
-0.3686868503937008
20
0.9339453543307087
11
-0.3686868503937008
21
0.9327932677165354
0
LINE
8
BLACK
6
CONTINUOUS
10
-0.3686868503937008
20
0.9327932677165354
11
-0.3691277559055118
21
0.9317288582677166
0
LINE
8
BLACK
6
CONTINUOUS
10
-0.3691277559055118
20
0.9317288582677166
11
-0.3694949606299213
21
0.9312814173228346
0
LINE
8
BLACK
6
CONTINUOUS
10
-0.3694949606299213
20
0.9312814173228346
11
-0.3937490551181102
21
0.9070274015748031
0
LINE
8
BLACK
6
CONTINUOUS
10
-0.3937490551181102
20
0.9070274015748031
11
-0.3954392913385827
21
0.9019565748031496
0
LINE
8
BLACK
6
CONTINUOUS
10
-0.3954392913385827
20
0.9019565748031496
11
-0.3954392913385827
21
0.8990082677165354
0
LINE
8
BLACK
6
CONTINUOUS
10
-0.3954392913385827
20
0.8990082677165354
11
-0.3939030708661417
21
0.8959358267716535
0
LINE
8
BLACK
6
CONTINUOUS
10
-0.3939030708661417
20
0.8959358267716535
11
-0.3925184645669291
21
0.894551220472441
0
LINE
8
BLACK
6
CONTINUOUS
10
-0.3925184645669291
20
0.894551220472441
11
-0.3894460236220472
21
0.893015
0
LINE
8
BLACK
6
CONTINUOUS
10
-0.3894460236220472
20
0.893015
11
-0.3805288976377953
21
0.893015
0
LINE
8
BLACK
6
CONTINUOUS
10
-0.3805288976377953
20
0.893015
11
-0.3774564566929134
21
0.894551220472441
0
LINE
8
BLACK
6
CONTINUOUS
10
-0.3774564566929134
20
0.894551220472441
11
-0.375733031496063
21
0.8962746456692913
0
LINE
8
BLACK
6
CONTINUOUS
10
-0.375733031496063
20
0.8962746456692913
11
-0.3752855905511811
21
0.8966418897637795
0
LINE
8
BLACK
6
CONTINUOUS
10
-0.3752855905511811
20
0.8966418897637795
11
-0.3742211417322834
21
0.8970827559055118
0
LINE
8
BLACK
6
CONTINUOUS
10
-0.3742211417322834
20
0.8970827559055118
11
-0.3730690551181102
21
0.8970827559055118
0
LINE
8
BLACK
6
CONTINUOUS
10
-0.3730690551181102
20
0.8970827559055118
11
-0.3720046456692913
21
0.8966418897637795
0
LINE
8
BLACK
6
CONTINUOUS
10
-0.3720046456692913
20
0.8966418897637795
11
-0.3711899606299213
21
0.8958272047244095
0
LINE
8
BLACK
6
CONTINUOUS
10
-0.3711899606299213
20
0.8958272047244095
11
-0.370749094488189
21
0.8947627952755906
0
LINE
8
BLACK
6
CONTINUOUS
10
-0.370749094488189
20
0.8947627952755906
11
-0.370749094488189
21
0.8936107086614173
0
LINE
8
BLACK
6
CONTINUOUS
10
-0.370749094488189
20
0.8936107086614173
11
-0.3711899606299213
21
0.8925462598425197
0
LINE
8
BLACK
6
CONTINUOUS
10
-0.3711899606299213
20
0.8925462598425197
11
-0.3715572047244095
21
0.8920988188976378
0
LINE
8
BLACK
6
CONTINUOUS
10
-0.3715572047244095
20
0.8920988188976378
11
-0.3736194488188976
21
0.8900365748031496
0
LINE
8
BLACK
6
CONTINUOUS
10
-0.3736194488188976
20
0.8900365748031496
11
-0.3738459448818898
21
0.889850748031496
0
LINE
8
BLACK
6
CONTINUOUS
10
-0.3738459448818898
20
0.889850748031496
11
-0.3738970078740158
21
0.889791811023622
0
LINE
8
BLACK
6
CONTINUOUS
10
-0.3738970078740158
20
0.889791811023622
11
-0.3739858267716535
21
0.8897359448818898
0
LINE
8
BLACK
6
CONTINUOUS
10
-0.3739858267716535
20
0.8897359448818898
11
-0.3740668897637795
21
0.8896693700787401
0
LINE
8
BLACK
6
CONTINUOUS
10
-0.3740668897637795
20
0.8896693700787401
11
-0.374138937007874
21
0.8896395669291338
0
LINE
8
BLACK
6
CONTINUOUS
10
-0.374138937007874
20
0.8896395669291338
11
-0.3743868503937008
21
0.8894834645669291
0
LINE
8
BLACK
6
CONTINUOUS
10
-0.3743868503937008
20
0.8894834645669291
11
-0.3785113385826772
21
0.8874212204724409
0
LINE
8
BLACK
6
CONTINUOUS
10
-0.3785113385826772
20
0.8874212204724409
11
-0.379051968503937
21
0.8872143307086614
0
LINE
8
BLACK
6
CONTINUOUS
10
-0.379051968503937
20
0.8872143307086614
11
-0.3791577952755906
21
0.8872068503937007
0
LINE
8
BLACK
6
CONTINUOUS
10
-0.3791577952755906
20
0.8872068503937007
11
-0.3792557874015748
21
0.8871662204724409
0
LINE
8
BLACK
6
CONTINUOUS
10
-0.3792557874015748
20
0.8871662204724409
11
-0.3798318503937008
21
0.8871094881889764
0
LINE
8
BLACK
6
CONTINUOUS
10
-0.3798318503937008
20
0.8871094881889764
11
-0.3901430708661418
21
0.8871094881889764
0
LINE
8
BLACK
6
CONTINUOUS
10
-0.3901430708661418
20
0.8871094881889764
11
-0.3907191338582677
21
0.8871662204724409
0
LINE
8
BLACK
6
CONTINUOUS
10
-0.3907191338582677
20
0.8871662204724409
11
-0.3908171259842519
21
0.887206811023622
0
LINE
8
BLACK
6
CONTINUOUS
10
-0.3908171259842519
20
0.887206811023622
11
-0.3909229921259842
21
0.8872143307086614
0
LINE
8
BLACK
6
CONTINUOUS
10
-0.3909229921259842
20
0.8872143307086614
11
-0.3914635826771654
21
0.8874212204724409
0
LINE
8
BLACK
6
CONTINUOUS
10
-0.3914635826771654
20
0.8874212204724409
11
-0.3955880708661417
21
0.8894834645669291
0
LINE
8
BLACK
6
CONTINUOUS
10
-0.3955880708661417
20
0.8894834645669291
11
-0.395835905511811
21
0.8896394881889763
0
LINE
8
BLACK
6
CONTINUOUS
10
-0.395835905511811
20
0.8896394881889763
11
-0.395908031496063
21
0.8896693307086614
0
LINE
8
BLACK
6
CONTINUOUS
10
-0.395908031496063
20
0.8896693307086614
11
-0.3959892125984252
21
0.8897359448818898
0
LINE
8
BLACK
6
CONTINUOUS
10
-0.3959892125984252
20
0.8897359448818898
11
-0.3960779527559055
21
0.889791811023622
0
LINE
8
BLACK
6
CONTINUOUS
10
-0.3960779527559055
20
0.889791811023622
11
-0.3961290944881889
21
0.889850748031496
0
LINE
8
BLACK
6
CONTINUOUS
10
-0.3961290944881889
20
0.889850748031496
11
-0.3963554724409449
21
0.8900365748031496
0
LINE
8
BLACK
6
CONTINUOUS
10
-0.3963554724409449
20
0.8900365748031496
11
-0.3984177165354331
21
0.8920988188976378
0
LINE
8
BLACK
6
CONTINUOUS
10
-0.3984177165354331
20
0.8920988188976378
11
-0.3986035826771653
21
0.8923253149606299
0
LINE
8
BLACK
6
CONTINUOUS
10
-0.3986035826771653
20
0.8923253149606299
11
-0.3986624803149606
21
0.8923763779527559
0
LINE
8
BLACK
6
CONTINUOUS
10
-0.3986624803149606
20
0.8923763779527559
11
-0.3987183858267717
21
0.8924651968503937
0
LINE
8
BLACK
6
CONTINUOUS
10
-0.3987183858267717
20
0.8924651968503937
11
-0.3987849212598425
21
0.8925462598425197
0
LINE
8
BLACK
6
CONTINUOUS
10
-0.3987849212598425
20
0.8925462598425197
11
-0.3988147637795276
21
0.8926183070866142
0
LINE
8
BLACK
6
CONTINUOUS
10
-0.3988147637795276
20
0.8926183070866142
11
-0.3989708267716535
21
0.8928662204724409
0
LINE
8
BLACK
6
CONTINUOUS
10
-0.3989708267716535
20
0.8928662204724409
11
-0.4010330708661417
21
0.8969907086614173
0
LINE
8
BLACK
6
CONTINUOUS
10
-0.4010330708661417
20
0.8969907086614173
11
-0.4012399606299212
21
0.8975313385826772
0
LINE
8
BLACK
6
CONTINUOUS
10
-0.4012399606299212
20
0.8975313385826772
11
-0.4012474803149606
21
0.8976371653543307
0
LINE
8
BLACK
6
CONTINUOUS
10
-0.4012474803149606
20
0.8976371653543307
11
-0.4012880708661417
21
0.897735157480315
0
LINE
8
BLACK
6
CONTINUOUS
10
-0.4012880708661417
20
0.897735157480315
11
-0.4013448031496063
21
0.8983112204724409
0
LINE
8
BLACK
6
CONTINUOUS
10
-0.4013448031496063
20
0.8983112204724409
11
-0.4013448031496063
21
0.9024357086614173
0
LINE
8
BLACK
6
CONTINUOUS
10
-0.4013448031496063
20
0.9024357086614173
11
-0.4013161023622047
21
0.9027272834645669
0
LINE
8
BLACK
6
CONTINUOUS
10
-0.4013161023622047
20
0.9027272834645669
11
-0.4013216141732283
21
0.902805
0
LINE
8
BLACK
6
CONTINUOUS
10
-0.4013216141732283
20
0.902805
11
-0.4012983858267716
21
0.9029072834645669
0
LINE
8
BLACK
6
CONTINUOUS
10
-0.4012983858267716
20
0.9029072834645669
11
-0.4012880708661417
21
0.9030117716535433
0
LINE
8
BLACK
6
CONTINUOUS
10
-0.4012880708661417
20
0.9030117716535433
11
-0.4012582283464567
21
0.9030838976377953
0
LINE
8
BLACK
6
CONTINUOUS
10
-0.4012582283464567
20
0.9030838976377953
11
-0.4011932677165354
21
0.9033694488188976
0
LINE
8
BLACK
6
CONTINUOUS
10
-0.4011932677165354
20
0.9033694488188976
11
-0.3991310236220472
21
0.9095561811023621
0
LINE
8
BLACK
6
CONTINUOUS
10
-0.3991310236220472
20
0.9095561811023621
11
-0.3988950393700788
21
0.9100847244094488
0
LINE
8
BLACK
6
CONTINUOUS
10
-0.3988950393700788
20
0.9100847244094488
11
-0.3988255511811024
21
0.9101648818897637
0
LINE
8
BLACK
6
CONTINUOUS
10
-0.3988255511811024
20
0.9101648818897637
11
-0.3987849212598425
21
0.9102629133858268
0
LINE
8
BLACK
6
CONTINUOUS
10
-0.3987849212598425
20
0.9102629133858268
11
-0.3984177165354331
21
0.9107103543307087
0
LINE
8
BLACK
6
CONTINUOUS
10
-0.3984177165354331
20
0.9107103543307087
11
-0.3787114566929134
21
0.9304165748031495
0
LINE
8
BLACK
6
CONTINUOUS
10
-0.3787114566929134
20
0.9304165748031495
11
-0.3983920472440945
21
0.9304165748031495
0
LINE
8
BLACK
6
CONTINUOUS
10
-0.3983920472440945
20
0.9304165748031495
11
-0.3989681102362205
21
0.9304733070866141
0
LINE
8
BLACK
6
CONTINUOUS
10
-0.3989681102362205
20
0.9304733070866141
11
-0.4000325196850393
21
0.9309142125984252
0
LINE
8
BLACK
6
CONTINUOUS
10
-0.4000325196850393
20
0.9309142125984252
11
-0.4008471653543307
21
0.9317288582677166
0
LINE
8
BLACK
6
CONTINUOUS
10
-0.4008471653543307
20
0.9317288582677166
11
-0.4012880708661417
21
0.9327932677165354
0
LINE
8
BLACK
6
CONTINUOUS
10
-0.4012880708661417
20
0.9327932677165354
11
-0.4012880708661417
21
0.9339453937007873
0
LINE
8
BLACK
6
CONTINUOUS
10
-0.4012880708661417
20
0.9339453937007873
11
-0.4008471653543307
21
0.9350098031496062
0
LINE
8
BLACK
6
CONTINUOUS
10
-0.4008471653543307
20
0.9350098031496062
11
-0.4000325196850393
21
0.9358244488188976
0
LINE
8
BLACK
6
CONTINUOUS
10
-0.4000325196850393
20
0.9358244488188976
11
-0.3989681102362205
21
0.9362653543307087
0
LINE
8
BLACK
6
CONTINUOUS
10
-0.3989681102362205
20
0.9362653543307087
11
-0.3983920472440945
21
0.9363220866141732
0
LINE
8
BLACK
6
CONTINUOUS
10
-0.3983920472440945
20
0.9363220866141732
11
-0.371582874015748
21
0.9363220866141732
0
LINE
8
BLACK
6
CONTINUOUS
10
-0.371582874015748
20
0.9363220866141732
11
-0.371006811023622
21
0.9362653543307087
0
LINE
8
BLACK
6
CONTINUOUS
10
-0.3421354330708661
20
0.9362653543307087
11
-0.3420374409448819
21
0.9362247637795276
0
LINE
8
BLACK
6
CONTINUOUS
10
-0.3420374409448819
20
0.9362247637795276
11
-0.3419316141732283
21
0.9362172440944881
0
LINE
8
BLACK
6
CONTINUOUS
10
-0.3419316141732283
20
0.9362172440944881
11
-0.3413909842519685
21
0.9360103543307087
0
LINE
8
BLACK
6
CONTINUOUS
10
-0.3413909842519685
20
0.9360103543307087
11
-0.3372664960629921
21
0.9339481102362205
0
LINE
8
BLACK
6
CONTINUOUS
10
-0.3372664960629921
20
0.9339481102362205
11
-0.3370186614173228
21
0.933792125984252
0
LINE
8
BLACK
6
CONTINUOUS
10
-0.3370186614173228
20
0.933792125984252
11
-0.3369465748031496
21
0.9337622440944882
0
LINE
8
BLACK
6
CONTINUOUS
10
-0.3369465748031496
20
0.9337622440944882
11
-0.3368653937007874
21
0.9336956299212599
0
LINE
8
BLACK
6
CONTINUOUS
10
-0.3368653937007874
20
0.9336956299212599
11
-0.3367766535433071
21
0.9336397637795275
0
LINE
8
BLACK
6
CONTINUOUS
10
-0.3367766535433071
20
0.9336397637795275
11
-0.3367256692913386
21
0.9335809448818897
0
LINE
8
BLACK
6
CONTINUOUS
10
-0.3367256692913386
20
0.9335809448818897
11
-0.336499094488189
21
0.9333950393700787
0
LINE
8
BLACK
6
CONTINUOUS
10
-0.336499094488189
20
0.9333950393700787
11
-0.3344368897637795
21
0.9313328346456693
0
LINE
8
BLACK
6
CONTINUOUS
10
-0.3344368897637795
20
0.9313328346456693
11
-0.3342511417322834
21
0.9311064960629921
0
LINE
8
BLACK
6
CONTINUOUS
10
-0.3342511417322834
20
0.9311064960629921
11
-0.3341920866141732
21
0.9310552755905511
0
LINE
8
BLACK
6
CONTINUOUS
10
-0.3341920866141732
20
0.9310552755905511
11
-0.3341361023622047
21
0.9309663385826772
0
LINE
8
BLACK
6
CONTINUOUS
10
-0.3341361023622047
20
0.9309663385826772
11
-0.3340696456692913
21
0.9308853543307086
0
LINE
8
BLACK
6
CONTINUOUS
10
-0.3340696456692913
20
0.9308853543307086
11
-0.334039842519685
21
0.9308134251968504
0
LINE
8
BLACK
6
CONTINUOUS
10
-0.334039842519685
20
0.9308134251968504
11
-0.3338837401574803
21
0.9305653937007874
0
LINE
8
BLACK
6
CONTINUOUS
10
-0.3338837401574803
20
0.9305653937007874
11
-0.3318214960629921
21
0.926440905511811
0
LINE
8
BLACK
6
CONTINUOUS
10
-0.3318214960629921
20
0.926440905511811
11
-0.3318053937007874
21
0.9263988188976378
0
LINE
8
BLACK
6
CONTINUOUS
10
-0.3318053937007874
20
0.9263988188976378
11
-0.3317926771653543
21
0.926381653543307
0
LINE
8
BLACK
6
CONTINUOUS
10
-0.3317926771653543
20
0.926381653543307
11
-0.3317063779527559
21
0.9261400787401575
0
LINE
8
BLACK
6
CONTINUOUS
10
-0.3317063779527559
20
0.9261400787401575
11
-0.3316146062992126
21
0.9259003149606299
0
LINE
8
BLACK
6
CONTINUOUS
10
-0.3316146062992126
20
0.9259003149606299
11
-0.3316131102362205
21
0.9258790551181102
0
LINE
8
BLACK
6
CONTINUOUS
10
-0.3316131102362205
20
0.9258790551181102
11
-0.3315979133858268
21
0.9258365354330709
0
LINE
8
BLACK
6
CONTINUOUS
10
-0.3315979133858268
20
0.9258365354330709
11
-0.3295356692913386
21
0.9175875984251969
0
LINE
8
BLACK
6
CONTINUOUS
10
-0.3295356692913386
20
0.9175875984251969
11
-0.329520905511811
21
0.9174876771653543
0
LINE
8
BLACK
6
CONTINUOUS
10
-0.329520905511811
20
0.9174876771653543
11
-0.3295042519685039
21
0.9174474803149606
0
LINE
8
BLACK
6
CONTINUOUS
10
-0.3295042519685039
20
0.9174474803149606
11
-0.3294829133858267
21
0.9172305118110236
0
LINE
8
BLACK
6
CONTINUOUS
10
-0.3294829133858267
20
0.9172305118110236
11
-0.3294510236220473
21
0.9170149606299213
0
LINE
8
BLACK
6
CONTINUOUS
10
-0.3294510236220473
20
0.9170149606299213
11
-0.3294574409448819
21
0.916971968503937
0
LINE
8
BLACK
6
CONTINUOUS
10
-0.3294574409448819
20
0.916971968503937
11
-0.3294475196850394
21
0.9168714173228346
0
LINE
8
BLACK
6
CONTINUOUS
10
-0.3294475196850394
20
0.9168714173228346
11
-0.3294475196850394
21
0.9065601968503937
0
LINE
8
BLACK
6
CONTINUOUS
10
-0.3294475196850394
20
0.9065601968503937
11
-0.3294574409448819
21
0.90645968503937
0
LINE
8
BLACK
6
CONTINUOUS
10
-0.3294574409448819
20
0.90645968503937
11
-0.3294510236220473
21
0.906416653543307
0
LINE
8
BLACK
6
CONTINUOUS
10
-0.3294510236220473
20
0.906416653543307
11
-0.3294829133858267
21
0.9062011417322835
0
LINE
8
BLACK
6
CONTINUOUS
10
-0.3294829133858267
20
0.9062011417322835
11
-0.3295042519685039
21
0.9059841338582677
0
LINE
8
BLACK
6
CONTINUOUS
10
-0.3295042519685039
20
0.9059841338582677
11
-0.329520905511811
21
0.9059439763779528
0
LINE
8
BLACK
6
CONTINUOUS
10
-0.329520905511811
20
0.9059439763779528
11
-0.3295356692913386
21
0.9058440157480315
0
LINE
8
BLACK
6
CONTINUOUS
10
-0.3295356692913386
20
0.9058440157480315
11
-0.3315979133858268
21
0.8975950787401574
0
LINE
8
BLACK
6
CONTINUOUS
10
-0.3315979133858268
20
0.8975950787401574
11
-0.3316131102362205
21
0.8975525984251969
0
LINE
8
BLACK
6
CONTINUOUS
10
-0.3316131102362205
20
0.8975525984251969
11
-0.3316146062992126
21
0.8975312992125984
0
LINE
8
BLACK
6
CONTINUOUS
10
-0.3316146062992126
20
0.8975312992125984
11
-0.3317063779527559
21
0.8972915748031496
0
LINE
8
BLACK
6
CONTINUOUS
10
-0.3317063779527559
20
0.8972915748031496
11
-0.3317926771653543
21
0.8970499606299213
0
LINE
8
BLACK
6
CONTINUOUS
10
-0.3317926771653543
20
0.8970499606299213
11
-0.3318053937007874
21
0.8970328346456693
0
LINE
8
BLACK
6
CONTINUOUS
10
-0.3318053937007874
20
0.8970328346456693
11
-0.3318214960629921
21
0.8969907086614173
0
LINE
8
BLACK
6
CONTINUOUS
10
-0.3318214960629921
20
0.8969907086614173
11
-0.3338837401574803
21
0.8928662204724409
0
LINE
8
BLACK
6
CONTINUOUS
10
-0.3338837401574803
20
0.8928662204724409
11
-0.3340397637795275
21
0.8926184251968504
0
LINE
8
BLACK
6
CONTINUOUS
10
-0.3340397637795275
20
0.8926184251968504
11
-0.3340696062992126
21
0.8925462598425197
0
LINE
8
BLACK
6
CONTINUOUS
10
-0.3340696062992126
20
0.8925462598425197
11
-0.334136220472441
21
0.8924651181102362
0
LINE
8
BLACK
6
CONTINUOUS
10
-0.334136220472441
20
0.8924651181102362
11
-0.3341920866141732
21
0.8923763385826772
0
LINE
8
BLACK
6
CONTINUOUS
10
-0.3341920866141732
20
0.8923763385826772
11
-0.3342510236220472
21
0.8923252362204724
0
LINE
8
BLACK
6
CONTINUOUS
10
-0.3342510236220472
20
0.8923252362204724
11
-0.3344368503937008
21
0.8920988188976378
0
LINE
8
BLACK
6
CONTINUOUS
10
-0.3344368503937008
20
0.8920988188976378
11
-0.336499094488189
21
0.8900365748031496
0
LINE
8
BLACK
6
CONTINUOUS
10
-0.336499094488189
20
0.8900365748031496
11
-0.3367255905511811
21
0.889850748031496
0
LINE
8
BLACK
6
CONTINUOUS
10
-0.3367255905511811
20
0.889850748031496
11
-0.3367766535433071
21
0.889791811023622
0
LINE
8
BLACK
6
CONTINUOUS
10
-0.3367766535433071
20
0.889791811023622
11
-0.3368654724409449
21
0.8897359448818898
0
LINE
8
BLACK
6
CONTINUOUS
10
-0.3368654724409449
20
0.8897359448818898
11
-0.3369465354330708
21
0.8896693700787401
0
LINE
8
BLACK
6
CONTINUOUS
10
-0.3369465354330708
20
0.8896693700787401
11
-0.3370185826771653
21
0.8896395669291338
0
LINE
8
BLACK
6
CONTINUOUS
10
-0.3370185826771653
20
0.8896395669291338
11
-0.3372664960629921
21
0.8894834645669291
0
LINE
8
BLACK
6
CONTINUOUS
10
-0.3372664960629921
20
0.8894834645669291
11
-0.3413909842519685
21
0.8874212204724409
0
LINE
8
BLACK
6
CONTINUOUS
10
-0.3413909842519685
20
0.8874212204724409
11
-0.3419316141732283
21
0.8872143307086614
0
LINE
8
BLACK
6
CONTINUOUS
10
-0.3419316141732283
20
0.8872143307086614
11
-0.3420374409448819
21
0.8872068503937007
0
LINE
8
BLACK
6
CONTINUOUS
10
-0.3420374409448819
20
0.8872068503937007
11
-0.3421354330708661
21
0.8871662204724409
0
LINE
8
BLACK
6
CONTINUOUS
10
-0.3421354330708661
20
0.8871662204724409
11
-0.3427114960629921
21
0.8871094881889764
0
LINE
8
BLACK
6
CONTINUOUS
10
-0.3427114960629921
20
0.8871094881889764
11
-0.3468359842519685
21
0.8871094881889764
0
LINE
8
BLACK
6
CONTINUOUS
10
-0.3468359842519685
20
0.8871094881889764
11
-0.3474120472440945
21
0.8871662204724409
0
LINE
8
BLACK
6
CONTINUOUS
10
-0.3474120472440945
20
0.8871662204724409
11
-0.3475100393700787
21
0.887206811023622
0
LINE
8
BLACK
6
CONTINUOUS
10
-0.3475100393700787
20
0.887206811023622
11
-0.347615905511811
21
0.8872143307086614
0
LINE
8
BLACK
6
CONTINUOUS
10
-0.347615905511811
20
0.8872143307086614
11
-0.3481564960629921
21
0.8874212204724409
0
LINE
8
BLACK
6
CONTINUOUS
10
-0.3481564960629921
20
0.8874212204724409
11
-0.3522809842519685
21
0.8894834645669291
0
LINE
8
BLACK
6
CONTINUOUS
10
-0.3522809842519685
20
0.8894834645669291
11
-0.3525288188976378
21
0.8896394881889763
0
LINE
8
BLACK
6
CONTINUOUS
10
-0.3525288188976378
20
0.8896394881889763
11
-0.3526009448818898
21
0.8896693307086614
0
LINE
8
BLACK
6
CONTINUOUS
10
-0.3526009448818898
20
0.8896693307086614
11
-0.352682125984252
21
0.8897359448818898
0
LINE
8
BLACK
6
CONTINUOUS
10
-0.352682125984252
20
0.8897359448818898
11
-0.3527708661417323
21
0.889791811023622
0
LINE
8
BLACK
6
CONTINUOUS
10
-0.3527708661417323
20
0.889791811023622
11
-0.3528220078740157
21
0.889850748031496
0
LINE
8
BLACK
6
CONTINUOUS
10
-0.3528220078740157
20
0.889850748031496
11
-0.3530483858267717
21
0.8900365748031496
0
LINE
8
BLACK
6
CONTINUOUS
10
-0.3530483858267717
20
0.8900365748031496
11
-0.3551106299212599
21
0.8920988188976378
0
LINE
8
BLACK
6
CONTINUOUS
10
-0.3551106299212599
20
0.8920988188976378
11
-0.3552964960629921
21
0.8923253149606299
0
LINE
8
BLACK
6
CONTINUOUS
10
-0.3552964960629921
20
0.8923253149606299
11
-0.3553553937007874
21
0.8923763779527559
0
LINE
8
BLACK
6
CONTINUOUS
10
-0.3553553937007874
20
0.8923763779527559
11
-0.3554112992125984
21
0.8924651968503937
0
LINE
8
BLACK
6
CONTINUOUS
10
-0.3554112992125984
20
0.8924651968503937
11
-0.3554778346456693
21
0.8925462598425197
0
LINE
8
BLACK
6
CONTINUOUS
10
-0.3554778346456693
20
0.8925462598425197
11
-0.3555076771653543
21
0.8926183070866142
0
LINE
8
BLACK
6
CONTINUOUS
10
-0.3555076771653543
20
0.8926183070866142
11
-0.3556637401574803
21
0.8928662204724409
0
LINE
8
BLACK
6
CONTINUOUS
10
-0.3556637401574803
20
0.8928662204724409
11
-0.3577259842519685
21
0.8969907086614173
0
LINE
8
BLACK
6
CONTINUOUS
10
-0.3577259842519685
20
0.8969907086614173
11
-0.3577421653543307
21
0.8970329133858268
0
LINE
8
BLACK
6
CONTINUOUS
10
-0.3577421653543307
20
0.8970329133858268
11
-0.3577548031496063
21
0.89705
0
LINE
8
BLACK
6
CONTINUOUS
10
-0.3577548031496063
20
0.89705
11
-0.3578411417322834
21
0.8972916141732283
0
LINE
8
BLACK
6
CONTINUOUS
10
-0.3578411417322834
20
0.8972916141732283
11
-0.357932874015748
21
0.8975313385826772
0
LINE
8
BLACK
6
CONTINUOUS
10
-0.357932874015748
20
0.8975313385826772
11
-0.3579344094488189
21
0.8975525984251969
0
LINE
8
BLACK
6
CONTINUOUS
10
-0.3579344094488189
20
0.8975525984251969
11
-0.3579495669291339
21
0.8975950787401574
0
LINE
8
BLACK
6
CONTINUOUS
10
-0.3579495669291339
20
0.8975950787401574
11
-0.3600118110236221
21
0.9058440551181102
0
LINE
8
BLACK
6
CONTINUOUS
10
-0.3600118110236221
20
0.9058440551181102
11
-0.3600266141732283
21
0.905943937007874
0
LINE
8
BLACK
6
CONTINUOUS
10
-0.3600266141732283
20
0.905943937007874
11
-0.3600432283464567
21
0.9059841338582677
0
LINE
8
BLACK
6
CONTINUOUS
10
-0.3600432283464567
20
0.9059841338582677
11
-0.3600646062992126
21
0.9062011811023621
0
LINE
8
BLACK
6
CONTINUOUS
10
-0.3600646062992126
20
0.9062011811023621
11
-0.3600964566929134
21
0.906416653543307
0
LINE
8
BLACK
6
CONTINUOUS
10
-0.3600964566929134
20
0.906416653543307
11
-0.3600900787401575
21
0.90645968503937
0
LINE
8
BLACK
6
CONTINUOUS
10
-0.3600900787401575
20
0.90645968503937
11
-0.3600999606299213
21
0.9065601968503937
0
LINE
8
BLACK
6
CONTINUOUS
10
-0.3600999606299213
20
0.9065601968503937
11
-0.3600999606299213
21
0.9168714173228346
0
LINE
8
BLACK
6
CONTINUOUS
10
-0.3600999606299213
20
0.9168714173228346
11
-0.3600900787401575
21
0.916971968503937
0
LINE
8
BLACK
6
CONTINUOUS
10
-0.3600900787401575
20
0.916971968503937
11
-0.3600964566929134
21
0.9170149606299213
0
LINE
8
BLACK
6
CONTINUOUS
10
-0.3600964566929134
20
0.9170149606299213
11
-0.3600646062992126
21
0.9172304724409449
0
LINE
8
BLACK
6
CONTINUOUS
10
-0.3600646062992126
20
0.9172304724409449
11
-0.3600432283464567
21
0.9174474803149606
0
LINE
8
BLACK
6
CONTINUOUS
10
-0.3600432283464567
20
0.9174474803149606
11
-0.3600266141732283
21
0.917487716535433
0
LINE
8
BLACK
6
CONTINUOUS
10
-0.3600266141732283
20
0.917487716535433
11
-0.3600118110236221
21
0.9175875590551181
0
LINE
8
BLACK
6
CONTINUOUS
10
-0.3600118110236221
20
0.9175875590551181
11
-0.3579495669291339
21
0.9258365354330709
0
LINE
8
BLACK
6
CONTINUOUS
10
-0.3579495669291339
20
0.9258365354330709
11
-0.3579344094488189
21
0.9258790551181102
0
LINE
8
BLACK
6
CONTINUOUS
10
-0.3579344094488189
20
0.9258790551181102
11
-0.357932874015748
21
0.9259002755905512
0
LINE
8
BLACK
6
CONTINUOUS
10
-0.357932874015748
20
0.9259002755905512
11
-0.3578411417322834
21
0.9261400393700787
0
LINE
8
BLACK
6
CONTINUOUS
10
-0.3578411417322834
20
0.9261400393700787
11
-0.3577548031496063
21
0.9263816141732283
0
LINE
8
BLACK
6
CONTINUOUS
10
-0.3577548031496063
20
0.9263816141732283
11
-0.3577421653543307
21
0.9263987401574802
0
LINE
8
BLACK
6
CONTINUOUS
10
-0.3577421653543307
20
0.9263987401574802
11
-0.3577259842519685
21
0.926440905511811
0
LINE
8
BLACK
6
CONTINUOUS
10
-0.3577259842519685
20
0.926440905511811
11
-0.3556637401574803
21
0.9305653937007874
0
LINE
8
BLACK
6
CONTINUOUS
10
-0.3556637401574803
20
0.9305653937007874
11
-0.3555076771653543
21
0.9308133464566929
0
LINE
8
BLACK
6
CONTINUOUS
10
-0.3555076771653543
20
0.9308133464566929
11
-0.3554778346456693
21
0.9308853543307086
0
LINE
8
BLACK
6
CONTINUOUS
10
-0.3554778346456693
20
0.9308853543307086
11
-0.3554112992125984
21
0.9309664960629921
0
LINE
8
BLACK
6
CONTINUOUS
10
-0.3554112992125984
20
0.9309664960629921
11
-0.3553553937007874
21
0.9310552362204724
0
LINE
8
BLACK
6
CONTINUOUS
10
-0.3553553937007874
20
0.9310552362204724
11
-0.3552965748031496
21
0.9311062992125984
0
LINE
8
BLACK
6
CONTINUOUS
10
-0.3552965748031496
20
0.9311062992125984
11
-0.3551106299212599
21
0.9313328346456693
0
LINE
8
BLACK
6
CONTINUOUS
10
-0.3551106299212599
20
0.9313328346456693
11
-0.3530483858267717
21
0.933395
0
LINE
8
BLACK
6
CONTINUOUS
10
-0.3530483858267717
20
0.933395
11
-0.3528220472440945
21
0.9335807874015748
0
LINE
8
BLACK
6
CONTINUOUS
10
-0.3528220472440945
20
0.9335807874015748
11
-0.3527708661417323
21
0.9336397637795275
0
LINE
8
BLACK
6
CONTINUOUS
10
-0.3527708661417323
20
0.9336397637795275
11
-0.352681968503937
21
0.933695748031496
0
LINE
8
BLACK
6
CONTINUOUS
10
-0.352681968503937
20
0.933695748031496
11
-0.352600905511811
21
0.9337622440944882
0
LINE
8
BLACK
6
CONTINUOUS
10
-0.352600905511811
20
0.9337622440944882
11
-0.3525288976377953
21
0.9337920866141732
0
LINE
8
BLACK
6
CONTINUOUS
10
-0.3525288976377953
20
0.9337920866141732
11
-0.3522809842519685
21
0.9339481102362205
0
LINE
8
BLACK
6
CONTINUOUS
10
-0.3522809842519685
20
0.9339481102362205
11
-0.3481564960629921
21
0.9360103543307087
0
LINE
8
BLACK
6
CONTINUOUS
10
-0.3481564960629921
20
0.9360103543307087
11
-0.347615905511811
21
0.9362172440944881
0
LINE
8
BLACK
6
CONTINUOUS
10
-0.347615905511811
20
0.9362172440944881
11
-0.3475100393700787
21
0.9362248031496063
0
LINE
8
BLACK
6
CONTINUOUS
10
-0.3475100393700787
20
0.9362248031496063
11
-0.3474120472440945
21
0.9362653543307087
0
LINE
8
BLACK
6
CONTINUOUS
10
-0.3474120472440945
20
0.9362653543307087
11
-0.3468359842519685
21
0.9363220866141732
0
LINE
8
BLACK
6
CONTINUOUS
10
-0.3468359842519685
20
0.9363220866141732
11
-0.3427114960629921
21
0.9363220866141732
0
LINE
8
BLACK
6
CONTINUOUS
10
-0.3427114960629921
20
0.9363220866141732
11
-0.3421354330708661
21
0.9362653543307087
0
LINE
8
BLACK
6
CONTINUOUS
10
-0.3492113779527559
20
0.9288803543307086
11
-0.3505960236220472
21
0.9274957086614173
0
LINE
8
BLACK
6
CONTINUOUS
10
-0.3505960236220472
20
0.9274957086614173
11
-0.3522989763779528
21
0.9240898818897637
0
LINE
8
BLACK
6
CONTINUOUS
10
-0.3522989763779528
20
0.9240898818897637
11
-0.3541944488188976
21
0.916507874015748
0
LINE
8
BLACK
6
CONTINUOUS
10
-0.3541944488188976
20
0.916507874015748
11
-0.3541944488188976
21
0.906923779527559
0
LINE
8
BLACK
6
CONTINUOUS
10
-0.3541944488188976
20
0.906923779527559
11
-0.3522989763779528
21
0.8993417716535432
0
LINE
8
BLACK
6
CONTINUOUS
10
-0.3522989763779528
20
0.8993417716535432
11
-0.3505959842519685
21
0.8959358267716535
0
LINE
8
BLACK
6
CONTINUOUS
10
-0.3505959842519685
20
0.8959358267716535
11
-0.3492113779527559
21
0.894551220472441
0
LINE
8
BLACK
6
CONTINUOUS
10
-0.3492113779527559
20
0.894551220472441
11
-0.346138937007874
21
0.893015
0
LINE
8
BLACK
6
CONTINUOUS
10
-0.346138937007874
20
0.893015
11
-0.3434085433070866
21
0.893015
0
LINE
8
BLACK
6
CONTINUOUS
10
-0.3434085433070866
20
0.893015
11
-0.3403361023622047
21
0.894551220472441
0
LINE
8
BLACK
6
CONTINUOUS
10
-0.3403361023622047
20
0.894551220472441
11
-0.3389514960629921
21
0.8959358267716535
0
LINE
8
BLACK
6
CONTINUOUS
10
-0.3389514960629921
20
0.8959358267716535
11
-0.3372485433070866
21
0.8993417716535432
0
LINE
8
BLACK
6
CONTINUOUS
10
-0.3372485433070866
20
0.8993417716535432
11
-0.335353031496063
21
0.9069237401574803
0
LINE
8
BLACK
6
CONTINUOUS
10
-0.335353031496063
20
0.9069237401574803
11
-0.335353031496063
21
0.916507874015748
0
LINE
8
BLACK
6
CONTINUOUS
10
-0.335353031496063
20
0.916507874015748
11
-0.3372485433070866
21
0.9240898425196851
0
LINE
8
BLACK
6
CONTINUOUS
10
-0.3372485433070866
20
0.9240898425196851
11
-0.3389514960629921
21
0.9274957874015748
0
LINE
8
BLACK
6
CONTINUOUS
10
-0.3389514960629921
20
0.9274957874015748
11
-0.3403361811023622
21
0.9288803937007873
0
LINE
8
BLACK
6
CONTINUOUS
10
-0.3403361811023622
20
0.9288803937007873
11
-0.3434085433070866
21
0.9304165748031495
0
LINE
8
BLACK
6
CONTINUOUS
10
-0.3434085433070866
20
0.9304165748031495
11
-0.346138937007874
21
0.9304165748031495
0
LINE
8
BLACK
6
CONTINUOUS
10
-0.346138937007874
20
0.9304165748031495
11
-0.3492113779527559
21
0.9288803543307086
0
LINE
8
BLACK
6
CONTINUOUS
10
-0.2885171259842519
20
0.9362653543307087
11
-0.2874527165354331
21
0.9358244488188976
0
LINE
8
BLACK
6
CONTINUOUS
10
-0.2874527165354331
20
0.9358244488188976
11
-0.2866380708661417
21
0.9350098031496062
0
LINE
8
BLACK
6
CONTINUOUS
10
-0.2866380708661417
20
0.9350098031496062
11
-0.2862815748031496
21
0.9341492125984252
0
LINE
8
BLACK
6
CONTINUOUS
10
-0.2862815748031496
20
0.9341492125984252
11
-0.2861971653543307
21
0.9339453543307087
0
LINE
8
BLACK
6
CONTINUOUS
10
-0.2861971653543307
20
0.9339453543307087
11
-0.2861971653543307
21
0.9327932677165354
0
LINE
8
BLACK
6
CONTINUOUS
10
-0.2861971653543307
20
0.9327932677165354
11
-0.2866380708661417
21
0.9317288582677166
0
LINE
8
BLACK
6
CONTINUOUS
10
-0.2866380708661417
20
0.9317288582677166
11
-0.2870052755905512
21
0.9312814173228346
0
LINE
8
BLACK
6
CONTINUOUS
10
-0.2870052755905512
20
0.9312814173228346
11
-0.3112593700787402
21
0.9070274015748031
0
LINE
8
BLACK
6
CONTINUOUS
10
-0.3112593700787402
20
0.9070274015748031
11
-0.3129496062992126
21
0.9019565748031496
0
LINE
8
BLACK
6
CONTINUOUS
10
-0.3129496062992126
20
0.9019565748031496
11
-0.3129496062992126
21
0.8990082677165354
0
LINE
8
BLACK
6
CONTINUOUS
10
-0.3129496062992126
20
0.8990082677165354
11
-0.3114133858267716
21
0.8959358267716535
0
LINE
8
BLACK
6
CONTINUOUS
10
-0.3114133858267716
20
0.8959358267716535
11
-0.310028779527559
21
0.894551220472441
0
LINE
8
BLACK
6
CONTINUOUS
10
-0.310028779527559
20
0.894551220472441
11
-0.3069563385826772
21
0.893015
0
LINE
8
BLACK
6
CONTINUOUS
10
-0.3069563385826772
20
0.893015
11
-0.2980392125984252
21
0.893015
0
LINE
8
BLACK
6
CONTINUOUS
10
-0.2980392125984252
20
0.893015
11
-0.2949667716535433
21
0.894551220472441
0
LINE
8
BLACK
6
CONTINUOUS
10
-0.2949667716535433
20
0.894551220472441
11
-0.2932433464566929
21
0.8962746456692913
0
LINE
8
BLACK
6
CONTINUOUS
10
-0.2932433464566929
20
0.8962746456692913
11
-0.292795905511811
21
0.8966418897637795
0
LINE
8
BLACK
6
CONTINUOUS
10
-0.292795905511811
20
0.8966418897637795
11
-0.2917314566929134
21
0.8970827559055118
0
LINE
8
BLACK
6
CONTINUOUS
10
-0.2917314566929134
20
0.8970827559055118
11
-0.2905793700787401
21
0.8970827559055118
0
LINE
8
BLACK
6
CONTINUOUS
10
-0.2905793700787401
20
0.8970827559055118
11
-0.2895149606299213
21
0.8966418897637795
0
LINE
8
BLACK
6
CONTINUOUS
10
-0.2895149606299213
20
0.8966418897637795
11
-0.2887002755905512
21
0.8958272047244095
0
LINE
8
BLACK
6
CONTINUOUS
10
-0.2887002755905512
20
0.8958272047244095
11
-0.2882594094488189
21
0.8947627952755906
0
LINE
8
BLACK
6
CONTINUOUS
10
-0.2882594094488189
20
0.8947627952755906
11
-0.2882594094488189
21
0.8936107086614173
0
LINE
8
BLACK
6
CONTINUOUS
10
-0.2882594094488189
20
0.8936107086614173
11
-0.2887002755905512
21
0.8925462598425197
0
LINE
8
BLACK
6
CONTINUOUS
10
-0.2887002755905512
20
0.8925462598425197
11
-0.2890675196850394
21
0.8920988188976378
0
LINE
8
BLACK
6
CONTINUOUS
10
-0.2890675196850394
20
0.8920988188976378
11
-0.2911297637795275
21
0.8900365748031496
0
LINE
8
BLACK
6
CONTINUOUS
10
-0.2911297637795275
20
0.8900365748031496
11
-0.2913562598425197
21
0.889850748031496
0
LINE
8
BLACK
6
CONTINUOUS
10
-0.2913562598425197
20
0.889850748031496
11
-0.2914073228346457
21
0.889791811023622
0
LINE
8
BLACK
6
CONTINUOUS
10
-0.2914073228346457
20
0.889791811023622
11
-0.2914961417322834
21
0.8897359448818898
0
LINE
8
BLACK
6
CONTINUOUS
10
-0.2914961417322834
20
0.8897359448818898
11
-0.2915772047244095
21
0.8896693700787401
0
LINE
8
BLACK
6
CONTINUOUS
10
-0.2915772047244095
20
0.8896693700787401
11
-0.2916492519685039
21
0.8896395669291338
0
LINE
8
BLACK
6
CONTINUOUS
10
-0.2916492519685039
20
0.8896395669291338
11
-0.2918971653543307
21
0.8894834645669291
0
LINE
8
BLACK
6
CONTINUOUS
10
-0.2918971653543307
20
0.8894834645669291
11
-0.2960216535433071
21
0.8874212204724409
0
LINE
8
BLACK
6
CONTINUOUS
10
-0.2960216535433071
20
0.8874212204724409
11
-0.2965622834645669
21
0.8872143307086614
0
LINE
8
BLACK
6
CONTINUOUS
10
-0.2965622834645669
20
0.8872143307086614
11
-0.2966681102362205
21
0.8872068503937007
0
LINE
8
BLACK
6
CONTINUOUS
10
-0.2966681102362205
20
0.8872068503937007
11
-0.2967661023622047
21
0.8871662204724409
0
LINE
8
BLACK
6
CONTINUOUS
10
-0.2967661023622047
20
0.8871662204724409
11
-0.2973421653543307
21
0.8871094881889764
0
LINE
8
BLACK
6
CONTINUOUS
10
-0.2973421653543307
20
0.8871094881889764
11
-0.3076533858267717
21
0.8871094881889764
0
LINE
8
BLACK
6
CONTINUOUS
10
-0.3076533858267717
20
0.8871094881889764
11
-0.3082294488188976
21
0.8871662204724409
0
LINE
8
BLACK
6
CONTINUOUS
10
-0.3082294488188976
20
0.8871662204724409
11
-0.3083274409448819
21
0.887206811023622
0
LINE
8
BLACK
6
CONTINUOUS
10
-0.3083274409448819
20
0.887206811023622
11
-0.3084333070866142
21
0.8872143307086614
0
LINE
8
BLACK
6
CONTINUOUS
10
-0.3084333070866142
20
0.8872143307086614
11
-0.3089738976377953
21
0.8874212204724409
0
LINE
8
BLACK
6
CONTINUOUS
10
-0.3089738976377953
20
0.8874212204724409
11
-0.3130983858267716
21
0.8894834645669291
0
LINE
8
BLACK
6
CONTINUOUS
10
-0.3130983858267716
20
0.8894834645669291
11
-0.3133462204724409
21
0.8896394881889763
0
LINE
8
BLACK
6
CONTINUOUS
10
-0.3133462204724409
20
0.8896394881889763
11
-0.3134183464566929
21
0.8896693307086614
0
LINE
8
BLACK
6
CONTINUOUS
10
-0.3134183464566929
20
0.8896693307086614
11
-0.3134995275590551
21
0.8897359448818898
0
LINE
8
BLACK
6
CONTINUOUS
10
-0.3134995275590551
20
0.8897359448818898
11
-0.3135882677165354
21
0.889791811023622
0
LINE
8
BLACK
6
CONTINUOUS
10
-0.3135882677165354
20
0.889791811023622
11
-0.3136394094488189
21
0.889850748031496
0
LINE
8
BLACK
6
CONTINUOUS
10
-0.3136394094488189
20
0.889850748031496
11
-0.3138657874015748
21
0.8900365748031496
0
LINE
8
BLACK
6
CONTINUOUS
10
-0.3138657874015748
20
0.8900365748031496
11
-0.315928031496063
21
0.8920988188976378
0
LINE
8
BLACK
6
CONTINUOUS
10
-0.315928031496063
20
0.8920988188976378
11
-0.3161138976377953
21
0.8923253149606299
0
LINE
8
BLACK
6
CONTINUOUS
10
-0.3161138976377953
20
0.8923253149606299
11
-0.3161727952755906
21
0.8923763779527559
0
LINE
8
BLACK
6
CONTINUOUS
10
-0.3161727952755906
20
0.8923763779527559
11
-0.3162287007874016
21
0.8924651968503937
0
LINE
8
BLACK
6
CONTINUOUS
10
-0.3162287007874016
20
0.8924651968503937
11
-0.3162952362204725
21
0.8925462598425197
0
LINE
8
BLACK
6
CONTINUOUS
10
-0.3162952362204725
20
0.8925462598425197
11
-0.3163250787401575
21
0.8926183070866142
0
LINE
8
BLACK
6
CONTINUOUS
10
-0.3163250787401575
20
0.8926183070866142
11
-0.3164811417322835
21
0.8928662204724409
0
LINE
8
BLACK
6
CONTINUOUS
10
-0.3164811417322835
20
0.8928662204724409
11
-0.3185433858267717
21
0.8969907086614173
0
LINE
8
BLACK
6
CONTINUOUS
10
-0.3185433858267717
20
0.8969907086614173
11
-0.3187502755905512
21
0.8975313385826772
0
LINE
8
BLACK
6
CONTINUOUS
10
-0.3187502755905512
20
0.8975313385826772
11
-0.3187577952755906
21
0.8976371653543307
0
LINE
8
BLACK
6
CONTINUOUS
10
-0.3187577952755906
20
0.8976371653543307
11
-0.3187983858267717
21
0.897735157480315
0
LINE
8
BLACK
6
CONTINUOUS
10
-0.3187983858267717
20
0.897735157480315
11
-0.3188551181102362
21
0.8983112204724409
0
LINE
8
BLACK
6
CONTINUOUS
10
-0.3188551181102362
20
0.8983112204724409
11
-0.3188551181102362
21
0.9024357086614173
0
LINE
8
BLACK
6
CONTINUOUS
10
-0.3188551181102362
20
0.9024357086614173
11
-0.3188264173228346
21
0.9027272834645669
0
LINE
8
BLACK
6
CONTINUOUS
10
-0.3188264173228346
20
0.9027272834645669
11
-0.3188319291338583
21
0.902805
0
LINE
8
BLACK
6
CONTINUOUS
10
-0.3188319291338583
20
0.902805
11
-0.3188087007874016
21
0.9029072834645669
0
LINE
8
BLACK
6
CONTINUOUS
10
-0.3188087007874016
20
0.9029072834645669
11
-0.3187983858267717
21
0.9030117716535433
0
LINE
8
BLACK
6
CONTINUOUS
10
-0.3187983858267717
20
0.9030117716535433
11
-0.3187685433070866
21
0.9030838976377953
0
LINE
8
BLACK
6
CONTINUOUS
10
-0.3187685433070866
20
0.9030838976377953
11
-0.3187035826771654
21
0.9033694488188976
0
LINE
8
BLACK
6
CONTINUOUS
10
-0.3187035826771654
20
0.9033694488188976
11
-0.3166413385826772
21
0.9095561811023621
0
LINE
8
BLACK
6
CONTINUOUS
10
-0.3166413385826772
20
0.9095561811023621
11
-0.3164053543307087
21
0.9100847244094488
0
LINE
8
BLACK
6
CONTINUOUS
10
-0.3164053543307087
20
0.9100847244094488
11
-0.3163358661417323
21
0.9101648818897637
0
LINE
8
BLACK
6
CONTINUOUS
10
-0.3163358661417323
20
0.9101648818897637
11
-0.3162952362204725
21
0.9102629133858268
0
LINE
8
BLACK
6
CONTINUOUS
10
-0.3162952362204725
20
0.9102629133858268
11
-0.315928031496063
21
0.9107103543307087
0
LINE
8
BLACK
6
CONTINUOUS
10
-0.315928031496063
20
0.9107103543307087
11
-0.2962217716535433
21
0.9304165748031495
0
LINE
8
BLACK
6
CONTINUOUS
10
-0.2962217716535433
20
0.9304165748031495
11
-0.3159023622047244
21
0.9304165748031495
0
LINE
8
BLACK
6
CONTINUOUS
10
-0.3159023622047244
20
0.9304165748031495
11
-0.3164784251968504
21
0.9304733070866141
0
LINE
8
BLACK
6
CONTINUOUS
10
-0.3164784251968504
20
0.9304733070866141
11
-0.3175428346456693
21
0.9309142125984252
0
LINE
8
BLACK
6
CONTINUOUS
10
-0.3175428346456693
20
0.9309142125984252
11
-0.3183574803149606
21
0.9317288582677166
0
LINE
8
BLACK
6
CONTINUOUS
10
-0.3183574803149606
20
0.9317288582677166
11
-0.3187983858267717
21
0.9327932677165354
0
LINE
8
BLACK
6
CONTINUOUS
10
-0.3187983858267717
20
0.9327932677165354
11
-0.3187983858267717
21
0.9339453937007873
0
LINE
8
BLACK
6
CONTINUOUS
10
-0.3187983858267717
20
0.9339453937007873
11
-0.3183574803149606
21
0.9350098031496062
0
LINE
8
BLACK
6
CONTINUOUS
10
-0.3183574803149606
20
0.9350098031496062
11
-0.3175428346456693
21
0.9358244488188976
0
LINE
8
BLACK
6
CONTINUOUS
10
-0.3175428346456693
20
0.9358244488188976
11
-0.3164784251968504
21
0.9362653543307087
0
LINE
8
BLACK
6
CONTINUOUS
10
-0.3164784251968504
20
0.9362653543307087
11
-0.3159023622047244
21
0.9363220866141732
0
LINE
8
BLACK
6
CONTINUOUS
10
-0.3159023622047244
20
0.9363220866141732
11
-0.2890931889763779
21
0.9363220866141732
0
LINE
8
BLACK
6
CONTINUOUS
10
-0.2890931889763779
20
0.9363220866141732
11
-0.2885171259842519
21
0.9362653543307087
0
LINE
8
BLACK
6
CONTINUOUS
10
-0.0427066535433071
20
0.9361547637795276
11
-0.0417152755905512
21
0.9355677952755905
0
LINE
8
BLACK
6
CONTINUOUS
10
-0.0417152755905512
20
0.9355677952755905
11
-0.0413242519685039
21
0.9351409842519685
0
LINE
8
BLACK
6
CONTINUOUS
10
-0.0413242519685039
20
0.9351409842519685
11
-0.0309935433070866
21
0.9213667322834646
0
LINE
8
BLACK
6
CONTINUOUS
10
-0.0309935433070866
20
0.9213667322834646
11
-0.0301412598425197
21
0.9222189763779527
0
LINE
8
BLACK
6
CONTINUOUS
10
-0.0301412598425197
20
0.9222189763779527
11
-0.0301412598425197
21
0.9333693307086613
0
LINE
8
BLACK
6
CONTINUOUS
10
-0.0301412598425197
20
0.9333693307086613
11
-0.0300845275590551
21
0.9339453937007873
0
LINE
8
BLACK
6
CONTINUOUS
10
-0.0300845275590551
20
0.9339453937007873
11
-0.0296436220472441
21
0.9350098031496062
0
LINE
8
BLACK
6
CONTINUOUS
10
-0.0296436220472441
20
0.9350098031496062
11
-0.0288289763779528
21
0.9358244488188976
0
LINE
8
BLACK
6
CONTINUOUS
10
-0.0288289763779528
20
0.9358244488188976
11
-0.0277645669291339
21
0.9362653543307087
0
LINE
8
BLACK
6
CONTINUOUS
10
-0.0277645669291339
20
0.9362653543307087
11
-0.0266124409448819
21
0.9362653543307087
0
LINE
8
BLACK
6
CONTINUOUS
10
-0.0266124409448819
20
0.9362653543307087
11
-0.025548031496063
21
0.9358244488188976
0
LINE
8
BLACK
6
CONTINUOUS
10
-0.025548031496063
20
0.9358244488188976
11
-0.0247333858267717
21
0.9350098031496062
0
LINE
8
BLACK
6
CONTINUOUS
10
-0.0247333858267717
20
0.9350098031496062
11
-0.0242924803149606
21
0.9339453937007873
0
LINE
8
BLACK
6
CONTINUOUS
10
-0.0242924803149606
20
0.9339453937007873
11
-0.0242357480314961
21
0.9333693307086613
0
LINE
8
BLACK
6
CONTINUOUS
10
-0.0242357480314961
20
0.9333693307086613
11
-0.0242357480314961
21
0.8900622440944882
0
LINE
8
BLACK
6
CONTINUOUS
10
-0.0242357480314961
20
0.8900622440944882
11
-0.0242924803149606
21
0.8894861811023622
0
LINE
8
BLACK
6
CONTINUOUS
10
-0.0242924803149606
20
0.8894861811023622
11
-0.0247333858267717
21
0.8884217716535433
0
LINE
8
BLACK
6
CONTINUOUS
10
-0.0247333858267717
20
0.8884217716535433
11
-0.025548031496063
21
0.887607125984252
0
LINE
8
BLACK
6
CONTINUOUS
10
-0.025548031496063
20
0.887607125984252
11
-0.0266124409448819
21
0.8871662204724409
0
LINE
8
BLACK
6
CONTINUOUS
10
-0.0266124409448819
20
0.8871662204724409
11
-0.0277645669291339
21
0.8871662204724409
0
LINE
8
BLACK
6
CONTINUOUS
10
-0.0277645669291339
20
0.8871662204724409
11
-0.0288289763779528
21
0.887607125984252
0
LINE
8
BLACK
6
CONTINUOUS
10
-0.0288289763779528
20
0.887607125984252
11
-0.0296436220472441
21
0.8884217716535433
0
LINE
8
BLACK
6
CONTINUOUS
10
-0.0296436220472441
20
0.8884217716535433
11
-0.0300845275590551
21
0.8894861811023622
0
LINE
8
BLACK
6
CONTINUOUS
10
-0.0300845275590551
20
0.8894861811023622
11
-0.0301412598425197
21
0.8900622440944882
0
LINE
8
BLACK
6
CONTINUOUS
10
-0.0301412598425197
20
0.8900622440944882
11
-0.0301412598425197
21
0.9138673228346457
0
LINE
8
BLACK
6
CONTINUOUS
10
-0.0301412598425197
20
0.9138673228346457
11
-0.0415985433070866
21
0.9024100393700787
0
LINE
8
BLACK
6
CONTINUOUS
10
-0.0415985433070866
20
0.9024100393700787
11
-0.0420459842519685
21
0.9020428346456693
0
LINE
8
BLACK
6
CONTINUOUS
10
-0.0420459842519685
20
0.9020428346456693
11
-0.0431104330708661
21
0.9016019291338583
0
LINE
8
BLACK
6
CONTINUOUS
10
-0.0431104330708661
20
0.9016019291338583
11
-0.0442624803149606
21
0.9016019291338583
0
LINE
8
BLACK
6
CONTINUOUS
10
-0.0442624803149606
20
0.9016019291338583
11
-0.0453269291338583
21
0.9020428346456693
0
LINE
8
BLACK
6
CONTINUOUS
10
-0.0453269291338583
20
0.9020428346456693
11
-0.0461415748031496
21
0.9028574803149606
0
LINE
8
BLACK
6
CONTINUOUS
10
-0.0461415748031496
20
0.9028574803149606
11
-0.0465824803149606
21
0.9039219291338583
0
LINE
8
BLACK
6
CONTINUOUS
10
-0.0465824803149606
20
0.9039219291338583
11
-0.0465824803149606
21
0.9050739763779527
0
LINE
8
BLACK
6
CONTINUOUS
10
-0.0465824803149606
20
0.9050739763779527
11
-0.0461415748031496
21
0.9061384251968504
0
LINE
8
BLACK
6
CONTINUOUS
10
-0.0461415748031496
20
0.9061384251968504
11
-0.0457743700787402
21
0.9065858661417323
0
LINE
8
BLACK
6
CONTINUOUS
10
-0.0457743700787402
20
0.9065858661417323
11
-0.0352117716535433
21
0.9171485039370079
0
LINE
8
BLACK
6
CONTINUOUS
10
-0.0352117716535433
20
0.9171485039370079
11
-0.0460486614173228
21
0.9315976771653544
0
LINE
8
BLACK
6
CONTINUOUS
10
-0.0460486614173228
20
0.9315976771653544
11
-0.0463488976377953
21
0.9320925590551181
0
LINE
8
BLACK
6
CONTINUOUS
10
-0.0463488976377953
20
0.9320925590551181
11
-0.046634842519685
21
0.9332086220472441
0
LINE
8
BLACK
6
CONTINUOUS
10
-0.046634842519685
20
0.9332086220472441
11
-0.0464718897637795
21
0.9343491338582677
0
LINE
8
BLACK
6
CONTINUOUS
10
-0.0464718897637795
20
0.9343491338582677
11
-0.0458849212598425
21
0.9353405118110236
0
LINE
8
BLACK
6
CONTINUOUS
10
-0.0458849212598425
20
0.9353405118110236
11
-0.0449632283464567
21
0.9360317716535432
0
LINE
8
BLACK
6
CONTINUOUS
10
-0.0449632283464567
20
0.9360317716535432
11
-0.0438471653543307
21
0.9363177165354331
0
LINE
8
BLACK
6
CONTINUOUS
10
-0.0438471653543307
20
0.9363177165354331
11
-0.0427066535433071
21
0.9361547637795276
0
LINE
8
BLACK
6
CONTINUOUS
10
0.1445536220472441
20
0.9362653543307087
11
0.1446516141732283
21
0.9362247637795276
0
LINE
8
BLACK
6
CONTINUOUS
10
0.1446516141732283
20
0.9362247637795276
11
0.1447574409448819
21
0.9362172440944881
0
LINE
8
BLACK
6
CONTINUOUS
10
0.1447574409448819
20
0.9362172440944881
11
0.1452980708661417
21
0.9360103543307087
0
LINE
8
BLACK
6
CONTINUOUS
10
0.1452980708661417
20
0.9360103543307087
11
0.1494225590551181
21
0.9339481102362205
0
LINE
8
BLACK
6
CONTINUOUS
10
0.1494225590551181
20
0.9339481102362205
11
0.1496703937007874
21
0.933792125984252
0
LINE
8
BLACK
6
CONTINUOUS
10
0.1496703937007874
20
0.933792125984252
11
0.1497424803149606
21
0.9337622440944882
0
LINE
8
BLACK
6
CONTINUOUS
10
0.1497424803149606
20
0.9337622440944882
11
0.1498236614173228
21
0.9336956299212599
0
LINE
8
BLACK
6
CONTINUOUS
10
0.1498236614173228
20
0.9336956299212599
11
0.1499124015748032
21
0.9336397637795275
0
LINE
8
BLACK
6
CONTINUOUS
10
0.1499124015748032
20
0.9336397637795275
11
0.1499633858267717
21
0.9335809448818897
0
LINE
8
BLACK
6
CONTINUOUS
10
0.1499633858267717
20
0.9335809448818897
11
0.1501899606299213
21
0.9333950393700787
0
LINE
8
BLACK
6
CONTINUOUS
10
0.1501899606299213
20
0.9333950393700787
11
0.1522521653543307
21
0.9313328346456693
0
LINE
8
BLACK
6
CONTINUOUS
10
0.1522521653543307
20
0.9313328346456693
11
0.1524379133858268
21
0.9311064960629921
0
LINE
8
BLACK
6
CONTINUOUS
10
0.1524379133858268
20
0.9311064960629921
11
0.152496968503937
21
0.9310552755905511
0
LINE
8
BLACK
6
CONTINUOUS
10
0.152496968503937
20
0.9310552755905511
11
0.1525529527559055
21
0.9309663385826772
0
LINE
8
BLACK
6
CONTINUOUS
10
0.1525529527559055
20
0.9309663385826772
11
0.1526194094488189
21
0.9308853543307086
0
LINE
8
BLACK
6
CONTINUOUS
10
0.1526194094488189
20
0.9308853543307086
11
0.1526492125984252
21
0.9308134251968504
0
LINE
8
BLACK
6
CONTINUOUS
10
0.1526492125984252
20
0.9308134251968504
11
0.1528053149606299
21
0.9305653937007874
0
LINE
8
BLACK
6
CONTINUOUS
10
0.1528053149606299
20
0.9305653937007874
11
0.1548675590551181
21
0.926440905511811
0
LINE
8
BLACK
6
CONTINUOUS
10
0.1548675590551181
20
0.926440905511811
11
0.1550744488188976
21
0.9259003149606299
0
LINE
8
BLACK
6
CONTINUOUS
10
0.1550744488188976
20
0.9259003149606299
11
0.155081968503937
21
0.9257944488188976
0
LINE
8
BLACK
6
CONTINUOUS
10
0.155081968503937
20
0.9257944488188976
11
0.1551225590551181
21
0.9256964566929133
0
LINE
8
BLACK
6
CONTINUOUS
10
0.1551225590551181
20
0.9256964566929133
11
0.1551792913385827
21
0.9251203937007874
0
LINE
8
BLACK
6
CONTINUOUS
10
0.1551792913385827
20
0.9251203937007874
11
0.1551792913385827
21
0.9127469291338582
0
LINE
8
BLACK
6
CONTINUOUS
10
0.1551792913385827
20
0.9127469291338582
11
0.1551225590551181
21
0.9121708661417323
0
LINE
8
BLACK
6
CONTINUOUS
10
0.1551225590551181
20
0.9121708661417323
11
0.155081968503937
21
0.9120729133858267
0
LINE
8
BLACK
6
CONTINUOUS
10
0.155081968503937
20
0.9120729133858267
11
0.1550744488188976
21
0.9119670078740157
0
LINE
8
BLACK
6
CONTINUOUS
10
0.1550744488188976
20
0.9119670078740157
11
0.1548675590551181
21
0.9114264173228346
0
LINE
8
BLACK
6
CONTINUOUS
10
0.1548675590551181
20
0.9114264173228346
11
0.1528053149606299
21
0.9073019291338582
0
LINE
8
BLACK
6
CONTINUOUS
10
0.1528053149606299
20
0.9073019291338582
11
0.1526492913385827
21
0.9070541338582677
0
LINE
8
BLACK
6
CONTINUOUS
10
0.1526492913385827
20
0.9070541338582677
11
0.1526194488188976
21
0.906981968503937
0
LINE
8
BLACK
6
CONTINUOUS
10
0.1526194488188976
20
0.906981968503937
11
0.1525528346456693
21
0.9069008267716535
0
LINE
8
BLACK
6
CONTINUOUS
10
0.1525528346456693
20
0.9069008267716535
11
0.152496968503937
21
0.9068120472440945
0
LINE
8
BLACK
6
CONTINUOUS
10
0.152496968503937
20
0.9068120472440945
11
0.152438031496063
21
0.9067609448818897
0
LINE
8
BLACK
6
CONTINUOUS
10
0.152438031496063
20
0.9067609448818897
11
0.1522522047244095
21
0.9065345275590551
0
LINE
8
BLACK
6
CONTINUOUS
10
0.1522522047244095
20
0.9065345275590551
11
0.1501899606299213
21
0.9044722834645669
0
LINE
8
BLACK
6
CONTINUOUS
10
0.1501899606299213
20
0.9044722834645669
11
0.1499634645669291
21
0.9042864566929134
0
LINE
8
BLACK
6
CONTINUOUS
10
0.1499634645669291
20
0.9042864566929134
11
0.1499124015748032
21
0.9042275196850393
0
LINE
8
BLACK
6
CONTINUOUS
10
0.1499124015748032
20
0.9042275196850393
11
0.1498235826771654
21
0.9041716535433071
0
LINE
8
BLACK
6
CONTINUOUS
10
0.1498235826771654
20
0.9041716535433071
11
0.1497425196850394
21
0.9041050787401574
0
LINE
8
BLACK
6
CONTINUOUS
10
0.1497425196850394
20
0.9041050787401574
11
0.1496704724409449
21
0.9040752755905511
0
LINE
8
BLACK
6
CONTINUOUS
10
0.1496704724409449
20
0.9040752755905511
11
0.1494225590551181
21
0.9039191732283465
0
LINE
8
BLACK
6
CONTINUOUS
10
0.1494225590551181
20
0.9039191732283465
11
0.1452980708661417
21
0.9018569291338583
0
LINE
8
BLACK
6
CONTINUOUS
10
0.1452980708661417
20
0.9018569291338583
11
0.1447574409448819
21
0.9016500393700787
0
LINE
8
BLACK
6
CONTINUOUS
10
0.1447574409448819
20
0.9016500393700787
11
0.1446516141732283
21
0.9016425590551181
0
LINE
8
BLACK
6
CONTINUOUS
10
0.1446516141732283
20
0.9016425590551181
11
0.1445536220472441
21
0.9016019291338583
0
LINE
8
BLACK
6
CONTINUOUS
10
0.1445536220472441
20
0.9016019291338583
11
0.1439775590551181
21
0.9015451968503937
0
LINE
8
BLACK
6
CONTINUOUS
10
0.1439775590551181
20
0.9015451968503937
11
0.1357285826771653
21
0.9015451968503937
0
LINE
8
BLACK
6
CONTINUOUS
10
0.1357285826771653
20
0.9015451968503937
11
0.1351525196850394
21
0.9016019291338583
0
LINE
8
BLACK
6
CONTINUOUS
10
0.1351525196850394
20
0.9016019291338583
11
0.1350545275590551
21
0.9016425196850394
0
LINE
8
BLACK
6
CONTINUOUS
10
0.1350545275590551
20
0.9016425196850394
11
0.1349486614173228
21
0.9016500393700787
0
LINE
8
BLACK
6
CONTINUOUS
10
0.1349486614173228
20
0.9016500393700787
11
0.1345568503937008
21
0.9017999999999999
0
LINE
8
BLACK
6
CONTINUOUS
10
0.1345568503937008
20
0.9017999999999999
11
0.1345568503937008
21
0.8900622440944882
0
LINE
8
BLACK
6
CONTINUOUS
10
0.1345568503937008
20
0.8900622440944882
11
0.1345001181102362
21
0.8894861811023622
0
LINE
8
BLACK
6
CONTINUOUS
10
0.1345001181102362
20
0.8894861811023622
11
0.1340592125984252
21
0.8884217716535433
0
LINE
8
BLACK
6
CONTINUOUS
10
0.1340592125984252
20
0.8884217716535433
11
0.1332445669291339
21
0.887607125984252
0
LINE
8
BLACK
6
CONTINUOUS
10
0.1332445669291339
20
0.887607125984252
11
0.1321801574803149
21
0.8871662204724409
0
LINE
8
BLACK
6
CONTINUOUS
10
0.1321801574803149
20
0.8871662204724409
11
0.131028031496063
21
0.8871662204724409
0
LINE
8
BLACK
6
CONTINUOUS
10
0.131028031496063
20
0.8871662204724409
11
0.1299636220472441
21
0.887607125984252
0
LINE
8
BLACK
6
CONTINUOUS
10
0.1299636220472441
20
0.887607125984252
11
0.1291489763779528
21
0.8884217716535433
0
LINE
8
BLACK
6
CONTINUOUS
10
0.1291489763779528
20
0.8884217716535433
11
0.1287080708661417
21
0.8894861811023622
0
LINE
8
BLACK
6
CONTINUOUS
10
0.1287080708661417
20
0.8894861811023622
11
0.1286513385826772
21
0.8900622440944882
0
LINE
8
BLACK
6
CONTINUOUS
10
0.1286513385826772
20
0.8900622440944882
11
0.1286513385826772
21
0.9333693307086613
0
LINE
8
BLACK
6
CONTINUOUS
10
0.1286513385826772
20
0.9333693307086613
11
0.1287080708661417
21
0.9339453937007873
0
LINE
8
BLACK
6
CONTINUOUS
10
0.1287080708661417
20
0.9339453937007873
11
0.1291489763779528
21
0.9350098031496062
0
LINE
8
BLACK
6
CONTINUOUS
10
0.1291489763779528
20
0.9350098031496062
11
0.1299636220472441
21
0.9358244488188976
0
LINE
8
BLACK
6
CONTINUOUS
10
0.1299636220472441
20
0.9358244488188976
11
0.131028031496063
21
0.9362653543307087
0
LINE
8
BLACK
6
CONTINUOUS
10
0.131028031496063
20
0.9362653543307087
11
0.1321801574803149
21
0.9362653543307087
0
LINE
8
BLACK
6
CONTINUOUS
10
0.1321801574803149
20
0.9362653543307087
11
0.1332445669291339
21
0.9358244488188976
0
LINE
8
BLACK
6
CONTINUOUS
10
0.1332445669291339
20
0.9358244488188976
11
0.1335084645669291
21
0.9355605511811024
0
LINE
8
BLACK
6
CONTINUOUS
10
0.1335084645669291
20
0.9355605511811024
11
0.1344080708661417
21
0.9360103543307087
0
LINE
8
BLACK
6
CONTINUOUS
10
0.1344080708661417
20
0.9360103543307087
11
0.1349486614173228
21
0.9362172440944881
0
LINE
8
BLACK
6
CONTINUOUS
10
0.1349486614173228
20
0.9362172440944881
11
0.1350545275590551
21
0.9362248031496063
0
LINE
8
BLACK
6
CONTINUOUS
10
0.1350545275590551
20
0.9362248031496063
11
0.1351525196850394
21
0.9362653543307087
0
LINE
8
BLACK
6
CONTINUOUS
10
0.1351525196850394
20
0.9362653543307087
11
0.1357285826771653
21
0.9363220866141732
0
LINE
8
BLACK
6
CONTINUOUS
10
0.1357285826771653
20
0.9363220866141732
11
0.1439775590551181
21
0.9363220866141732
0
LINE
8
BLACK
6
CONTINUOUS
10
0.1439775590551181
20
0.9363220866141732
11
0.1445536220472441
21
0.9362653543307087
0
LINE
8
BLACK
6
CONTINUOUS
10
0.1345568503937008
20
0.9294822047244095
11
0.1345568503937008
21
0.9083851181102361
0
LINE
8
BLACK
6
CONTINUOUS
10
0.1345568503937008
20
0.9083851181102361
11
0.1364256299212598
21
0.9074507086614173
0
LINE
8
BLACK
6
CONTINUOUS
10
0.1364256299212598
20
0.9074507086614173
11
0.1432805118110236
21
0.9074507086614173
0
LINE
8
BLACK
6
CONTINUOUS
10
0.1432805118110236
20
0.9074507086614173
11
0.1463529527559055
21
0.9089869291338583
0
LINE
8
BLACK
6
CONTINUOUS
10
0.1463529527559055
20
0.9089869291338583
11
0.1477375590551181
21
0.9103715354330708
0
LINE
8
BLACK
6
CONTINUOUS
10
0.1477375590551181
20
0.9103715354330708
11
0.149273779527559
21
0.9134439763779527
0
LINE
8
BLACK
6
CONTINUOUS
10
0.149273779527559
20
0.9134439763779527
11
0.149273779527559
21
0.9244233464566929
0
LINE
8
BLACK
6
CONTINUOUS
10
0.149273779527559
20
0.9244233464566929
11
0.1477375590551181
21
0.9274957874015748
0
LINE
8
BLACK
6
CONTINUOUS
10
0.1477375590551181
20
0.9274957874015748
11
0.146352874015748
21
0.9288803937007873
0
LINE
8
BLACK
6
CONTINUOUS
10
0.146352874015748
20
0.9288803937007873
11
0.1432805118110236
21
0.9304165748031495
0
LINE
8
BLACK
6
CONTINUOUS
10
0.1432805118110236
20
0.9304165748031495
11
0.1364256299212598
21
0.9304165748031495
0
LINE
8
BLACK
6
CONTINUOUS
10
0.1364256299212598
20
0.9304165748031495
11
0.1345568503937008
21
0.9294822047244095
0
LINE
8
BLACK
6
CONTINUOUS
10
0.0084456692913386
20
0.9362653543307087
11
0.0085436614173228
21
0.9362247637795276
0
LINE
8
BLACK
6
CONTINUOUS
10
0.0085436614173228
20
0.9362247637795276
11
0.0086494881889764
21
0.9362172440944881
0
LINE
8
BLACK
6
CONTINUOUS
10
0.0086494881889764
20
0.9362172440944881
11
0.0091901181102362
21
0.9360103543307087
0
LINE
8
BLACK
6
CONTINUOUS
10
0.0091901181102362
20
0.9360103543307087
11
0.0133146062992126
21
0.9339481102362205
0
LINE
8
BLACK
6
CONTINUOUS
10
0.0133146062992126
20
0.9339481102362205
11
0.013410905511811
21
0.9338874803149606
0
LINE
8
BLACK
6
CONTINUOUS
10
0.013410905511811
20
0.9338874803149606
11
0.0134563779527559
21
0.9338723228346456
0
LINE
8
BLACK
6
CONTINUOUS
10
0.0134563779527559
20
0.9338723228346456
11
0.0135129527559055
21
0.9338232677165355
0
LINE
8
BLACK
6
CONTINUOUS
10
0.0135129527559055
20
0.9338232677165355
11
0.0138044488188976
21
0.9336397637795275
0
LINE
8
BLACK
6
CONTINUOUS
10
0.0138044488188976
20
0.9336397637795275
11
0.0140470078740157
21
0.9333600787401575
0
LINE
8
BLACK
6
CONTINUOUS
10
0.0140470078740157
20
0.9333600787401575
11
0.0143267322834646
21
0.9331174803149606
0
LINE
8
BLACK
6
CONTINUOUS
10
0.0143267322834646
20
0.9331174803149606
11
0.0145102362204724
21
0.9328259842519685
0
LINE
8
BLACK
6
CONTINUOUS
10
0.0145102362204724
20
0.9328259842519685
11
0.0145593307086614
21
0.9327693700787402
0
LINE
8
BLACK
6
CONTINUOUS
10
0.0145593307086614
20
0.9327693700787402
11
0.0145744488188976
21
0.932723937007874
0
LINE
8
BLACK
6
CONTINUOUS
10
0.0145744488188976
20
0.932723937007874
11
0.0146351181102362
21
0.9326275984251968
0
LINE
8
BLACK
6
CONTINUOUS
10
0.0146351181102362
20
0.9326275984251968
11
0.0166973622047244
21
0.9285031496062992
0
LINE
8
BLACK
6
CONTINUOUS
10
0.0166973622047244
20
0.9285031496062992
11
0.0169042519685039
21
0.9279625196850394
0
LINE
8
BLACK
6
CONTINUOUS
10
0.0169042519685039
20
0.9279625196850394
11
0.0169117322834646
21
0.9278567322834645
0
LINE
8
BLACK
6
CONTINUOUS
10
0.0169117322834646
20
0.9278567322834645
11
0.0169523622047244
21
0.9277587007874015
0
LINE
8
BLACK
6
CONTINUOUS
10
0.0169523622047244
20
0.9277587007874015
11
0.017009094488189
21
0.9271826377952755
0
LINE
8
BLACK
6
CONTINUOUS
10
0.017009094488189
20
0.9271826377952755
11
0.017009094488189
21
0.9230581496062992
0
LINE
8
BLACK
6
CONTINUOUS
10
0.017009094488189
20
0.9230581496062992
11
0.0169523622047244
21
0.9224820866141732
0
LINE
8
BLACK
6
CONTINUOUS
10
0.0169523622047244
20
0.9224820866141732
11
0.0169117716535433
21
0.9223841338582677
0
LINE
8
BLACK
6
CONTINUOUS
10
0.0169117716535433
20
0.9223841338582677
11
0.0169042519685039
21
0.9222782283464567
0
LINE
8
BLACK
6
CONTINUOUS
10
0.0169042519685039
20
0.9222782283464567
11
0.0166973622047244
21
0.9217376377952756
0
LINE
8
BLACK
6
CONTINUOUS
10
0.0166973622047244
20
0.9217376377952756
11
0.0146351181102362
21
0.9176131496062991
0
LINE
8
BLACK
6
CONTINUOUS
10
0.0146351181102362
20
0.9176131496062991
11
0.0145744488188976
21
0.917516811023622
0
LINE
8
BLACK
6
CONTINUOUS
10
0.0145744488188976
20
0.917516811023622
11
0.0145593307086614
21
0.9174713779527559
0
LINE
8
BLACK
6
CONTINUOUS
10
0.0145593307086614
20
0.9174713779527559
11
0.0145102755905512
21
0.917414842519685
0
LINE
8
BLACK
6
CONTINUOUS
10
0.0145102755905512
20
0.917414842519685
11
0.0143267716535433
21
0.9171232677165354
0
LINE
8
BLACK
6
CONTINUOUS
10
0.0143267716535433
20
0.9171232677165354
11
0.0140469291338583
21
0.9168806299212598
0
LINE
8
BLACK
6
CONTINUOUS
10
0.0140469291338583
20
0.9168806299212598
11
0.0138044488188976
21
0.9166009842519685
0
LINE
8
BLACK
6
CONTINUOUS
10
0.0138044488188976
20
0.9166009842519685
11
0.0135129527559055
21
0.9164175196850394
0
LINE
8
BLACK
6
CONTINUOUS
10
0.0135129527559055
20
0.9164175196850394
11
0.0134563779527559
21
0.9163684251968504
0
LINE
8
BLACK
6
CONTINUOUS
10
0.0134563779527559
20
0.9163684251968504
11
0.013410905511811
21
0.9163533070866141
0
LINE
8
BLACK
6
CONTINUOUS
10
0.013410905511811
20
0.9163533070866141
11
0.0133146062992126
21
0.9162926377952756
0
LINE
8
BLACK
6
CONTINUOUS
10
0.0133146062992126
20
0.9162926377952756
11
0.0091901181102362
21
0.9142303937007874
0
LINE
8
BLACK
6
CONTINUOUS
10
0.0091901181102362
20
0.9142303937007874
11
0.0086494881889764
21
0.9140235039370078
0
LINE
8
BLACK
6
CONTINUOUS
10
0.0086494881889764
20
0.9140235039370078
11
0.0085436614173228
21
0.9140160236220473
0
LINE
8
BLACK
6
CONTINUOUS
10
0.0085436614173228
20
0.9140160236220473
11
0.0084456692913386
21
0.9139753937007874
0
LINE
8
BLACK
6
CONTINUOUS
10
0.0084456692913386
20
0.9139753937007874
11
0.0078696062992126
21
0.9139186614173228
0
LINE
8
BLACK
6
CONTINUOUS
10
0.0078696062992126
20
0.9139186614173228
11
-0.0017445669291339
21
0.9139186614173228
0
LINE
8
BLACK
6
CONTINUOUS
10
-0.0017445669291339
20
0.9139186614173228
11
-0.0036133464566929
21
0.9129842913385826
0
LINE
8
BLACK
6
CONTINUOUS
10
-0.0036133464566929
20
0.9129842913385826
11
-0.0036133464566929
21
0.9113817322834645
0
LINE
8
BLACK
6
CONTINUOUS
10
-0.0036133464566929
20
0.9113817322834645
11
-0.002303031496063
21
0.908761062992126
0
LINE
8
BLACK
6
CONTINUOUS
10
-0.002303031496063
20
0.908761062992126
11
0.0003176771653543
21
0.9074507086614173
0
LINE
8
BLACK
6
CONTINUOUS
10
0.0003176771653543
20
0.9074507086614173
11
0.0071725590551181
21
0.9074507086614173
0
LINE
8
BLACK
6
CONTINUOUS
10
0.0071725590551181
20
0.9074507086614173
11
0.0106735826771654
21
0.9092012204724409
0
LINE
8
BLACK
6
CONTINUOUS
10
0.0106735826771654
20
0.9092012204724409
11
0.0112141732283465
21
0.9094081102362205
0
LINE
8
BLACK
6
CONTINUOUS
10
0.0112141732283465
20
0.9094081102362205
11
0.0123633858267717
21
0.9094897637795275
0
LINE
8
BLACK
6
CONTINUOUS
10
0.0123633858267717
20
0.9094897637795275
11
0.0134563779527559
21
0.9091254330708661
0
LINE
8
BLACK
6
CONTINUOUS
10
0.0134563779527559
20
0.9091254330708661
11
0.0143267322834646
21
0.9083705905511811
0
LINE
8
BLACK
6
CONTINUOUS
10
0.0143267322834646
20
0.9083705905511811
11
0.014841968503937
21
0.9073400787401574
0
LINE
8
BLACK
6
CONTINUOUS
10
0.014841968503937
20
0.9073400787401574
11
0.0149236614173228
21
0.9061908661417323
0
LINE
8
BLACK
6
CONTINUOUS
10
0.0149236614173228
20
0.9061908661417323
11
0.0145593307086614
21
0.9050979133858268
0
LINE
8
BLACK
6
CONTINUOUS
10
0.0145593307086614
20
0.9050979133858268
11
0.0138044488188976
21
0.9042275196850393
0
LINE
8
BLACK
6
CONTINUOUS
10
0.0138044488188976
20
0.9042275196850393
11
0.0133146062992126
21
0.9039191732283465
0
LINE
8
BLACK
6
CONTINUOUS
10
0.0133146062992126
20
0.9039191732283465
11
0.0091901181102362
21
0.9018569291338583
0
LINE
8
BLACK
6
CONTINUOUS
10
0.0091901181102362
20
0.9018569291338583
11
0.0086494881889764
21
0.9016500393700787
0
LINE
8
BLACK
6
CONTINUOUS
10
0.0086494881889764
20
0.9016500393700787
11
0.0085436614173228
21
0.9016425590551181
0
LINE
8
BLACK
6
CONTINUOUS
10
0.0085436614173228
20
0.9016425590551181
11
0.0084456692913386
21
0.9016019291338583
0
LINE
8
BLACK
6
CONTINUOUS
10
0.0084456692913386
20
0.9016019291338583
11
0.0078696062992126
21
0.9015451968503937
0
LINE
8
BLACK
6
CONTINUOUS
10
0.0078696062992126
20
0.9015451968503937
11
-0.0003793700787402
21
0.9015451968503937
0
LINE
8
BLACK
6
CONTINUOUS
10
-0.0003793700787402
20
0.9015451968503937
11
-0.0009554330708661
21
0.9016019291338583
0
LINE
8
BLACK
6
CONTINUOUS
10
-0.0009554330708661
20
0.9016019291338583
11
-0.0010534251968504
21
0.9016425196850394
0
LINE
8
BLACK
6
CONTINUOUS
10
-0.0010534251968504
20
0.9016425196850394
11
-0.0011592913385827
21
0.9016500393700787
0
LINE
8
BLACK
6
CONTINUOUS
10
-0.0011592913385827
20
0.9016500393700787
11
-0.0016998818897638
21
0.9018569291338583
0
LINE
8
BLACK
6
CONTINUOUS
10
-0.0016998818897638
20
0.9018569291338583
11
-0.0058243700787402
21
0.9039191732283465
0
LINE
8
BLACK
6
CONTINUOUS
10
-0.0058243700787402
20
0.9039191732283465
11
-0.0059207480314961
21
0.903979842519685
0
LINE
8
BLACK
6
CONTINUOUS
10
-0.0059207480314961
20
0.903979842519685
11
-0.0059661417322835
21
0.9039949606299212
0
LINE
8
BLACK
6
CONTINUOUS
10
-0.0059661417322835
20
0.9039949606299212
11
-0.0060227165354331
21
0.9040440157480315
0
LINE
8
BLACK
6
CONTINUOUS
10
-0.0060227165354331
20
0.9040440157480315
11
-0.0063142519685039
21
0.9042275196850393
0
LINE
8
BLACK
6
CONTINUOUS
10
-0.0063142519685039
20
0.9042275196850393
11
-0.0065569291338583
21
0.9045073622047244
0
LINE
8
BLACK
6
CONTINUOUS
10
-0.0065569291338583
20
0.9045073622047244
11
-0.0068365354330709
21
0.904749842519685
0
LINE
8
BLACK
6
CONTINUOUS
10
-0.0068365354330709
20
0.904749842519685
11
-0.0070200393700787
21
0.9050413385826771
0
LINE
8
BLACK
6
CONTINUOUS
10
-0.0070200393700787
20
0.9050413385826771
11
-0.007069094488189
21
0.9050979133858268
0
LINE
8
BLACK
6
CONTINUOUS
10
-0.007069094488189
20
0.9050979133858268
11
-0.0070842519685039
21
0.9051433858267717
0
LINE
8
BLACK
6
CONTINUOUS
10
-0.0070842519685039
20
0.9051433858267717
11
-0.0071448818897638
21
0.90523968503937
0
LINE
8
BLACK
6
CONTINUOUS
10
-0.0071448818897638
20
0.90523968503937
11
-0.009207125984252
21
0.9093641732283464
0
LINE
8
BLACK
6
CONTINUOUS
10
-0.009207125984252
20
0.9093641732283464
11
-0.0094140157480315
21
0.9099048031496063
0
LINE
8
BLACK
6
CONTINUOUS
10
-0.0094140157480315
20
0.9099048031496063
11
-0.0094215354330709
21
0.9100106299212598
0
LINE
8
BLACK
6
CONTINUOUS
10
-0.0094215354330709
20
0.9100106299212598
11
-0.009462125984252
21
0.9101086220472441
0
LINE
8
BLACK
6
CONTINUOUS
10
-0.009462125984252
20
0.9101086220472441
11
-0.0095188582677165
21
0.9106846850393701
0
LINE
8
BLACK
6
CONTINUOUS
10
-0.0095188582677165
20
0.9106846850393701
11
-0.0095188582677165
21
0.9333693307086613
0
LINE
8
BLACK
6
CONTINUOUS
10
-0.0095188582677165
20
0.9333693307086613
11
-0.009462125984252
21
0.9339453937007873
0
LINE
8
BLACK
6
CONTINUOUS
10
-0.009462125984252
20
0.9339453937007873
11
-0.0090212204724409
21
0.9350098031496062
0
LINE
8
BLACK
6
CONTINUOUS
10
-0.0090212204724409
20
0.9350098031496062
11
-0.0082065748031496
21
0.9358244488188976
0
LINE
8
BLACK
6
CONTINUOUS
10
-0.0082065748031496
20
0.9358244488188976
11
-0.0071421653543307
21
0.9362653543307087
0
LINE
8
BLACK
6
CONTINUOUS
10
-0.0071421653543307
20
0.9362653543307087
11
-0.0059900393700787
21
0.9362653543307087
0
LINE
8
BLACK
6
CONTINUOUS
10
-0.0059900393700787
20
0.9362653543307087
11
-0.0049256299212598
21
0.9358244488188976
0
LINE
8
BLACK
6
CONTINUOUS
10
-0.0049256299212598
20
0.9358244488188976
11
-0.0046617322834646
21
0.9355605511811024
0
LINE
8
BLACK
6
CONTINUOUS
10
-0.0046617322834646
20
0.9355605511811024
11
-0.003762125984252
21
0.9360103543307087
0
LINE
8
BLACK
6
CONTINUOUS
10
-0.003762125984252
20
0.9360103543307087
11
-0.0032215354330709
21
0.9362172440944881
0
LINE
8
BLACK
6
CONTINUOUS
10
-0.0032215354330709
20
0.9362172440944881
11
-0.0031156692913386
21
0.9362248031496063
0
LINE
8
BLACK
6
CONTINUOUS
10
-0.0031156692913386
20
0.9362248031496063
11
-0.0030176771653543
21
0.9362653543307087
0
LINE
8
BLACK
6
CONTINUOUS
10
-0.0030176771653543
20
0.9362653543307087
11
-0.0024416141732283
21
0.9363220866141732
0
LINE
8
BLACK
6
CONTINUOUS
10
-0.0024416141732283
20
0.9363220866141732
11
0.0078696062992126
21
0.9363220866141732
0
LINE
8
BLACK
6
CONTINUOUS
10
0.0078696062992126
20
0.9363220866141732
11
0.0084456692913386
21
0.9362653543307087
0
LINE
8
BLACK
6
CONTINUOUS
10
-0.0036133464566929
20
0.9294822047244095
11
-0.0036133464566929
21
0.9195694094488189
0
LINE
8
BLACK
6
CONTINUOUS
10
-0.0036133464566929
20
0.9195694094488189
11
-0.0032215354330709
21
0.9197193307086614
0
LINE
8
BLACK
6
CONTINUOUS
10
-0.0032215354330709
20
0.9197193307086614
11
-0.0031156692913386
21
0.9197268897637795
0
LINE
8
BLACK
6
CONTINUOUS
10
-0.0031156692913386
20
0.9197268897637795
11
-0.0030176771653543
21
0.9197674409448818
0
LINE
8
BLACK
6
CONTINUOUS
10
-0.0030176771653543
20
0.9197674409448818
11
-0.0024416141732283
21
0.9198241732283464
0
LINE
8
BLACK
6
CONTINUOUS
10
-0.0024416141732283
20
0.9198241732283464
11
0.0071725590551181
21
0.9198241732283464
0
LINE
8
BLACK
6
CONTINUOUS
10
0.0071725590551181
20
0.9198241732283464
11
0.0097932283464567
21
0.9211345275590551
0
LINE
8
BLACK
6
CONTINUOUS
10
0.0097932283464567
20
0.9211345275590551
11
0.0111035826771654
21
0.9237551968503936
0
LINE
8
BLACK
6
CONTINUOUS
10
0.0111035826771654
20
0.9237551968503936
11
0.0111035826771654
21
0.9264855511811023
0
LINE
8
BLACK
6
CONTINUOUS
10
0.0111035826771654
20
0.9264855511811023
11
0.0097932283464567
21
0.9291062598425197
0
LINE
8
BLACK
6
CONTINUOUS
10
0.0097932283464567
20
0.9291062598425197
11
0.0071725590551181
21
0.9304165748031495
0
LINE
8
BLACK
6
CONTINUOUS
10
0.0071725590551181
20
0.9304165748031495
11
-0.0017445669291339
21
0.9304165748031495
0
LINE
8
BLACK
6
CONTINUOUS
10
-0.0017445669291339
20
0.9304165748031495
11
-0.0036133464566929
21
0.9294822047244095
0
LINE
8
BLACK
6
CONTINUOUS
10
0.0404437007874016
20
0.9358244488188976
11
0.0412583464566929
21
0.9350098031496062
0
LINE
8
BLACK
6
CONTINUOUS
10
0.0412583464566929
20
0.9350098031496062
11
0.0416992519685039
21
0.9339453937007873
0
LINE
8
BLACK
6
CONTINUOUS
10
0.0416992519685039
20
0.9339453937007873
11
0.0417559842519685
21
0.9333693307086613
0
LINE
8
BLACK
6
CONTINUOUS
10
0.0417559842519685
20
0.9333693307086613
11
0.0417559842519685
21
0.9044979527559055
0
LINE
8
BLACK
6
CONTINUOUS
10
0.0417559842519685
20
0.9044979527559055
11
0.0416992519685039
21
0.9039218897637795
0
LINE
8
BLACK
6
CONTINUOUS
10
0.0416992519685039
20
0.9039218897637795
11
0.0412583464566929
21
0.9028574803149606
0
LINE
8
BLACK
6
CONTINUOUS
10
0.0412583464566929
20
0.9028574803149606
11
0.0404437007874016
21
0.9020428346456693
0
LINE
8
BLACK
6
CONTINUOUS
10
0.0404437007874016
20
0.9020428346456693
11
0.0393792913385827
21
0.9016019291338583
0
LINE
8
BLACK
6
CONTINUOUS
10
0.0393792913385827
20
0.9016019291338583
11
0.0382271653543307
21
0.9016019291338583
0
LINE
8
BLACK
6
CONTINUOUS
10
0.0382271653543307
20
0.9016019291338583
11
0.0371627559055118
21
0.9020428346456693
0
LINE
8
BLACK
6
CONTINUOUS
10
0.0371627559055118
20
0.9020428346456693
11
0.0363481102362205
21
0.9028574803149606
0
LINE
8
BLACK
6
CONTINUOUS
10
0.0363481102362205
20
0.9028574803149606
11
0.0359238976377953
21
0.9038815354330708
0
LINE
8
BLACK
6
CONTINUOUS
10
0.0359238976377953
20
0.9038815354330708
11
0.0318747637795276
21
0.9018569291338583
0
LINE
8
BLACK
6
CONTINUOUS
10
0.0318747637795276
20
0.9018569291338583
11
0.0313341338582677
21
0.9016500393700787
0
LINE
8
BLACK
6
CONTINUOUS
10
0.0313341338582677
20
0.9016500393700787
11
0.0312283070866142
21
0.9016425590551181
0
LINE
8
BLACK
6
CONTINUOUS
10
0.0312283070866142
20
0.9016425590551181
11
0.0311303149606299
21
0.9016019291338583
0
LINE
8
BLACK
6
CONTINUOUS
10
0.0311303149606299
20
0.9016019291338583
11
0.0305542519685039
21
0.9015451968503937
0
LINE
8
BLACK
6
CONTINUOUS
10
0.0305542519685039
20
0.9015451968503937
11
0.0264297637795276
21
0.9015451968503937
0
LINE
8
BLACK
6
CONTINUOUS
10
0.0264297637795276
20
0.9015451968503937
11
0.0258537007874016
21
0.9016019291338583
0
LINE
8
BLACK
6
CONTINUOUS
10
0.0258537007874016
20
0.9016019291338583
11
0.0247892913385827
21
0.9020428346456693
0
LINE
8
BLACK
6
CONTINUOUS
10
0.0247892913385827
20
0.9020428346456693
11
0.0239746456692913
21
0.9028574803149606
0
LINE
8
BLACK
6
CONTINUOUS
10
0.0239746456692913
20
0.9028574803149606
11
0.0235337401574803
21
0.9039218897637795
0
LINE
8
BLACK
6
CONTINUOUS
10
0.0235337401574803
20
0.9039218897637795
11
0.0235337401574803
21
0.9050740157480315
0
LINE
8
BLACK
6
CONTINUOUS
10
0.0235337401574803
20
0.9050740157480315
11
0.0239746456692913
21
0.9061384251968504
0
LINE
8
BLACK
6
CONTINUOUS
10
0.0239746456692913
20
0.9061384251968504
11
0.0247892913385827
21
0.9069530708661417
0
LINE
8
BLACK
6
CONTINUOUS
10
0.0247892913385827
20
0.9069530708661417
11
0.0258537007874016
21
0.9073939763779527
0
LINE
8
BLACK
6
CONTINUOUS
10
0.0258537007874016
20
0.9073939763779527
11
0.0264297637795276
21
0.9074507086614173
0
LINE
8
BLACK
6
CONTINUOUS
10
0.0264297637795276
20
0.9074507086614173
11
0.0298572047244094
21
0.9074507086614173
0
LINE
8
BLACK
6
CONTINUOUS
10
0.0298572047244094
20
0.9074507086614173
11
0.0329296456692913
21
0.9089869291338583
0
LINE
8
BLACK
6
CONTINUOUS
10
0.0329296456692913
20
0.9089869291338583
11
0.0343142519685039
21
0.9103715354330708
0
LINE
8
BLACK
6
CONTINUOUS
10
0.0343142519685039
20
0.9103715354330708
11
0.0358504724409449
21
0.9134439763779527
0
LINE
8
BLACK
6
CONTINUOUS
10
0.0358504724409449
20
0.9134439763779527
11
0.0358504724409449
21
0.9333693307086613
0
LINE
8
BLACK
6
CONTINUOUS
10
0.0358504724409449
20
0.9333693307086613
11
0.0359072047244094
21
0.9339453937007873
0
LINE
8
BLACK
6
CONTINUOUS
10
0.0359072047244094
20
0.9339453937007873
11
0.0363481102362205
21
0.9350098031496062
0
LINE
8
BLACK
6
CONTINUOUS
10
0.0363481102362205
20
0.9350098031496062
11
0.0371627559055118
21
0.9358244488188976
0
LINE
8
BLACK
6
CONTINUOUS
10
0.0371627559055118
20
0.9358244488188976
11
0.0382271653543307
21
0.9362653543307087
0
LINE
8
BLACK
6
CONTINUOUS
10
0.0382271653543307
20
0.9362653543307087
11
0.0393792913385827
21
0.9362653543307087
0
LINE
8
BLACK
6
CONTINUOUS
10
0.0393792913385827
20
0.9362653543307087
11
0.0404437007874016
21
0.9358244488188976
0
LINE
8
BLACK
6
CONTINUOUS
10
0.072375157480315
20
0.9362653543307087
11
0.0724731496062992
21
0.9362247637795276
0
LINE
8
BLACK
6
CONTINUOUS
10
0.0724731496062992
20
0.9362247637795276
11
0.0725789763779528
21
0.9362172440944881
0
LINE
8
BLACK
6
CONTINUOUS
10
0.0725789763779528
20
0.9362172440944881
11
0.0731196062992126
21
0.9360103543307087
0
LINE
8
BLACK
6
CONTINUOUS
10
0.0731196062992126
20
0.9360103543307087
11
0.077244094488189
21
0.9339481102362205
0
LINE
8
BLACK
6
CONTINUOUS
10
0.077244094488189
20
0.9339481102362205
11
0.0774919291338583
21
0.933792125984252
0
LINE
8
BLACK
6
CONTINUOUS
10
0.0774919291338583
20
0.933792125984252
11
0.0775640157480315
21
0.9337622440944882
0
LINE
8
BLACK
6
CONTINUOUS
10
0.0775640157480315
20
0.9337622440944882
11
0.0776451968503937
21
0.9336956299212599
0
LINE
8
BLACK
6
CONTINUOUS
10
0.0776451968503937
20
0.9336956299212599
11
0.077733937007874
21
0.9336397637795275
0
LINE
8
BLACK
6
CONTINUOUS
10
0.077733937007874
20
0.9336397637795275
11
0.0777849212598425
21
0.9335809448818897
0
LINE
8
BLACK
6
CONTINUOUS
10
0.0777849212598425
20
0.9335809448818897
11
0.0780114960629921
21
0.9333950393700787
0
LINE
8
BLACK
6
CONTINUOUS
10
0.0780114960629921
20
0.9333950393700787
11
0.0800737007874016
21
0.9313328346456693
0
LINE
8
BLACK
6
CONTINUOUS
10
0.0800737007874016
20
0.9313328346456693
11
0.0802594488188976
21
0.9311064960629921
0
LINE
8
BLACK
6
CONTINUOUS
10
0.0802594488188976
20
0.9311064960629921
11
0.0803185039370079
21
0.9310552755905511
0
LINE
8
BLACK
6
CONTINUOUS
10
0.0803185039370079
20
0.9310552755905511
11
0.0803744881889764
21
0.9309663385826772
0
LINE
8
BLACK
6
CONTINUOUS
10
0.0803744881889764
20
0.9309663385826772
11
0.0804409448818898
21
0.9308853543307086
0
LINE
8
BLACK
6
CONTINUOUS
10
0.0804409448818898
20
0.9308853543307086
11
0.0804707480314961
21
0.9308134251968504
0
LINE
8
BLACK
6
CONTINUOUS
10
0.0804707480314961
20
0.9308134251968504
11
0.0806268503937008
21
0.9305653937007874
0
LINE
8
BLACK
6
CONTINUOUS
10
0.0806268503937008
20
0.9305653937007874
11
0.082689094488189
21
0.926440905511811
0
LINE
8
BLACK
6
CONTINUOUS
10
0.082689094488189
20
0.926440905511811
11
0.0828959842519685
21
0.9259003149606299
0
LINE
8
BLACK
6
CONTINUOUS
10
0.0828959842519685
20
0.9259003149606299
11
0.0829035039370079
21
0.9257944488188976
0
LINE
8
BLACK
6
CONTINUOUS
10
0.0829035039370079
20
0.9257944488188976
11
0.082944094488189
21
0.9256964566929133
0
LINE
8
BLACK
6
CONTINUOUS
10
0.082944094488189
20
0.9256964566929133
11
0.0830008267716535
21
0.9251203937007874
0
LINE
8
BLACK
6
CONTINUOUS
10
0.0830008267716535
20
0.9251203937007874
11
0.0830008267716535
21
0.9127469291338582
0
LINE
8
BLACK
6
CONTINUOUS
10
0.0830008267716535
20
0.9127469291338582
11
0.082944094488189
21
0.9121708661417323
0
LINE
8
BLACK
6
CONTINUOUS
10
0.082944094488189
20
0.9121708661417323
11
0.0829035039370079
21
0.9120729133858267
0
LINE
8
BLACK
6
CONTINUOUS
10
0.0829035039370079
20
0.9120729133858267
11
0.0828959842519685
21
0.9119670078740157
0
LINE
8
BLACK
6
CONTINUOUS
10
0.0828959842519685
20
0.9119670078740157
11
0.082689094488189
21
0.9114264173228346
0
LINE
8
BLACK
6
CONTINUOUS
10
0.082689094488189
20
0.9114264173228346
11
0.0806268503937008
21
0.9073019291338582
0
LINE
8
BLACK
6
CONTINUOUS
10
0.0806268503937008
20
0.9073019291338582
11
0.0804708267716535
21
0.9070541338582677
0
LINE
8
BLACK
6
CONTINUOUS
10
0.0804708267716535
20
0.9070541338582677
11
0.0804409842519685
21
0.906981968503937
0
LINE
8
BLACK
6
CONTINUOUS
10
0.0804409842519685
20
0.906981968503937
11
0.0803743700787402
21
0.9069008267716535
0
LINE
8
BLACK
6
CONTINUOUS
10
0.0803743700787402
20
0.9069008267716535
11
0.0803185039370079
21
0.9068120472440945
0
LINE
8
BLACK
6
CONTINUOUS
10
0.0803185039370079
20
0.9068120472440945
11
0.0802595669291339
21
0.9067609448818897
0
LINE
8
BLACK
6
CONTINUOUS
10
0.0802595669291339
20
0.9067609448818897
11
0.0800737401574803
21
0.9065345275590551
0
LINE
8
BLACK
6
CONTINUOUS
10
0.0800737401574803
20
0.9065345275590551
11
0.0780114960629921
21
0.9044722834645669
0
LINE
8
BLACK
6
CONTINUOUS
10
0.0780114960629921
20
0.9044722834645669
11
0.077785
21
0.9042864566929134
0
LINE
8
BLACK
6
CONTINUOUS
10
0.077785
20
0.9042864566929134
11
0.077733937007874
21
0.9042275196850393
0
LINE
8
BLACK
6
CONTINUOUS
10
0.077733937007874
20
0.9042275196850393
11
0.0776451181102362
21
0.9041716535433071
0
LINE
8
BLACK
6
CONTINUOUS
10
0.0776451181102362
20
0.9041716535433071
11
0.0775640551181102
21
0.9041050787401574
0
LINE
8
BLACK
6
CONTINUOUS
10
0.0775640551181102
20
0.9041050787401574
11
0.0774920078740158
21
0.9040752755905511
0
LINE
8
BLACK
6
CONTINUOUS
10
0.0774920078740158
20
0.9040752755905511
11
0.077244094488189
21
0.9039191732283465
0
LINE
8
BLACK
6
CONTINUOUS
10
0.077244094488189
20
0.9039191732283465
11
0.0731196062992126
21
0.9018569291338583
0
LINE
8
BLACK
6
CONTINUOUS
10
0.0731196062992126
20
0.9018569291338583
11
0.0725789763779528
21
0.9016500393700787
0
LINE
8
BLACK
6
CONTINUOUS
10
0.0725789763779528
20
0.9016500393700787
11
0.0724731496062992
21
0.9016425590551181
0
LINE
8
BLACK
6
CONTINUOUS
10
0.0724731496062992
20
0.9016425590551181
11
0.072375157480315
21
0.9016019291338583
0
LINE
8
BLACK
6
CONTINUOUS
10
0.072375157480315
20
0.9016019291338583
11
0.071799094488189
21
0.9015451968503937
0
LINE
8
BLACK
6
CONTINUOUS
10
0.071799094488189
20
0.9015451968503937
11
0.0656123622047244
21
0.9015451968503937
0
LINE
8
BLACK
6
CONTINUOUS
10
0.0656123622047244
20
0.9015451968503937
11
0.0650362992125984
21
0.9016019291338583
0
LINE
8
BLACK
6
CONTINUOUS
10
0.0650362992125984
20
0.9016019291338583
11
0.0649383070866142
21
0.9016425196850394
0
LINE
8
BLACK
6
CONTINUOUS
10
0.0649383070866142
20
0.9016425196850394
11
0.0648324409448819
21
0.9016500393700787
0
LINE
8
BLACK
6
CONTINUOUS
10
0.0648324409448819
20
0.9016500393700787
11
0.0642918503937008
21
0.9018569291338583
0
LINE
8
BLACK
6
CONTINUOUS
10
0.0642918503937008
20
0.9018569291338583
11
0.0601673622047244
21
0.9039191732283465
0
LINE
8
BLACK
6
CONTINUOUS
10
0.0601673622047244
20
0.9039191732283465
11
0.0599195275590551
21
0.9040751968503937
0
LINE
8
BLACK
6
CONTINUOUS
10
0.0599195275590551
20
0.9040751968503937
11
0.0598474015748032
21
0.9041050393700787
0
LINE
8
BLACK
6
CONTINUOUS
10
0.0598474015748032
20
0.9041050393700787
11
0.0597662204724409
21
0.9041716535433071
0
LINE
8
BLACK
6
CONTINUOUS
10
0.0597662204724409
20
0.9041716535433071
11
0.0596774803149606
21
0.9042275196850393
0
LINE
8
BLACK
6
CONTINUOUS
10
0.0596774803149606
20
0.9042275196850393
11
0.0596263385826772
21
0.9042864566929134
0
LINE
8
BLACK
6
CONTINUOUS
10
0.0596263385826772
20
0.9042864566929134
11
0.0593999606299213
21
0.9044722834645669
0
LINE
8
BLACK
6
CONTINUOUS
10
0.0593999606299213
20
0.9044722834645669
11
0.0573377165354331
21
0.9065345275590551
0
LINE
8
BLACK
6
CONTINUOUS
10
0.0573377165354331
20
0.9065345275590551
11
0.0571518503937008
21
0.9067610236220472
0
LINE
8
BLACK
6
CONTINUOUS
10
0.0571518503937008
20
0.9067610236220472
11
0.0570929527559055
21
0.9068120866141732
0
LINE
8
BLACK
6
CONTINUOUS
10
0.0570929527559055
20
0.9068120866141732
11
0.0570370472440945
21
0.906900905511811
0
LINE
8
BLACK
6
CONTINUOUS
10
0.0570370472440945
20
0.906900905511811
11
0.0569705118110236
21
0.906981968503937
0
LINE
8
BLACK
6
CONTINUOUS
10
0.0569705118110236
20
0.906981968503937
11
0.0569406692913386
21
0.9070540157480315
0
LINE
8
BLACK
6
CONTINUOUS
10
0.0569406692913386
20
0.9070540157480315
11
0.0567846062992126
21
0.9073019291338582
0
LINE
8
BLACK
6
CONTINUOUS
10
0.0567846062992126
20
0.9073019291338582
11
0.0547223622047244
21
0.9114264173228346
0
LINE
8
BLACK
6
CONTINUOUS
10
0.0547223622047244
20
0.9114264173228346
11
0.0545154724409449
21
0.9119670472440945
0
LINE
8
BLACK
6
CONTINUOUS
10
0.0545154724409449
20
0.9119670472440945
11
0.0545079527559055
21
0.912072874015748
0
LINE
8
BLACK
6
CONTINUOUS
10
0.0545079527559055
20
0.912072874015748
11
0.0544673622047244
21
0.9121708661417323
0
LINE
8
BLACK
6
CONTINUOUS
10
0.0544673622047244
20
0.9121708661417323
11
0.0544106299212598
21
0.9127469291338582
0
LINE
8
BLACK
6
CONTINUOUS
10
0.0544106299212598
20
0.9127469291338582
11
0.0544106299212598
21
0.9251203937007874
0
LINE
8
BLACK
6
CONTINUOUS
10
0.0544106299212598
20
0.9251203937007874
11
0.0544673622047244
21
0.9256964566929133
0
LINE
8
BLACK
6
CONTINUOUS
10
0.0544673622047244
20
0.9256964566929133
11
0.0545079527559055
21
0.9257944881889764
0
LINE
8
BLACK
6
CONTINUOUS
10
0.0545079527559055
20
0.9257944881889764
11
0.0545154724409449
21
0.9259002755905512
0
LINE
8
BLACK
6
CONTINUOUS
10
0.0545154724409449
20
0.9259002755905512
11
0.0547223622047244
21
0.926440905511811
0
LINE
8
BLACK
6
CONTINUOUS
10
0.0547223622047244
20
0.926440905511811
11
0.0567846062992126
21
0.9305653937007874
0
LINE
8
BLACK
6
CONTINUOUS
10
0.0567846062992126
20
0.9305653937007874
11
0.0569406692913386
21
0.9308133464566929
0
LINE
8
BLACK
6
CONTINUOUS
10
0.0569406692913386
20
0.9308133464566929
11
0.0569705118110236
21
0.9308853543307086
0
LINE
8
BLACK
6
CONTINUOUS
10
0.0569705118110236
20
0.9308853543307086
11
0.0570370472440945
21
0.9309664960629921
0
LINE
8
BLACK
6
CONTINUOUS
10
0.0570370472440945
20
0.9309664960629921
11
0.0570929527559055
21
0.9310552362204724
0
LINE
8
BLACK
6
CONTINUOUS
10
0.0570929527559055
20
0.9310552362204724
11
0.0571517716535433
21
0.9311062992125984
0
LINE
8
BLACK
6
CONTINUOUS
10
0.0571517716535433
20
0.9311062992125984
11
0.0573377165354331
21
0.9313328346456693
0
LINE
8
BLACK
6
CONTINUOUS
10
0.0573377165354331
20
0.9313328346456693
11
0.0593999606299213
21
0.933395
0
LINE
8
BLACK
6
CONTINUOUS
10
0.0593999606299213
20
0.933395
11
0.0596262992125984
21
0.9335807874015748
0
LINE
8
BLACK
6
CONTINUOUS
10
0.0596262992125984
20
0.9335807874015748
11
0.0596774803149606
21
0.9336397637795275
0
LINE
8
BLACK
6
CONTINUOUS
10
0.0596774803149606
20
0.9336397637795275
11
0.0597663779527559
21
0.933695748031496
0
LINE
8
BLACK
6
CONTINUOUS
10
0.0597663779527559
20
0.933695748031496
11
0.0598474409448819
21
0.9337622440944882
0
LINE
8
BLACK
6
CONTINUOUS
10
0.0598474409448819
20
0.9337622440944882
11
0.0599194488188976
21
0.9337920866141732
0
LINE
8
BLACK
6
CONTINUOUS
10
0.0599194488188976
20
0.9337920866141732
11
0.0601673622047244
21
0.9339481102362205
0
LINE
8
BLACK
6
CONTINUOUS
10
0.0601673622047244
20
0.9339481102362205
11
0.0642918503937008
21
0.9360103543307087
0
LINE
8
BLACK
6
CONTINUOUS
10
0.0642918503937008
20
0.9360103543307087
11
0.0648324409448819
21
0.9362172440944881
0
LINE
8
BLACK
6
CONTINUOUS
10
0.0648324409448819
20
0.9362172440944881
11
0.0649383070866142
21
0.9362248031496063
0
LINE
8
BLACK
6
CONTINUOUS
10
0.0649383070866142
20
0.9362248031496063
11
0.0650362992125984
21
0.9362653543307087
0
LINE
8
BLACK
6
CONTINUOUS
10
0.0650362992125984
20
0.9362653543307087
11
0.0656123622047244
21
0.9363220866141732
0
LINE
8
BLACK
6
CONTINUOUS
10
0.0656123622047244
20
0.9363220866141732
11
0.071799094488189
21
0.9363220866141732
0
LINE
8
BLACK
6
CONTINUOUS
10
0.071799094488189
20
0.9363220866141732
11
0.072375157480315
21
0.9362653543307087
0
LINE
8
BLACK
6
CONTINUOUS
10
0.063236968503937
20
0.9288803543307086
11
0.0618523228346457
21
0.9274957086614173
0
LINE
8
BLACK
6
CONTINUOUS
10
0.0618523228346457
20
0.9274957086614173
11
0.0603161417322835
21
0.9244233464566929
0
LINE
8
BLACK
6
CONTINUOUS
10
0.0603161417322835
20
0.9244233464566929
11
0.0603161417322835
21
0.9134439763779527
0
LINE
8
BLACK
6
CONTINUOUS
10
0.0603161417322835
20
0.9134439763779527
11
0.0618523622047244
21
0.9103715354330708
0
LINE
8
BLACK
6
CONTINUOUS
10
0.0618523622047244
20
0.9103715354330708
11
0.063236968503937
21
0.9089869291338583
0
LINE
8
BLACK
6
CONTINUOUS
10
0.063236968503937
20
0.9089869291338583
11
0.0663094094488189
21
0.9074507086614173
0
LINE
8
BLACK
6
CONTINUOUS
10
0.0663094094488189
20
0.9074507086614173
11
0.0711020472440945
21
0.9074507086614173
0
LINE
8
BLACK
6
CONTINUOUS
10
0.0711020472440945
20
0.9074507086614173
11
0.0741744881889764
21
0.9089869291338583
0
LINE
8
BLACK
6
CONTINUOUS
10
0.0741744881889764
20
0.9089869291338583
11
0.075559094488189
21
0.9103715354330708
0
LINE
8
BLACK
6
CONTINUOUS
10
0.075559094488189
20
0.9103715354330708
11
0.0770953149606299
21
0.9134439763779527
0
LINE
8
BLACK
6
CONTINUOUS
10
0.0770953149606299
20
0.9134439763779527
11
0.0770953149606299
21
0.9244233464566929
0
LINE
8
BLACK
6
CONTINUOUS
10
0.0770953149606299
20
0.9244233464566929
11
0.075559094488189
21
0.9274957874015748
0
LINE
8
BLACK
6
CONTINUOUS
10
0.075559094488189
20
0.9274957874015748
11
0.0741744094488189
21
0.9288803937007873
0
LINE
8
BLACK
6
CONTINUOUS
10
0.0741744094488189
20
0.9288803937007873
11
0.0711020472440945
21
0.9304165748031495
0
LINE
8
BLACK
6
CONTINUOUS
10
0.0711020472440945
20
0.9304165748031495
11
0.0663094094488189
21
0.9304165748031495
0
LINE
8
BLACK
6
CONTINUOUS
10
0.0663094094488189
20
0.9304165748031495
11
0.063236968503937
21
0.9288803543307086
0
LINE
8
BLACK
6
CONTINUOUS
10
0.2260454724409449
20
0.9358244488188976
11
0.2268601181102362
21
0.9350098031496062
0
LINE
8
BLACK
6
CONTINUOUS
10
0.2268601181102362
20
0.9350098031496062
11
0.2273010236220472
21
0.9339453937007873
0
LINE
8
BLACK
6
CONTINUOUS
10
0.2273010236220472
20
0.9339453937007873
11
0.2273577559055118
21
0.9333693307086613
0
LINE
8
BLACK
6
CONTINUOUS
10
0.2273577559055118
20
0.9333693307086613
11
0.2273577559055118
21
0.9113817322834645
0
LINE
8
BLACK
6
CONTINUOUS
10
0.2273577559055118
20
0.9113817322834645
11
0.2286680708661417
21
0.908761062992126
0
LINE
8
BLACK
6
CONTINUOUS
10
0.2286680708661417
20
0.908761062992126
11
0.2312887795275591
21
0.9074507086614173
0
LINE
8
BLACK
6
CONTINUOUS
10
0.2312887795275591
20
0.9074507086614173
11
0.2360814173228346
21
0.9074507086614173
0
LINE
8
BLACK
6
CONTINUOUS
10
0.2360814173228346
20
0.9074507086614173
11
0.2391538582677165
21
0.9089869291338583
0
LINE
8
BLACK
6
CONTINUOUS
10
0.2391538582677165
20
0.9089869291338583
11
0.2400124409448819
21
0.9098455118110236
0
LINE
8
BLACK
6
CONTINUOUS
10
0.2400124409448819
20
0.9098455118110236
11
0.2400124409448819
21
0.9333693307086613
0
LINE
8
BLACK
6
CONTINUOUS
10
0.2400124409448819
20
0.9333693307086613
11
0.2400691732283464
21
0.9339453937007873
0
LINE
8
BLACK
6
CONTINUOUS
10
0.2400691732283464
20
0.9339453937007873
11
0.2405100787401575
21
0.9350098031496062
0
LINE
8
BLACK
6
CONTINUOUS
10
0.2405100787401575
20
0.9350098031496062
11
0.2413247244094488
21
0.9358244488188976
0
LINE
8
BLACK
6
CONTINUOUS
10
0.2413247244094488
20
0.9358244488188976
11
0.2423891338582677
21
0.9362653543307087
0
LINE
8
BLACK
6
CONTINUOUS
10
0.2423891338582677
20
0.9362653543307087
11
0.2435412598425197
21
0.9362653543307087
0
LINE
8
BLACK
6
CONTINUOUS
10
0.2435412598425197
20
0.9362653543307087
11
0.2446056692913386
21
0.9358244488188976
0
LINE
8
BLACK
6
CONTINUOUS
10
0.2446056692913386
20
0.9358244488188976
11
0.2454203149606299
21
0.9350098031496062
0
LINE
8
BLACK
6
CONTINUOUS
10
0.2454203149606299
20
0.9350098031496062
11
0.2458612204724409
21
0.9339453937007873
0
LINE
8
BLACK
6
CONTINUOUS
10
0.2458612204724409
20
0.9339453937007873
11
0.2459179527559055
21
0.9333693307086613
0
LINE
8
BLACK
6
CONTINUOUS
10
0.2459179527559055
20
0.9333693307086613
11
0.2459179527559055
21
0.9044979527559055
0
LINE
8
BLACK
6
CONTINUOUS
10
0.2459179527559055
20
0.9044979527559055
11
0.2458612204724409
21
0.9039218897637795
0
LINE
8
BLACK
6
CONTINUOUS
10
0.2458612204724409
20
0.9039218897637795
11
0.2454203149606299
21
0.9028574803149606
0
LINE
8
BLACK
6
CONTINUOUS
10
0.2454203149606299
20
0.9028574803149606
11
0.2446056692913386
21
0.9020428346456693
0
LINE
8
BLACK
6
CONTINUOUS
10
0.2446056692913386
20
0.9020428346456693
11
0.2435412598425197
21
0.9016019291338583
0
LINE
8
BLACK
6
CONTINUOUS
10
0.2435412598425197
20
0.9016019291338583
11
0.2423891338582677
21
0.9016019291338583
0
LINE
8
BLACK
6
CONTINUOUS
10
0.2423891338582677
20
0.9016019291338583
11
0.2413247244094488
21
0.9020428346456693
0
LINE
8
BLACK
6
CONTINUOUS
10
0.2413247244094488
20
0.9020428346456693
11
0.2405100787401575
21
0.9028574803149606
0
LINE
8
BLACK
6
CONTINUOUS
10
0.2405100787401575
20
0.9028574803149606
11
0.2404397244094488
21
0.9030273228346456
0
LINE
8
BLACK
6
CONTINUOUS
10
0.2404397244094488
20
0.9030273228346456
11
0.2380989763779527
21
0.9018569291338583
0
LINE
8
BLACK
6
CONTINUOUS
10
0.2380989763779527
20
0.9018569291338583
11
0.2375583464566929
21
0.9016500393700787
0
LINE
8
BLACK
6
CONTINUOUS
10
0.2375583464566929
20
0.9016500393700787
11
0.2374525196850394
21
0.9016425590551181
0
LINE
8
BLACK
6
CONTINUOUS
10
0.2374525196850394
20
0.9016425590551181
11
0.2373545275590551
21
0.9016019291338583
0
LINE
8
BLACK
6
CONTINUOUS
10
0.2373545275590551
20
0.9016019291338583
11
0.2367784645669291
21
0.9015451968503937
0
LINE
8
BLACK
6
CONTINUOUS
10
0.2367784645669291
20
0.9015451968503937
11
0.2305917322834646
21
0.9015451968503937
0
LINE
8
BLACK
6
CONTINUOUS
10
0.2305917322834646
20
0.9015451968503937
11
0.2300156692913386
21
0.9016019291338583
0
LINE
8
BLACK
6
CONTINUOUS
10
0.2300156692913386
20
0.9016019291338583
11
0.2299176771653543
21
0.9016425196850394
0
LINE
8
BLACK
6
CONTINUOUS
10
0.2299176771653543
20
0.9016425196850394
11
0.2298118110236221
21
0.9016500393700787
0
LINE
8
BLACK
6
CONTINUOUS
10
0.2298118110236221
20
0.9016500393700787
11
0.2292712204724409
21
0.9018569291338583
0
LINE
8
BLACK
6
CONTINUOUS
10
0.2292712204724409
20
0.9018569291338583
11
0.2251467322834646
21
0.9039191732283465
0
LINE
8
BLACK
6
CONTINUOUS
10
0.2251467322834646
20
0.9039191732283465
11
0.2250503543307087
21
0.903979842519685
0
LINE
8
BLACK
6
CONTINUOUS
10
0.2250503543307087
20
0.903979842519685
11
0.2250049606299213
21
0.9039949606299212
0
LINE
8
BLACK
6
CONTINUOUS
10
0.2250049606299213
20
0.9039949606299212
11
0.2249483858267717
21
0.9040440157480315
0
LINE
8
BLACK
6
CONTINUOUS
10
0.2249483858267717
20
0.9040440157480315
11
0.2246568503937008
21
0.9042275196850393
0
LINE
8
BLACK
6
CONTINUOUS
10
0.2246568503937008
20
0.9042275196850393
11
0.2244141732283464
21
0.9045073622047244
0
LINE
8
BLACK
6
CONTINUOUS
10
0.2244141732283464
20
0.9045073622047244
11
0.2241345669291339
21
0.904749842519685
0
LINE
8
BLACK
6
CONTINUOUS
10
0.2241345669291339
20
0.904749842519685
11
0.223951062992126
21
0.9050413385826771
0
LINE
8
BLACK
6
CONTINUOUS
10
0.223951062992126
20
0.9050413385826771
11
0.2239020078740157
21
0.9050979133858268
0
LINE
8
BLACK
6
CONTINUOUS
10
0.2239020078740157
20
0.9050979133858268
11
0.2238868503937008
21
0.9051433858267717
0
LINE
8
BLACK
6
CONTINUOUS
10
0.2238868503937008
20
0.9051433858267717
11
0.2238262204724409
21
0.90523968503937
0
LINE
8
BLACK
6
CONTINUOUS
10
0.2238262204724409
20
0.90523968503937
11
0.2217639763779528
21
0.9093641732283464
0
LINE
8
BLACK
6
CONTINUOUS
10
0.2217639763779528
20
0.9093641732283464
11
0.2215570866141732
21
0.9099048031496063
0
LINE
8
BLACK
6
CONTINUOUS
10
0.2215570866141732
20
0.9099048031496063
11
0.2215495669291339
21
0.9100106299212598
0
LINE
8
BLACK
6
CONTINUOUS
10
0.2215495669291339
20
0.9100106299212598
11
0.2215089763779527
21
0.9101086220472441
0
LINE
8
BLACK
6
CONTINUOUS
10
0.2215089763779527
20
0.9101086220472441
11
0.2214522440944882
21
0.9106846850393701
0
LINE
8
BLACK
6
CONTINUOUS
10
0.2214522440944882
20
0.9106846850393701
11
0.2214522440944882
21
0.9333693307086613
0
LINE
8
BLACK
6
CONTINUOUS
10
0.2214522440944882
20
0.9333693307086613
11
0.2215089763779527
21
0.9339453937007873
0
LINE
8
BLACK
6
CONTINUOUS
10
0.2215089763779527
20
0.9339453937007873
11
0.2219498818897638
21
0.9350098031496062
0
LINE
8
BLACK
6
CONTINUOUS
10
0.2219498818897638
20
0.9350098031496062
11
0.2227645275590551
21
0.9358244488188976
0
LINE
8
BLACK
6
CONTINUOUS
10
0.2227645275590551
20
0.9358244488188976
11
0.223828937007874
21
0.9362653543307087
0
LINE
8
BLACK
6
CONTINUOUS
10
0.223828937007874
20
0.9362653543307087
11
0.224981062992126
21
0.9362653543307087
0
LINE
8
BLACK
6
CONTINUOUS
10
0.224981062992126
20
0.9362653543307087
11
0.2260454724409449
21
0.9358244488188976
0
LINE
8
BLACK
6
CONTINUOUS
10
0.2785993700787401
20
0.9362653543307087
11
0.2786973622047244
21
0.9362247637795276
0
LINE
8
BLACK
6
CONTINUOUS
10
0.2786973622047244
20
0.9362247637795276
11
0.278803188976378
21
0.9362172440944881
0
LINE
8
BLACK
6
CONTINUOUS
10
0.278803188976378
20
0.9362172440944881
11
0.2793438188976378
21
0.9360103543307087
0
LINE
8
BLACK
6
CONTINUOUS
10
0.2793438188976378
20
0.9360103543307087
11
0.2834683070866142
21
0.9339481102362205
0
LINE
8
BLACK
6
CONTINUOUS
10
0.2834683070866142
20
0.9339481102362205
11
0.2835646062992126
21
0.9338874803149606
0
LINE
8
BLACK
6
CONTINUOUS
10
0.2835646062992126
20
0.9338874803149606
11
0.2836100787401575
21
0.9338723228346456
0
LINE
8
BLACK
6
CONTINUOUS
10
0.2836100787401575
20
0.9338723228346456
11
0.2836666535433071
21
0.9338232677165355
0
LINE
8
BLACK
6
CONTINUOUS
10
0.2836666535433071
20
0.9338232677165355
11
0.2839581496062992
21
0.9336397637795275
0
LINE
8
BLACK
6
CONTINUOUS
10
0.2839581496062992
20
0.9336397637795275
11
0.2842007086614173
21
0.9333600787401575
0
LINE
8
BLACK
6
CONTINUOUS
10
0.2842007086614173
20
0.9333600787401575
11
0.2844804330708661
21
0.9331174803149606
0
LINE
8
BLACK
6
CONTINUOUS
10
0.2844804330708661
20
0.9331174803149606
11
0.284663937007874
21
0.9328259842519685
0
LINE
8
BLACK
6
CONTINUOUS
10
0.284663937007874
20
0.9328259842519685
11
0.284713031496063
21
0.9327693700787402
0
LINE
8
BLACK
6
CONTINUOUS
10
0.284713031496063
20
0.9327693700787402
11
0.2847281496062992
21
0.932723937007874
0
LINE
8
BLACK
6
CONTINUOUS
10
0.2847281496062992
20
0.932723937007874
11
0.2847888188976378
21
0.9326275984251968
0
LINE
8
BLACK
6
CONTINUOUS
10
0.2847888188976378
20
0.9326275984251968
11
0.286851062992126
21
0.9285031496062992
0
LINE
8
BLACK
6
CONTINUOUS
10
0.286851062992126
20
0.9285031496062992
11
0.2870579527559055
21
0.9279625196850394
0
LINE
8
BLACK
6
CONTINUOUS
10
0.2870579527559055
20
0.9279625196850394
11
0.2870654330708661
21
0.9278567322834645
0
LINE
8
BLACK
6
CONTINUOUS
10
0.2870654330708661
20
0.9278567322834645
11
0.287106062992126
21
0.9277587007874015
0
LINE
8
BLACK
6
CONTINUOUS
10
0.287106062992126
20
0.9277587007874015
11
0.2871627952755905
21
0.9271826377952755
0
LINE
8
BLACK
6
CONTINUOUS
10
0.2871627952755905
20
0.9271826377952755
11
0.2871627952755905
21
0.9230581496062992
0
LINE
8
BLACK
6
CONTINUOUS
10
0.2871627952755905
20
0.9230581496062992
11
0.287106062992126
21
0.9224820866141732
0
LINE
8
BLACK
6
CONTINUOUS
10
0.287106062992126
20
0.9224820866141732
11
0.2870654724409449
21
0.9223841338582677
0
LINE
8
BLACK
6
CONTINUOUS
10
0.2870654724409449
20
0.9223841338582677
11
0.2870579527559055
21
0.9222782283464567
0
LINE
8
BLACK
6
CONTINUOUS
10
0.2870579527559055
20
0.9222782283464567
11
0.286851062992126
21
0.9217376377952756
0
LINE
8
BLACK
6
CONTINUOUS
10
0.286851062992126
20
0.9217376377952756
11
0.2847888188976378
21
0.9176131496062991
0
LINE
8
BLACK
6
CONTINUOUS
10
0.2847888188976378
20
0.9176131496062991
11
0.2847281496062992
21
0.917516811023622
0
LINE
8
BLACK
6
CONTINUOUS
10
0.2847281496062992
20
0.917516811023622
11
0.284713031496063
21
0.9174713779527559
0
LINE
8
BLACK
6
CONTINUOUS
10
0.284713031496063
20
0.9174713779527559
11
0.2846639763779528
21
0.917414842519685
0
LINE
8
BLACK
6
CONTINUOUS
10
0.2846639763779528
20
0.917414842519685
11
0.2844804724409449
21
0.9171232677165354
0
LINE
8
BLACK
6
CONTINUOUS
10
0.2844804724409449
20
0.9171232677165354
11
0.2842006299212598
21
0.9168806299212598
0
LINE
8
BLACK
6
CONTINUOUS
10
0.2842006299212598
20
0.9168806299212598
11
0.2839581496062992
21
0.9166009842519685
0
LINE
8
BLACK
6
CONTINUOUS
10
0.2839581496062992
20
0.9166009842519685
11
0.2836666535433071
21
0.9164175196850394
0
LINE
8
BLACK
6
CONTINUOUS
10
0.2836666535433071
20
0.9164175196850394
11
0.2836100787401575
21
0.9163684251968504
0
LINE
8
BLACK
6
CONTINUOUS
10
0.2836100787401575
20
0.9163684251968504
11
0.2835646062992126
21
0.9163533070866141
0
LINE
8
BLACK
6
CONTINUOUS
10
0.2835646062992126
20
0.9163533070866141
11
0.2834683070866142
21
0.9162926377952756
0
LINE
8
BLACK
6
CONTINUOUS
10
0.2834683070866142
20
0.9162926377952756
11
0.2793438188976378
21
0.9142303937007874
0
LINE
8
BLACK
6
CONTINUOUS
10
0.2793438188976378
20
0.9142303937007874
11
0.278803188976378
21
0.9140235039370078
0
LINE
8
BLACK
6
CONTINUOUS
10
0.278803188976378
20
0.9140235039370078
11
0.2786973622047244
21
0.9140160236220473
0
LINE
8
BLACK
6
CONTINUOUS
10
0.2786973622047244
20
0.9140160236220473
11
0.2785993700787401
21
0.9139753937007874
0
LINE
8
BLACK
6
CONTINUOUS
10
0.2785993700787401
20
0.9139753937007874
11
0.2780233070866142
21
0.9139186614173228
0
LINE
8
BLACK
6
CONTINUOUS
10
0.2780233070866142
20
0.9139186614173228
11
0.2684091338582677
21
0.9139186614173228
0
LINE
8
BLACK
6
CONTINUOUS
10
0.2684091338582677
20
0.9139186614173228
11
0.2665403543307087
21
0.9129842913385826
0
LINE
8
BLACK
6
CONTINUOUS
10
0.2665403543307087
20
0.9129842913385826
11
0.2665403543307087
21
0.9113817322834645
0
LINE
8
BLACK
6
CONTINUOUS
10
0.2665403543307087
20
0.9113817322834645
11
0.2678506692913386
21
0.908761062992126
0
LINE
8
BLACK
6
CONTINUOUS
10
0.2678506692913386
20
0.908761062992126
11
0.2704713779527559
21
0.9074507086614173
0
LINE
8
BLACK
6
CONTINUOUS
10
0.2704713779527559
20
0.9074507086614173
11
0.2773262598425197
21
0.9074507086614173
0
LINE
8
BLACK
6
CONTINUOUS
10
0.2773262598425197
20
0.9074507086614173
11
0.2808272834645669
21
0.9092012204724409
0
LINE
8
BLACK
6
CONTINUOUS
10
0.2808272834645669
20
0.9092012204724409
11
0.281367874015748
21
0.9094081102362205
0
LINE
8
BLACK
6
CONTINUOUS
10
0.281367874015748
20
0.9094081102362205
11
0.2825170866141732
21
0.9094897637795275
0
LINE
8
BLACK
6
CONTINUOUS
10
0.2825170866141732
20
0.9094897637795275
11
0.2836100787401575
21
0.9091254330708661
0
LINE
8
BLACK
6
CONTINUOUS
10
0.2836100787401575
20
0.9091254330708661
11
0.2844804330708661
21
0.9083705905511811
0
LINE
8
BLACK
6
CONTINUOUS
10
0.2844804330708661
20
0.9083705905511811
11
0.2849956692913386
21
0.9073400787401574
0
LINE
8
BLACK
6
CONTINUOUS
10
0.2849956692913386
20
0.9073400787401574
11
0.2850773622047244
21
0.9061908661417323
0
LINE
8
BLACK
6
CONTINUOUS
10
0.2850773622047244
20
0.9061908661417323
11
0.284713031496063
21
0.9050979133858268
0
LINE
8
BLACK
6
CONTINUOUS
10
0.284713031496063
20
0.9050979133858268
11
0.2839581496062992
21
0.9042275196850393
0
LINE
8
BLACK
6
CONTINUOUS
10
0.2839581496062992
20
0.9042275196850393
11
0.2834683070866142
21
0.9039191732283465
0
LINE
8
BLACK
6
CONTINUOUS
10
0.2834683070866142
20
0.9039191732283465
11
0.2793438188976378
21
0.9018569291338583
0
LINE
8
BLACK
6
CONTINUOUS
10
0.2793438188976378
20
0.9018569291338583
11
0.278803188976378
21
0.9016500393700787
0
LINE
8
BLACK
6
CONTINUOUS
10
0.278803188976378
20
0.9016500393700787
11
0.2786973622047244
21
0.9016425590551181
0
LINE
8
BLACK
6
CONTINUOUS
10
0.2786973622047244
20
0.9016425590551181
11
0.2785993700787401
21
0.9016019291338583
0
LINE
8
BLACK
6
CONTINUOUS
10
0.2785993700787401
20
0.9016019291338583
11
0.2780233070866142
21
0.9015451968503937
0
LINE
8
BLACK
6
CONTINUOUS
10
0.2780233070866142
20
0.9015451968503937
11
0.2697743307086614
21
0.9015451968503937
0
LINE
8
BLACK
6
CONTINUOUS
10
0.2697743307086614
20
0.9015451968503937
11
0.2691982677165354
21
0.9016019291338583
0
LINE
8
BLACK
6
CONTINUOUS
10
0.2691982677165354
20
0.9016019291338583
11
0.2691002755905512
21
0.9016425196850394
0
LINE
8
BLACK
6
CONTINUOUS
10
0.2691002755905512
20
0.9016425196850394
11
0.2689944094488189
21
0.9016500393700787
0
LINE
8
BLACK
6
CONTINUOUS
10
0.2689944094488189
20
0.9016500393700787
11
0.2684538188976378
21
0.9018569291338583
0
LINE
8
BLACK
6
CONTINUOUS
10
0.2684538188976378
20
0.9018569291338583
11
0.2643293307086614
21
0.9039191732283465
0
LINE
8
BLACK
6
CONTINUOUS
10
0.2643293307086614
20
0.9039191732283465
11
0.2642329527559055
21
0.903979842519685
0
LINE
8
BLACK
6
CONTINUOUS
10
0.2642329527559055
20
0.903979842519685
11
0.2641875590551181
21
0.9039949606299212
0
LINE
8
BLACK
6
CONTINUOUS
10
0.2641875590551181
20
0.9039949606299212
11
0.2641309842519685
21
0.9040440157480315
0
LINE
8
BLACK
6
CONTINUOUS
10
0.2641309842519685
20
0.9040440157480315
11
0.2638394488188976
21
0.9042275196850393
0
LINE
8
BLACK
6
CONTINUOUS
10
0.2638394488188976
20
0.9042275196850393
11
0.2635967716535433
21
0.9045073622047244
0
LINE
8
BLACK
6
CONTINUOUS
10
0.2635967716535433
20
0.9045073622047244
11
0.2633171653543307
21
0.904749842519685
0
LINE
8
BLACK
6
CONTINUOUS
10
0.2633171653543307
20
0.904749842519685
11
0.2631336614173228
21
0.9050413385826771
0
LINE
8
BLACK
6
CONTINUOUS
10
0.2631336614173228
20
0.9050413385826771
11
0.2630846062992126
21
0.9050979133858268
0
LINE
8
BLACK
6
CONTINUOUS
10
0.2630846062992126
20
0.9050979133858268
11
0.2630694488188977
21
0.9051433858267717
0
LINE
8
BLACK
6
CONTINUOUS
10
0.2630694488188977
20
0.9051433858267717
11
0.2630088188976378
21
0.90523968503937
0
LINE
8
BLACK
6
CONTINUOUS
10
0.2630088188976378
20
0.90523968503937
11
0.2609465748031496
21
0.9093641732283464
0
LINE
8
BLACK
6
CONTINUOUS
10
0.2609465748031496
20
0.9093641732283464
11
0.2607396850393701
21
0.9099048031496063
0
LINE
8
BLACK
6
CONTINUOUS
10
0.2607396850393701
20
0.9099048031496063
11
0.2607321653543307
21
0.9100106299212598
0
LINE
8
BLACK
6
CONTINUOUS
10
0.2607321653543307
20
0.9100106299212598
11
0.2606915748031496
21
0.9101086220472441
0
LINE
8
BLACK
6
CONTINUOUS
10
0.2606915748031496
20
0.9101086220472441
11
0.2606348425196851
21
0.9106846850393701
0
LINE
8
BLACK
6
CONTINUOUS
10
0.2606348425196851
20
0.9106846850393701
11
0.2606348425196851
21
0.9333693307086613
0
LINE
8
BLACK
6
CONTINUOUS
10
0.2606348425196851
20
0.9333693307086613
11
0.2606915748031496
21
0.9339453937007873
0
LINE
8
BLACK
6
CONTINUOUS
10
0.2606915748031496
20
0.9339453937007873
11
0.2611324803149606
21
0.9350098031496062
0
LINE
8
BLACK
6
CONTINUOUS
10
0.2611324803149606
20
0.9350098031496062
11
0.261947125984252
21
0.9358244488188976
0
LINE
8
BLACK
6
CONTINUOUS
10
0.261947125984252
20
0.9358244488188976
11
0.2630115354330709
21
0.9362653543307087
0
LINE
8
BLACK
6
CONTINUOUS
10
0.2630115354330709
20
0.9362653543307087
11
0.2641636614173228
21
0.9362653543307087
0
LINE
8
BLACK
6
CONTINUOUS
10
0.2641636614173228
20
0.9362653543307087
11
0.2652280708661418
21
0.9358244488188976
0
LINE
8
BLACK
6
CONTINUOUS
10
0.2652280708661418
20
0.9358244488188976
11
0.265491968503937
21
0.9355605511811024
0
LINE
8
BLACK
6
CONTINUOUS
10
0.265491968503937
20
0.9355605511811024
11
0.2663915748031496
21
0.9360103543307087
0
LINE
8
BLACK
6
CONTINUOUS
10
0.2663915748031496
20
0.9360103543307087
11
0.2669321653543307
21
0.9362172440944881
0
LINE
8
BLACK
6
CONTINUOUS
10
0.2669321653543307
20
0.9362172440944881
11
0.267038031496063
21
0.9362248031496063
0
LINE
8
BLACK
6
CONTINUOUS
10
0.267038031496063
20
0.9362248031496063
11
0.2671360236220472
21
0.9362653543307087
0
LINE
8
BLACK
6
CONTINUOUS
10
0.2671360236220472
20
0.9362653543307087
11
0.2677120866141732
21
0.9363220866141732
0
LINE
8
BLACK
6
CONTINUOUS
10
0.2677120866141732
20
0.9363220866141732
11
0.2780233070866142
21
0.9363220866141732
0
LINE
8
BLACK
6
CONTINUOUS
10
0.2780233070866142
20
0.9363220866141732
11
0.2785993700787401
21
0.9362653543307087
0
LINE
8
BLACK
6
CONTINUOUS
10
0.2665403543307087
20
0.9294822047244095
11
0.2665403543307087
21
0.9195694094488189
0
LINE
8
BLACK
6
CONTINUOUS
10
0.2665403543307087
20
0.9195694094488189
11
0.2669321653543307
21
0.9197193307086614
0
LINE
8
BLACK
6
CONTINUOUS
10
0.2669321653543307
20
0.9197193307086614
11
0.267038031496063
21
0.9197268897637795
0
LINE
8
BLACK
6
CONTINUOUS
10
0.267038031496063
20
0.9197268897637795
11
0.2671360236220472
21
0.9197674409448818
0
LINE
8
BLACK
6
CONTINUOUS
10
0.2671360236220472
20
0.9197674409448818
11
0.2677120866141732
21
0.9198241732283464
0
LINE
8
BLACK
6
CONTINUOUS
10
0.2677120866141732
20
0.9198241732283464
11
0.2773262598425197
21
0.9198241732283464
0
LINE
8
BLACK
6
CONTINUOUS
10
0.2773262598425197
20
0.9198241732283464
11
0.2799469291338583
21
0.9211345275590551
0
LINE
8
BLACK
6
CONTINUOUS
10
0.2799469291338583
20
0.9211345275590551
11
0.2812572834645669
21
0.9237551968503936
0
LINE
8
BLACK
6
CONTINUOUS
10
0.2812572834645669
20
0.9237551968503936
11
0.2812572834645669
21
0.9264855511811023
0
LINE
8
BLACK
6
CONTINUOUS
10
0.2812572834645669
20
0.9264855511811023
11
0.2799469291338583
21
0.9291062598425197
0
LINE
8
BLACK
6
CONTINUOUS
10
0.2799469291338583
20
0.9291062598425197
11
0.2773262598425197
21
0.9304165748031495
0
LINE
8
BLACK
6
CONTINUOUS
10
0.2773262598425197
20
0.9304165748031495
11
0.2684091338582677
21
0.9304165748031495
0
LINE
8
BLACK
6
CONTINUOUS
10
0.2684091338582677
20
0.9304165748031495
11
0.2665403543307087
21
0.9294822047244095
0
LINE
8
BLACK
6
CONTINUOUS
10
0.3044107086614173
20
0.9358244488188976
11
0.3052253543307086
21
0.9350098031496062
0
LINE
8
BLACK
6
CONTINUOUS
10
0.3052253543307086
20
0.9350098031496062
11
0.3056662598425197
21
0.9339453937007873
0
LINE
8
BLACK
6
CONTINUOUS
10
0.3056662598425197
20
0.9339453937007873
11
0.3057229921259842
21
0.9333693307086613
0
LINE
8
BLACK
6
CONTINUOUS
10
0.3057229921259842
20
0.9333693307086613
11
0.3057229921259842
21
0.9113817322834645
0
LINE
8
BLACK
6
CONTINUOUS
10
0.3057229921259842
20
0.9113817322834645
11
0.3070333070866142
21
0.908761062992126
0
LINE
8
BLACK
6
CONTINUOUS
10
0.3070333070866142
20
0.908761062992126
11
0.3096540157480315
21
0.9074507086614173
0
LINE
8
BLACK
6
CONTINUOUS
10
0.3096540157480315
20
0.9074507086614173
11
0.3144466141732283
21
0.9074507086614173
0
LINE
8
BLACK
6
CONTINUOUS
10
0.3144466141732283
20
0.9074507086614173
11
0.3170672834645669
21
0.908761062992126
0
LINE
8
BLACK
6
CONTINUOUS
10
0.3170672834645669
20
0.908761062992126
11
0.3183776377952756
21
0.9113817322834645
0
LINE
8
BLACK
6
CONTINUOUS
10
0.3183776377952756
20
0.9113817322834645
11
0.3183776377952756
21
0.9333693307086613
0
LINE
8
BLACK
6
CONTINUOUS
10
0.3183776377952756
20
0.9333693307086613
11
0.3184343700787401
21
0.9339453937007873
0
LINE
8
BLACK
6
CONTINUOUS
10
0.3184343700787401
20
0.9339453937007873
11
0.3188752755905512
21
0.9350098031496062
0
LINE
8
BLACK
6
CONTINUOUS
10
0.3188752755905512
20
0.9350098031496062
11
0.3196899212598425
21
0.9358244488188976
0
LINE
8
BLACK
6
CONTINUOUS
10
0.3196899212598425
20
0.9358244488188976
11
0.3207543307086614
21
0.9362653543307087
0
LINE
8
BLACK
6
CONTINUOUS
10
0.3207543307086614
20
0.9362653543307087
11
0.3219064566929134
21
0.9362653543307087
0
LINE
8
BLACK
6
CONTINUOUS
10
0.3219064566929134
20
0.9362653543307087
11
0.3229708661417323
21
0.9358244488188976
0
LINE
8
BLACK
6
CONTINUOUS
10
0.3229708661417323
20
0.9358244488188976
11
0.3237855118110236
21
0.9350098031496062
0
LINE
8
BLACK
6
CONTINUOUS
10
0.3237855118110236
20
0.9350098031496062
11
0.3242264173228346
21
0.9339453937007873
0
LINE
8
BLACK
6
CONTINUOUS
10
0.3242264173228346
20
0.9339453937007873
11
0.3242831496062992
21
0.9333693307086613
0
LINE
8
BLACK
6
CONTINUOUS
10
0.3242831496062992
20
0.9333693307086613
11
0.3242831496062992
21
0.9113817322834645
0
LINE
8
BLACK
6
CONTINUOUS
10
0.3242831496062992
20
0.9113817322834645
11
0.3255934645669291
21
0.908761062992126
0
LINE
8
BLACK
6
CONTINUOUS
10
0.3255934645669291
20
0.908761062992126
11
0.3282141732283465
21
0.9074507086614173
0
LINE
8
BLACK
6
CONTINUOUS
10
0.3282141732283465
20
0.9074507086614173
11
0.3330068110236221
21
0.9074507086614173
0
LINE
8
BLACK
6
CONTINUOUS
10
0.3330068110236221
20
0.9074507086614173
11
0.3360792519685039
21
0.9089869291338583
0
LINE
8
BLACK
6
CONTINUOUS
10
0.3360792519685039
20
0.9089869291338583
11
0.3369378346456693
21
0.9098455118110236
0
LINE
8
BLACK
6
CONTINUOUS
10
0.3369378346456693
20
0.9098455118110236
11
0.3369378346456693
21
0.9333693307086613
0
LINE
8
BLACK
6
CONTINUOUS
10
0.3369378346456693
20
0.9333693307086613
11
0.3369945669291339
21
0.9339453937007873
0
LINE
8
BLACK
6
CONTINUOUS
10
0.3369945669291339
20
0.9339453937007873
11
0.3374354724409449
21
0.9350098031496062
0
LINE
8
BLACK
6
CONTINUOUS
10
0.3374354724409449
20
0.9350098031496062
11
0.3382501181102362
21
0.9358244488188976
0
LINE
8
BLACK
6
CONTINUOUS
10
0.3382501181102362
20
0.9358244488188976
11
0.3393145275590551
21
0.9362653543307087
0
LINE
8
BLACK
6
CONTINUOUS
10
0.3393145275590551
20
0.9362653543307087
11
0.3404666535433071
21
0.9362653543307087
0
LINE
8
BLACK
6
CONTINUOUS
10
0.3404666535433071
20
0.9362653543307087
11
0.341531062992126
21
0.9358244488188976
0
LINE
8
BLACK
6
CONTINUOUS
10
0.341531062992126
20
0.9358244488188976
11
0.3423457086614173
21
0.9350098031496062
0
LINE
8
BLACK
6
CONTINUOUS
10
0.3423457086614173
20
0.9350098031496062
11
0.3427866141732284
21
0.9339453937007873
0
LINE
8
BLACK
6
CONTINUOUS
10
0.3427866141732284
20
0.9339453937007873
11
0.3428433464566929
21
0.9333693307086613
0
LINE
8
BLACK
6
CONTINUOUS
10
0.3428433464566929
20
0.9333693307086613
11
0.3428433464566929
21
0.9044979527559055
0
LINE
8
BLACK
6
CONTINUOUS
10
0.3428433464566929
20
0.9044979527559055
11
0.3427866141732284
21
0.9039218897637795
0
LINE
8
BLACK
6
CONTINUOUS
10
0.3427866141732284
20
0.9039218897637795
11
0.3423457086614173
21
0.9028574803149606
0
LINE
8
BLACK
6
CONTINUOUS
10
0.3423457086614173
20
0.9028574803149606
11
0.341531062992126
21
0.9020428346456693
0
LINE
8
BLACK
6
CONTINUOUS
10
0.341531062992126
20
0.9020428346456693
11
0.3404666535433071
21
0.9016019291338583
0
LINE
8
BLACK
6
CONTINUOUS
10
0.3404666535433071
20
0.9016019291338583
11
0.3393145275590551
21
0.9016019291338583
0
LINE
8
BLACK
6
CONTINUOUS
10
0.3393145275590551
20
0.9016019291338583
11
0.3382501181102362
21
0.9020428346456693
0
LINE
8
BLACK
6
CONTINUOUS
10
0.3382501181102362
20
0.9020428346456693
11
0.3374354724409449
21
0.9028574803149606
0
LINE
8
BLACK
6
CONTINUOUS
10
0.3374354724409449
20
0.9028574803149606
11
0.3373651181102362
21
0.9030273228346456
0
LINE
8
BLACK
6
CONTINUOUS
10
0.3373651181102362
20
0.9030273228346456
11
0.3350243700787401
21
0.9018569291338583
0
LINE
8
BLACK
6
CONTINUOUS
10
0.3350243700787401
20
0.9018569291338583
11
0.3344837401574803
21
0.9016500393700787
0
LINE
8
BLACK
6
CONTINUOUS
10
0.3344837401574803
20
0.9016500393700787
11
0.3343779133858268
21
0.9016425590551181
0
LINE
8
BLACK
6
CONTINUOUS
10
0.3343779133858268
20
0.9016425590551181
11
0.3342799212598425
21
0.9016019291338583
0
LINE
8
BLACK
6
CONTINUOUS
10
0.3342799212598425
20
0.9016019291338583
11
0.3337038582677165
21
0.9015451968503937
0
LINE
8
BLACK
6
CONTINUOUS
10
0.3337038582677165
20
0.9015451968503937
11
0.327517125984252
21
0.9015451968503937
0
LINE
8
BLACK
6
CONTINUOUS
10
0.327517125984252
20
0.9015451968503937
11
0.326941062992126
21
0.9016019291338583
0
LINE
8
BLACK
6
CONTINUOUS
10
0.326941062992126
20
0.9016019291338583
11
0.3268430708661417
21
0.9016425196850394
0
LINE
8
BLACK
6
CONTINUOUS
10
0.3268430708661417
20
0.9016425196850394
11
0.3267372047244094
21
0.9016500393700787
0
LINE
8
BLACK
6
CONTINUOUS
10
0.3267372047244094
20
0.9016500393700787
11
0.3261966141732283
21
0.9018569291338583
0
LINE
8
BLACK
6
CONTINUOUS
10
0.3261966141732283
20
0.9018569291338583
11
0.3220721259842519
21
0.9039191732283465
0
LINE
8
BLACK
6
CONTINUOUS
10
0.3220721259842519
20
0.9039191732283465
11
0.321975748031496
21
0.903979842519685
0
LINE
8
BLACK
6
CONTINUOUS
10
0.321975748031496
20
0.903979842519685
11
0.3219303543307087
21
0.9039949606299212
0
LINE
8
BLACK
6
CONTINUOUS
10
0.3219303543307087
20
0.9039949606299212
11
0.321873779527559
21
0.9040440157480315
0
LINE
8
BLACK
6
CONTINUOUS
10
0.321873779527559
20
0.9040440157480315
11
0.3215822440944882
21
0.9042275196850393
0
LINE
8
BLACK
6
CONTINUOUS
10
0.3215822440944882
20
0.9042275196850393
11
0.3213395669291338
21
0.9045073622047244
0
LINE
8
BLACK
6
CONTINUOUS
10
0.3213395669291338
20
0.9045073622047244
11
0.3213303937007874
21
0.9045153149606299
0
LINE
8
BLACK
6
CONTINUOUS
10
0.3213303937007874
20
0.9045153149606299
11
0.3213209842519685
21
0.9045071653543307
0
LINE
8
BLACK
6
CONTINUOUS
10
0.3213209842519685
20
0.9045071653543307
11
0.3210785039370079
21
0.9042275196850393
0
LINE
8
BLACK
6
CONTINUOUS
10
0.3210785039370079
20
0.9042275196850393
11
0.3207870078740158
21
0.9040440551181103
0
LINE
8
BLACK
6
CONTINUOUS
10
0.3207870078740158
20
0.9040440551181103
11
0.3207304330708661
21
0.9039949606299212
0
LINE
8
BLACK
6
CONTINUOUS
10
0.3207304330708661
20
0.9039949606299212
11
0.3206849606299212
21
0.903979842519685
0
LINE
8
BLACK
6
CONTINUOUS
10
0.3206849606299212
20
0.903979842519685
11
0.3205886614173228
21
0.9039191732283465
0
LINE
8
BLACK
6
CONTINUOUS
10
0.3205886614173228
20
0.9039191732283465
11
0.3164641732283465
21
0.9018569291338583
0
LINE
8
BLACK
6
CONTINUOUS
10
0.3164641732283465
20
0.9018569291338583
11
0.3159235433070866
21
0.9016500393700787
0
LINE
8
BLACK
6
CONTINUOUS
10
0.3159235433070866
20
0.9016500393700787
11
0.3158177165354331
21
0.9016425590551181
0
LINE
8
BLACK
6
CONTINUOUS
10
0.3158177165354331
20
0.9016425590551181
11
0.3157197244094488
21
0.9016019291338583
0
LINE
8
BLACK
6
CONTINUOUS
10
0.3157197244094488
20
0.9016019291338583
11
0.3151436614173228
21
0.9015451968503937
0
LINE
8
BLACK
6
CONTINUOUS
10
0.3151436614173228
20
0.9015451968503937
11
0.3089569291338582
21
0.9015451968503937
0
LINE
8
BLACK
6
CONTINUOUS
10
0.3089569291338582
20
0.9015451968503937
11
0.3083808661417323
21
0.9016019291338583
0
LINE
8
BLACK
6
CONTINUOUS
10
0.3083808661417323
20
0.9016019291338583
11
0.3082828346456693
21
0.9016425590551181
0
LINE
8
BLACK
6
CONTINUOUS
10
0.3082828346456693
20
0.9016425590551181
11
0.3081770472440945
21
0.9016500393700787
0
LINE
8
BLACK
6
CONTINUOUS
10
0.3081770472440945
20
0.9016500393700787
11
0.3076364173228346
21
0.9018569291338583
0
LINE
8
BLACK
6
CONTINUOUS
10
0.3076364173228346
20
0.9018569291338583
11
0.303511968503937
21
0.9039191732283465
0
LINE
8
BLACK
6
CONTINUOUS
10
0.303511968503937
20
0.9039191732283465
11
0.3034156299212598
21
0.903979842519685
0
LINE
8
BLACK
6
CONTINUOUS
10
0.3034156299212598
20
0.903979842519685
11
0.3033701968503937
21
0.9039949606299212
0
LINE
8
BLACK
6
CONTINUOUS
10
0.3033701968503937
20
0.9039949606299212
11
0.3033135826771653
21
0.9040440551181103
0
LINE
8
BLACK
6
CONTINUOUS
10
0.3033135826771653
20
0.9040440551181103
11
0.3030220866141732
21
0.9042275590551181
0
LINE
8
BLACK
6
CONTINUOUS
10
0.3030220866141732
20
0.9042275590551181
11
0.3027794881889764
21
0.9045072834645669
0
LINE
8
BLACK
6
CONTINUOUS
10
0.3027794881889764
20
0.9045072834645669
11
0.3024998031496063
21
0.904749842519685
0
LINE
8
BLACK
6
CONTINUOUS
10
0.3024998031496063
20
0.904749842519685
11
0.3023162992125984
21
0.9050413385826771
0
LINE
8
BLACK
6
CONTINUOUS
10
0.3023162992125984
20
0.9050413385826771
11
0.3022672440944882
21
0.9050979133858268
0
LINE
8
BLACK
6
CONTINUOUS
10
0.3022672440944882
20
0.9050979133858268
11
0.3022520866141732
21
0.9051433858267717
0
LINE
8
BLACK
6
CONTINUOUS
10
0.3022520866141732
20
0.9051433858267717
11
0.3021914566929134
21
0.90523968503937
0
LINE
8
BLACK
6
CONTINUOUS
10
0.3021914566929134
20
0.90523968503937
11
0.3001292125984252
21
0.9093641732283464
0
LINE
8
BLACK
6
CONTINUOUS
10
0.3001292125984252
20
0.9093641732283464
11
0.2999223228346456
21
0.9099048031496063
0
LINE
8
BLACK
6
CONTINUOUS
10
0.2999223228346456
20
0.9099048031496063
11
0.2999148031496063
21
0.9100106299212598
0
LINE
8
BLACK
6
CONTINUOUS
10
0.2999148031496063
20
0.9100106299212598
11
0.2998742125984252
21
0.9101086220472441
0
LINE
8
BLACK
6
CONTINUOUS
10
0.2998742125984252
20
0.9101086220472441
11
0.2998174803149606
21
0.9106846850393701
0
LINE
8
BLACK
6
CONTINUOUS
10
0.2998174803149606
20
0.9106846850393701
11
0.2998174803149606
21
0.9333693307086613
0
LINE
8
BLACK
6
CONTINUOUS
10
0.2998174803149606
20
0.9333693307086613
11
0.2998742125984252
21
0.9339453937007873
0
LINE
8
BLACK
6
CONTINUOUS
10
0.2998742125984252
20
0.9339453937007873
11
0.3003151181102362
21
0.9350098031496062
0
LINE
8
BLACK
6
CONTINUOUS
10
0.3003151181102362
20
0.9350098031496062
11
0.3011297637795275
21
0.9358244488188976
0
LINE
8
BLACK
6
CONTINUOUS
10
0.3011297637795275
20
0.9358244488188976
11
0.3021941732283465
21
0.9362653543307087
0
LINE
8
BLACK
6
CONTINUOUS
10
0.3021941732283465
20
0.9362653543307087
11
0.3033462992125984
21
0.9362653543307087
0
LINE
8
BLACK
6
CONTINUOUS
10
0.3033462992125984
20
0.9362653543307087
11
0.3044107086614173
21
0.9358244488188976
0
LINE
8
BLACK
6
CONTINUOUS
10
0.3734625196850394
20
0.9362653543307087
11
0.3735605118110236
21
0.9362247637795276
0
LINE
8
BLACK
6
CONTINUOUS
10
0.3735605118110236
20
0.9362247637795276
11
0.3736663385826772
21
0.9362172440944881
0
LINE
8
BLACK
6
CONTINUOUS
10
0.3736663385826772
20
0.9362172440944881
11
0.374206968503937
21
0.9360103543307087
0
LINE
8
BLACK
6
CONTINUOUS
10
0.374206968503937
20
0.9360103543307087
11
0.3783314566929134
21
0.9339481102362205
0
LINE
8
BLACK
6
CONTINUOUS
10
0.3783314566929134
20
0.9339481102362205
11
0.3785792913385826
21
0.933792125984252
0
LINE
8
BLACK
6
CONTINUOUS
10
0.3785792913385826
20
0.933792125984252
11
0.3786513779527559
21
0.9337622440944882
0
LINE
8
BLACK
6
CONTINUOUS
10
0.3786513779527559
20
0.9337622440944882
11
0.3787325590551181
21
0.9336956299212599
0
LINE
8
BLACK
6
CONTINUOUS
10
0.3787325590551181
20
0.9336956299212599
11
0.3788212992125984
21
0.9336397637795275
0
LINE
8
BLACK
6
CONTINUOUS
10
0.3788212992125984
20
0.9336397637795275
11
0.3788722834645669
21
0.9335809448818897
0
LINE
8
BLACK
6
CONTINUOUS
10
0.3788722834645669
20
0.9335809448818897
11
0.3790988582677166
21
0.9333950393700787
0
LINE
8
BLACK
6
CONTINUOUS
10
0.3790988582677166
20
0.9333950393700787
11
0.381161062992126
21
0.9313328346456693
0
LINE
8
BLACK
6
CONTINUOUS
10
0.381161062992126
20
0.9313328346456693
11
0.3813468110236221
21
0.9311064960629921
0
LINE
8
BLACK
6
CONTINUOUS
10
0.3813468110236221
20
0.9311064960629921
11
0.3814058661417323
21
0.9310552755905511
0
LINE
8
BLACK
6
CONTINUOUS
10
0.3814058661417323
20
0.9310552755905511
11
0.3814618503937008
21
0.9309663385826772
0
LINE
8
BLACK
6
CONTINUOUS
10
0.3814618503937008
20
0.9309663385826772
11
0.3815283070866142
21
0.9308853543307086
0
LINE
8
BLACK
6
CONTINUOUS
10
0.3815283070866142
20
0.9308853543307086
11
0.3815581102362204
21
0.9308134251968504
0
LINE
8
BLACK
6
CONTINUOUS
10
0.3815581102362204
20
0.9308134251968504
11
0.3817142125984252
21
0.9305653937007874
0
LINE
8
BLACK
6
CONTINUOUS
10
0.3817142125984252
20
0.9305653937007874
11
0.3837764566929134
21
0.926440905511811
0
LINE
8
BLACK
6
CONTINUOUS
10
0.3837764566929134
20
0.926440905511811
11
0.3839833464566929
21
0.9259003149606299
0
LINE
8
BLACK
6
CONTINUOUS
10
0.3839833464566929
20
0.9259003149606299
11
0.3839908661417323
21
0.9257944488188976
0
LINE
8
BLACK
6
CONTINUOUS
10
0.3839908661417323
20
0.9257944488188976
11
0.3840314566929134
21
0.9256964566929133
0
LINE
8
BLACK
6
CONTINUOUS
10
0.3840314566929134
20
0.9256964566929133
11
0.3840881889763779
21
0.9251203937007874
0
LINE
8
BLACK
6
CONTINUOUS
10
0.3840881889763779
20
0.9251203937007874
11
0.3840881889763779
21
0.9127469291338582
0
LINE
8
BLACK
6
CONTINUOUS
10
0.3840881889763779
20
0.9127469291338582
11
0.3840314566929134
21
0.9121708661417323
0
LINE
8
BLACK
6
CONTINUOUS
10
0.3840314566929134
20
0.9121708661417323
11
0.3839908661417323
21
0.9120729133858267
0
LINE
8
BLACK
6
CONTINUOUS
10
0.3839908661417323
20
0.9120729133858267
11
0.3839833464566929
21
0.9119670078740157
0
LINE
8
BLACK
6
CONTINUOUS
10
0.3839833464566929
20
0.9119670078740157
11
0.3837764566929134
21
0.9114264173228346
0
LINE
8
BLACK
6
CONTINUOUS
10
0.3837764566929134
20
0.9114264173228346
11
0.3817142125984252
21
0.9073019291338582
0
LINE
8
BLACK
6
CONTINUOUS
10
0.3817142125984252
20
0.9073019291338582
11
0.3815581889763779
21
0.9070541338582677
0
LINE
8
BLACK
6
CONTINUOUS
10
0.3815581889763779
20
0.9070541338582677
11
0.3815283464566929
21
0.906981968503937
0
LINE
8
BLACK
6
CONTINUOUS
10
0.3815283464566929
20
0.906981968503937
11
0.3814617322834646
21
0.9069008267716535
0
LINE
8
BLACK
6
CONTINUOUS
10
0.3814617322834646
20
0.9069008267716535
11
0.3814058661417323
21
0.9068120472440945
0
LINE
8
BLACK
6
CONTINUOUS
10
0.3814058661417323
20
0.9068120472440945
11
0.3813469291338583
21
0.9067609448818897
0
LINE
8
BLACK
6
CONTINUOUS
10
0.3813469291338583
20
0.9067609448818897
11
0.3811611023622047
21
0.9065345275590551
0
LINE
8
BLACK
6
CONTINUOUS
10
0.3811611023622047
20
0.9065345275590551
11
0.3790988582677166
21
0.9044722834645669
0
LINE
8
BLACK
6
CONTINUOUS
10
0.3790988582677166
20
0.9044722834645669
11
0.3788723622047244
21
0.9042864566929134
0
LINE
8
BLACK
6
CONTINUOUS
10
0.3788723622047244
20
0.9042864566929134
11
0.3788212992125984
21
0.9042275196850393
0
LINE
8
BLACK
6
CONTINUOUS
10
0.3788212992125984
20
0.9042275196850393
11
0.3787324803149606
21
0.9041716535433071
0
LINE
8
BLACK
6
CONTINUOUS
10
0.3787324803149606
20
0.9041716535433071
11
0.3786514173228346
21
0.9041050787401574
0
LINE
8
BLACK
6
CONTINUOUS
10
0.3786514173228346
20
0.9041050787401574
11
0.3785793700787402
21
0.9040752755905511
0
LINE
8
BLACK
6
CONTINUOUS
10
0.3785793700787402
20
0.9040752755905511
11
0.3783314566929134
21
0.9039191732283465
0
LINE
8
BLACK
6
CONTINUOUS
10
0.3783314566929134
20
0.9039191732283465
11
0.374206968503937
21
0.9018569291338583
0
LINE
8
BLACK
6
CONTINUOUS
10
0.374206968503937
20
0.9018569291338583
11
0.3736663385826772
21
0.9016500393700787
0
LINE
8
BLACK
6
CONTINUOUS
10
0.3736663385826772
20
0.9016500393700787
11
0.3735605118110236
21
0.9016425590551181
0
LINE
8
BLACK
6
CONTINUOUS
10
0.3735605118110236
20
0.9016425590551181
11
0.3734625196850394
21
0.9016019291338583
0
LINE
8
BLACK
6
CONTINUOUS
10
0.3734625196850394
20
0.9016019291338583
11
0.3728864566929134
21
0.9015451968503937
0
LINE
8
BLACK
6
CONTINUOUS
10
0.3728864566929134
20
0.9015451968503937
11
0.3666997244094488
21
0.9015451968503937
0
LINE
8
BLACK
6
CONTINUOUS
10
0.3666997244094488
20
0.9015451968503937
11
0.3661236614173228
21
0.9016019291338583
0
LINE
8
BLACK
6
CONTINUOUS
10
0.3661236614173228
20
0.9016019291338583
11
0.3660256692913386
21
0.9016425196850394
0
LINE
8
BLACK
6
CONTINUOUS
10
0.3660256692913386
20
0.9016425196850394
11
0.3659198031496063
21
0.9016500393700787
0
LINE
8
BLACK
6
CONTINUOUS
10
0.3659198031496063
20
0.9016500393700787
11
0.3653792125984252
21
0.9018569291338583
0
LINE
8
BLACK
6
CONTINUOUS
10
0.3653792125984252
20
0.9018569291338583
11
0.3612547244094488
21
0.9039191732283465
0
LINE
8
BLACK
6
CONTINUOUS
10
0.3612547244094488
20
0.9039191732283465
11
0.3610068897637795
21
0.9040751968503937
0
LINE
8
BLACK
6
CONTINUOUS
10
0.3610068897637795
20
0.9040751968503937
11
0.3609347637795275
21
0.9041050393700787
0
LINE
8
BLACK
6
CONTINUOUS
10
0.3609347637795275
20
0.9041050393700787
11
0.3608535826771653
21
0.9041716535433071
0
LINE
8
BLACK
6
CONTINUOUS
10
0.3608535826771653
20
0.9041716535433071
11
0.360764842519685
21
0.9042275196850393
0
LINE
8
BLACK
6
CONTINUOUS
10
0.360764842519685
20
0.9042275196850393
11
0.3607137007874016
21
0.9042864566929134
0
LINE
8
BLACK
6
CONTINUOUS
10
0.3607137007874016
20
0.9042864566929134
11
0.3604873228346457
21
0.9044722834645669
0
LINE
8
BLACK
6
CONTINUOUS
10
0.3604873228346457
20
0.9044722834645669
11
0.3584250787401575
21
0.9065345275590551
0
LINE
8
BLACK
6
CONTINUOUS
10
0.3584250787401575
20
0.9065345275590551
11
0.3582392125984252
21
0.9067610236220472
0
LINE
8
BLACK
6
CONTINUOUS
10
0.3582392125984252
20
0.9067610236220472
11
0.3581803149606299
21
0.9068120866141732
0
LINE
8
BLACK
6
CONTINUOUS
10
0.3581803149606299
20
0.9068120866141732
11
0.3581244094488189
21
0.906900905511811
0
LINE
8
BLACK
6
CONTINUOUS
10
0.3581244094488189
20
0.906900905511811
11
0.358057874015748
21
0.906981968503937
0
LINE
8
BLACK
6
CONTINUOUS
10
0.358057874015748
20
0.906981968503937
11
0.358028031496063
21
0.9070540157480315
0
LINE
8
BLACK
6
CONTINUOUS
10
0.358028031496063
20
0.9070540157480315
11
0.357871968503937
21
0.9073019291338582
0
LINE
8
BLACK
6
CONTINUOUS
10
0.357871968503937
20
0.9073019291338582
11
0.3558097244094488
21
0.9114264173228346
0
LINE
8
BLACK
6
CONTINUOUS
10
0.3558097244094488
20
0.9114264173228346
11
0.3556028346456693
21
0.9119670472440945
0
LINE
8
BLACK
6
CONTINUOUS
10
0.3556028346456693
20
0.9119670472440945
11
0.3555953149606299
21
0.912072874015748
0
LINE
8
BLACK
6
CONTINUOUS
10
0.3555953149606299
20
0.912072874015748
11
0.3555547244094488
21
0.9121708661417323
0
LINE
8
BLACK
6
CONTINUOUS
10
0.3555547244094488
20
0.9121708661417323
11
0.3554979921259843
21
0.9127469291338582
0
LINE
8
BLACK
6
CONTINUOUS
10
0.3554979921259843
20
0.9127469291338582
11
0.3554979921259843
21
0.9251203937007874
0
LINE
8
BLACK
6
CONTINUOUS
10
0.3554979921259843
20
0.9251203937007874
11
0.3555547244094488
21
0.9256964566929133
0
LINE
8
BLACK
6
CONTINUOUS
10
0.3555547244094488
20
0.9256964566929133
11
0.3555953149606299
21
0.9257944881889764
0
LINE
8
BLACK
6
CONTINUOUS
10
0.3555953149606299
20
0.9257944881889764
11
0.3556028346456693
21
0.9259002755905512
0
LINE
8
BLACK
6
CONTINUOUS
10
0.3556028346456693
20
0.9259002755905512
11
0.3558097244094488
21
0.926440905511811
0
LINE
8
BLACK
6
CONTINUOUS
10
0.3558097244094488
20
0.926440905511811
11
0.357871968503937
21
0.9305653937007874
0
LINE
8
BLACK
6
CONTINUOUS
10
0.357871968503937
20
0.9305653937007874
11
0.358028031496063
21
0.9308133464566929
0
LINE
8
BLACK
6
CONTINUOUS
10
0.358028031496063
20
0.9308133464566929
11
0.358057874015748
21
0.9308853543307086
0
LINE
8
BLACK
6
CONTINUOUS
10
0.358057874015748
20
0.9308853543307086
11
0.3581244094488189
21
0.9309664960629921
0
LINE
8
BLACK
6
CONTINUOUS
10
0.3581244094488189
20
0.9309664960629921
11
0.3581803149606299
21
0.9310552362204724
0
LINE
8
BLACK
6
CONTINUOUS
10
0.3581803149606299
20
0.9310552362204724
11
0.3582391338582677
21
0.9311062992125984
0
LINE
8
BLACK
6
CONTINUOUS
10
0.3582391338582677
20
0.9311062992125984
11
0.3584250787401575
21
0.9313328346456693
0
LINE
8
BLACK
6
CONTINUOUS
10
0.3584250787401575
20
0.9313328346456693
11
0.3604873228346457
21
0.933395
0
LINE
8
BLACK
6
CONTINUOUS
10
0.3604873228346457
20
0.933395
11
0.3607136614173228
21
0.9335807874015748
0
LINE
8
BLACK
6
CONTINUOUS
10
0.3607136614173228
20
0.9335807874015748
11
0.360764842519685
21
0.9336397637795275
0
LINE
8
BLACK
6
CONTINUOUS
10
0.360764842519685
20
0.9336397637795275
11
0.3608537401574803
21
0.933695748031496
0
LINE
8
BLACK
6
CONTINUOUS
10
0.3608537401574803
20
0.933695748031496
11
0.3609348031496063
21
0.9337622440944882
0
LINE
8
BLACK
6
CONTINUOUS
10
0.3609348031496063
20
0.9337622440944882
11
0.361006811023622
21
0.9337920866141732
0
LINE
8
BLACK
6
CONTINUOUS
10
0.361006811023622
20
0.9337920866141732
11
0.3612547244094488
21
0.9339481102362205
0
LINE
8
BLACK
6
CONTINUOUS
10
0.3612547244094488
20
0.9339481102362205
11
0.3653792125984252
21
0.9360103543307087
0
LINE
8
BLACK
6
CONTINUOUS
10
0.3653792125984252
20
0.9360103543307087
11
0.3659198031496063
21
0.9362172440944881
0
LINE
8
BLACK
6
CONTINUOUS
10
0.3659198031496063
20
0.9362172440944881
11
0.3660256692913386
21
0.9362248031496063
0
LINE
8
BLACK
6
CONTINUOUS
10
0.3660256692913386
20
0.9362248031496063
11
0.3661236614173228
21
0.9362653543307087
0
LINE
8
BLACK
6
CONTINUOUS
10
0.3661236614173228
20
0.9362653543307087
11
0.3666997244094488
21
0.9363220866141732
0
LINE
8
BLACK
6
CONTINUOUS
10
0.3666997244094488
20
0.9363220866141732
11
0.3728864566929134
21
0.9363220866141732
0
LINE
8
BLACK
6
CONTINUOUS
10
0.3728864566929134
20
0.9363220866141732
11
0.3734625196850394
21
0.9362653543307087
0
LINE
8
BLACK
6
CONTINUOUS
10
0.3643243307086614
20
0.9288803543307086
11
0.3629396850393701
21
0.9274957086614173
0
LINE
8
BLACK
6
CONTINUOUS
10
0.3629396850393701
20
0.9274957086614173
11
0.3614035039370079
21
0.9244233464566929
0
LINE
8
BLACK
6
CONTINUOUS
10
0.3614035039370079
20
0.9244233464566929
11
0.3614035039370079
21
0.9134439763779527
0
LINE
8
BLACK
6
CONTINUOUS
10
0.3614035039370079
20
0.9134439763779527
11
0.3629397244094488
21
0.9103715354330708
0
LINE
8
BLACK
6
CONTINUOUS
10
0.3629397244094488
20
0.9103715354330708
11
0.3643243307086614
21
0.9089869291338583
0
LINE
8
BLACK
6
CONTINUOUS
10
0.3643243307086614
20
0.9089869291338583
11
0.3673967716535433
21
0.9074507086614173
0
LINE
8
BLACK
6
CONTINUOUS
10
0.3673967716535433
20
0.9074507086614173
11
0.3721894094488189
21
0.9074507086614173
0
LINE
8
BLACK
6
CONTINUOUS
10
0.3721894094488189
20
0.9074507086614173
11
0.3752618503937008
21
0.9089869291338583
0
LINE
8
BLACK
6
CONTINUOUS
10
0.3752618503937008
20
0.9089869291338583
11
0.3766464566929134
21
0.9103715354330708
0
LINE
8
BLACK
6
CONTINUOUS
10
0.3766464566929134
20
0.9103715354330708
11
0.3781826771653543
21
0.9134439763779527
0
LINE
8
BLACK
6
CONTINUOUS
10
0.3781826771653543
20
0.9134439763779527
11
0.3781826771653543
21
0.9244233464566929
0
LINE
8
BLACK
6
CONTINUOUS
10
0.3781826771653543
20
0.9244233464566929
11
0.3766464566929134
21
0.9274957874015748
0
LINE
8
BLACK
6
CONTINUOUS
10
0.3766464566929134
20
0.9274957874015748
11
0.3752617716535433
21
0.9288803937007873
0
LINE
8
BLACK
6
CONTINUOUS
10
0.3752617716535433
20
0.9288803937007873
11
0.3721894094488189
21
0.9304165748031495
0
LINE
8
BLACK
6
CONTINUOUS
10
0.3721894094488189
20
0.9304165748031495
11
0.3673967716535433
21
0.9304165748031495
0
LINE
8
BLACK
6
CONTINUOUS
10
0.3673967716535433
20
0.9304165748031495
11
0.3643243307086614
21
0.9288803543307086
0
LINE
8
BLACK
6
CONTINUOUS
10
0.4075227952755905
20
0.9358244488188976
11
0.4083374409448819
21
0.9350098031496062
0
LINE
8
BLACK
6
CONTINUOUS
10
0.4083374409448819
20
0.9350098031496062
11
0.4087783464566929
21
0.9339453937007873
0
LINE
8
BLACK
6
CONTINUOUS
10
0.4087783464566929
20
0.9339453937007873
11
0.4088350787401575
21
0.9333693307086613
0
LINE
8
BLACK
6
CONTINUOUS
10
0.4088350787401575
20
0.9333693307086613
11
0.4088350787401575
21
0.9044979527559055
0
LINE
8
BLACK
6
CONTINUOUS
10
0.4088350787401575
20
0.9044979527559055
11
0.4087783464566929
21
0.9039218897637795
0
LINE
8
BLACK
6
CONTINUOUS
10
0.4087783464566929
20
0.9039218897637795
11
0.4083374409448819
21
0.9028574803149606
0
LINE
8
BLACK
6
CONTINUOUS
10
0.4083374409448819
20
0.9028574803149606
11
0.4075227952755905
21
0.9020428346456693
0
LINE
8
BLACK
6
CONTINUOUS
10
0.4075227952755905
20
0.9020428346456693
11
0.4064583858267716
21
0.9016019291338583
0
LINE
8
BLACK
6
CONTINUOUS
10
0.4064583858267716
20
0.9016019291338583
11
0.4053062598425197
21
0.9016019291338583
0
LINE
8
BLACK
6
CONTINUOUS
10
0.4053062598425197
20
0.9016019291338583
11
0.4042418503937008
21
0.9020428346456693
0
LINE
8
BLACK
6
CONTINUOUS
10
0.4042418503937008
20
0.9020428346456693
11
0.4034272047244095
21
0.9028574803149606
0
LINE
8
BLACK
6
CONTINUOUS
10
0.4034272047244095
20
0.9028574803149606
11
0.4030029921259842
21
0.9038815354330708
0
LINE
8
BLACK
6
CONTINUOUS
10
0.4030029921259842
20
0.9038815354330708
11
0.3989538582677165
21
0.9018569291338583
0
LINE
8
BLACK
6
CONTINUOUS
10
0.3989538582677165
20
0.9018569291338583
11
0.3984132283464567
21
0.9016500393700787
0
LINE
8
BLACK
6
CONTINUOUS
10
0.3984132283464567
20
0.9016500393700787
11
0.3983074015748032
21
0.9016425590551181
0
LINE
8
BLACK
6
CONTINUOUS
10
0.3983074015748032
20
0.9016425590551181
11
0.3982094094488189
21
0.9016019291338583
0
LINE
8
BLACK
6
CONTINUOUS
10
0.3982094094488189
20
0.9016019291338583
11
0.3976333464566929
21
0.9015451968503937
0
LINE
8
BLACK
6
CONTINUOUS
10
0.3976333464566929
20
0.9015451968503937
11
0.3935088582677165
21
0.9015451968503937
0
LINE
8
BLACK
6
CONTINUOUS
10
0.3935088582677165
20
0.9015451968503937
11
0.3929327952755906
21
0.9016019291338583
0
LINE
8
BLACK
6
CONTINUOUS
10
0.3929327952755906
20
0.9016019291338583
11
0.3918683858267716
21
0.9020428346456693
0
LINE
8
BLACK
6
CONTINUOUS
10
0.3918683858267716
20
0.9020428346456693
11
0.3910537401574803
21
0.9028574803149606
0
LINE
8
BLACK
6
CONTINUOUS
10
0.3910537401574803
20
0.9028574803149606
11
0.3906128346456693
21
0.9039218897637795
0
LINE
8
BLACK
6
CONTINUOUS
10
0.3906128346456693
20
0.9039218897637795
11
0.3906128346456693
21
0.9050740157480315
0
LINE
8
BLACK
6
CONTINUOUS
10
0.3906128346456693
20
0.9050740157480315
11
0.3910537401574803
21
0.9061384251968504
0
LINE
8
BLACK
6
CONTINUOUS
10
0.3910537401574803
20
0.9061384251968504
11
0.3918683858267716
21
0.9069530708661417
0
LINE
8
BLACK
6
CONTINUOUS
10
0.3918683858267716
20
0.9069530708661417
11
0.3929327952755906
21
0.9073939763779527
0
LINE
8
BLACK
6
CONTINUOUS
10
0.3929327952755906
20
0.9073939763779527
11
0.3935088582677165
21
0.9074507086614173
0
LINE
8
BLACK
6
CONTINUOUS
10
0.3935088582677165
20
0.9074507086614173
11
0.3969362992125984
21
0.9074507086614173
0
LINE
8
BLACK
6
CONTINUOUS
10
0.3969362992125984
20
0.9074507086614173
11
0.4000087401574803
21
0.9089869291338583
0
LINE
8
BLACK
6
CONTINUOUS
10
0.4000087401574803
20
0.9089869291338583
11
0.4013933464566929
21
0.9103715354330708
0
LINE
8
BLACK
6
CONTINUOUS
10
0.4013933464566929
20
0.9103715354330708
11
0.4029295669291338
21
0.9134439763779527
0
LINE
8
BLACK
6
CONTINUOUS
10
0.4029295669291338
20
0.9134439763779527
11
0.4029295669291338
21
0.9333693307086613
0
LINE
8
BLACK
6
CONTINUOUS
10
0.4029295669291338
20
0.9333693307086613
11
0.4029862992125984
21
0.9339453937007873
0
LINE
8
BLACK
6
CONTINUOUS
10
0.4029862992125984
20
0.9339453937007873
11
0.4034272047244095
21
0.9350098031496062
0
LINE
8
BLACK
6
CONTINUOUS
10
0.4034272047244095
20
0.9350098031496062
11
0.4042418503937008
21
0.9358244488188976
0
LINE
8
BLACK
6
CONTINUOUS
10
0.4042418503937008
20
0.9358244488188976
11
0.4053062598425197
21
0.9362653543307087
0
LINE
8
BLACK
6
CONTINUOUS
10
0.4053062598425197
20
0.9362653543307087
11
0.4064583858267716
21
0.9362653543307087
0
LINE
8
BLACK
6
CONTINUOUS
10
0.4064583858267716
20
0.9362653543307087
11
0.4075227952755905
21
0.9358244488188976
0
LINE
8
BLACK
6
CONTINUOUS
10
0.1053661417322835
20
0.9362405118110236
11
0.1055141338582677
21
0.9362331496062992
0
LINE
8
BLACK
6
CONTINUOUS
10
0.1055141338582677
20
0.9362331496062992
11
0.1059042913385827
21
0.9360483464566929
0
LINE
8
BLACK
6
CONTINUOUS
10
0.1059042913385827
20
0.9360483464566929
11
0.1063114960629921
21
0.9359029133858268
0
LINE
8
BLACK
6
CONTINUOUS
10
0.1063114960629921
20
0.9359029133858268
11
0.1064214566929134
21
0.9358033858267716
0
LINE
8
BLACK
6
CONTINUOUS
10
0.1064214566929134
20
0.9358033858267716
11
0.1065553149606299
21
0.9357399606299213
0
LINE
8
BLACK
6
CONTINUOUS
10
0.1065553149606299
20
0.9357399606299213
11
0.1068450787401575
21
0.9354198818897638
0
LINE
8
BLACK
6
CONTINUOUS
10
0.1068450787401575
20
0.9354198818897638
11
0.1071656299212598
21
0.9351296850393701
0
LINE
8
BLACK
6
CONTINUOUS
10
0.1071656299212598
20
0.9351296850393701
11
0.107229094488189
21
0.9349956692913386
0
LINE
8
BLACK
6
CONTINUOUS
10
0.107229094488189
20
0.9349956692913386
11
0.1073285039370079
21
0.9348858661417323
0
LINE
8
BLACK
6
CONTINUOUS
10
0.1073285039370079
20
0.9348858661417323
11
0.1075757086614173
21
0.9343624409448819
0
LINE
8
BLACK
6
CONTINUOUS
10
0.1075757086614173
20
0.9343624409448819
11
0.1178869291338583
21
0.905491062992126
0
LINE
8
BLACK
6
CONTINUOUS
10
0.1178869291338583
20
0.905491062992126
11
0.1180272440944882
21
0.9049294881889763
0
LINE
8
BLACK
6
CONTINUOUS
10
0.1180272440944882
20
0.9049294881889763
11
0.1179700393700787
21
0.903778779527559
0
LINE
8
BLACK
6
CONTINUOUS
10
0.1179700393700787
20
0.903778779527559
11
0.1174768503937008
21
0.9027375984251969
0
LINE
8
BLACK
6
CONTINUOUS
10
0.1174768503937008
20
0.9027375984251969
11
0.1166227165354331
21
0.9019643700787401
0
LINE
8
BLACK
6
CONTINUOUS
10
0.1166227165354331
20
0.9019643700787401
11
0.1155377165354331
21
0.9015768897637795
0
LINE
8
BLACK
6
CONTINUOUS
10
0.1155377165354331
20
0.9015768897637795
11
0.1143870472440945
21
0.901634094488189
0
LINE
8
BLACK
6
CONTINUOUS
10
0.1143870472440945
20
0.901634094488189
11
0.1133458661417323
21
0.9021272834645669
0
LINE
8
BLACK
6
CONTINUOUS
10
0.1133458661417323
20
0.9021272834645669
11
0.1125726377952756
21
0.9029813779527559
0
LINE
8
BLACK
6
CONTINUOUS
10
0.1125726377952756
20
0.9029813779527559
11
0.1123254724409449
21
0.9035048031496062
0
LINE
8
BLACK
6
CONTINUOUS
10
0.1123254724409449
20
0.9035048031496062
11
0.1047949606299213
21
0.9245901574803149
0
LINE
8
BLACK
6
CONTINUOUS
10
0.1047949606299213
20
0.9245901574803149
11
0.0972644881889764
21
0.903504842519685
0
LINE
8
BLACK
6
CONTINUOUS
10
0.0972644881889764
20
0.903504842519685
11
0.0970172834645669
21
0.9029814173228347
0
LINE
8
BLACK
6
CONTINUOUS
10
0.0970172834645669
20
0.9029814173228347
11
0.096244094488189
21
0.9021273228346457
0
LINE
8
BLACK
6
CONTINUOUS
10
0.096244094488189
20
0.9021273228346457
11
0.0952029133858268
21
0.9016341338582677
0
LINE
8
BLACK
6
CONTINUOUS
10
0.0952029133858268
20
0.9016341338582677
11
0.0940522047244094
21
0.9015768897637795
0
LINE
8
BLACK
6
CONTINUOUS
10
0.0940522047244094
20
0.9015768897637795
11
0.0929672047244094
21
0.9019644094488188
0
LINE
8
BLACK
6
CONTINUOUS
10
0.0929672047244094
20
0.9019644094488188
11
0.0921131102362205
21
0.9027375984251969
0
LINE
8
BLACK
6
CONTINUOUS
10
0.0921131102362205
20
0.9027375984251969
11
0.0916199212598425
21
0.903778779527559
0
LINE
8
BLACK
6
CONTINUOUS
10
0.0916199212598425
20
0.903778779527559
11
0.0915626771653543
21
0.9049294881889763
0
LINE
8
BLACK
6
CONTINUOUS
10
0.0915626771653543
20
0.9049294881889763
11
0.0917029921259842
21
0.905491062992126
0
LINE
8
BLACK
6
CONTINUOUS
10
0.0917029921259842
20
0.905491062992126
11
0.1020142519685039
21
0.9343624803149606
0
LINE
8
BLACK
6
CONTINUOUS
10
0.1020142519685039
20
0.9343624803149606
11
0.1022614173228346
21
0.9348859055118111
0
LINE
8
BLACK
6
CONTINUOUS
10
0.1022614173228346
20
0.9348859055118111
11
0.102360905511811
21
0.9349958267716535
0
LINE
8
BLACK
6
CONTINUOUS
10
0.102360905511811
20
0.9349958267716535
11
0.1024243307086614
21
0.9351296850393701
0
LINE
8
BLACK
6
CONTINUOUS
10
0.1024243307086614
20
0.9351296850393701
11
0.1027445669291339
21
0.9354196062992126
0
LINE
8
BLACK
6
CONTINUOUS
10
0.1027445669291339
20
0.9354196062992126
11
0.1030346456692913
21
0.93574
0
LINE
8
BLACK
6
CONTINUOUS
10
0.1030346456692913
20
0.93574
11
0.1031685826771653
21
0.9358034645669291
0
LINE
8
BLACK
6
CONTINUOUS
10
0.1031685826771653
20
0.9358034645669291
11
0.1032784251968504
21
0.935902874015748
0
LINE
8
BLACK
6
CONTINUOUS
10
0.1032784251968504
20
0.935902874015748
11
0.1036851968503937
21
0.936048188976378
0
LINE
8
BLACK
6
CONTINUOUS
10
0.1036851968503937
20
0.936048188976378
11
0.1040758267716535
21
0.936233188976378
0
LINE
8
BLACK
6
CONTINUOUS
10
0.1040758267716535
20
0.936233188976378
11
0.1042238582677165
21
0.9362405511811024
0
LINE
8
BLACK
6
CONTINUOUS
10
0.1042238582677165
20
0.9362405511811024
11
0.1043634251968504
21
0.9362903937007874
0
LINE
8
BLACK
6
CONTINUOUS
10
0.1043634251968504
20
0.9362903937007874
11
0.1047948031496063
21
0.9362689370078739
0
LINE
8
BLACK
6
CONTINUOUS
10
0.1047948031496063
20
0.9362689370078739
11
0.1052264960629921
21
0.9362903937007874
0
LINE
8
BLACK
6
CONTINUOUS
10
0.1052264960629921
20
0.9362903937007874
11
0.1053661417322835
21
0.9362405118110236
0
LINE
8
BLACK
6
CONTINUOUS
10
0.2043586614173228
20
0.9197674409448818
11
0.2054230708661417
21
0.9193265354330709
0
LINE
8
BLACK
6
CONTINUOUS
10
0.2054230708661417
20
0.9193265354330709
11
0.2062377165354331
21
0.9185118897637795
0
LINE
8
BLACK
6
CONTINUOUS
10
0.2062377165354331
20
0.9185118897637795
11
0.2066786220472441
21
0.9174474803149606
0
LINE
8
BLACK
6
CONTINUOUS
10
0.2066786220472441
20
0.9174474803149606
11
0.2066786220472441
21
0.9162953543307086
0
LINE
8
BLACK
6
CONTINUOUS
10
0.2066786220472441
20
0.9162953543307086
11
0.2062377165354331
21
0.9152309448818897
0
LINE
8
BLACK
6
CONTINUOUS
10
0.2062377165354331
20
0.9152309448818897
11
0.2054230708661417
21
0.9144162992125984
0
LINE
8
BLACK
6
CONTINUOUS
10
0.2054230708661417
20
0.9144162992125984
11
0.2043586614173228
21
0.9139753937007874
0
LINE
8
BLACK
6
CONTINUOUS
10
0.2043586614173228
20
0.9139753937007874
11
0.2037825984251969
21
0.9139186614173228
0
LINE
8
BLACK
6
CONTINUOUS
10
0.2037825984251969
20
0.9139186614173228
11
0.1707867322834646
21
0.9139186614173228
0
LINE
8
BLACK
6
CONTINUOUS
10
0.1707867322834646
20
0.9139186614173228
11
0.1702106692913386
21
0.9139753937007874
0
LINE
8
BLACK
6
CONTINUOUS
10
0.1702106692913386
20
0.9139753937007874
11
0.1691462598425197
21
0.9144162992125984
0
LINE
8
BLACK
6
CONTINUOUS
10
0.1691462598425197
20
0.9144162992125984
11
0.1683316141732283
21
0.9152309448818897
0
LINE
8
BLACK
6
CONTINUOUS
10
0.1683316141732283
20
0.9152309448818897
11
0.1678907086614173
21
0.9162953543307086
0
LINE
8
BLACK
6
CONTINUOUS
10
0.1678907086614173
20
0.9162953543307086
11
0.1678907086614173
21
0.9174474803149606
0
LINE
8
BLACK
6
CONTINUOUS
10
0.1678907086614173
20
0.9174474803149606
11
0.1683316141732283
21
0.9185118897637795
0
LINE
8
BLACK
6
CONTINUOUS
10
0.1683316141732283
20
0.9185118897637795
11
0.1691462598425197
21
0.9193265354330709
0
LINE
8
BLACK
6
CONTINUOUS
10
0.1691462598425197
20
0.9193265354330709
11
0.1702106692913386
21
0.9197674409448818
0
LINE
8
BLACK
6
CONTINUOUS
10
0.1702106692913386
20
0.9197674409448818
11
0.1707867322834646
21
0.9198241732283464
0
LINE
8
BLACK
6
CONTINUOUS
10
0.1707867322834646
20
0.9198241732283464
11
0.2037825984251969
21
0.9198241732283464
0
LINE
8
BLACK
6
CONTINUOUS
10
0.2037825984251969
20
0.9198241732283464
11
0.2043586614173228
21
0.9197674409448818
0
CIRCLE
8
BLACK
10
0.3868110236220472
20
-0.5023622047244094
40
0.0068897637795276
0
CIRCLE
8
BLACK
10
0.2868110236220472
20
-0.5023622047244094
40
0.0068897637795276
0
CIRCLE
8
BLACK
10
0.1868110236220472
20
-0.5023622047244094
40
0.0068897637795276
0
CIRCLE
8
BLACK
10
0.5980314960629921
20
-0.3980314960629921
40
0.0068897637795276
0
CIRCLE
8
BLACK
10
-0.6019685039370078
20
-0.3980314960629921
40
0.0068897637795276
0
CIRCLE
8
BLACK
10
0.5980314960629921
20
0.8019685039370078
40
0.0068897637795276
0
CIRCLE
8
BLACK
10
0.0318897637795276
20
-0.408267716535433
40
0.0068897637795276
0
CIRCLE
8
BLACK
10
0.0318897637795276
20
-0.508267716535433
40
0.0068897637795276
0
CIRCLE
8
BLACK
10
-0.0681102362204724
20
-0.408267716535433
40
0.0068897637795276
0
CIRCLE
8
BLACK
10
-0.0681102362204724
20
-0.508267716535433
40
0.0068897637795276
0
CIRCLE
8
BLACK
10
-0.1681102362204724
20
-0.408267716535433
40
0.0068897637795276
0
CIRCLE
8
BLACK
10
-0.1681102362204724
20
-0.508267716535433
40
0.0068897637795276
0
CIRCLE
8
BLACK
10
-0.2681102362204724
20
-0.408267716535433
40
0.0068897637795276
0
CIRCLE
8
BLACK
10
-0.2681102362204724
20
-0.508267716535433
40
0.0068897637795276
0
CIRCLE
8
BLACK
10
-0.3681102362204725
20
-0.408267716535433
40
0.0068897637795276
0
CIRCLE
8
BLACK
10
-0.3681102362204725
20
-0.508267716535433
40
0.0068897637795276
0
CIRCLE
8
BLACK
10
-0.6019685039370078
20
0.8019685039370078
40
0.0068897637795276
  0
ENDSEC
  0
EOF
