  0
SECTION
  2
HEADER
  9
$ANGBASE
  50
0.0
  9
$ANGDIR
  70
1
  9
$MEASUREMENT
  70
0
  0
ENDSEC
  0
SECTION
  2
TABLES
  0
TABLE
  2
LTYPE
  70
4
  0
LTYPE
  5
40F
  2
CONTINUOUS
  70
0
  3
Solid line
  72
65
  73
0
  40
0.0
  0
LTYPE
  5
410
  2
DASHDOT
 70
0
  3
Dash Dot ____ _ ____ _
 72
65
 73
4
 40
2.0
 49
1.25
 49
-0.25
 49
0.25
 49
-0.25
  0
LTYPE
  5
411
  2
DASHED
 70
0
  3
Dashed __ __ __ __ __
 72
65
 73
2
 40
0.75
 49
0.5
 49
-0.25
  0
LTYPE
  5
43B
  2
DOTTED
 70
0
  3
Dotted .  .  .  .
 72
65
 73
2
 40
0.2
 49
0.0
 49
-0.2
  0
ENDTAB
  0
TABLE
  2
STYLE
  70
4
  0
STYLE
  2
KICAD
  70
0
  40
0
  41
1
  42
1
  50
0
  71
0
  3
isocp.shx
  0
STYLE
  2
KICADB
  70
0
  40
0
  41
1
  42
1
  50
0
  71
0
  3
isocp.shx
  0
STYLE
  2
KICADI
  70
0
  40
0
  41
1
  42
1
  50
15
  71
0
  3
isocp.shx
  0
STYLE
  2
KICADBI
  70
0
  40
0
  41
1
  42
1
  50
15
  71
0
  3
isocp.shx
  0
ENDTAB
  0
TABLE
  2
LAYER
  70
1
  0
LAYER
  2
BLACK
  70
0
  62
7
  6
CONTINUOUS
  0
ENDTAB
  0
ENDSEC
  0
SECTION
  2
ENTITIES
0
LINE
8
BLACK
6
CONTINUOUS
10
0.7662416929133858
20
0.9716462598425196
11
0.7680430708661418
21
0.9695673622047244
0
LINE
8
BLACK
6
CONTINUOUS
10
0.7680430708661418
20
0.9695673622047244
11
0.7684842519685039
21
0.9675393700787401
0
LINE
8
BLACK
6
CONTINUOUS
10
0.7684842519685039
20
0.9675393700787401
11
0.7684842519685039
21
-0.5636023622047244
0
LINE
8
BLACK
6
CONTINUOUS
10
0.7684842519685039
20
-0.5636023622047244
11
0.7677092519685039
21
-0.5662416929133858
0
LINE
8
BLACK
6
CONTINUOUS
10
0.7677092519685039
20
-0.5662416929133858
11
0.7656303543307087
21
-0.5680430708661417
0
LINE
8
BLACK
6
CONTINUOUS
10
0.7656303543307087
20
-0.5680430708661417
11
0.7636023622047244
21
-0.5684842519685039
0
LINE
8
BLACK
6
CONTINUOUS
10
0.7636023622047244
20
-0.5684842519685039
11
0.0495946062992126
21
-0.5684842519685039
0
LINE
8
BLACK
6
CONTINUOUS
10
0.0495946062992126
20
-0.5684842519685039
11
0.0469552755905512
21
-0.567709251968504
0
LINE
8
BLACK
6
CONTINUOUS
10
0.0469552755905512
20
-0.567709251968504
11
0.0451538976377953
21
-0.5656303543307086
0
LINE
8
BLACK
6
CONTINUOUS
10
0.0451538976377953
20
-0.5656303543307086
11
0.0447624015748031
21
-0.5629075984251969
0
LINE
8
BLACK
6
CONTINUOUS
10
0.0447624015748031
20
-0.5629075984251969
11
0.0459051181102362
21
-0.5604053937007873
0
LINE
8
BLACK
6
CONTINUOUS
10
0.0459051181102362
20
-0.5604053937007873
11
0.0482192125984252
21
-0.5589182283464567
0
LINE
8
BLACK
6
CONTINUOUS
10
0.0482192125984252
20
-0.5589182283464567
11
0.0483311023622047
21
-0.558886811023622
0
LINE
8
BLACK
6
CONTINUOUS
10
0.0483311023622047
20
-0.558886811023622
11
0.050137125984252
21
-0.5584028740157481
0
LINE
8
BLACK
6
CONTINUOUS
10
0.050137125984252
20
-0.5584028740157481
11
0.0501374803149606
21
-0.5584027165354331
0
LINE
8
BLACK
6
CONTINUOUS
10
0.0501374803149606
20
-0.5584027165354331
11
0.058566062992126
21
-0.5544724409448819
0
LINE
8
BLACK
6
CONTINUOUS
10
0.058566062992126
20
-0.5544724409448819
11
0.0661843307086614
21
-0.5491379921259842
0
LINE
8
BLACK
6
CONTINUOUS
10
0.0661843307086614
20
-0.5491379921259842
11
0.0727600393700787
21
-0.5425622834645669
0
LINE
8
BLACK
6
CONTINUOUS
10
0.0727600393700787
20
-0.5425622834645669
11
0.0780944881889764
21
-0.5349440157480315
0
LINE
8
BLACK
6
CONTINUOUS
10
0.0780944881889764
20
-0.5349440157480315
11
0.0820247637795276
21
-0.5265154330708661
0
LINE
8
BLACK
6
CONTINUOUS
10
0.0820247637795276
20
-0.5265154330708661
11
0.0820248818897638
21
-0.5265151968503937
0
LINE
8
BLACK
6
CONTINUOUS
10
0.0820248818897638
20
-0.5265151968503937
11
0.0842770078740157
21
-0.5181102362204725
0
LINE
8
BLACK
6
CONTINUOUS
10
0.0842770078740157
20
-0.5181102362204725
11
0.0636857086614173
21
-0.5181102362204725
0
LINE
8
BLACK
6
CONTINUOUS
10
0.0636857086614173
20
-0.5181102362204725
11
0.0624611811023622
21
-0.5218789763779528
0
LINE
8
BLACK
6
CONTINUOUS
10
0.0624611811023622
20
-0.5218789763779528
11
0.0589631496062992
21
-0.5279376771653543
0
LINE
8
BLACK
6
CONTINUOUS
10
0.0589631496062992
20
-0.5279376771653543
11
0.0542819291338583
21
-0.5331367322834646
0
LINE
8
BLACK
6
CONTINUOUS
10
0.0542819291338583
20
-0.5331367322834646
11
0.0486220472440945
21
-0.5372488976377953
0
LINE
8
BLACK
6
CONTINUOUS
10
0.0486220472440945
20
-0.5372488976377953
11
0.0422308661417323
21
-0.5400944094488189
0
LINE
8
BLACK
6
CONTINUOUS
10
0.0422308661417323
20
-0.5400944094488189
11
0.0353877559055118
21
-0.5415489763779527
0
LINE
8
BLACK
6
CONTINUOUS
10
0.0353877559055118
20
-0.5415489763779527
11
0.0283917716535433
21
-0.5415489763779527
0
LINE
8
BLACK
6
CONTINUOUS
10
0.0283917716535433
20
-0.5415489763779527
11
0.0215486614173228
21
-0.5400944094488189
0
LINE
8
BLACK
6
CONTINUOUS
10
0.0215486614173228
20
-0.5400944094488189
11
0.0151574803149606
21
-0.5372488976377953
0
LINE
8
BLACK
6
CONTINUOUS
10
0.0151574803149606
20
-0.5372488976377953
11
0.0094975984251968
21
-0.5331367322834646
0
LINE
8
BLACK
6
CONTINUOUS
10
0.0094975984251968
20
-0.5331367322834646
11
0.0048163779527559
21
-0.5279376771653543
0
LINE
8
BLACK
6
CONTINUOUS
10
0.0048163779527559
20
-0.5279376771653543
11
0.0013183464566929
21
-0.5218789763779528
0
LINE
8
BLACK
6
CONTINUOUS
10
0.0013183464566929
20
-0.5218789763779528
11
-0.0008435039370079
21
-0.5152253937007873
0
LINE
8
BLACK
6
CONTINUOUS
10
-0.0008435039370079
20
-0.5152253937007873
11
-0.0015748031496063
21
-0.508267716535433
0
LINE
8
BLACK
6
CONTINUOUS
10
-0.0015748031496063
20
-0.508267716535433
11
-0.0008435039370079
21
-0.5013100393700787
0
LINE
8
BLACK
6
CONTINUOUS
10
-0.0008435039370079
20
-0.5013100393700787
11
0.0013183464566929
21
-0.4946564566929134
0
LINE
8
BLACK
6
CONTINUOUS
10
0.0013183464566929
20
-0.4946564566929134
11
0.0048163779527559
21
-0.4885977559055118
0
LINE
8
BLACK
6
CONTINUOUS
10
0.0048163779527559
20
-0.4885977559055118
11
0.0094975984251968
21
-0.4833987007874015
0
LINE
8
BLACK
6
CONTINUOUS
10
0.0094975984251968
20
-0.4833987007874015
11
0.0151574803149606
21
-0.4792865354330709
0
LINE
8
BLACK
6
CONTINUOUS
10
0.0151574803149606
20
-0.4792865354330709
11
0.0215486614173228
21
-0.4764410236220472
0
LINE
8
BLACK
6
CONTINUOUS
10
0.0215486614173228
20
-0.4764410236220472
11
0.0220472440944882
21
-0.4763350393700787
0
LINE
8
BLACK
6
CONTINUOUS
10
0.0220472440944882
20
-0.4763350393700787
11
0.0220472440944882
21
-0.4417322834645669
0
LINE
8
BLACK
6
CONTINUOUS
10
0.0220472440944882
20
-0.4417322834645669
11
-0.0015748031496063
21
-0.4417322834645669
0
LINE
8
BLACK
6
CONTINUOUS
10
-0.0015748031496063
20
-0.4417322834645669
11
-0.0015748031496063
21
-0.3748031496062992
0
LINE
8
BLACK
6
CONTINUOUS
10
-0.0015748031496063
20
-0.3748031496062992
11
0.0220472440944882
21
-0.3748031496062992
0
LINE
8
BLACK
6
CONTINUOUS
10
0.0220472440944882
20
-0.3748031496062992
11
0.0220472440944882
21
-0.3551181102362205
0
LINE
8
BLACK
6
CONTINUOUS
10
0.0220472440944882
20
-0.3551181102362205
11
-0.0002165354330709
21
-0.3551181102362205
0
LINE
8
BLACK
6
CONTINUOUS
10
-0.0002165354330709
20
-0.3551181102362205
11
-0.0028558661417323
21
-0.3543431102362204
0
LINE
8
BLACK
6
CONTINUOUS
10
-0.0028558661417323
20
-0.3543431102362204
11
-0.0046572440944882
21
-0.3522642125984252
0
LINE
8
BLACK
6
CONTINUOUS
10
-0.0046572440944882
20
-0.3522642125984252
11
-0.0050984251968504
21
-0.350236220472441
0
LINE
8
BLACK
6
CONTINUOUS
10
-0.0050984251968504
20
-0.350236220472441
11
-0.0050984251968504
21
-0.3358262204724409
0
LINE
8
BLACK
6
CONTINUOUS
10
-0.0050984251968504
20
-0.3358262204724409
11
-0.0050984251968504
21
-0.3303955118110236
0
LINE
8
BLACK
6
CONTINUOUS
10
-0.0050984251968504
20
-0.3303955118110236
11
-0.0043234251968504
21
-0.3277561811023622
0
LINE
8
BLACK
6
CONTINUOUS
10
-0.0043234251968504
20
-0.3277561811023622
11
-0.0022445275590551
21
-0.3259548031496063
0
LINE
8
BLACK
6
CONTINUOUS
10
-0.0022445275590551
20
-0.3259548031496063
11
0.0004782283464567
21
-0.3255633070866142
0
LINE
8
BLACK
6
CONTINUOUS
10
0.0004782283464567
20
-0.3255633070866142
11
0.0013190551181102
21
-0.3257614173228346
0
LINE
8
BLACK
6
CONTINUOUS
10
0.0013190551181102
20
-0.3257614173228346
11
0.0066851181102362
21
-0.3275395669291338
0
LINE
8
BLACK
6
CONTINUOUS
10
0.0066851181102362
20
-0.3275395669291338
11
0.0066853937007874
21
-0.3275396062992126
0
LINE
8
BLACK
6
CONTINUOUS
10
0.0066853937007874
20
-0.3275396062992126
11
0.010729094488189
21
-0.3279527165354331
0
LINE
8
BLACK
6
CONTINUOUS
10
0.010729094488189
20
-0.3279527165354331
11
0.0146653543307087
21
-0.3279526771653543
0
LINE
8
BLACK
6
CONTINUOUS
10
0.0146653543307087
20
-0.3279526771653543
11
0.0146653543307087
21
-0.3082677165354331
0
LINE
8
BLACK
6
CONTINUOUS
10
0.0146653543307087
20
-0.3082677165354331
11
0.0126968503937008
21
-0.3082677165354331
0
LINE
8
BLACK
6
CONTINUOUS
10
0.0126968503937008
20
-0.3082677165354331
11
0.0089302755905512
21
-0.3075185039370079
0
LINE
8
BLACK
6
CONTINUOUS
10
0.0089302755905512
20
-0.3075185039370079
11
0.005737125984252
21
-0.3053849212598425
0
LINE
8
BLACK
6
CONTINUOUS
10
0.005737125984252
20
-0.3053849212598425
11
0.0036035433070866
21
-0.3021917716535433
0
LINE
8
BLACK
6
CONTINUOUS
10
0.0036035433070866
20
-0.3021917716535433
11
0.0028543307086614
21
-0.2984251968503937
0
LINE
8
BLACK
6
CONTINUOUS
10
0.0028543307086614
20
-0.2984251968503937
11
0.0028543307086614
21
-0.2748031496062992
0
LINE
8
BLACK
6
CONTINUOUS
10
0.0028543307086614
20
-0.2748031496062992
11
0.0036035433070866
21
-0.2710365748031496
0
LINE
8
BLACK
6
CONTINUOUS
10
0.0036035433070866
20
-0.2710365748031496
11
0.005737125984252
21
-0.2678434251968504
0
LINE
8
BLACK
6
CONTINUOUS
10
0.005737125984252
20
-0.2678434251968504
11
0.0089302755905512
21
-0.265709842519685
0
LINE
8
BLACK
6
CONTINUOUS
10
0.0089302755905512
20
-0.265709842519685
11
0.0126968503937008
21
-0.2649606299212598
0
LINE
8
BLACK
6
CONTINUOUS
10
0.0126968503937008
20
-0.2649606299212598
11
0.0146653543307087
21
-0.2649606299212598
0
LINE
8
BLACK
6
CONTINUOUS
10
0.0146653543307087
20
-0.2649606299212598
11
0.0146653543307087
21
-0.2452755511811024
0
LINE
8
BLACK
6
CONTINUOUS
10
0.0146653543307087
20
-0.2452755511811024
11
0.0107294488188976
21
-0.2452755905511811
0
LINE
8
BLACK
6
CONTINUOUS
10
0.0107294488188976
20
-0.2452755905511811
11
0.0107288188976378
21
-0.2452756299212598
0
LINE
8
BLACK
6
CONTINUOUS
10
0.0107288188976378
20
-0.2452756299212598
11
0.0066851181102362
21
-0.2456887401574803
0
LINE
8
BLACK
6
CONTINUOUS
10
0.0066851181102362
20
-0.2456887401574803
11
0.0013190551181102
21
-0.2474668897637795
0
LINE
8
BLACK
6
CONTINUOUS
10
0.0013190551181102
20
-0.2474668897637795
11
-0.0014301181102362
21
-0.2475614566929134
0
LINE
8
BLACK
6
CONTINUOUS
10
-0.0014301181102362
20
-0.2475614566929134
11
-0.003793937007874
21
-0.2461546850393701
0
LINE
8
BLACK
6
CONTINUOUS
10
-0.003793937007874
20
-0.2461546850393701
11
-0.0050220078740157
21
-0.2436932677165354
0
LINE
8
BLACK
6
CONTINUOUS
10
-0.0050220078740157
20
-0.2436932677165354
11
-0.0050984251968504
21
-0.2428327952755905
0
LINE
8
BLACK
6
CONTINUOUS
10
-0.0050984251968504
20
-0.2428327952755905
11
-0.0050984251968504
21
0.1269882283464567
0
LINE
8
BLACK
6
CONTINUOUS
10
-0.0050984251968504
20
0.1269882283464567
11
-0.0043234251968504
21
0.1296275590551181
0
LINE
8
BLACK
6
CONTINUOUS
10
-0.0043234251968504
20
0.1296275590551181
11
-0.0022445275590551
21
0.131428937007874
0
LINE
8
BLACK
6
CONTINUOUS
10
-0.0022445275590551
20
0.131428937007874
11
-0.0002165354330709
21
0.1318701181102362
0
LINE
8
BLACK
6
CONTINUOUS
10
-0.0002165354330709
20
0.1318701181102362
11
0.0183071653543307
21
0.1318701181102362
0
LINE
8
BLACK
6
CONTINUOUS
10
0.0183071653543307
20
0.1318701181102362
11
0.0183074015748032
21
0.1318701181102362
0
LINE
8
BLACK
6
CONTINUOUS
10
0.0183074015748032
20
0.1318701181102362
11
0.0223542125984252
21
0.1322835039370079
0
LINE
8
BLACK
6
CONTINUOUS
10
0.0223542125984252
20
0.1322835039370079
11
0.0289107874015748
21
0.1344561417322835
0
LINE
8
BLACK
6
CONTINUOUS
10
0.0289107874015748
20
0.1344561417322835
11
0.0347896062992126
21
0.1380822047244094
0
LINE
8
BLACK
6
CONTINUOUS
10
0.0347896062992126
20
0.1380822047244094
11
0.0396737007874016
21
0.1429662992125984
0
LINE
8
BLACK
6
CONTINUOUS
10
0.0396737007874016
20
0.1429662992125984
11
0.0432997637795276
21
0.1488451181102362
0
LINE
8
BLACK
6
CONTINUOUS
10
0.0432997637795276
20
0.1488451181102362
11
0.0454724015748031
21
0.1554016929133858
0
LINE
8
BLACK
6
CONTINUOUS
10
0.0454724015748031
20
0.1554016929133858
11
0.0458858267716535
21
0.1594484645669291
0
LINE
8
BLACK
6
CONTINUOUS
10
0.0458858267716535
20
0.1594484645669291
11
0.0458857874015748
21
0.1925202362204724
0
LINE
8
BLACK
6
CONTINUOUS
10
0.0458857874015748
20
0.1925202362204724
11
0.0458857874015748
21
0.1988192125984252
0
LINE
8
BLACK
6
CONTINUOUS
10
0.0458857874015748
20
0.1988192125984252
11
0.0458214566929134
21
0.1994488188976378
0
LINE
8
BLACK
6
CONTINUOUS
10
0.0458214566929134
20
0.1994488188976378
11
0.0454724015748031
21
0.2028660236220472
0
LINE
8
BLACK
6
CONTINUOUS
10
0.0454724015748031
20
0.2028660236220472
11
0.0454723622047244
21
0.2028661417322835
0
LINE
8
BLACK
6
CONTINUOUS
10
0.0454723622047244
20
0.2028661417322835
11
0.0449870472440945
21
0.2043307086614173
0
LINE
8
BLACK
6
CONTINUOUS
10
0.0449870472440945
20
0.2043307086614173
11
0.0432997637795276
21
0.2094225984251968
0
LINE
8
BLACK
6
CONTINUOUS
10
0.0432997637795276
20
0.2094225984251968
11
0.0396737007874016
21
0.2153014173228346
0
LINE
8
BLACK
6
CONTINUOUS
10
0.0396737007874016
20
0.2153014173228346
11
0.0391357874015748
21
0.2158393307086614
0
LINE
8
BLACK
6
CONTINUOUS
10
0.0391357874015748
20
0.2158393307086614
11
0.0378174803149606
21
0.2182536220472441
0
LINE
8
BLACK
6
CONTINUOUS
10
0.0378174803149606
20
0.2182536220472441
11
0.0380137007874016
21
0.2209974015748031
0
LINE
8
BLACK
6
CONTINUOUS
10
0.0380137007874016
20
0.2209974015748031
11
0.0391357874015748
21
0.2227433464566929
0
LINE
8
BLACK
6
CONTINUOUS
10
0.0391357874015748
20
0.2227433464566929
11
0.0400674015748032
21
0.2236749606299213
0
LINE
8
BLACK
6
CONTINUOUS
10
0.0400674015748032
20
0.2236749606299213
11
0.0436934645669291
21
0.229553779527559
0
LINE
8
BLACK
6
CONTINUOUS
10
0.0436934645669291
20
0.229553779527559
11
0.0458661023622047
21
0.2361103543307086
0
LINE
8
BLACK
6
CONTINUOUS
10
0.0458661023622047
20
0.2361103543307086
11
0.0462795275590551
21
0.240157125984252
0
LINE
8
BLACK
6
CONTINUOUS
10
0.0462795275590551
20
0.240157125984252
11
0.0462795275590551
21
0.2435236220472441
0
LINE
8
BLACK
6
CONTINUOUS
10
0.0462795275590551
20
0.2435236220472441
11
0.0470545275590551
21
0.2461629527559055
0
LINE
8
BLACK
6
CONTINUOUS
10
0.0470545275590551
20
0.2461629527559055
11
0.0491334251968504
21
0.2479643307086614
0
LINE
8
BLACK
6
CONTINUOUS
10
0.0491334251968504
20
0.2479643307086614
11
0.0511614173228346
21
0.2484055118110236
0
LINE
8
BLACK
6
CONTINUOUS
10
0.0511614173228346
20
0.2484055118110236
11
0.0823925196850394
21
0.2484055118110236
0
LINE
8
BLACK
6
CONTINUOUS
10
0.0823925196850394
20
0.2484055118110236
11
0.0850318503937008
21
0.2476305118110236
0
LINE
8
BLACK
6
CONTINUOUS
10
0.0850318503937008
20
0.2476305118110236
11
0.0858445275590551
21
0.2469756299212598
0
LINE
8
BLACK
6
CONTINUOUS
10
0.0858445275590551
20
0.2469756299212598
11
0.086863937007874
21
0.245956220472441
0
LINE
8
BLACK
6
CONTINUOUS
10
0.086863937007874
20
0.245956220472441
11
0.0869932283464567
21
0.2458764960629921
0
LINE
8
BLACK
6
CONTINUOUS
10
0.0869932283464567
20
0.2458764960629921
11
0.0869942125984252
21
0.2458758661417323
0
LINE
8
BLACK
6
CONTINUOUS
10
0.0869942125984252
20
0.2458758661417323
11
0.0870647637795276
21
0.2457974015748031
0
LINE
8
BLACK
6
CONTINUOUS
10
0.0870647637795276
20
0.2457974015748031
11
0.0870870472440945
21
0.2457798031496063
0
LINE
8
BLACK
6
CONTINUOUS
10
0.0870870472440945
20
0.2457798031496063
11
0.0870840157480315
21
0.2457760236220472
0
LINE
8
BLACK
6
CONTINUOUS
10
0.0870840157480315
20
0.2457760236220472
11
0.0888338188976378
21
0.2438307480314961
0
LINE
8
BLACK
6
CONTINUOUS
10
0.0888338188976378
20
0.2438307480314961
11
0.0892757086614173
21
0.2411157086614173
0
LINE
8
BLACK
6
CONTINUOUS
10
0.0892757086614173
20
0.2411157086614173
11
0.0881795669291339
21
0.2385927559055118
0
LINE
8
BLACK
6
CONTINUOUS
10
0.0881795669291339
20
0.2385927559055118
11
0.0869946850393701
21
0.237565905511811
0
LINE
8
BLACK
6
CONTINUOUS
10
0.0869946850393701
20
0.237565905511811
11
0.0868763779527559
21
0.2374929527559055
0
LINE
8
BLACK
6
CONTINUOUS
10
0.0868763779527559
20
0.2374929527559055
11
0.0868761811023622
21
0.2374927952755906
0
LINE
8
BLACK
6
CONTINUOUS
10
0.0868761811023622
20
0.2374927952755906
11
0.0819954330708661
21
0.2326120472440945
0
LINE
8
BLACK
6
CONTINUOUS
10
0.0819954330708661
20
0.2326120472440945
11
0.0783717716535433
21
0.2267372047244094
0
LINE
8
BLACK
6
CONTINUOUS
10
0.0783717716535433
20
0.2267372047244094
11
0.0783716929133858
21
0.2267370078740157
0
LINE
8
BLACK
6
CONTINUOUS
10
0.0783716929133858
20
0.2267370078740157
11
0.0762005511811024
21
0.2201849606299213
0
LINE
8
BLACK
6
CONTINUOUS
10
0.0762005511811024
20
0.2201849606299213
11
0.0762005118110236
21
0.2201846850393701
0
LINE
8
BLACK
6
CONTINUOUS
10
0.0762005118110236
20
0.2201846850393701
11
0.0757874015748032
21
0.2161412204724409
0
LINE
8
BLACK
6
CONTINUOUS
10
0.0757874015748032
20
0.2161412204724409
11
0.0757874015748032
21
0.2141732283464567
0
LINE
8
BLACK
6
CONTINUOUS
10
0.0757874015748032
20
0.2141732283464567
11
0.0954724409448819
21
0.2141732283464567
0
LINE
8
BLACK
6
CONTINUOUS
10
0.0954724409448819
20
0.2141732283464567
11
0.0962216535433071
21
0.2179398031496063
0
LINE
8
BLACK
6
CONTINUOUS
10
0.0962216535433071
20
0.2179398031496063
11
0.0983552362204724
21
0.2211329527559055
0
LINE
8
BLACK
6
CONTINUOUS
10
0.0983552362204724
20
0.2211329527559055
11
0.1015483858267717
21
0.2232665354330709
0
LINE
8
BLACK
6
CONTINUOUS
10
0.1015483858267717
20
0.2232665354330709
11
0.1053149606299213
21
0.2240157480314961
0
LINE
8
BLACK
6
CONTINUOUS
10
0.1053149606299213
20
0.2240157480314961
11
0.1427165354330709
21
0.2240157480314961
0
LINE
8
BLACK
6
CONTINUOUS
10
0.1427165354330709
20
0.2240157480314961
11
0.1464831102362205
21
0.2232665354330709
0
LINE
8
BLACK
6
CONTINUOUS
10
0.1464831102362205
20
0.2232665354330709
11
0.1496762598425197
21
0.2211329527559055
0
LINE
8
BLACK
6
CONTINUOUS
10
0.1496762598425197
20
0.2211329527559055
11
0.151809842519685
21
0.2179398031496063
0
LINE
8
BLACK
6
CONTINUOUS
10
0.151809842519685
20
0.2179398031496063
11
0.1525590551181102
21
0.2141732283464567
0
LINE
8
BLACK
6
CONTINUOUS
10
0.1525590551181102
20
0.2141732283464567
11
0.1757874015748032
21
0.2141732283464567
0
LINE
8
BLACK
6
CONTINUOUS
10
0.1757874015748032
20
0.2141732283464567
11
0.1765366141732283
21
0.2179398031496063
0
LINE
8
BLACK
6
CONTINUOUS
10
0.1765366141732283
20
0.2179398031496063
11
0.1786701968503937
21
0.2211329527559055
0
LINE
8
BLACK
6
CONTINUOUS
10
0.1786701968503937
20
0.2211329527559055
11
0.1818633464566929
21
0.2232665354330709
0
LINE
8
BLACK
6
CONTINUOUS
10
0.1818633464566929
20
0.2232665354330709
11
0.1856299212598425
21
0.2240157480314961
0
LINE
8
BLACK
6
CONTINUOUS
10
0.1856299212598425
20
0.2240157480314961
11
0.2230314960629921
21
0.2240157480314961
0
LINE
8
BLACK
6
CONTINUOUS
10
0.2230314960629921
20
0.2240157480314961
11
0.2267980708661417
21
0.2232665354330709
0
LINE
8
BLACK
6
CONTINUOUS
10
0.2267980708661417
20
0.2232665354330709
11
0.2299912204724409
21
0.2211329527559055
0
LINE
8
BLACK
6
CONTINUOUS
10
0.2299912204724409
20
0.2211329527559055
11
0.2321248031496063
21
0.2179398031496063
0
LINE
8
BLACK
6
CONTINUOUS
10
0.2321248031496063
20
0.2179398031496063
11
0.2328740157480315
21
0.2141732283464567
0
LINE
8
BLACK
6
CONTINUOUS
10
0.2328740157480315
20
0.2141732283464567
11
0.2328740157480315
21
0.194488188976378
0
LINE
8
BLACK
6
CONTINUOUS
10
0.2328740157480315
20
0.194488188976378
11
0.2321248031496063
21
0.1907216141732283
0
LINE
8
BLACK
6
CONTINUOUS
10
0.2321248031496063
20
0.1907216141732283
11
0.2299912204724409
21
0.1875284645669291
0
LINE
8
BLACK
6
CONTINUOUS
10
0.2299912204724409
20
0.1875284645669291
11
0.2267980708661417
21
0.1853948818897638
0
LINE
8
BLACK
6
CONTINUOUS
10
0.2267980708661417
20
0.1853948818897638
11
0.2230314960629921
21
0.1846456692913386
0
LINE
8
BLACK
6
CONTINUOUS
10
0.2230314960629921
20
0.1846456692913386
11
0.2141732283464567
21
0.1846456692913386
0
LINE
8
BLACK
6
CONTINUOUS
10
0.2141732283464567
20
0.1846456692913386
11
0.2141732283464567
21
0.1649606692913386
0
LINE
8
BLACK
6
CONTINUOUS
10
0.2141732283464567
20
0.1649606692913386
11
0.2249988976377953
21
0.1649606692913386
0
LINE
8
BLACK
6
CONTINUOUS
10
0.2249988976377953
20
0.1649606692913386
11
0.2249994488188976
21
0.1649607086614173
0
LINE
8
BLACK
6
CONTINUOUS
10
0.2249994488188976
20
0.1649607086614173
11
0.229043188976378
21
0.1653738188976378
0
LINE
8
BLACK
6
CONTINUOUS
10
0.229043188976378
20
0.1653738188976378
11
0.2355952362204724
21
0.1675449606299212
0
LINE
8
BLACK
6
CONTINUOUS
10
0.2355952362204724
20
0.1675449606299212
11
0.2355956692913386
21
0.167545157480315
0
LINE
8
BLACK
6
CONTINUOUS
10
0.2355956692913386
20
0.167545157480315
11
0.2412196062992126
21
0.1710140551181102
0
LINE
8
BLACK
6
CONTINUOUS
10
0.2412196062992126
20
0.1710140551181102
11
0.2438728346456693
21
0.1717400787401575
0
LINE
8
BLACK
6
CONTINUOUS
10
0.2438728346456693
20
0.1717400787401575
11
0.2464974015748032
21
0.1709163779527559
0
LINE
8
BLACK
6
CONTINUOUS
10
0.2464974015748032
20
0.1709163779527559
11
0.2482599606299213
21
0.1688044881889764
0
LINE
8
BLACK
6
CONTINUOUS
10
0.2482599606299213
20
0.1688044881889764
11
0.2486009842519685
21
0.1660749212598425
0
LINE
8
BLACK
6
CONTINUOUS
10
0.2486009842519685
20
0.1660749212598425
11
0.2479375590551181
21
0.1642962204724409
0
LINE
8
BLACK
6
CONTINUOUS
10
0.2479375590551181
20
0.1642962204724409
11
0.2462674015748031
21
0.1615884251968504
0
LINE
8
BLACK
6
CONTINUOUS
10
0.2462674015748031
20
0.1615884251968504
11
0.2462671653543307
21
0.1615879527559055
0
LINE
8
BLACK
6
CONTINUOUS
10
0.2462671653543307
20
0.1615879527559055
11
0.2440945275590551
21
0.1550313779527559
0
LINE
8
BLACK
6
CONTINUOUS
10
0.2440945275590551
20
0.1550313779527559
11
0.2440945275590551
21
0.1550313385826772
0
LINE
8
BLACK
6
CONTINUOUS
10
0.2440945275590551
20
0.1550313385826772
11
0.2440944881889764
21
0.1550313385826772
0
LINE
8
BLACK
6
CONTINUOUS
10
0.2440944881889764
20
0.1550313385826772
11
0.2436811023622047
21
0.1509849212598425
0
LINE
8
BLACK
6
CONTINUOUS
10
0.2436811023622047
20
0.1509849212598425
11
0.2436811023622047
21
0.1263779133858268
0
LINE
8
BLACK
6
CONTINUOUS
10
0.2436811023622047
20
0.1263779133858268
11
0.2436811417322834
21
0.1263772047244094
0
LINE
8
BLACK
6
CONTINUOUS
10
0.2436811417322834
20
0.1263772047244094
11
0.2440944881889764
21
0.1223308661417323
0
LINE
8
BLACK
6
CONTINUOUS
10
0.2440944881889764
20
0.1223308661417323
11
0.2440945275590551
21
0.1223307480314961
0
LINE
8
BLACK
6
CONTINUOUS
10
0.2440945275590551
20
0.1223307480314961
11
0.246267125984252
21
0.1157743700787402
0
LINE
8
BLACK
6
CONTINUOUS
10
0.246267125984252
20
0.1157743700787402
11
0.2462672047244094
21
0.1157741732283465
0
LINE
8
BLACK
6
CONTINUOUS
10
0.2462672047244094
20
0.1157741732283465
11
0.2498932677165354
21
0.1098953937007874
0
LINE
8
BLACK
6
CONTINUOUS
10
0.2498932677165354
20
0.1098953937007874
11
0.2535807480314961
21
0.1062079133858268
0
LINE
8
BLACK
6
CONTINUOUS
10
0.2535807480314961
20
0.1062079133858268
11
0.2548990551181102
21
0.1037936220472441
0
LINE
8
BLACK
6
CONTINUOUS
10
0.2548990551181102
20
0.1037936220472441
11
0.2547028346456693
21
0.101049842519685
0
LINE
8
BLACK
6
CONTINUOUS
10
0.2547028346456693
20
0.101049842519685
11
0.2535807480314961
21
0.0993038976377953
0
LINE
8
BLACK
6
CONTINUOUS
10
0.2535807480314961
20
0.0993038976377953
11
0.2498932677165354
21
0.0956164566929134
0
LINE
8
BLACK
6
CONTINUOUS
10
0.2498932677165354
20
0.0956164566929134
11
0.2462672047244094
21
0.0897376771653543
0
LINE
8
BLACK
6
CONTINUOUS
10
0.2462672047244094
20
0.0897376771653543
11
0.2462671653543307
21
0.0897375590551181
0
LINE
8
BLACK
6
CONTINUOUS
10
0.2462671653543307
20
0.0897375590551181
11
0.2440945275590551
21
0.0831809842519685
0
LINE
8
BLACK
6
CONTINUOUS
10
0.2440945275590551
20
0.0831809842519685
11
0.2440945275590551
21
0.0831809448818898
0
LINE
8
BLACK
6
CONTINUOUS
10
0.2440945275590551
20
0.0831809448818898
11
0.2440944881889764
21
0.0831809448818898
0
LINE
8
BLACK
6
CONTINUOUS
10
0.2440944881889764
20
0.0831809448818898
11
0.2436811023622047
21
0.0791345275590551
0
LINE
8
BLACK
6
CONTINUOUS
10
0.2436811023622047
20
0.0791345275590551
11
0.2436811023622047
21
0.0545275196850394
0
LINE
8
BLACK
6
CONTINUOUS
10
0.2436811023622047
20
0.0545275196850394
11
0.2436811417322834
21
0.054526811023622
0
LINE
8
BLACK
6
CONTINUOUS
10
0.2436811417322834
20
0.054526811023622
11
0.2440944881889764
21
0.0504804724409449
0
LINE
8
BLACK
6
CONTINUOUS
10
0.2440944881889764
20
0.0504804724409449
11
0.2440945275590551
21
0.0504803543307087
0
LINE
8
BLACK
6
CONTINUOUS
10
0.2440945275590551
20
0.0504803543307087
11
0.246267125984252
21
0.0439239763779528
0
LINE
8
BLACK
6
CONTINUOUS
10
0.246267125984252
20
0.0439239763779528
11
0.2462671653543307
21
0.0439238582677165
0
LINE
8
BLACK
6
CONTINUOUS
10
0.2462671653543307
20
0.0439238582677165
11
0.2498932283464567
21
0.0380450393700787
0
LINE
8
BLACK
6
CONTINUOUS
10
0.2498932283464567
20
0.0380450393700787
11
0.2547773228346457
21
0.0331609448818898
0
LINE
8
BLACK
6
CONTINUOUS
10
0.2547773228346457
20
0.0331609448818898
11
0.2606561417322835
21
0.0295348818897638
0
LINE
8
BLACK
6
CONTINUOUS
10
0.2606561417322835
20
0.0295348818897638
11
0.2619881889763779
21
0.0290935039370079
0
LINE
8
BLACK
6
CONTINUOUS
10
0.2619881889763779
20
0.0290935039370079
11
0.2642498818897638
21
0.0275277165354331
0
LINE
8
BLACK
6
CONTINUOUS
10
0.2642498818897638
20
0.0275277165354331
11
0.2653059842519685
21
0.0249877559055118
0
LINE
8
BLACK
6
CONTINUOUS
10
0.2653059842519685
20
0.0249877559055118
11
0.2653346456692913
21
0.0244593700787402
0
LINE
8
BLACK
6
CONTINUOUS
10
0.2653346456692913
20
0.0244593700787402
11
0.2653346456692913
21
-0.2685247637795276
0
LINE
8
BLACK
6
CONTINUOUS
10
0.2653346456692913
20
-0.2685247637795276
11
0.2645596456692914
21
-0.271164094488189
0
LINE
8
BLACK
6
CONTINUOUS
10
0.2645596456692914
20
-0.271164094488189
11
0.2630156299212598
21
-0.2726798031496063
0
LINE
8
BLACK
6
CONTINUOUS
10
0.2630156299212598
20
-0.2726798031496063
11
0.2591081496062992
21
-0.2750899606299212
0
LINE
8
BLACK
6
CONTINUOUS
10
0.2591081496062992
20
-0.2750899606299212
11
0.2554065748031496
21
-0.2787915354330708
0
LINE
8
BLACK
6
CONTINUOUS
10
0.2554065748031496
20
-0.2787915354330708
11
0.2529922440944882
21
-0.2801098031496063
0
LINE
8
BLACK
6
CONTINUOUS
10
0.2529922440944882
20
-0.2801098031496063
11
0.2502485039370079
21
-0.2799135826771654
0
LINE
8
BLACK
6
CONTINUOUS
10
0.2502485039370079
20
-0.2799135826771654
11
0.2485025590551181
21
-0.2787914960629921
0
LINE
8
BLACK
6
CONTINUOUS
10
0.2485025590551181
20
-0.2787914960629921
11
0.2448167322834646
21
-0.2751056692913386
0
LINE
8
BLACK
6
CONTINUOUS
10
0.2448167322834646
20
-0.2751056692913386
11
0.2389418897637795
21
-0.2714820078740157
0
LINE
8
BLACK
6
CONTINUOUS
10
0.2389418897637795
20
-0.2714820078740157
11
0.2389416929133858
21
-0.2714819291338583
0
LINE
8
BLACK
6
CONTINUOUS
10
0.2389416929133858
20
-0.2714819291338583
11
0.2323896456692913
21
-0.2693107874015748
0
LINE
8
BLACK
6
CONTINUOUS
10
0.2323896456692913
20
-0.2693107874015748
11
0.2323893700787402
21
-0.2693107480314961
0
LINE
8
BLACK
6
CONTINUOUS
10
0.2323893700787402
20
-0.2693107480314961
11
0.228345905511811
21
-0.2688976377952756
0
LINE
8
BLACK
6
CONTINUOUS
10
0.228345905511811
20
-0.2688976377952756
11
0.2258858267716535
21
-0.2688976377952756
0
LINE
8
BLACK
6
CONTINUOUS
10
0.2258858267716535
20
-0.2688976377952756
11
0.2258858267716535
21
-0.2885826771653544
0
LINE
8
BLACK
6
CONTINUOUS
10
0.2258858267716535
20
-0.2885826771653544
11
0.2263779527559055
21
-0.2885826771653544
0
LINE
8
BLACK
6
CONTINUOUS
10
0.2263779527559055
20
-0.2885826771653544
11
0.2301445275590551
21
-0.2893318897637795
0
LINE
8
BLACK
6
CONTINUOUS
10
0.2301445275590551
20
-0.2893318897637795
11
0.2333376771653543
21
-0.2914654724409449
0
LINE
8
BLACK
6
CONTINUOUS
10
0.2333376771653543
20
-0.2914654724409449
11
0.2354712598425197
21
-0.2946586220472441
0
LINE
8
BLACK
6
CONTINUOUS
10
0.2354712598425197
20
-0.2946586220472441
11
0.2362204724409449
21
-0.2984251968503937
0
LINE
8
BLACK
6
CONTINUOUS
10
0.2362204724409449
20
-0.2984251968503937
11
0.2362204724409449
21
-0.3338582677165354
0
LINE
8
BLACK
6
CONTINUOUS
10
0.2362204724409449
20
-0.3338582677165354
11
0.2354712598425197
21
-0.3376248425196851
0
LINE
8
BLACK
6
CONTINUOUS
10
0.2354712598425197
20
-0.3376248425196851
11
0.2333376771653543
21
-0.3408179921259842
0
LINE
8
BLACK
6
CONTINUOUS
10
0.2333376771653543
20
-0.3408179921259842
11
0.2301445275590551
21
-0.3429515748031496
0
LINE
8
BLACK
6
CONTINUOUS
10
0.2301445275590551
20
-0.3429515748031496
11
0.2263779527559055
21
-0.3437007874015748
0
LINE
8
BLACK
6
CONTINUOUS
10
0.2263779527559055
20
-0.3437007874015748
11
0.2258858267716535
21
-0.3437007874015748
0
LINE
8
BLACK
6
CONTINUOUS
10
0.2258858267716535
20
-0.3437007874015748
11
0.2258858267716535
21
-0.3633857874015748
0
LINE
8
BLACK
6
CONTINUOUS
10
0.2258858267716535
20
-0.3633857874015748
11
0.2283453543307087
21
-0.3633857874015748
0
LINE
8
BLACK
6
CONTINUOUS
10
0.2283453543307087
20
-0.3633857874015748
11
0.228345905511811
21
-0.363385748031496
0
LINE
8
BLACK
6
CONTINUOUS
10
0.228345905511811
20
-0.363385748031496
11
0.2323896456692913
21
-0.3629726377952756
0
LINE
8
BLACK
6
CONTINUOUS
10
0.2323896456692913
20
-0.3629726377952756
11
0.2389416929133858
21
-0.3608014960629921
0
LINE
8
BLACK
6
CONTINUOUS
10
0.2389416929133858
20
-0.3608014960629921
11
0.2389418897637795
21
-0.3608014173228347
0
LINE
8
BLACK
6
CONTINUOUS
10
0.2389418897637795
20
-0.3608014173228347
11
0.2448166141732283
21
-0.3571778346456693
0
LINE
8
BLACK
6
CONTINUOUS
10
0.2448166141732283
20
-0.3571778346456693
11
0.2485025196850394
21
-0.3534919291338582
0
LINE
8
BLACK
6
CONTINUOUS
10
0.2485025196850394
20
-0.3534919291338582
11
0.2509168110236221
21
-0.3521736220472441
0
LINE
8
BLACK
6
CONTINUOUS
10
0.2509168110236221
20
-0.3521736220472441
11
0.2536605905511811
21
-0.352369842519685
0
LINE
8
BLACK
6
CONTINUOUS
10
0.2536605905511811
20
-0.352369842519685
11
0.2554065748031496
21
-0.3534919291338582
0
LINE
8
BLACK
6
CONTINUOUS
10
0.2554065748031496
20
-0.3534919291338582
11
0.259108031496063
21
-0.3571933858267716
0
LINE
8
BLACK
6
CONTINUOUS
10
0.259108031496063
20
-0.3571933858267716
11
0.2630156299212598
21
-0.3596035826771654
0
LINE
8
BLACK
6
CONTINUOUS
10
0.2630156299212598
20
-0.3596035826771654
11
0.264855157480315
21
-0.361648779527559
0
LINE
8
BLACK
6
CONTINUOUS
10
0.264855157480315
20
-0.361648779527559
11
0.2653346456692913
21
-0.3637586614173228
0
LINE
8
BLACK
6
CONTINUOUS
10
0.2653346456692913
20
-0.3637586614173228
11
0.2653346456692913
21
-0.4506008267716535
0
LINE
8
BLACK
6
CONTINUOUS
10
0.2653346456692913
20
-0.4506008267716535
11
0.2645596456692914
21
-0.4532401574803149
0
LINE
8
BLACK
6
CONTINUOUS
10
0.2645596456692914
20
-0.4532401574803149
11
0.2625159842519685
21
-0.4550252755905512
0
LINE
8
BLACK
6
CONTINUOUS
10
0.2625159842519685
20
-0.4550252755905512
11
0.2601250393700787
21
-0.4561401968503937
0
LINE
8
BLACK
6
CONTINUOUS
10
0.2601250393700787
20
-0.4561401968503937
11
0.2601247637795275
21
-0.4561403543307087
0
LINE
8
BLACK
6
CONTINUOUS
10
0.2601247637795275
20
-0.4561403543307087
11
0.2525038188976378
21
-0.4614765748031496
0
LINE
8
BLACK
6
CONTINUOUS
10
0.2525038188976378
20
-0.4614765748031496
11
0.2459253937007874
21
-0.468055
0
LINE
8
BLACK
6
CONTINUOUS
10
0.2459253937007874
20
-0.468055
11
0.2408100393700787
21
-0.4753605511811024
0
LINE
8
BLACK
6
CONTINUOUS
10
0.2408100393700787
20
-0.4753605511811024
11
0.2386613385826772
21
-0.4770780708661417
0
LINE
8
BLACK
6
CONTINUOUS
10
0.2386613385826772
20
-0.4770780708661417
11
0.2359251968503937
21
-0.4773612992125984
0
LINE
8
BLACK
6
CONTINUOUS
10
0.2359251968503937
20
-0.4773612992125984
11
0.2334702755905512
21
-0.4761202362204724
0
LINE
8
BLACK
6
CONTINUOUS
10
0.2334702755905512
20
-0.4761202362204724
11
0.2328120078740157
21
-0.4753605511811024
0
LINE
8
BLACK
6
CONTINUOUS
10
0.2328120078740157
20
-0.4753605511811024
11
0.2276966141732283
21
-0.468055
0
LINE
8
BLACK
6
CONTINUOUS
10
0.2276966141732283
20
-0.468055
11
0.2211181889763779
21
-0.4614766141732283
0
LINE
8
BLACK
6
CONTINUOUS
10
0.2211181889763779
20
-0.4614766141732283
11
0.2211179133858268
21
-0.4614764173228346
0
LINE
8
BLACK
6
CONTINUOUS
10
0.2211179133858268
20
-0.4614764173228346
11
0.2209658661417323
21
-0.4613699606299212
0
LINE
8
BLACK
6
CONTINUOUS
10
0.2209658661417323
20
-0.4613699606299212
11
0.2178005905511811
21
-0.4591535826771653
0
LINE
8
BLACK
6
CONTINUOUS
10
0.2178005905511811
20
-0.4591535826771653
11
0.2134974015748032
21
-0.4561404330708662
0
LINE
8
BLACK
6
CONTINUOUS
10
0.2134974015748032
20
-0.4561404330708662
11
0.2134972440944882
21
-0.4561403543307087
0
LINE
8
BLACK
6
CONTINUOUS
10
0.2134972440944882
20
-0.4561403543307087
11
0.2127563779527559
21
-0.4557948818897637
0
LINE
8
BLACK
6
CONTINUOUS
10
0.2127563779527559
20
-0.4557948818897637
11
0.2050654724409449
21
-0.4522085433070866
0
LINE
8
BLACK
6
CONTINUOUS
10
0.2050654724409449
20
-0.4522085433070866
11
0.2050653149606299
21
-0.4522085039370078
0
LINE
8
BLACK
6
CONTINUOUS
10
0.2050653149606299
20
-0.4522085039370078
11
0.205065157480315
21
-0.4522084251968504
0
LINE
8
BLACK
6
CONTINUOUS
10
0.205065157480315
20
-0.4522084251968504
11
0.1960792519685039
21
-0.4498007086614173
0
LINE
8
BLACK
6
CONTINUOUS
10
0.1960792519685039
20
-0.4498007086614173
11
0.1960788582677165
21
-0.4498006299212599
0
LINE
8
BLACK
6
CONTINUOUS
10
0.1960788582677165
20
-0.4498006299212599
11
0.186811062992126
21
-0.4489898031496063
0
LINE
8
BLACK
6
CONTINUOUS
10
0.186811062992126
20
-0.4489898031496063
11
0.1868109842519685
21
-0.4489898031496063
0
LINE
8
BLACK
6
CONTINUOUS
10
0.1868109842519685
20
-0.4489898031496063
11
0.1775431496062992
21
-0.4498006299212599
0
LINE
8
BLACK
6
CONTINUOUS
10
0.1775431496062992
20
-0.4498006299212599
11
0.1775427559055118
21
-0.4498007086614173
0
LINE
8
BLACK
6
CONTINUOUS
10
0.1775427559055118
20
-0.4498007086614173
11
0.1685568503937008
21
-0.4522084251968504
0
LINE
8
BLACK
6
CONTINUOUS
10
0.1685568503937008
20
-0.4522084251968504
11
0.1685564960629921
21
-0.4522085826771653
0
LINE
8
BLACK
6
CONTINUOUS
10
0.1685564960629921
20
-0.4522085826771653
11
0.160124842519685
21
-0.4561403149606299
0
LINE
8
BLACK
6
CONTINUOUS
10
0.160124842519685
20
-0.4561403149606299
11
0.1601247637795276
21
-0.4561403543307087
0
LINE
8
BLACK
6
CONTINUOUS
10
0.1601247637795276
20
-0.4561403543307087
11
0.1525038188976378
21
-0.4614765748031496
0
LINE
8
BLACK
6
CONTINUOUS
10
0.1525038188976378
20
-0.4614765748031496
11
0.1459253937007874
21
-0.468055
0
LINE
8
BLACK
6
CONTINUOUS
10
0.1459253937007874
20
-0.468055
11
0.1405891732283465
21
-0.4756759448818897
0
LINE
8
BLACK
6
CONTINUOUS
10
0.1405891732283465
20
-0.4756759448818897
11
0.1405891338582677
21
-0.4756760236220473
0
LINE
8
BLACK
6
CONTINUOUS
10
0.1405891338582677
20
-0.4756760236220473
11
0.1366574015748031
21
-0.4841076771653543
0
LINE
8
BLACK
6
CONTINUOUS
10
0.1366574015748031
20
-0.4841076771653543
11
0.1366572440944882
21
-0.484108031496063
0
LINE
8
BLACK
6
CONTINUOUS
10
0.1366572440944882
20
-0.484108031496063
11
0.1342495275590551
21
-0.493093937007874
0
LINE
8
BLACK
6
CONTINUOUS
10
0.1342495275590551
20
-0.493093937007874
11
0.1342494488188976
21
-0.4930943307086614
0
LINE
8
BLACK
6
CONTINUOUS
10
0.1342494488188976
20
-0.4930943307086614
11
0.1334386220472441
21
-0.5023621653543306
0
LINE
8
BLACK
6
CONTINUOUS
10
0.1334386220472441
20
-0.5023621653543306
11
0.1334386220472441
21
-0.5023622047244094
0
LINE
8
BLACK
6
CONTINUOUS
10
0.1334386220472441
20
-0.5023622047244094
11
0.1342494488188976
21
-0.5116300393700788
0
LINE
8
BLACK
6
CONTINUOUS
10
0.1342494488188976
20
-0.5116300393700788
11
0.1342495275590551
21
-0.5116304330708661
0
LINE
8
BLACK
6
CONTINUOUS
10
0.1342495275590551
20
-0.5116304330708661
11
0.1366572440944882
21
-0.5206163385826772
0
LINE
8
BLACK
6
CONTINUOUS
10
0.1366572440944882
20
-0.5206163385826772
11
0.1366573228346457
21
-0.5206164960629921
0
LINE
8
BLACK
6
CONTINUOUS
10
0.1366573228346457
20
-0.5206164960629921
11
0.1366573622047244
21
-0.5206166535433071
0
LINE
8
BLACK
6
CONTINUOUS
10
0.1366573622047244
20
-0.5206166535433071
11
0.1394526771653543
21
-0.5266112204724409
0
LINE
8
BLACK
6
CONTINUOUS
10
0.1394526771653543
20
-0.5266112204724409
11
0.1405891732283465
21
-0.5290484251968504
0
LINE
8
BLACK
6
CONTINUOUS
10
0.1405891732283465
20
-0.5290484251968504
11
0.1405892519685039
21
-0.5290485826771654
0
LINE
8
BLACK
6
CONTINUOUS
10
0.1405892519685039
20
-0.5290485826771654
11
0.1435321653543307
21
-0.5332514566929134
0
LINE
8
BLACK
6
CONTINUOUS
10
0.1435321653543307
20
-0.5332514566929134
11
0.1459253937007874
21
-0.5366693307086614
0
LINE
8
BLACK
6
CONTINUOUS
10
0.1459253937007874
20
-0.5366693307086614
11
0.1525038976377953
21
-0.5432478346456693
0
LINE
8
BLACK
6
CONTINUOUS
10
0.1525038976377953
20
-0.5432478346456693
11
0.155517125984252
21
-0.5453577165354331
0
LINE
8
BLACK
6
CONTINUOUS
10
0.155517125984252
20
-0.5453577165354331
11
0.1601246062992126
21
-0.548583937007874
0
LINE
8
BLACK
6
CONTINUOUS
10
0.1601246062992126
20
-0.548583937007874
11
0.1601246850393701
21
-0.5485839763779528
0
LINE
8
BLACK
6
CONTINUOUS
10
0.1601246850393701
20
-0.5485839763779528
11
0.1601248031496063
21
-0.5485840551181103
0
LINE
8
BLACK
6
CONTINUOUS
10
0.1601248031496063
20
-0.5485840551181103
11
0.1685565748031496
21
-0.5525158661417323
0
LINE
8
BLACK
6
CONTINUOUS
10
0.1685565748031496
20
-0.5525158661417323
11
0.1775429921259843
21
-0.5549237401574802
0
LINE
8
BLACK
6
CONTINUOUS
10
0.1775429921259843
20
-0.5549237401574802
11
0.1842645275590551
21
-0.555511811023622
0
LINE
8
BLACK
6
CONTINUOUS
10
0.1842645275590551
20
-0.555511811023622
11
0.1868109842519685
21
-0.5557346062992126
0
LINE
8
BLACK
6
CONTINUOUS
10
0.1868109842519685
20
-0.5557346062992126
11
0.1868110236220472
21
-0.5557346062992126
0
LINE
8
BLACK
6
CONTINUOUS
10
0.1868110236220472
20
-0.5557346062992126
11
0.186811062992126
21
-0.5557346062992126
0
LINE
8
BLACK
6
CONTINUOUS
10
0.186811062992126
20
-0.5557346062992126
11
0.1893575196850394
21
-0.555511811023622
0
LINE
8
BLACK
6
CONTINUOUS
10
0.1893575196850394
20
-0.555511811023622
11
0.1960790551181102
21
-0.5549237401574802
0
LINE
8
BLACK
6
CONTINUOUS
10
0.1960790551181102
20
-0.5549237401574802
11
0.2050654724409449
21
-0.5525158661417323
0
LINE
8
BLACK
6
CONTINUOUS
10
0.2050654724409449
20
-0.5525158661417323
11
0.2134972440944882
21
-0.5485840551181103
0
LINE
8
BLACK
6
CONTINUOUS
10
0.2134972440944882
20
-0.5485840551181103
11
0.2211181496062992
21
-0.5432478346456693
0
LINE
8
BLACK
6
CONTINUOUS
10
0.2211181496062992
20
-0.5432478346456693
11
0.2276966535433071
21
-0.5366693307086614
0
LINE
8
BLACK
6
CONTINUOUS
10
0.2276966535433071
20
-0.5366693307086614
11
0.2328120078740157
21
-0.5293638582677165
0
LINE
8
BLACK
6
CONTINUOUS
10
0.2328120078740157
20
-0.5293638582677165
11
0.2349607086614173
21
-0.5276463385826772
0
LINE
8
BLACK
6
CONTINUOUS
10
0.2349607086614173
20
-0.5276463385826772
11
0.2376968503937008
21
-0.5273631102362205
0
LINE
8
BLACK
6
CONTINUOUS
10
0.2376968503937008
20
-0.5273631102362205
11
0.2401517716535433
21
-0.5286041732283464
0
LINE
8
BLACK
6
CONTINUOUS
10
0.2401517716535433
20
-0.5286041732283464
11
0.2408100393700787
21
-0.5293638582677165
0
LINE
8
BLACK
6
CONTINUOUS
10
0.2408100393700787
20
-0.5293638582677165
11
0.2459251968503937
21
-0.536669094488189
0
LINE
8
BLACK
6
CONTINUOUS
10
0.2459251968503937
20
-0.536669094488189
11
0.2459253937007874
21
-0.5366693307086614
0
LINE
8
BLACK
6
CONTINUOUS
10
0.2459253937007874
20
-0.5366693307086614
11
0.2525038976377953
21
-0.5432478346456693
0
LINE
8
BLACK
6
CONTINUOUS
10
0.2525038976377953
20
-0.5432478346456693
11
0.255517125984252
21
-0.5453577165354331
0
LINE
8
BLACK
6
CONTINUOUS
10
0.255517125984252
20
-0.5453577165354331
11
0.2601246062992126
21
-0.548583937007874
0
LINE
8
BLACK
6
CONTINUOUS
10
0.2601246062992126
20
-0.548583937007874
11
0.2601246850393701
21
-0.5485839763779528
0
LINE
8
BLACK
6
CONTINUOUS
10
0.2601246850393701
20
-0.5485839763779528
11
0.2601248031496063
21
-0.5485840551181103
0
LINE
8
BLACK
6
CONTINUOUS
10
0.2601248031496063
20
-0.5485840551181103
11
0.2685565748031496
21
-0.5525158661417323
0
LINE
8
BLACK
6
CONTINUOUS
10
0.2685565748031496
20
-0.5525158661417323
11
0.2775429921259843
21
-0.5549237401574802
0
LINE
8
BLACK
6
CONTINUOUS
10
0.2775429921259843
20
-0.5549237401574802
11
0.2842645275590551
21
-0.555511811023622
0
LINE
8
BLACK
6
CONTINUOUS
10
0.2842645275590551
20
-0.555511811023622
11
0.2868109842519685
21
-0.5557346062992126
0
LINE
8
BLACK
6
CONTINUOUS
10
0.2868109842519685
20
-0.5557346062992126
11
0.2868110236220472
21
-0.5557346062992126
0
LINE
8
BLACK
6
CONTINUOUS
10
0.2868110236220472
20
-0.5557346062992126
11
0.286811062992126
21
-0.5557346062992126
0
LINE
8
BLACK
6
CONTINUOUS
10
0.286811062992126
20
-0.5557346062992126
11
0.2893575196850394
21
-0.555511811023622
0
LINE
8
BLACK
6
CONTINUOUS
10
0.2893575196850394
20
-0.555511811023622
11
0.2960790551181102
21
-0.5549237401574802
0
LINE
8
BLACK
6
CONTINUOUS
10
0.2960790551181102
20
-0.5549237401574802
11
0.3050654724409449
21
-0.5525158661417323
0
LINE
8
BLACK
6
CONTINUOUS
10
0.3050654724409449
20
-0.5525158661417323
11
0.3134972440944882
21
-0.5485840551181103
0
LINE
8
BLACK
6
CONTINUOUS
10
0.3134972440944882
20
-0.5485840551181103
11
0.3211181496062992
21
-0.5432478346456693
0
LINE
8
BLACK
6
CONTINUOUS
10
0.3211181496062992
20
-0.5432478346456693
11
0.3259337401574803
21
-0.5384322047244094
0
LINE
8
BLACK
6
CONTINUOUS
10
0.3259337401574803
20
-0.5384322047244094
11
0.328347874015748
21
-0.5371140157480315
0
LINE
8
BLACK
6
CONTINUOUS
10
0.328347874015748
20
-0.5371140157480315
11
0.3310916535433071
21
-0.5373102362204725
0
LINE
8
BLACK
6
CONTINUOUS
10
0.3310916535433071
20
-0.5373102362204725
11
0.3332937795275591
21
-0.5389587007874016
0
LINE
8
BLACK
6
CONTINUOUS
10
0.3332937795275591
20
-0.5389587007874016
11
0.3339597244094488
21
-0.5401782677165354
0
LINE
8
BLACK
6
CONTINUOUS
10
0.3339597244094488
20
-0.5401782677165354
11
0.3358915748031496
21
-0.5453577952755906
0
LINE
8
BLACK
6
CONTINUOUS
10
0.3358915748031496
20
-0.5453577952755906
11
0.3358916929133858
21
-0.5453579921259842
0
LINE
8
BLACK
6
CONTINUOUS
10
0.3358916929133858
20
-0.5453579921259842
11
0.3392838188976378
21
-0.5498892519685039
0
LINE
8
BLACK
6
CONTINUOUS
10
0.3392838188976378
20
-0.5498892519685039
11
0.339283937007874
21
-0.5498893700787402
0
LINE
8
BLACK
6
CONTINUOUS
10
0.339283937007874
20
-0.5498893700787402
11
0.3438151968503937
21
-0.5532814960629922
0
LINE
8
BLACK
6
CONTINUOUS
10
0.3438151968503937
20
-0.5532814960629922
11
0.3438154724409448
21
-0.5532816535433071
0
LINE
8
BLACK
6
CONTINUOUS
10
0.3438154724409448
20
-0.5532816535433071
11
0.3491188976377952
21
-0.5552596850393701
0
LINE
8
BLACK
6
CONTINUOUS
10
0.3491188976377952
20
-0.5552596850393701
11
0.3491191732283465
21
-0.5552597637795276
0
LINE
8
BLACK
6
CONTINUOUS
10
0.3491191732283465
20
-0.5552597637795276
11
0.3514627952755905
21
-0.5555117716535433
0
LINE
8
BLACK
6
CONTINUOUS
10
0.3514627952755905
20
-0.5555117716535433
11
0.3514634645669291
21
-0.555511811023622
0
LINE
8
BLACK
6
CONTINUOUS
10
0.3514634645669291
20
-0.555511811023622
11
0.3769685039370079
21
-0.555511811023622
0
LINE
8
BLACK
6
CONTINUOUS
10
0.3769685039370079
20
-0.555511811023622
11
0.3769685039370079
21
-0.5358267716535433
0
LINE
8
BLACK
6
CONTINUOUS
10
0.3769685039370079
20
-0.5358267716535433
11
0.3533464566929134
21
-0.5358267716535433
0
LINE
8
BLACK
6
CONTINUOUS
10
0.3533464566929134
20
-0.5358267716535433
11
0.3533464566929134
21
-0.4688976377952756
0
LINE
8
BLACK
6
CONTINUOUS
10
0.3533464566929134
20
-0.4688976377952756
11
0.3769685039370079
21
-0.4688976377952756
0
LINE
8
BLACK
6
CONTINUOUS
10
0.3769685039370079
20
-0.4688976377952756
11
0.3769685039370079
21
-0.4492125984251968
0
LINE
8
BLACK
6
CONTINUOUS
10
0.3769685039370079
20
-0.4492125984251968
11
0.3514627952755905
21
-0.4492125984251968
0
LINE
8
BLACK
6
CONTINUOUS
10
0.3514627952755905
20
-0.4492125984251968
11
0.3491191732283465
21
-0.4494646062992126
0
LINE
8
BLACK
6
CONTINUOUS
10
0.3491191732283465
20
-0.4494646062992126
11
0.3491188976377952
21
-0.4494646850393701
0
LINE
8
BLACK
6
CONTINUOUS
10
0.3491188976377952
20
-0.4494646850393701
11
0.3438154724409448
21
-0.4514427165354331
0
LINE
8
BLACK
6
CONTINUOUS
10
0.3438154724409448
20
-0.4514427165354331
11
0.3438151968503937
21
-0.451442874015748
0
LINE
8
BLACK
6
CONTINUOUS
10
0.3438151968503937
20
-0.451442874015748
11
0.339283937007874
21
-0.454835
0
LINE
8
BLACK
6
CONTINUOUS
10
0.339283937007874
20
-0.454835
11
0.3392838188976378
21
-0.4548351181102362
0
LINE
8
BLACK
6
CONTINUOUS
10
0.3392838188976378
20
-0.4548351181102362
11
0.3358916929133858
21
-0.4593663779527559
0
LINE
8
BLACK
6
CONTINUOUS
10
0.3358916929133858
20
-0.4593663779527559
11
0.3358915354330709
21
-0.4593666535433071
0
LINE
8
BLACK
6
CONTINUOUS
10
0.3358915354330709
20
-0.4593666535433071
11
0.3339597637795276
21
-0.464546062992126
0
LINE
8
BLACK
6
CONTINUOUS
10
0.3339597637795276
20
-0.464546062992126
11
0.3323112992125984
21
-0.4667481889763779
0
LINE
8
BLACK
6
CONTINUOUS
10
0.3323112992125984
20
-0.4667481889763779
11
0.329733937007874
21
-0.4677094881889763
0
LINE
8
BLACK
6
CONTINUOUS
10
0.329733937007874
20
-0.4677094881889763
11
0.3270460236220472
21
-0.4671247637795276
0
LINE
8
BLACK
6
CONTINUOUS
10
0.3270460236220472
20
-0.4671247637795276
11
0.3259336614173228
21
-0.4662920866141732
0
LINE
8
BLACK
6
CONTINUOUS
10
0.3259336614173228
20
-0.4662920866141732
11
0.3235529133858268
21
-0.4639113385826771
0
LINE
8
BLACK
6
CONTINUOUS
10
0.3235529133858268
20
-0.4639113385826771
11
0.3211181496062992
21
-0.4614765748031496
0
LINE
8
BLACK
6
CONTINUOUS
10
0.3211181496062992
20
-0.4614765748031496
11
0.3191779527559055
21
-0.460118031496063
0
LINE
8
BLACK
6
CONTINUOUS
10
0.3191779527559055
20
-0.460118031496063
11
0.318636811023622
21
-0.4597390944881889
0
LINE
8
BLACK
6
CONTINUOUS
10
0.318636811023622
20
-0.4597390944881889
11
0.3169193307086614
21
-0.4575903543307087
0
LINE
8
BLACK
6
CONTINUOUS
10
0.3169193307086614
20
-0.4575903543307087
11
0.3165551181102362
21
-0.4557401181102362
0
LINE
8
BLACK
6
CONTINUOUS
10
0.3165551181102362
20
-0.4557401181102362
11
0.3165551181102362
21
-0.3593397637795275
0
LINE
8
BLACK
6
CONTINUOUS
10
0.3165551181102362
20
-0.3593397637795275
11
0.3173301181102362
21
-0.3567004330708661
0
LINE
8
BLACK
6
CONTINUOUS
10
0.3173301181102362
20
-0.3567004330708661
11
0.317985
21
-0.3558877559055118
0
LINE
8
BLACK
6
CONTINUOUS
10
0.317985
20
-0.3558877559055118
11
0.3195296456692913
21
-0.3543431102362204
0
LINE
8
BLACK
6
CONTINUOUS
10
0.3195296456692913
20
-0.3543431102362204
11
0.3215634645669291
21
-0.3523092913385827
0
LINE
8
BLACK
6
CONTINUOUS
10
0.3215634645669291
20
-0.3523092913385827
11
0.3251895275590551
21
-0.3464304724409449
0
LINE
8
BLACK
6
CONTINUOUS
10
0.3251895275590551
20
-0.3464304724409449
11
0.3273621653543307
21
-0.3398738976377952
0
LINE
8
BLACK
6
CONTINUOUS
10
0.3273621653543307
20
-0.3398738976377952
11
0.3277755905511811
21
-0.335827125984252
0
LINE
8
BLACK
6
CONTINUOUS
10
0.3277755905511811
20
-0.335827125984252
11
0.3277755511811024
21
-0.2964563779527559
0
LINE
8
BLACK
6
CONTINUOUS
10
0.3277755511811024
20
-0.2964563779527559
11
0.3273621653543307
21
-0.2924095669291338
0
LINE
8
BLACK
6
CONTINUOUS
10
0.3273621653543307
20
-0.2924095669291338
11
0.3251895275590551
21
-0.2858529921259843
0
LINE
8
BLACK
6
CONTINUOUS
10
0.3251895275590551
20
-0.2858529921259843
11
0.3215634645669291
21
-0.2799741732283464
0
LINE
8
BLACK
6
CONTINUOUS
10
0.3215634645669291
20
-0.2799741732283464
11
0.317985
21
-0.2763957086614173
0
LINE
8
BLACK
6
CONTINUOUS
10
0.317985
20
-0.2763957086614173
11
0.3166666929133858
21
-0.2739814173228347
0
LINE
8
BLACK
6
CONTINUOUS
10
0.3166666929133858
20
-0.2739814173228347
11
0.3165551181102362
21
-0.2729437007874015
0
LINE
8
BLACK
6
CONTINUOUS
10
0.3165551181102362
20
-0.2729437007874015
11
0.3165551181102362
21
0.0244593700787402
0
LINE
8
BLACK
6
CONTINUOUS
10
0.3165551181102362
20
0.0244593700787402
11
0.3173301181102362
21
0.0270987007874016
0
LINE
8
BLACK
6
CONTINUOUS
10
0.3173301181102362
20
0.0270987007874016
11
0.3194090157480315
21
0.0289000787401575
0
LINE
8
BLACK
6
CONTINUOUS
10
0.3194090157480315
20
0.0289000787401575
11
0.3199013779527559
21
0.0290934645669291
0
LINE
8
BLACK
6
CONTINUOUS
10
0.3199013779527559
20
0.0290934645669291
11
0.3212336220472441
21
0.0295348818897638
0
LINE
8
BLACK
6
CONTINUOUS
10
0.3212336220472441
20
0.0295348818897638
11
0.3271124409448819
21
0.0331609448818898
0
LINE
8
BLACK
6
CONTINUOUS
10
0.3271124409448819
20
0.0331609448818898
11
0.3319965354330708
21
0.0380450393700787
0
LINE
8
BLACK
6
CONTINUOUS
10
0.3319965354330708
20
0.0380450393700787
11
0.3356225984251968
21
0.0439238582677165
0
LINE
8
BLACK
6
CONTINUOUS
10
0.3356225984251968
20
0.0439238582677165
11
0.3377952362204724
21
0.0504804330708661
0
LINE
8
BLACK
6
CONTINUOUS
10
0.3377952362204724
20
0.0504804330708661
11
0.3382086614173228
21
0.0545272047244094
0
LINE
8
BLACK
6
CONTINUOUS
10
0.3382086614173228
20
0.0545272047244094
11
0.3382086220472441
21
0.0791341732283465
0
LINE
8
BLACK
6
CONTINUOUS
10
0.3382086220472441
20
0.0791341732283465
11
0.3377952362204724
21
0.0831809842519685
0
LINE
8
BLACK
6
CONTINUOUS
10
0.3377952362204724
20
0.0831809842519685
11
0.3356225984251968
21
0.0897375590551181
0
LINE
8
BLACK
6
CONTINUOUS
10
0.3356225984251968
20
0.0897375590551181
11
0.3319965354330708
21
0.0956163779527559
0
LINE
8
BLACK
6
CONTINUOUS
10
0.3319965354330708
20
0.0956163779527559
11
0.3283090157480315
21
0.0993038976377953
0
LINE
8
BLACK
6
CONTINUOUS
10
0.3283090157480315
20
0.0993038976377953
11
0.3269907086614173
21
0.101718188976378
0
LINE
8
BLACK
6
CONTINUOUS
10
0.3269907086614173
20
0.101718188976378
11
0.3271869291338583
21
0.104461968503937
0
LINE
8
BLACK
6
CONTINUOUS
10
0.3271869291338583
20
0.104461968503937
11
0.3283090157480315
21
0.1062079133858268
0
LINE
8
BLACK
6
CONTINUOUS
10
0.3283090157480315
20
0.1062079133858268
11
0.3319965354330708
21
0.1098954330708661
0
LINE
8
BLACK
6
CONTINUOUS
10
0.3319965354330708
20
0.1098954330708661
11
0.3356225984251968
21
0.1157742519685039
0
LINE
8
BLACK
6
CONTINUOUS
10
0.3356225984251968
20
0.1157742519685039
11
0.3377952362204724
21
0.1223308267716535
0
LINE
8
BLACK
6
CONTINUOUS
10
0.3377952362204724
20
0.1223308267716535
11
0.3382086614173228
21
0.1263775984251969
0
LINE
8
BLACK
6
CONTINUOUS
10
0.3382086614173228
20
0.1263775984251969
11
0.3382086220472441
21
0.1509845669291339
0
LINE
8
BLACK
6
CONTINUOUS
10
0.3382086220472441
20
0.1509845669291339
11
0.3377952362204724
21
0.1550313779527559
0
LINE
8
BLACK
6
CONTINUOUS
10
0.3377952362204724
20
0.1550313779527559
11
0.3362224409448819
21
0.1597776771653543
0
LINE
8
BLACK
6
CONTINUOUS
10
0.3362224409448819
20
0.1597776771653543
11
0.3361279133858268
21
0.1625266929133858
0
LINE
8
BLACK
6
CONTINUOUS
10
0.3361279133858268
20
0.1625266929133858
11
0.3375346456692913
21
0.1648905511811024
0
LINE
8
BLACK
6
CONTINUOUS
10
0.3375346456692913
20
0.1648905511811024
11
0.3399961023622047
21
0.1661186220472441
0
LINE
8
BLACK
6
CONTINUOUS
10
0.3399961023622047
20
0.1661186220472441
11
0.342391968503937
21
0.1659472834645669
0
LINE
8
BLACK
6
CONTINUOUS
10
0.342391968503937
20
0.1659472834645669
11
0.3441812204724409
21
0.1653543700787402
0
LINE
8
BLACK
6
CONTINUOUS
10
0.3441812204724409
20
0.1653543700787402
11
0.3482279921259843
21
0.1649409448818898
0
LINE
8
BLACK
6
CONTINUOUS
10
0.3482279921259843
20
0.1649409448818898
11
0.3895672440944882
21
0.1649409842519685
0
LINE
8
BLACK
6
CONTINUOUS
10
0.3895672440944882
20
0.1649409842519685
11
0.3895675590551181
21
0.1649410236220472
0
LINE
8
BLACK
6
CONTINUOUS
10
0.3895675590551181
20
0.1649410236220472
11
0.3895676771653543
21
0.1649410236220472
0
LINE
8
BLACK
6
CONTINUOUS
10
0.3895676771653543
20
0.1649410236220472
11
0.3917835433070866
21
0.1651674015748031
0
LINE
8
BLACK
6
CONTINUOUS
10
0.3917835433070866
20
0.1651674015748031
11
0.3936140551181102
21
0.1653543700787402
0
LINE
8
BLACK
6
CONTINUOUS
10
0.3936140551181102
20
0.1653543700787402
11
0.4001706299212598
21
0.1675270078740158
0
LINE
8
BLACK
6
CONTINUOUS
10
0.4001706299212598
20
0.1675270078740158
11
0.4060494488188977
21
0.1711530708661417
0
LINE
8
BLACK
6
CONTINUOUS
10
0.4060494488188977
20
0.1711530708661417
11
0.4109335433070866
21
0.1760371653543307
0
LINE
8
BLACK
6
CONTINUOUS
10
0.4109335433070866
20
0.1760371653543307
11
0.4118013779527559
21
0.1774442125984252
0
LINE
8
BLACK
6
CONTINUOUS
10
0.4118013779527559
20
0.1774442125984252
11
0.4138464960629921
21
0.1792837007874016
0
LINE
8
BLACK
6
CONTINUOUS
10
0.4138464960629921
20
0.1792837007874016
11
0.4165615354330708
21
0.1797255511811024
0
LINE
8
BLACK
6
CONTINUOUS
10
0.4165615354330708
20
0.1797255511811024
11
0.4190844488188976
21
0.1786293700787402
0
LINE
8
BLACK
6
CONTINUOUS
10
0.4190844488188976
20
0.1786293700787402
11
0.4201114566929134
21
0.1774442125984252
0
LINE
8
BLACK
6
CONTINUOUS
10
0.4201114566929134
20
0.1774442125984252
11
0.4209717322834646
21
0.1760494881889764
0
LINE
8
BLACK
6
CONTINUOUS
10
0.4209717322834646
20
0.1760494881889764
11
0.4258525196850393
21
0.1711687007874016
0
LINE
8
BLACK
6
CONTINUOUS
10
0.4258525196850393
20
0.1711687007874016
11
0.4317273622047244
21
0.1675450393700787
0
LINE
8
BLACK
6
CONTINUOUS
10
0.4317273622047244
20
0.1675450393700787
11
0.4317275590551181
21
0.1675449606299212
0
LINE
8
BLACK
6
CONTINUOUS
10
0.4317275590551181
20
0.1675449606299212
11
0.4382796062992126
21
0.1653738188976378
0
LINE
8
BLACK
6
CONTINUOUS
10
0.4382796062992126
20
0.1653738188976378
11
0.4382798818897637
21
0.1653737795275591
0
LINE
8
BLACK
6
CONTINUOUS
10
0.4382798818897637
20
0.1653737795275591
11
0.4423235826771653
21
0.1649606692913386
0
LINE
8
BLACK
6
CONTINUOUS
10
0.4423235826771653
20
0.1649606692913386
11
0.4531495669291338
21
0.1649606692913386
0
LINE
8
BLACK
6
CONTINUOUS
10
0.4531495669291338
20
0.1649606692913386
11
0.4531496062992126
21
0.1649607086614173
0
LINE
8
BLACK
6
CONTINUOUS
10
0.4531496062992126
20
0.1649607086614173
11
0.4531496062992126
21
0.1846456692913386
0
LINE
8
BLACK
6
CONTINUOUS
10
0.4531496062992126
20
0.1846456692913386
11
0.4442913385826772
21
0.1846456692913386
0
LINE
8
BLACK
6
CONTINUOUS
10
0.4442913385826772
20
0.1846456692913386
11
0.4405247637795275
21
0.1853948818897638
0
LINE
8
BLACK
6
CONTINUOUS
10
0.4405247637795275
20
0.1853948818897638
11
0.4373316141732284
21
0.1875284645669291
0
LINE
8
BLACK
6
CONTINUOUS
10
0.4373316141732284
20
0.1875284645669291
11
0.435198031496063
21
0.1907216141732283
0
LINE
8
BLACK
6
CONTINUOUS
10
0.435198031496063
20
0.1907216141732283
11
0.4344488188976378
21
0.194488188976378
0
LINE
8
BLACK
6
CONTINUOUS
10
0.4344488188976378
20
0.194488188976378
11
0.4344488188976378
21
0.2141732283464567
0
LINE
8
BLACK
6
CONTINUOUS
10
0.4344488188976378
20
0.2141732283464567
11
0.435198031496063
21
0.2179398031496063
0
LINE
8
BLACK
6
CONTINUOUS
10
0.435198031496063
20
0.2179398031496063
11
0.4373316141732284
21
0.2211329527559055
0
LINE
8
BLACK
6
CONTINUOUS
10
0.4373316141732284
20
0.2211329527559055
11
0.4405247637795275
21
0.2232665354330709
0
LINE
8
BLACK
6
CONTINUOUS
10
0.4405247637795275
20
0.2232665354330709
11
0.4442913385826772
21
0.2240157480314961
0
LINE
8
BLACK
6
CONTINUOUS
10
0.4442913385826772
20
0.2240157480314961
11
0.4816929133858268
21
0.2240157480314961
0
LINE
8
BLACK
6
CONTINUOUS
10
0.4816929133858268
20
0.2240157480314961
11
0.4854594881889764
21
0.2232665354330709
0
LINE
8
BLACK
6
CONTINUOUS
10
0.4854594881889764
20
0.2232665354330709
11
0.4886526377952756
21
0.2211329527559055
0
LINE
8
BLACK
6
CONTINUOUS
10
0.4886526377952756
20
0.2211329527559055
11
0.4907862204724409
21
0.2179398031496063
0
LINE
8
BLACK
6
CONTINUOUS
10
0.4907862204724409
20
0.2179398031496063
11
0.4915354330708661
21
0.2141732283464567
0
LINE
8
BLACK
6
CONTINUOUS
10
0.4915354330708661
20
0.2141732283464567
11
0.4915354330708661
21
0.194488188976378
0
LINE
8
BLACK
6
CONTINUOUS
10
0.4915354330708661
20
0.194488188976378
11
0.4907862204724409
21
0.1907216141732283
0
LINE
8
BLACK
6
CONTINUOUS
10
0.4907862204724409
20
0.1907216141732283
11
0.4886526377952756
21
0.1875284645669291
0
LINE
8
BLACK
6
CONTINUOUS
10
0.4886526377952756
20
0.1875284645669291
11
0.4854594881889764
21
0.1853948818897638
0
LINE
8
BLACK
6
CONTINUOUS
10
0.4854594881889764
20
0.1853948818897638
11
0.4816929133858268
21
0.1846456692913386
0
LINE
8
BLACK
6
CONTINUOUS
10
0.4816929133858268
20
0.1846456692913386
11
0.4728346456692913
21
0.1846456692913386
0
LINE
8
BLACK
6
CONTINUOUS
10
0.4728346456692913
20
0.1846456692913386
11
0.4728346456692913
21
0.1649606692913386
0
LINE
8
BLACK
6
CONTINUOUS
10
0.4728346456692913
20
0.1649606692913386
11
0.4836603149606299
21
0.1649606692913386
0
LINE
8
BLACK
6
CONTINUOUS
10
0.4836603149606299
20
0.1649606692913386
11
0.4836608661417323
21
0.1649607086614173
0
LINE
8
BLACK
6
CONTINUOUS
10
0.4836608661417323
20
0.1649607086614173
11
0.4877046062992126
21
0.1653738188976378
0
LINE
8
BLACK
6
CONTINUOUS
10
0.4877046062992126
20
0.1653738188976378
11
0.4942566535433071
21
0.1675449606299212
0
LINE
8
BLACK
6
CONTINUOUS
10
0.4942566535433071
20
0.1675449606299212
11
0.4942568503937008
21
0.1675450393700787
0
LINE
8
BLACK
6
CONTINUOUS
10
0.4942568503937008
20
0.1675450393700787
11
0.5001317322834645
21
0.1711687401574803
0
LINE
8
BLACK
6
CONTINUOUS
10
0.5001317322834645
20
0.1711687401574803
11
0.5003366929133858
21
0.1713736614173228
0
LINE
8
BLACK
6
CONTINUOUS
10
0.5003366929133858
20
0.1713736614173228
11
0.502750905511811
21
0.1726920866141732
0
LINE
8
BLACK
6
CONTINUOUS
10
0.502750905511811
20
0.1726920866141732
11
0.5054946850393701
21
0.1724959842519685
0
LINE
8
BLACK
6
CONTINUOUS
10
0.5054946850393701
20
0.1724959842519685
11
0.5063514566929134
21
0.1720770472440945
0
LINE
8
BLACK
6
CONTINUOUS
10
0.5063514566929134
20
0.1720770472440945
11
0.5121325196850394
21
0.1685112598425197
0
LINE
8
BLACK
6
CONTINUOUS
10
0.5121325196850394
20
0.1685112598425197
11
0.518689094488189
21
0.1663386220472441
0
LINE
8
BLACK
6
CONTINUOUS
10
0.518689094488189
20
0.1663386220472441
11
0.5227358661417323
21
0.1659251968503937
0
LINE
8
BLACK
6
CONTINUOUS
10
0.5227358661417323
20
0.1659251968503937
11
0.5621066141732284
21
0.1659252362204724
0
LINE
8
BLACK
6
CONTINUOUS
10
0.5621066141732284
20
0.1659252362204724
11
0.5621069291338583
21
0.1659252755905512
0
LINE
8
BLACK
6
CONTINUOUS
10
0.5621069291338583
20
0.1659252755905512
11
0.5621070472440944
21
0.1659252755905512
0
LINE
8
BLACK
6
CONTINUOUS
10
0.5621070472440944
20
0.1659252755905512
11
0.5643229133858267
21
0.1661516535433071
0
LINE
8
BLACK
6
CONTINUOUS
10
0.5643229133858267
20
0.1661516535433071
11
0.5661534251968504
21
0.1663386220472441
0
LINE
8
BLACK
6
CONTINUOUS
10
0.5661534251968504
20
0.1663386220472441
11
0.5727099999999999
21
0.1685112598425197
0
LINE
8
BLACK
6
CONTINUOUS
10
0.5727099999999999
20
0.1685112598425197
11
0.5785888188976378
21
0.1721373228346457
0
LINE
8
BLACK
6
CONTINUOUS
10
0.5785888188976378
20
0.1721373228346457
11
0.5793005905511811
21
0.1728491338582677
0
LINE
8
BLACK
6
CONTINUOUS
10
0.5793005905511811
20
0.1728491338582677
11
0.5817148031496063
21
0.1741675196850394
0
LINE
8
BLACK
6
CONTINUOUS
10
0.5817148031496063
20
0.1741675196850394
11
0.5844585826771653
21
0.1739714173228346
0
LINE
8
BLACK
6
CONTINUOUS
10
0.5844585826771653
20
0.1739714173228346
11
0.5859362598425196
21
0.173021811023622
0
LINE
8
BLACK
6
CONTINUOUS
10
0.5859362598425196
20
0.173021811023622
11
0.585958031496063
21
0.1730492913385827
0
LINE
8
BLACK
6
CONTINUOUS
10
0.585958031496063
20
0.1730492913385827
11
0.5861811023622047
21
0.1728729133858268
0
LINE
8
BLACK
6
CONTINUOUS
10
0.5861811023622047
20
0.1728729133858268
11
0.5920104724409448
21
0.1692772834645669
0
LINE
8
BLACK
6
CONTINUOUS
10
0.5920104724409448
20
0.1692772834645669
11
0.5920105905511811
21
0.1692772440944882
0
LINE
8
BLACK
6
CONTINUOUS
10
0.5920105905511811
20
0.1692772440944882
11
0.5920108267716535
21
0.1692770866141732
0
LINE
8
BLACK
6
CONTINUOUS
10
0.5920108267716535
20
0.1692770866141732
11
0.5985127952755905
21
0.1671225590551181
0
LINE
8
BLACK
6
CONTINUOUS
10
0.5985127952755905
20
0.1671225590551181
11
0.6025256692913386
21
0.1667125984251968
0
LINE
8
BLACK
6
CONTINUOUS
10
0.6025256692913386
20
0.1667125984251968
11
0.6025258661417323
21
0.1667125984251968
0
LINE
8
BLACK
6
CONTINUOUS
10
0.6025258661417323
20
0.1667125984251968
11
0.6423560236220472
21
0.1667125984251968
0
LINE
8
BLACK
6
CONTINUOUS
10
0.6423560236220472
20
0.1667125984251968
11
0.6423562204724409
21
0.1667125984251968
0
LINE
8
BLACK
6
CONTINUOUS
10
0.6423562204724409
20
0.1667125984251968
11
0.6463690944881889
21
0.1671225590551181
0
LINE
8
BLACK
6
CONTINUOUS
10
0.6463690944881889
20
0.1671225590551181
11
0.6528710629921259
21
0.1692770866141732
0
LINE
8
BLACK
6
CONTINUOUS
10
0.6528710629921259
20
0.1692770866141732
11
0.658700905511811
21
0.1728729921259843
0
LINE
8
BLACK
6
CONTINUOUS
10
0.658700905511811
20
0.1728729921259843
11
0.6635443307086614
21
0.1777164173228346
0
LINE
8
BLACK
6
CONTINUOUS
10
0.6635443307086614
20
0.1777164173228346
11
0.6640081102362204
21
0.1784683858267717
0
LINE
8
BLACK
6
CONTINUOUS
10
0.6640081102362204
20
0.1784683858267717
11
0.6660532677165354
21
0.1803079133858268
0
LINE
8
BLACK
6
CONTINUOUS
10
0.6660532677165354
20
0.1803079133858268
11
0.6681631889763779
21
0.1807874015748031
0
LINE
8
BLACK
6
CONTINUOUS
10
0.6681631889763779
20
0.1807874015748031
11
0.6723059448818898
21
0.1807874015748031
0
LINE
8
BLACK
6
CONTINUOUS
10
0.6723059448818898
20
0.1807874015748031
11
0.6756344488188977
21
0.1814495275590551
0
LINE
8
BLACK
6
CONTINUOUS
10
0.6756344488188977
20
0.1814495275590551
11
0.6772537007874015
21
0.1817716141732283
0
LINE
8
BLACK
6
CONTINUOUS
10
0.6772537007874015
20
0.1817716141732283
11
0.6819144488188976
21
0.1837021653543307
0
LINE
8
BLACK
6
CONTINUOUS
10
0.6819144488188976
20
0.1837021653543307
11
0.6838206299212598
21
0.1849758267716535
0
LINE
8
BLACK
6
CONTINUOUS
10
0.6838206299212598
20
0.1849758267716535
11
0.6838206299212598
21
0.1849758661417323
0
LINE
8
BLACK
6
CONTINUOUS
10
0.6838206299212598
20
0.1849758661417323
11
0.6838207086614173
21
0.1849758661417323
0
LINE
8
BLACK
6
CONTINUOUS
10
0.6838207086614173
20
0.1849758661417323
11
0.6849648031496063
21
0.1857403543307087
0
LINE
8
BLACK
6
CONTINUOUS
10
0.6849648031496063
20
0.1857403543307087
11
0.6861090157480315
21
0.186504842519685
0
LINE
8
BLACK
6
CONTINUOUS
10
0.6861090157480315
20
0.186504842519685
11
0.7313101181102362
21
0.2317059448818898
0
LINE
8
BLACK
6
CONTINUOUS
10
0.7313101181102362
20
0.2317059448818898
11
0.7341127952755905
21
0.2359005118110236
0
LINE
8
BLACK
6
CONTINUOUS
10
0.7341127952755905
20
0.2359005118110236
11
0.7360433464566929
21
0.2405612598425197
0
LINE
8
BLACK
6
CONTINUOUS
10
0.7360433464566929
20
0.2405612598425197
11
0.7363182677165354
21
0.2419433858267716
0
LINE
8
BLACK
6
CONTINUOUS
10
0.7363182677165354
20
0.2419433858267716
11
0.7370275590551181
21
0.245509094488189
0
LINE
8
BLACK
6
CONTINUOUS
10
0.7370275590551181
20
0.245509094488189
11
0.7370275590551181
21
0.4210263385826771
0
LINE
8
BLACK
6
CONTINUOUS
10
0.7370275590551181
20
0.4210263385826771
11
0.7370275590551181
21
0.4210264566929134
0
LINE
8
BLACK
6
CONTINUOUS
10
0.7370275590551181
20
0.4210264566929134
11
0.7360433858267716
21
0.4259739763779528
0
LINE
8
BLACK
6
CONTINUOUS
10
0.7360433858267716
20
0.4259739763779528
11
0.7360433464566929
21
0.4259740157480315
0
LINE
8
BLACK
6
CONTINUOUS
10
0.7360433464566929
20
0.4259740157480315
11
0.7360433464566929
21
0.4259741732283465
0
LINE
8
BLACK
6
CONTINUOUS
10
0.7360433464566929
20
0.4259741732283465
11
0.7341127952755905
21
0.4306349212598425
0
LINE
8
BLACK
6
CONTINUOUS
10
0.7341127952755905
20
0.4306349212598425
11
0.7337402755905512
21
0.4311924409448819
0
LINE
8
BLACK
6
CONTINUOUS
10
0.7337402755905512
20
0.4311924409448819
11
0.7337402362204725
21
0.4311925196850394
0
LINE
8
BLACK
6
CONTINUOUS
10
0.7337402362204725
20
0.4311925196850394
11
0.7337402362204725
21
0.4311925590551181
0
LINE
8
BLACK
6
CONTINUOUS
10
0.7337402362204725
20
0.4311925590551181
11
0.7313101574803149
21
0.4348294488188976
0
LINE
8
BLACK
6
CONTINUOUS
10
0.7313101574803149
20
0.4348294488188976
11
0.7313099212598425
21
0.4348297244094488
0
LINE
8
BLACK
6
CONTINUOUS
10
0.7313099212598425
20
0.4348297244094488
11
0.6123887007874016
21
0.5537509448818898
0
LINE
8
BLACK
6
CONTINUOUS
10
0.6123887007874016
20
0.5537509448818898
11
0.6123885433070866
21
0.553751062992126
0
LINE
8
BLACK
6
CONTINUOUS
10
0.6123885433070866
20
0.553751062992126
11
0.6081939763779527
21
0.5565537401574803
0
LINE
8
BLACK
6
CONTINUOUS
10
0.6081939763779527
20
0.5565537401574803
11
0.6035332283464567
21
0.5584842913385827
0
LINE
8
BLACK
6
CONTINUOUS
10
0.6035332283464567
20
0.5584842913385827
11
0.6035329921259842
21
0.5584843700787402
0
LINE
8
BLACK
6
CONTINUOUS
10
0.6035329921259842
20
0.5584843700787402
11
0.5985854724409448
21
0.5594685039370079
0
LINE
8
BLACK
6
CONTINUOUS
10
0.5985854724409448
20
0.5594685039370079
11
0.5985853937007873
21
0.5594685039370079
0
LINE
8
BLACK
6
CONTINUOUS
10
0.5985853937007873
20
0.5594685039370079
11
0.1761444488188976
21
0.5594685039370079
0
LINE
8
BLACK
6
CONTINUOUS
10
0.1761444488188976
20
0.5594685039370079
11
0.1198452362204724
21
0.5594685039370079
0
LINE
8
BLACK
6
CONTINUOUS
10
0.1198452362204724
20
0.5594685039370079
11
-0.3439342913385827
21
0.5594685039370079
0
LINE
8
BLACK
6
CONTINUOUS
10
-0.3439342913385827
20
0.5594685039370079
11
-0.4608464960629921
21
0.5594685039370079
0
LINE
8
BLACK
6
CONTINUOUS
10
-0.4608464960629921
20
0.5594685039370079
11
-0.4634858267716535
21
0.5602435039370078
0
LINE
8
BLACK
6
CONTINUOUS
10
-0.4634858267716535
20
0.5602435039370078
11
-0.4652872047244094
21
0.5623224015748032
0
LINE
8
BLACK
6
CONTINUOUS
10
-0.4652872047244094
20
0.5623224015748032
11
-0.4657283858267716
21
0.5643503937007874
0
LINE
8
BLACK
6
CONTINUOUS
10
-0.4657283858267716
20
0.5643503937007874
11
-0.4657283858267716
21
0.575393779527559
0
LINE
8
BLACK
6
CONTINUOUS
10
-0.4657283858267716
20
0.575393779527559
11
-0.4657284251968504
21
0.5753944488188977
0
LINE
8
BLACK
6
CONTINUOUS
10
-0.4657284251968504
20
0.5753944488188977
11
-0.4661417716535433
21
0.5794408267716535
0
LINE
8
BLACK
6
CONTINUOUS
10
-0.4661417716535433
20
0.5794408267716535
11
-0.466141811023622
21
0.5794409448818898
0
LINE
8
BLACK
6
CONTINUOUS
10
-0.466141811023622
20
0.5794409448818898
11
-0.4683144094488189
21
0.5859974015748032
0
LINE
8
BLACK
6
CONTINUOUS
10
-0.4683144094488189
20
0.5859974015748032
11
-0.4719404724409449
21
0.5918762204724409
0
LINE
8
BLACK
6
CONTINUOUS
10
-0.4719404724409449
20
0.5918762204724409
11
-0.4768245669291338
21
0.5967603149606299
0
LINE
8
BLACK
6
CONTINUOUS
10
-0.4768245669291338
20
0.5967603149606299
11
-0.4827033858267716
21
0.6003863779527558
0
LINE
8
BLACK
6
CONTINUOUS
10
-0.4827033858267716
20
0.6003863779527558
11
-0.4892599606299213
21
0.6025590157480315
0
LINE
8
BLACK
6
CONTINUOUS
10
-0.4892599606299213
20
0.6025590157480315
11
-0.4892600393700787
21
0.6025590551181103
0
LINE
8
BLACK
6
CONTINUOUS
10
-0.4892600393700787
20
0.6025590551181103
11
-0.4933066929133858
21
0.6029724409448819
0
LINE
8
BLACK
6
CONTINUOUS
10
-0.4933066929133858
20
0.6029724409448819
11
-0.5169292125984252
21
0.6029724409448819
0
LINE
8
BLACK
6
CONTINUOUS
10
-0.5169292125984252
20
0.6029724409448819
11
-0.5169299212598425
21
0.6029724015748031
0
LINE
8
BLACK
6
CONTINUOUS
10
-0.5169299212598425
20
0.6029724015748031
11
-0.5209762598425197
21
0.6025590551181103
0
LINE
8
BLACK
6
CONTINUOUS
10
-0.5209762598425197
20
0.6025590551181103
11
-0.5209763779527559
21
0.6025590157480315
0
LINE
8
BLACK
6
CONTINUOUS
10
-0.5209763779527559
20
0.6025590157480315
11
-0.5275327559055119
21
0.6003864173228346
0
LINE
8
BLACK
6
CONTINUOUS
10
-0.5275327559055119
20
0.6003864173228346
11
-0.5275329527559055
21
0.6003863385826772
0
LINE
8
BLACK
6
CONTINUOUS
10
-0.5275329527559055
20
0.6003863385826772
11
-0.5334117322834645
21
0.5967602755905511
0
LINE
8
BLACK
6
CONTINUOUS
10
-0.5334117322834645
20
0.5967602755905511
11
-0.538295748031496
21
0.5918762598425197
0
LINE
8
BLACK
6
CONTINUOUS
10
-0.538295748031496
20
0.5918762598425197
11
-0.5382959448818897
21
0.5918760236220473
0
LINE
8
BLACK
6
CONTINUOUS
10
-0.5382959448818897
20
0.5918760236220473
11
-0.5383763385826772
21
0.5917456299212598
0
LINE
8
BLACK
6
CONTINUOUS
10
-0.5383763385826772
20
0.5917456299212598
11
-0.538454842519685
21
0.5916750787401575
0
LINE
8
BLACK
6
CONTINUOUS
10
-0.538454842519685
20
0.5916750787401575
11
-0.5384721653543307
21
0.5916531102362205
0
LINE
8
BLACK
6
CONTINUOUS
10
-0.5384721653543307
20
0.5916531102362205
11
-0.5384759448818898
21
0.5916561023622047
0
LINE
8
BLACK
6
CONTINUOUS
10
-0.5384759448818898
20
0.5916561023622047
11
-0.5404216141732283
21
0.5899061811023621
0
LINE
8
BLACK
6
CONTINUOUS
10
-0.5404216141732283
20
0.5899061811023621
11
-0.5431366929133858
21
0.5894644881889763
0
LINE
8
BLACK
6
CONTINUOUS
10
-0.5431366929133858
20
0.5894644881889763
11
-0.5456595669291339
21
0.5905608267716536
0
LINE
8
BLACK
6
CONTINUOUS
10
-0.5456595669291339
20
0.5905608267716536
11
-0.5466862992125984
21
0.5917458267716535
0
LINE
8
BLACK
6
CONTINUOUS
10
-0.5466862992125984
20
0.5917458267716535
11
-0.5467590944881889
21
0.5918638188976377
0
LINE
8
BLACK
6
CONTINUOUS
10
-0.5467590944881889
20
0.5918638188976377
11
-0.5467592125984252
21
0.5918639763779527
0
LINE
8
BLACK
6
CONTINUOUS
10
-0.5467592125984252
20
0.5918639763779527
11
-0.5516399606299213
21
0.5967447244094488
0
LINE
8
BLACK
6
CONTINUOUS
10
-0.5516399606299213
20
0.5967447244094488
11
-0.5575148031496063
21
0.6003683858267717
0
LINE
8
BLACK
6
CONTINUOUS
10
-0.5575148031496063
20
0.6003683858267717
11
-0.557515
21
0.6003684645669292
0
LINE
8
BLACK
6
CONTINUOUS
10
-0.557515
20
0.6003684645669292
11
-0.5640670472440945
21
0.6025396062992125
0
LINE
8
BLACK
6
CONTINUOUS
10
-0.5640670472440945
20
0.6025396062992125
11
-0.5640673228346457
21
0.6025396456692913
0
LINE
8
BLACK
6
CONTINUOUS
10
-0.5640673228346457
20
0.6025396456692913
11
-0.5681107874015748
21
0.6029527559055118
0
LINE
8
BLACK
6
CONTINUOUS
10
-0.5681107874015748
20
0.6029527559055118
11
-0.5700787401574803
21
0.6029527559055118
0
LINE
8
BLACK
6
CONTINUOUS
10
-0.5700787401574803
20
0.6029527559055118
11
-0.5700787401574803
21
0.5832677165354331
0
LINE
8
BLACK
6
CONTINUOUS
10
-0.5700787401574803
20
0.5832677165354331
11
-0.5663121653543307
21
0.5825185039370079
0
LINE
8
BLACK
6
CONTINUOUS
10
-0.5663121653543307
20
0.5825185039370079
11
-0.5631190157480315
21
0.5803849212598425
0
LINE
8
BLACK
6
CONTINUOUS
10
-0.5631190157480315
20
0.5803849212598425
11
-0.5609854330708661
21
0.5771917716535433
0
LINE
8
BLACK
6
CONTINUOUS
10
-0.5609854330708661
20
0.5771917716535433
11
-0.5602362204724409
21
0.5734251968503937
0
LINE
8
BLACK
6
CONTINUOUS
10
-0.5602362204724409
20
0.5734251968503937
11
-0.5602362204724409
21
0.5360236220472441
0
LINE
8
BLACK
6
CONTINUOUS
10
-0.5602362204724409
20
0.5360236220472441
11
-0.5609854330708661
21
0.5322570472440945
0
LINE
8
BLACK
6
CONTINUOUS
10
-0.5609854330708661
20
0.5322570472440945
11
-0.5631190157480315
21
0.5290638976377953
0
LINE
8
BLACK
6
CONTINUOUS
10
-0.5631190157480315
20
0.5290638976377953
11
-0.5663121653543307
21
0.5269303149606299
0
LINE
8
BLACK
6
CONTINUOUS
10
-0.5663121653543307
20
0.5269303149606299
11
-0.5700787401574803
21
0.5261811023622047
0
LINE
8
BLACK
6
CONTINUOUS
10
-0.5700787401574803
20
0.5261811023622047
11
-0.5700787401574803
21
0.5257133858267716
0
LINE
8
BLACK
6
CONTINUOUS
10
-0.5700787401574803
20
0.5257133858267716
11
-0.5697966141732284
21
0.5251966929133858
0
LINE
8
BLACK
6
CONTINUOUS
10
-0.5697966141732284
20
0.5251966929133858
11
-0.5696850393700787
21
0.5241589763779527
0
LINE
8
BLACK
6
CONTINUOUS
10
-0.5696850393700787
20
0.5241589763779527
11
-0.5696850393700787
21
0.5017716535433071
0
LINE
8
BLACK
6
CONTINUOUS
10
-0.5696850393700787
20
0.5017716535433071
11
-0.5659184645669291
21
0.5010224409448819
0
LINE
8
BLACK
6
CONTINUOUS
10
-0.5659184645669291
20
0.5010224409448819
11
-0.5627253149606299
21
0.4988888582677165
0
LINE
8
BLACK
6
CONTINUOUS
10
-0.5627253149606299
20
0.4988888582677165
11
-0.5605917322834646
21
0.4956957086614173
0
LINE
8
BLACK
6
CONTINUOUS
10
-0.5605917322834646
20
0.4956957086614173
11
-0.5598425196850394
21
0.4919291338582677
0
LINE
8
BLACK
6
CONTINUOUS
10
-0.5598425196850394
20
0.4919291338582677
11
-0.5598425196850394
21
0.4545275590551181
0
LINE
8
BLACK
6
CONTINUOUS
10
-0.5598425196850394
20
0.4545275590551181
11
-0.5605917322834646
21
0.4507609842519685
0
LINE
8
BLACK
6
CONTINUOUS
10
-0.5605917322834646
20
0.4507609842519685
11
-0.5627253149606299
21
0.4475678346456693
0
LINE
8
BLACK
6
CONTINUOUS
10
-0.5627253149606299
20
0.4475678346456693
11
-0.5659184645669291
21
0.4454342519685039
0
LINE
8
BLACK
6
CONTINUOUS
10
-0.5659184645669291
20
0.4454342519685039
11
-0.5696850393700787
21
0.4446850393700787
0
LINE
8
BLACK
6
CONTINUOUS
10
-0.5696850393700787
20
0.4446850393700787
11
-0.5696850393700787
21
0.4250000393700787
0
LINE
8
BLACK
6
CONTINUOUS
10
-0.5696850393700787
20
0.4250000393700787
11
-0.5677176377952756
21
0.4250000393700787
0
LINE
8
BLACK
6
CONTINUOUS
10
-0.5677176377952756
20
0.4250000393700787
11
-0.5677170866141732
21
0.4250000787401575
0
LINE
8
BLACK
6
CONTINUOUS
10
-0.5677170866141732
20
0.4250000787401575
11
-0.5636733464566929
21
0.4254131889763779
0
LINE
8
BLACK
6
CONTINUOUS
10
-0.5636733464566929
20
0.4254131889763779
11
-0.5571212992125985
21
0.4275843307086614
0
LINE
8
BLACK
6
CONTINUOUS
10
-0.5571212992125985
20
0.4275843307086614
11
-0.5571211023622047
21
0.4275844094488189
0
LINE
8
BLACK
6
CONTINUOUS
10
-0.5571211023622047
20
0.4275844094488189
11
-0.5512462598425196
21
0.4312080708661417
0
LINE
8
BLACK
6
CONTINUOUS
10
-0.5512462598425196
20
0.4312080708661417
11
-0.5463654330708662
21
0.4360888976377953
0
LINE
8
BLACK
6
CONTINUOUS
10
-0.5463654330708662
20
0.4360888976377953
11
-0.5462927165354331
21
0.4362067716535433
0
LINE
8
BLACK
6
CONTINUOUS
10
-0.5462927165354331
20
0.4362067716535433
11
-0.5462216929133858
21
0.4362707086614173
0
LINE
8
BLACK
6
CONTINUOUS
10
-0.5462216929133858
20
0.4362707086614173
11
-0.5461890551181102
21
0.4363119291338582
0
LINE
8
BLACK
6
CONTINUOUS
10
-0.5461890551181102
20
0.4363119291338582
11
-0.5461820472440945
21
0.4363063779527559
0
LINE
8
BLACK
6
CONTINUOUS
10
-0.5461820472440945
20
0.4363063779527559
11
-0.5442476377952756
21
0.4380464173228346
0
LINE
8
BLACK
6
CONTINUOUS
10
-0.5442476377952756
20
0.4380464173228346
11
-0.5415325590551181
21
0.4384883464566929
0
LINE
8
BLACK
6
CONTINUOUS
10
-0.5415325590551181
20
0.4384883464566929
11
-0.5390096062992126
21
0.4373922834645669
0
LINE
8
BLACK
6
CONTINUOUS
10
-0.5390096062992126
20
0.4373922834645669
11
-0.537982559055118
21
0.4362070472440945
0
LINE
8
BLACK
6
CONTINUOUS
10
-0.537982559055118
20
0.4362070472440945
11
-0.5379020472440945
21
0.4360765354330708
0
LINE
8
BLACK
6
CONTINUOUS
10
-0.5379020472440945
20
0.4360765354330708
11
-0.5330179527559055
21
0.4311924409448819
0
LINE
8
BLACK
6
CONTINUOUS
10
-0.5330179527559055
20
0.4311924409448819
11
-0.5271391338582677
21
0.4275663779527559
0
LINE
8
BLACK
6
CONTINUOUS
10
-0.5271391338582677
20
0.4275663779527559
11
-0.5205825590551181
21
0.4253937401574803
0
LINE
8
BLACK
6
CONTINUOUS
10
-0.5205825590551181
20
0.4253937401574803
11
-0.5165357874015748
21
0.4249803149606299
0
LINE
8
BLACK
6
CONTINUOUS
10
-0.5165357874015748
20
0.4249803149606299
11
-0.4929130708661417
21
0.4249803543307086
0
LINE
8
BLACK
6
CONTINUOUS
10
-0.4929130708661417
20
0.4249803543307086
11
-0.4929127559055118
21
0.4249803937007874
0
LINE
8
BLACK
6
CONTINUOUS
10
-0.4929127559055118
20
0.4249803937007874
11
-0.4929126377952756
21
0.4249803937007874
0
LINE
8
BLACK
6
CONTINUOUS
10
-0.4929126377952756
20
0.4249803937007874
11
-0.4906967716535433
21
0.4252067716535433
0
LINE
8
BLACK
6
CONTINUOUS
10
-0.4906967716535433
20
0.4252067716535433
11
-0.4888662598425197
21
0.4253937401574803
0
LINE
8
BLACK
6
CONTINUOUS
10
-0.4888662598425197
20
0.4253937401574803
11
-0.4823096850393701
21
0.4275663779527559
0
LINE
8
BLACK
6
CONTINUOUS
10
-0.4823096850393701
20
0.4275663779527559
11
-0.4764308661417322
21
0.4311924409448819
0
LINE
8
BLACK
6
CONTINUOUS
10
-0.4764308661417322
20
0.4311924409448819
11
-0.4715467716535433
21
0.4360765354330708
0
LINE
8
BLACK
6
CONTINUOUS
10
-0.4715467716535433
20
0.4360765354330708
11
-0.4679207086614173
21
0.4419553543307086
0
LINE
8
BLACK
6
CONTINUOUS
10
-0.4679207086614173
20
0.4419553543307086
11
-0.4657480708661417
21
0.4485119291338582
0
LINE
8
BLACK
6
CONTINUOUS
10
-0.4657480708661417
20
0.4485119291338582
11
-0.4653346456692913
21
0.4525587007874016
0
LINE
8
BLACK
6
CONTINUOUS
10
-0.4653346456692913
20
0.4525587007874016
11
-0.4653346456692913
21
0.4658600393700787
0
LINE
8
BLACK
6
CONTINUOUS
10
-0.4653346456692913
20
0.4658600393700787
11
-0.4653346850393701
21
0.4938979527559055
0
LINE
8
BLACK
6
CONTINUOUS
10
-0.4653346850393701
20
0.4938979527559055
11
-0.4657480708661417
21
0.4979447637795276
0
LINE
8
BLACK
6
CONTINUOUS
10
-0.4657480708661417
20
0.4979447637795276
11
-0.4670357480314961
21
0.5018306299212598
0
LINE
8
BLACK
6
CONTINUOUS
10
-0.4670357480314961
20
0.5018306299212598
11
-0.4671302755905511
21
0.5045796850393701
0
LINE
8
BLACK
6
CONTINUOUS
10
-0.4671302755905511
20
0.5045796850393701
11
-0.4657235433070866
21
0.5069435433070866
0
LINE
8
BLACK
6
CONTINUOUS
10
-0.4657235433070866
20
0.5069435433070866
11
-0.4632620866141732
21
0.5081716141732283
0
LINE
8
BLACK
6
CONTINUOUS
10
-0.4632620866141732
20
0.5081716141732283
11
-0.4624016141732283
21
0.508248031496063
0
LINE
8
BLACK
6
CONTINUOUS
10
-0.4624016141732283
20
0.508248031496063
11
-0.3769488188976378
21
0.508248031496063
0
LINE
8
BLACK
6
CONTINUOUS
10
-0.3769488188976378
20
0.508248031496063
11
-0.3743094881889764
21
0.5074730314960629
0
LINE
8
BLACK
6
CONTINUOUS
10
-0.3743094881889764
20
0.5074730314960629
11
-0.3725081102362205
21
0.5053941338582677
0
LINE
8
BLACK
6
CONTINUOUS
10
-0.3725081102362205
20
0.5053941338582677
11
-0.3720669291338582
21
0.5033661417322834
0
LINE
8
BLACK
6
CONTINUOUS
10
-0.3720669291338582
20
0.5033661417322834
11
-0.3720669291338582
21
0.5027061417322835
0
LINE
8
BLACK
6
CONTINUOUS
10
-0.3720669291338582
20
0.5027061417322835
11
-0.3707348031496063
21
0.5021543307086614
0
LINE
8
BLACK
6
CONTINUOUS
10
-0.3707348031496063
20
0.5021543307086614
11
-0.3691055118110236
21
0.5005250393700788
0
LINE
8
BLACK
6
CONTINUOUS
10
-0.3691055118110236
20
0.5005250393700788
11
-0.3682237007874016
21
0.4983962204724409
0
LINE
8
BLACK
6
CONTINUOUS
10
-0.3682237007874016
20
0.4983962204724409
11
-0.3681102362204725
21
0.497244094488189
0
LINE
8
BLACK
6
CONTINUOUS
10
-0.3681102362204725
20
0.497244094488189
11
-0.3681102362204725
21
0.4639763779527559
0
LINE
8
BLACK
6
CONTINUOUS
10
-0.3681102362204725
20
0.4639763779527559
11
-0.3661417322834646
21
0.4639763779527559
0
LINE
8
BLACK
6
CONTINUOUS
10
-0.3661417322834646
20
0.4639763779527559
11
-0.3661417322834646
21
0.3852362204724409
0
LINE
8
BLACK
6
CONTINUOUS
10
-0.3661417322834646
20
0.3852362204724409
11
-0.3681102362204725
21
0.3852362204724409
0
LINE
8
BLACK
6
CONTINUOUS
10
-0.3681102362204725
20
0.3852362204724409
11
-0.3681102362204725
21
0.3709372440944882
0
LINE
8
BLACK
6
CONTINUOUS
10
-0.3681102362204725
20
0.3709372440944882
11
-0.3680981102362205
21
0.3709281496062992
0
LINE
8
BLACK
6
CONTINUOUS
10
-0.3680981102362205
20
0.3709281496062992
11
-0.3664496062992126
21
0.3687261417322835
0
LINE
8
BLACK
6
CONTINUOUS
10
-0.3664496062992126
20
0.3687261417322835
11
-0.3661417322834646
21
0.3670199212598425
0
LINE
8
BLACK
6
CONTINUOUS
10
-0.3661417322834646
20
0.3670199212598425
11
-0.3661417322834646
21
0.3655511811023622
0
LINE
8
BLACK
6
CONTINUOUS
10
-0.3661417322834646
20
0.3655511811023622
11
-0.3642587401574803
21
0.3655511811023622
0
LINE
8
BLACK
6
CONTINUOUS
10
-0.3642587401574803
20
0.3655511811023622
11
-0.3642581102362205
21
0.3655512204724409
0
LINE
8
BLACK
6
CONTINUOUS
10
-0.3642581102362205
20
0.3655512204724409
11
-0.3619143700787402
21
0.3658032283464567
0
LINE
8
BLACK
6
CONTINUOUS
10
-0.3619143700787402
20
0.3658032283464567
11
-0.3616170866141732
21
0.3658734645669292
0
LINE
8
BLACK
6
CONTINUOUS
10
-0.3616170866141732
20
0.3658734645669292
11
-0.3616017716535433
21
0.3658085826771654
0
LINE
8
BLACK
6
CONTINUOUS
10
-0.3616017716535433
20
0.3658085826771654
11
-0.3592274015748032
21
0.3659787401574803
0
LINE
8
BLACK
6
CONTINUOUS
10
-0.3592274015748032
20
0.3659787401574803
11
-0.3585674409448819
21
0.3657850393700787
0
LINE
8
BLACK
6
CONTINUOUS
10
-0.3585674409448819
20
0.3657850393700787
11
-0.3585625590551181
21
0.365783937007874
0
LINE
8
BLACK
6
CONTINUOUS
10
-0.3585625590551181
20
0.365783937007874
11
-0.3585623228346457
21
0.3657838188976378
0
LINE
8
BLACK
6
CONTINUOUS
10
-0.3585623228346457
20
0.3657838188976378
11
-0.3562154724409449
21
0.3655314960629921
0
LINE
8
BLACK
6
CONTINUOUS
10
-0.3562154724409449
20
0.3655314960629921
11
-0.3493897637795276
21
0.3655315354330709
0
LINE
8
BLACK
6
CONTINUOUS
10
-0.3493897637795276
20
0.3655315354330709
11
-0.3467504330708661
21
0.3647565748031496
0
LINE
8
BLACK
6
CONTINUOUS
10
-0.3467504330708661
20
0.3647565748031496
11
-0.3449490551181102
21
0.3626776771653543
0
LINE
8
BLACK
6
CONTINUOUS
10
-0.3449490551181102
20
0.3626776771653543
11
-0.344507874015748
21
0.3606496456692913
0
LINE
8
BLACK
6
CONTINUOUS
10
-0.344507874015748
20
0.3606496456692913
11
-0.344507874015748
21
0.3559373622047244
0
LINE
8
BLACK
6
CONTINUOUS
10
-0.344507874015748
20
0.3559373622047244
11
-0.345282874015748
21
0.353298031496063
0
LINE
8
BLACK
6
CONTINUOUS
10
-0.345282874015748
20
0.353298031496063
11
-0.3459377559055118
21
0.3524853543307087
0
LINE
8
BLACK
6
CONTINUOUS
10
-0.3459377559055118
20
0.3524853543307087
11
-0.363987125984252
21
0.3344360236220472
0
LINE
8
BLACK
6
CONTINUOUS
10
-0.363987125984252
20
0.3344360236220472
11
-0.3639871653543307
21
0.3344359842519685
0
LINE
8
BLACK
6
CONTINUOUS
10
-0.3639871653543307
20
0.3344359842519685
11
-0.3639872834645669
21
0.3344357874015748
0
LINE
8
BLACK
6
CONTINUOUS
10
-0.3639872834645669
20
0.3344357874015748
11
-0.3663546456692913
21
0.3308926771653543
0
LINE
8
BLACK
6
CONTINUOUS
10
-0.3663546456692913
20
0.3308926771653543
11
-0.3663547637795275
21
0.3308925196850394
0
LINE
8
BLACK
6
CONTINUOUS
10
-0.3663547637795275
20
0.3308925196850394
11
-0.366354842519685
21
0.3308924015748032
0
LINE
8
BLACK
6
CONTINUOUS
10
-0.366354842519685
20
0.3308924015748032
11
-0.3667899212598425
21
0.3302413385826772
0
LINE
8
BLACK
6
CONTINUOUS
10
-0.3667899212598425
20
0.3302413385826772
11
-0.3667900393700788
21
0.3302411417322835
0
LINE
8
BLACK
6
CONTINUOUS
10
-0.3667900393700788
20
0.3302411417322835
11
-0.3687205118110236
21
0.3255805118110236
0
LINE
8
BLACK
6
CONTINUOUS
10
-0.3687205118110236
20
0.3255805118110236
11
-0.3687205905511811
21
0.3255803149606299
0
LINE
8
BLACK
6
CONTINUOUS
10
-0.3687205905511811
20
0.3255803149606299
11
-0.3697505118110236
21
0.3204027165354331
0
LINE
8
BLACK
6
CONTINUOUS
10
-0.3697505118110236
20
0.3204027165354331
11
-0.3710255511811024
21
0.3179653149606299
0
LINE
8
BLACK
6
CONTINUOUS
10
-0.3710255511811024
20
0.3179653149606299
11
-0.3730029133858268
21
0.3167211417322834
0
LINE
8
BLACK
6
CONTINUOUS
10
-0.3730029133858268
20
0.3167211417322834
11
-0.3753672440944882
21
0.3159376377952756
0
LINE
8
BLACK
6
CONTINUOUS
10
-0.3753672440944882
20
0.3159376377952756
11
-0.3753675984251968
21
0.3159375196850394
0
LINE
8
BLACK
6
CONTINUOUS
10
-0.3753675984251968
20
0.3159375196850394
11
-0.3812463779527559
21
0.3123114566929134
0
LINE
8
BLACK
6
CONTINUOUS
10
-0.3812463779527559
20
0.3123114566929134
11
-0.3861303543307086
21
0.3074274803149606
0
LINE
8
BLACK
6
CONTINUOUS
10
-0.3861303543307086
20
0.3074274803149606
11
-0.3897564173228346
21
0.3015487007874016
0
LINE
8
BLACK
6
CONTINUOUS
10
-0.3897564173228346
20
0.3015487007874016
11
-0.3897564566929134
21
0.3015485826771653
0
LINE
8
BLACK
6
CONTINUOUS
10
-0.3897564566929134
20
0.3015485826771653
11
-0.391929094488189
21
0.2949920078740157
0
LINE
8
BLACK
6
CONTINUOUS
10
-0.391929094488189
20
0.2949920078740157
11
-0.391929094488189
21
0.294991968503937
0
LINE
8
BLACK
6
CONTINUOUS
10
-0.391929094488189
20
0.294991968503937
11
-0.3919291338582677
21
0.294991968503937
0
LINE
8
BLACK
6
CONTINUOUS
10
-0.3919291338582677
20
0.294991968503937
11
-0.3923425196850394
21
0.2909455511811024
0
LINE
8
BLACK
6
CONTINUOUS
10
-0.3923425196850394
20
0.2909455511811024
11
-0.3923425196850394
21
0.2673227952755906
0
LINE
8
BLACK
6
CONTINUOUS
10
-0.3923425196850394
20
0.2673227952755906
11
-0.3923424803149606
21
0.2673220866141732
0
LINE
8
BLACK
6
CONTINUOUS
10
-0.3923424803149606
20
0.2673220866141732
11
-0.3919291338582677
21
0.2632757480314961
0
LINE
8
BLACK
6
CONTINUOUS
10
-0.3919291338582677
20
0.2632757480314961
11
-0.391929094488189
21
0.2632756299212599
0
LINE
8
BLACK
6
CONTINUOUS
10
-0.391929094488189
20
0.2632756299212599
11
-0.3903928346456693
21
0.2586396062992126
0
LINE
8
BLACK
6
CONTINUOUS
10
-0.3903928346456693
20
0.2586396062992126
11
-0.3897564566929134
21
0.2567191338582677
0
LINE
8
BLACK
6
CONTINUOUS
10
-0.3897564566929134
20
0.2567191338582677
11
-0.3861303937007874
21
0.2508403149606299
0
LINE
8
BLACK
6
CONTINUOUS
10
-0.3861303937007874
20
0.2508403149606299
11
-0.3812462992125984
21
0.245956220472441
0
LINE
8
BLACK
6
CONTINUOUS
10
-0.3812462992125984
20
0.245956220472441
11
-0.3811170078740158
21
0.2458764960629921
0
LINE
8
BLACK
6
CONTINUOUS
10
-0.3811170078740158
20
0.2458764960629921
11
-0.3811160236220472
21
0.2458758661417323
0
LINE
8
BLACK
6
CONTINUOUS
10
-0.3811160236220472
20
0.2458758661417323
11
-0.3810454724409449
21
0.2457974015748031
0
LINE
8
BLACK
6
CONTINUOUS
10
-0.3810454724409449
20
0.2457974015748031
11
-0.3810231889763779
21
0.2457798031496063
0
LINE
8
BLACK
6
CONTINUOUS
10
-0.3810231889763779
20
0.2457798031496063
11
-0.3810262204724409
21
0.2457760236220472
0
LINE
8
BLACK
6
CONTINUOUS
10
-0.3810262204724409
20
0.2457760236220472
11
-0.3792764173228346
21
0.2438307480314961
0
LINE
8
BLACK
6
CONTINUOUS
10
-0.3792764173228346
20
0.2438307480314961
11
-0.3788345275590551
21
0.2411157086614173
0
LINE
8
BLACK
6
CONTINUOUS
10
-0.3788345275590551
20
0.2411157086614173
11
-0.3799306692913386
21
0.2385927559055118
0
LINE
8
BLACK
6
CONTINUOUS
10
-0.3799306692913386
20
0.2385927559055118
11
-0.3811155511811024
21
0.237565905511811
0
LINE
8
BLACK
6
CONTINUOUS
10
-0.3811155511811024
20
0.237565905511811
11
-0.3812338582677166
21
0.2374929527559055
0
LINE
8
BLACK
6
CONTINUOUS
10
-0.3812338582677166
20
0.2374929527559055
11
-0.3812340551181102
21
0.2374927952755906
0
LINE
8
BLACK
6
CONTINUOUS
10
-0.3812340551181102
20
0.2374927952755906
11
-0.3861148031496063
21
0.2326120472440945
0
LINE
8
BLACK
6
CONTINUOUS
10
-0.3861148031496063
20
0.2326120472440945
11
-0.3897384645669291
21
0.2267372047244094
0
LINE
8
BLACK
6
CONTINUOUS
10
-0.3897384645669291
20
0.2267372047244094
11
-0.3897385433070866
21
0.2267370078740157
0
LINE
8
BLACK
6
CONTINUOUS
10
-0.3897385433070866
20
0.2267370078740157
11
-0.3919096850393701
21
0.2201849606299213
0
LINE
8
BLACK
6
CONTINUOUS
10
-0.3919096850393701
20
0.2201849606299213
11
-0.3919097244094488
21
0.2201846850393701
0
LINE
8
BLACK
6
CONTINUOUS
10
-0.3919097244094488
20
0.2201846850393701
11
-0.3923228346456693
21
0.2161412204724409
0
LINE
8
BLACK
6
CONTINUOUS
10
-0.3923228346456693
20
0.2161412204724409
11
-0.3923228346456693
21
0.2141732283464567
0
LINE
8
BLACK
6
CONTINUOUS
10
-0.3923228346456693
20
0.2141732283464567
11
-0.3726377952755905
21
0.2141732283464567
0
LINE
8
BLACK
6
CONTINUOUS
10
-0.3726377952755905
20
0.2141732283464567
11
-0.3718885826771653
21
0.2179398031496063
0
LINE
8
BLACK
6
CONTINUOUS
10
-0.3718885826771653
20
0.2179398031496063
11
-0.369755
21
0.2211329527559055
0
LINE
8
BLACK
6
CONTINUOUS
10
-0.369755
20
0.2211329527559055
11
-0.3665618503937008
21
0.2232665354330709
0
LINE
8
BLACK
6
CONTINUOUS
10
-0.3665618503937008
20
0.2232665354330709
11
-0.3627952755905512
21
0.2240157480314961
0
LINE
8
BLACK
6
CONTINUOUS
10
-0.3627952755905512
20
0.2240157480314961
11
-0.3253937007874015
21
0.2240157480314961
0
LINE
8
BLACK
6
CONTINUOUS
10
-0.3253937007874015
20
0.2240157480314961
11
-0.321627125984252
21
0.2232665354330709
0
LINE
8
BLACK
6
CONTINUOUS
10
-0.321627125984252
20
0.2232665354330709
11
-0.3184339763779527
21
0.2211329527559055
0
LINE
8
BLACK
6
CONTINUOUS
10
-0.3184339763779527
20
0.2211329527559055
11
-0.3163003937007874
21
0.2179398031496063
0
LINE
8
BLACK
6
CONTINUOUS
10
-0.3163003937007874
20
0.2179398031496063
11
-0.3157285433070866
21
0.2150649212598425
0
LINE
8
BLACK
6
CONTINUOUS
10
-0.3157285433070866
20
0.2150649212598425
11
-0.3148620472440945
21
0.215538031496063
0
LINE
8
BLACK
6
CONTINUOUS
10
-0.3148620472440945
20
0.215538031496063
11
-0.3138243307086614
21
0.2156496062992126
0
LINE
8
BLACK
6
CONTINUOUS
10
-0.3138243307086614
20
0.2156496062992126
11
-0.2925196850393701
21
0.2156496062992126
0
LINE
8
BLACK
6
CONTINUOUS
10
-0.2925196850393701
20
0.2156496062992126
11
-0.2925196850393701
21
0.2161417322834646
0
LINE
8
BLACK
6
CONTINUOUS
10
-0.2925196850393701
20
0.2161417322834646
11
-0.2917704724409449
21
0.2199083070866142
0
LINE
8
BLACK
6
CONTINUOUS
10
-0.2917704724409449
20
0.2199083070866142
11
-0.2896368897637795
21
0.2231014566929134
0
LINE
8
BLACK
6
CONTINUOUS
10
-0.2896368897637795
20
0.2231014566929134
11
-0.2864437401574803
21
0.2252350393700787
0
LINE
8
BLACK
6
CONTINUOUS
10
-0.2864437401574803
20
0.2252350393700787
11
-0.2826771653543307
21
0.2259842519685039
0
LINE
8
BLACK
6
CONTINUOUS
10
-0.2826771653543307
20
0.2259842519685039
11
-0.247244094488189
21
0.2259842519685039
0
LINE
8
BLACK
6
CONTINUOUS
10
-0.247244094488189
20
0.2259842519685039
11
-0.2434775196850394
21
0.2252350393700787
0
LINE
8
BLACK
6
CONTINUOUS
10
-0.2434775196850394
20
0.2252350393700787
11
-0.2402843700787402
21
0.2231014566929134
0
LINE
8
BLACK
6
CONTINUOUS
10
-0.2402843700787402
20
0.2231014566929134
11
-0.2381507874015748
21
0.2199083070866142
0
LINE
8
BLACK
6
CONTINUOUS
10
-0.2381507874015748
20
0.2199083070866142
11
-0.2374015748031496
21
0.2161417322834646
0
LINE
8
BLACK
6
CONTINUOUS
10
-0.2374015748031496
20
0.2161417322834646
11
-0.2374015748031496
21
0.2156496062992126
0
LINE
8
BLACK
6
CONTINUOUS
10
-0.2374015748031496
20
0.2156496062992126
11
-0.2177165748031496
21
0.2156496062992126
0
LINE
8
BLACK
6
CONTINUOUS
10
-0.2177165748031496
20
0.2156496062992126
11
-0.2177165748031496
21
0.2181091338582677
0
LINE
8
BLACK
6
CONTINUOUS
10
-0.2177165748031496
20
0.2181091338582677
11
-0.2177166141732284
21
0.2181097244094488
0
LINE
8
BLACK
6
CONTINUOUS
10
-0.2177166141732284
20
0.2181097244094488
11
-0.2181297244094488
21
0.2221534645669291
0
LINE
8
BLACK
6
CONTINUOUS
10
-0.2181297244094488
20
0.2221534645669291
11
-0.2203008661417323
21
0.2287055118110236
0
LINE
8
BLACK
6
CONTINUOUS
10
-0.2203008661417323
20
0.2287055118110236
11
-0.2203009448818898
21
0.2287057086614173
0
LINE
8
BLACK
6
CONTINUOUS
10
-0.2203009448818898
20
0.2287057086614173
11
-0.2239246062992126
21
0.2345805511811024
0
LINE
8
BLACK
6
CONTINUOUS
10
-0.2239246062992126
20
0.2345805511811024
11
-0.2276104330708661
21
0.2382663779527559
0
LINE
8
BLACK
6
CONTINUOUS
10
-0.2276104330708661
20
0.2382663779527559
11
-0.2289287401574803
21
0.2406806692913386
0
LINE
8
BLACK
6
CONTINUOUS
10
-0.2289287401574803
20
0.2406806692913386
11
-0.2287325196850394
21
0.2434244488188976
0
LINE
8
BLACK
6
CONTINUOUS
10
-0.2287325196850394
20
0.2434244488188976
11
-0.2276105905511811
21
0.2451702362204724
0
LINE
8
BLACK
6
CONTINUOUS
10
-0.2276105905511811
20
0.2451702362204724
11
-0.2239089763779528
21
0.248871811023622
0
LINE
8
BLACK
6
CONTINUOUS
10
-0.2239089763779528
20
0.248871811023622
11
-0.2202829133858268
21
0.2547506299212599
0
LINE
8
BLACK
6
CONTINUOUS
10
-0.2202829133858268
20
0.2547506299212599
11
-0.2181102755905512
21
0.2613072047244094
0
LINE
8
BLACK
6
CONTINUOUS
10
-0.2181102755905512
20
0.2613072047244094
11
-0.2176968503937008
21
0.2653539763779528
0
LINE
8
BLACK
6
CONTINUOUS
10
-0.2176968503937008
20
0.2653539763779528
11
-0.2176968897637795
21
0.2899609448818898
0
LINE
8
BLACK
6
CONTINUOUS
10
-0.2176968897637795
20
0.2899609448818898
11
-0.2178008267716535
21
0.2909782677165354
0
LINE
8
BLACK
6
CONTINUOUS
10
-0.2178008267716535
20
0.2909782677165354
11
-0.2181102755905512
21
0.2940077559055118
0
LINE
8
BLACK
6
CONTINUOUS
10
-0.2181102755905512
20
0.2940077559055118
11
-0.2181103149606299
21
0.294007874015748
0
LINE
8
BLACK
6
CONTINUOUS
10
-0.2181103149606299
20
0.294007874015748
11
-0.2187737795275591
21
0.2960100787401575
0
LINE
8
BLACK
6
CONTINUOUS
10
-0.2187737795275591
20
0.2960100787401575
11
-0.2202829133858268
21
0.3005643307086614
0
LINE
8
BLACK
6
CONTINUOUS
10
-0.2202829133858268
20
0.3005643307086614
11
-0.2239089763779528
21
0.3064431496062992
0
LINE
8
BLACK
6
CONTINUOUS
10
-0.2239089763779528
20
0.3064431496062992
11
-0.2287930708661417
21
0.3113272440944882
0
LINE
8
BLACK
6
CONTINUOUS
10
-0.2287930708661417
20
0.3113272440944882
11
-0.2346718897637795
21
0.3149533070866142
0
LINE
8
BLACK
6
CONTINUOUS
10
-0.2346718897637795
20
0.3149533070866142
11
-0.234672125984252
21
0.3149533858267716
0
LINE
8
BLACK
6
CONTINUOUS
10
-0.234672125984252
20
0.3149533858267716
11
-0.2365277559055118
21
0.3155683070866142
0
LINE
8
BLACK
6
CONTINUOUS
10
-0.2365277559055118
20
0.3155683070866142
11
-0.2387893307086614
21
0.3171341732283465
0
LINE
8
BLACK
6
CONTINUOUS
10
-0.2387893307086614
20
0.3171341732283465
11
-0.2397801574803149
21
0.3192499212598425
0
LINE
8
BLACK
6
CONTINUOUS
10
-0.2397801574803149
20
0.3192499212598425
11
-0.2403345669291339
21
0.322036968503937
0
LINE
8
BLACK
6
CONTINUOUS
10
-0.2403345669291339
20
0.322036968503937
11
-0.2403346062992126
21
0.3220370078740157
0
LINE
8
BLACK
6
CONTINUOUS
10
-0.2403346062992126
20
0.3220370078740157
11
-0.2403346062992126
21
0.3220371653543307
0
LINE
8
BLACK
6
CONTINUOUS
10
-0.2403346062992126
20
0.3220371653543307
11
-0.242265157480315
21
0.3266979133858268
0
LINE
8
BLACK
6
CONTINUOUS
10
-0.242265157480315
20
0.3266979133858268
11
-0.2450678346456693
21
0.3308924803149606
0
LINE
8
BLACK
6
CONTINUOUS
10
-0.2450678346456693
20
0.3308924803149606
11
-0.2450679133858268
21
0.3308925590551181
0
LINE
8
BLACK
6
CONTINUOUS
10
-0.2450679133858268
20
0.3308925590551181
11
-0.2450679921259842
21
0.3308926771653543
0
LINE
8
BLACK
6
CONTINUOUS
10
-0.2450679921259842
20
0.3308926771653543
11
-0.2642984645669291
21
0.3501231496062992
0
LINE
8
BLACK
6
CONTINUOUS
10
-0.2642984645669291
20
0.3501231496062992
11
-0.2656167716535433
21
0.3525374409448819
0
LINE
8
BLACK
6
CONTINUOUS
10
-0.2656167716535433
20
0.3525374409448819
11
-0.2657283464566929
21
0.3535751574803149
0
LINE
8
BLACK
6
CONTINUOUS
10
-0.2657283464566929
20
0.3535751574803149
11
-0.2657283464566929
21
0.3606496456692913
0
LINE
8
BLACK
6
CONTINUOUS
10
-0.2657283464566929
20
0.3606496456692913
11
-0.2649533464566929
21
0.3632889763779528
0
LINE
8
BLACK
6
CONTINUOUS
10
-0.2649533464566929
20
0.3632889763779528
11
-0.2628744488188977
21
0.3650903543307086
0
LINE
8
BLACK
6
CONTINUOUS
10
-0.2628744488188977
20
0.3650903543307086
11
-0.2608464566929134
21
0.3655315354330709
0
LINE
8
BLACK
6
CONTINUOUS
10
-0.2608464566929134
20
0.3655315354330709
11
-0.2540208267716536
21
0.3655315354330709
0
LINE
8
BLACK
6
CONTINUOUS
10
-0.2540208267716536
20
0.3655315354330709
11
-0.2540207874015748
21
0.3655315354330709
0
LINE
8
BLACK
6
CONTINUOUS
10
-0.2540207874015748
20
0.3655315354330709
11
-0.2516738976377953
21
0.3657838188976378
0
LINE
8
BLACK
6
CONTINUOUS
10
-0.2516738976377953
20
0.3657838188976378
11
-0.2516738188976378
21
0.3657838582677165
0
LINE
8
BLACK
6
CONTINUOUS
10
-0.2516738188976378
20
0.3657838582677165
11
-0.2516737401574803
21
0.3657838582677165
0
LINE
8
BLACK
6
CONTINUOUS
10
-0.2516737401574803
20
0.3657838582677165
11
-0.2513767322834646
21
0.3658540157480315
0
LINE
8
BLACK
6
CONTINUOUS
10
-0.2513767322834646
20
0.3658540157480315
11
-0.2513631102362205
21
0.3657962598425197
0
LINE
8
BLACK
6
CONTINUOUS
10
-0.2513631102362205
20
0.3657962598425197
11
-0.2489629133858268
21
0.365968188976378
0
LINE
8
BLACK
6
CONTINUOUS
10
-0.2489629133858268
20
0.365968188976378
11
-0.2483709448818898
21
0.3657944094488189
0
LINE
8
BLACK
6
CONTINUOUS
10
-0.2483709448818898
20
0.3657944094488189
11
-0.2483263385826772
21
0.3657838976377953
0
LINE
8
BLACK
6
CONTINUOUS
10
-0.2483263385826772
20
0.3657838976377953
11
-0.2483261023622047
21
0.3657838188976378
0
LINE
8
BLACK
6
CONTINUOUS
10
-0.2483261023622047
20
0.3657838188976378
11
-0.2459792519685039
21
0.3655314960629921
0
LINE
8
BLACK
6
CONTINUOUS
10
-0.2459792519685039
20
0.3655314960629921
11
-0.2264617322834646
21
0.3655315354330709
0
LINE
8
BLACK
6
CONTINUOUS
10
-0.2264617322834646
20
0.3655315354330709
11
-0.224114842519685
21
0.3657838188976378
0
LINE
8
BLACK
6
CONTINUOUS
10
-0.224114842519685
20
0.3657838188976378
11
-0.2241147637795275
21
0.3657838582677165
0
LINE
8
BLACK
6
CONTINUOUS
10
-0.2241147637795275
20
0.3657838582677165
11
-0.2241146850393701
21
0.3657838582677165
0
LINE
8
BLACK
6
CONTINUOUS
10
-0.2241146850393701
20
0.3657838582677165
11
-0.2238176771653543
21
0.3658540157480315
0
LINE
8
BLACK
6
CONTINUOUS
10
-0.2238176771653543
20
0.3658540157480315
11
-0.2238040551181102
21
0.3657962598425197
0
LINE
8
BLACK
6
CONTINUOUS
10
-0.2238040551181102
20
0.3657962598425197
11
-0.2214038582677165
21
0.365968188976378
0
LINE
8
BLACK
6
CONTINUOUS
10
-0.2214038582677165
20
0.365968188976378
11
-0.2208118897637795
21
0.3657944094488189
0
LINE
8
BLACK
6
CONTINUOUS
10
-0.2208118897637795
20
0.3657944094488189
11
-0.2207672834645669
21
0.3657838976377953
0
LINE
8
BLACK
6
CONTINUOUS
10
-0.2207672834645669
20
0.3657838976377953
11
-0.2207670472440945
21
0.3657838188976378
0
LINE
8
BLACK
6
CONTINUOUS
10
-0.2207670472440945
20
0.3657838188976378
11
-0.2184201968503937
21
0.3655314960629921
0
LINE
8
BLACK
6
CONTINUOUS
10
-0.2184201968503937
20
0.3655314960629921
11
-0.1989026771653543
21
0.3655315354330709
0
LINE
8
BLACK
6
CONTINUOUS
10
-0.1989026771653543
20
0.3655315354330709
11
-0.1965557874015748
21
0.3657838188976378
0
LINE
8
BLACK
6
CONTINUOUS
10
-0.1965557874015748
20
0.3657838188976378
11
-0.1965557086614173
21
0.3657838582677165
0
LINE
8
BLACK
6
CONTINUOUS
10
-0.1965557086614173
20
0.3657838582677165
11
-0.1965556299212598
21
0.3657838582677165
0
LINE
8
BLACK
6
CONTINUOUS
10
-0.1965556299212598
20
0.3657838582677165
11
-0.1962586220472441
21
0.3658540157480315
0
LINE
8
BLACK
6
CONTINUOUS
10
-0.1962586220472441
20
0.3658540157480315
11
-0.196245
21
0.3657962598425197
0
LINE
8
BLACK
6
CONTINUOUS
10
-0.196245
20
0.3657962598425197
11
-0.1938448031496063
21
0.365968188976378
0
LINE
8
BLACK
6
CONTINUOUS
10
-0.1938448031496063
20
0.365968188976378
11
-0.1932528346456693
21
0.3657944094488189
0
LINE
8
BLACK
6
CONTINUOUS
10
-0.1932528346456693
20
0.3657944094488189
11
-0.1932082283464567
21
0.3657838976377953
0
LINE
8
BLACK
6
CONTINUOUS
10
-0.1932082283464567
20
0.3657838976377953
11
-0.1932079921259842
21
0.3657838188976378
0
LINE
8
BLACK
6
CONTINUOUS
10
-0.1932079921259842
20
0.3657838188976378
11
-0.1908611417322835
21
0.3655314960629921
0
LINE
8
BLACK
6
CONTINUOUS
10
-0.1908611417322835
20
0.3655314960629921
11
-0.1713436220472441
21
0.3655315354330709
0
LINE
8
BLACK
6
CONTINUOUS
10
-0.1713436220472441
20
0.3655315354330709
11
-0.1689967322834646
21
0.3657838188976378
0
LINE
8
BLACK
6
CONTINUOUS
10
-0.1689967322834646
20
0.3657838188976378
11
-0.1689966535433071
21
0.3657838582677165
0
LINE
8
BLACK
6
CONTINUOUS
10
-0.1689966535433071
20
0.3657838582677165
11
-0.1689965748031496
21
0.3657838582677165
0
LINE
8
BLACK
6
CONTINUOUS
10
-0.1689965748031496
20
0.3657838582677165
11
-0.1686995669291338
21
0.3658540157480315
0
LINE
8
BLACK
6
CONTINUOUS
10
-0.1686995669291338
20
0.3658540157480315
11
-0.1686859448818898
21
0.3657962598425197
0
LINE
8
BLACK
6
CONTINUOUS
10
-0.1686859448818898
20
0.3657962598425197
11
-0.1662857480314961
21
0.365968188976378
0
LINE
8
BLACK
6
CONTINUOUS
10
-0.1662857480314961
20
0.365968188976378
11
-0.165693779527559
21
0.3657944094488189
0
LINE
8
BLACK
6
CONTINUOUS
10
-0.165693779527559
20
0.3657944094488189
11
-0.1656491732283465
21
0.3657838976377953
0
LINE
8
BLACK
6
CONTINUOUS
10
-0.1656491732283465
20
0.3657838976377953
11
-0.165648937007874
21
0.3657838188976378
0
LINE
8
BLACK
6
CONTINUOUS
10
-0.165648937007874
20
0.3657838188976378
11
-0.1633020866141732
21
0.3655314960629921
0
LINE
8
BLACK
6
CONTINUOUS
10
-0.1633020866141732
20
0.3655314960629921
11
-0.1564763779527559
21
0.3655315354330709
0
LINE
8
BLACK
6
CONTINUOUS
10
-0.1564763779527559
20
0.3655315354330709
11
-0.1538370472440945
21
0.3647565748031496
0
LINE
8
BLACK
6
CONTINUOUS
10
-0.1538370472440945
20
0.3647565748031496
11
-0.1520356692913386
21
0.3626776771653543
0
LINE
8
BLACK
6
CONTINUOUS
10
-0.1520356692913386
20
0.3626776771653543
11
-0.1515944881889764
21
0.3606496456692913
0
LINE
8
BLACK
6
CONTINUOUS
10
-0.1515944881889764
20
0.3606496456692913
11
-0.1515944881889764
21
-0.0448500393700787
0
LINE
8
BLACK
6
CONTINUOUS
10
-0.1515944881889764
20
-0.0448500393700787
11
-0.1523694881889764
21
-0.0474893700787402
0
LINE
8
BLACK
6
CONTINUOUS
10
-0.1523694881889764
20
-0.0474893700787402
11
-0.1530243700787401
21
-0.0483020472440945
0
LINE
8
BLACK
6
CONTINUOUS
10
-0.1530243700787401
20
-0.0483020472440945
11
-0.288002874015748
21
-0.1832805118110236
0
LINE
8
BLACK
6
CONTINUOUS
10
-0.288002874015748
20
-0.1832805118110236
11
-0.2880029133858268
21
-0.1832805511811024
0
LINE
8
BLACK
6
CONTINUOUS
10
-0.2880029133858268
20
-0.1832805511811024
11
-0.2908057480314961
21
-0.1874753543307087
0
LINE
8
BLACK
6
CONTINUOUS
10
-0.2908057480314961
20
-0.1874753543307087
11
-0.2927362598425197
21
-0.1921360236220472
0
LINE
8
BLACK
6
CONTINUOUS
10
-0.2927362598425197
20
-0.1921360236220472
11
-0.2927363385826772
21
-0.1921362598425197
0
LINE
8
BLACK
6
CONTINUOUS
10
-0.2927363385826772
20
-0.1921362598425197
11
-0.2937204724409449
21
-0.197083779527559
0
LINE
8
BLACK
6
CONTINUOUS
10
-0.2937204724409449
20
-0.197083779527559
11
-0.2937204724409449
21
-0.3587511023622047
0
LINE
8
BLACK
6
CONTINUOUS
10
-0.2937204724409449
20
-0.3587511023622047
11
-0.2944954724409449
21
-0.3613904330708662
0
LINE
8
BLACK
6
CONTINUOUS
10
-0.2944954724409449
20
-0.3613904330708662
11
-0.2958022440944882
21
-0.3627501181102362
0
LINE
8
BLACK
6
CONTINUOUS
10
-0.2958022440944882
20
-0.3627501181102362
11
-0.3024174409448819
21
-0.3673820866141732
0
LINE
8
BLACK
6
CONTINUOUS
10
-0.3024174409448819
20
-0.3673820866141732
11
-0.308995748031496
21
-0.3739603937007874
0
LINE
8
BLACK
6
CONTINUOUS
10
-0.308995748031496
20
-0.3739603937007874
11
-0.3141232677165354
21
-0.3812832677165354
0
LINE
8
BLACK
6
CONTINUOUS
10
-0.3141232677165354
20
-0.3812832677165354
11
-0.316271968503937
21
-0.383000748031496
0
LINE
8
BLACK
6
CONTINUOUS
10
-0.316271968503937
20
-0.383000748031496
11
-0.3190081496062992
21
-0.383283937007874
0
LINE
8
BLACK
6
CONTINUOUS
10
-0.3190081496062992
20
-0.383283937007874
11
-0.321463031496063
21
-0.3820429133858267
0
LINE
8
BLACK
6
CONTINUOUS
10
-0.321463031496063
20
-0.3820429133858267
11
-0.3221212992125984
21
-0.3812832283464567
0
LINE
8
BLACK
6
CONTINUOUS
10
-0.3221212992125984
20
-0.3812832283464567
11
-0.3272396456692913
21
-0.3739734645669291
0
LINE
8
BLACK
6
CONTINUOUS
10
-0.3272396456692913
20
-0.3739734645669291
11
-0.327239842519685
21
-0.3739732283464567
0
LINE
8
BLACK
6
CONTINUOUS
10
-0.327239842519685
20
-0.3739732283464567
11
-0.3338156692913386
21
-0.3673974015748032
0
LINE
8
BLACK
6
CONTINUOUS
10
-0.3338156692913386
20
-0.3673974015748032
11
-0.341433937007874
21
-0.3620629527559055
0
LINE
8
BLACK
6
CONTINUOUS
10
-0.341433937007874
20
-0.3620629527559055
11
-0.3498625196850393
21
-0.3581326771653543
0
LINE
8
BLACK
6
CONTINUOUS
10
-0.3498625196850393
20
-0.3581326771653543
11
-0.3498627559055118
21
-0.3581325590551181
0
LINE
8
BLACK
6
CONTINUOUS
10
-0.3498627559055118
20
-0.3581325590551181
11
-0.358267716535433
21
-0.3558804724409449
0
LINE
8
BLACK
6
CONTINUOUS
10
-0.358267716535433
20
-0.3558804724409449
11
-0.358267716535433
21
-0.3763350393700787
0
LINE
8
BLACK
6
CONTINUOUS
10
-0.358267716535433
20
-0.3763350393700787
11
-0.3577691338582677
21
-0.3764410236220472
0
LINE
8
BLACK
6
CONTINUOUS
10
-0.3577691338582677
20
-0.3764410236220472
11
-0.3513779527559055
21
-0.3792865354330708
0
LINE
8
BLACK
6
CONTINUOUS
10
-0.3513779527559055
20
-0.3792865354330708
11
-0.3457180708661417
21
-0.3833987007874016
0
LINE
8
BLACK
6
CONTINUOUS
10
-0.3457180708661417
20
-0.3833987007874016
11
-0.3410368503937008
21
-0.3885977559055118
0
LINE
8
BLACK
6
CONTINUOUS
10
-0.3410368503937008
20
-0.3885977559055118
11
-0.3375388188976378
21
-0.3946564566929134
0
LINE
8
BLACK
6
CONTINUOUS
10
-0.3375388188976378
20
-0.3946564566929134
11
-0.335376968503937
21
-0.4013100393700788
0
LINE
8
BLACK
6
CONTINUOUS
10
-0.335376968503937
20
-0.4013100393700788
11
-0.3346456692913386
21
-0.408267716535433
0
LINE
8
BLACK
6
CONTINUOUS
10
-0.3346456692913386
20
-0.408267716535433
11
-0.335376968503937
21
-0.4152253937007874
0
LINE
8
BLACK
6
CONTINUOUS
10
-0.335376968503937
20
-0.4152253937007874
11
-0.3375388188976378
21
-0.4218789763779527
0
LINE
8
BLACK
6
CONTINUOUS
10
-0.3375388188976378
20
-0.4218789763779527
11
-0.3410368503937008
21
-0.4279376771653543
0
LINE
8
BLACK
6
CONTINUOUS
10
-0.3410368503937008
20
-0.4279376771653543
11
-0.3457180708661417
21
-0.4331367322834646
0
LINE
8
BLACK
6
CONTINUOUS
10
-0.3457180708661417
20
-0.4331367322834646
11
-0.3513779527559055
21
-0.4372488976377953
0
LINE
8
BLACK
6
CONTINUOUS
10
-0.3513779527559055
20
-0.4372488976377953
11
-0.3577691338582677
21
-0.4400944094488189
0
LINE
8
BLACK
6
CONTINUOUS
10
-0.3577691338582677
20
-0.4400944094488189
11
-0.358267716535433
21
-0.4402003543307086
0
LINE
8
BLACK
6
CONTINUOUS
10
-0.358267716535433
20
-0.4402003543307086
11
-0.358267716535433
21
-0.4763350393700787
0
LINE
8
BLACK
6
CONTINUOUS
10
-0.358267716535433
20
-0.4763350393700787
11
-0.3577691338582677
21
-0.4764410236220472
0
LINE
8
BLACK
6
CONTINUOUS
10
-0.3577691338582677
20
-0.4764410236220472
11
-0.3513779527559055
21
-0.4792865354330709
0
LINE
8
BLACK
6
CONTINUOUS
10
-0.3513779527559055
20
-0.4792865354330709
11
-0.3457180708661417
21
-0.4833987007874015
0
LINE
8
BLACK
6
CONTINUOUS
10
-0.3457180708661417
20
-0.4833987007874015
11
-0.3410368503937008
21
-0.4885977559055118
0
LINE
8
BLACK
6
CONTINUOUS
10
-0.3410368503937008
20
-0.4885977559055118
11
-0.3375388188976378
21
-0.4946564566929134
0
LINE
8
BLACK
6
CONTINUOUS
10
-0.3375388188976378
20
-0.4946564566929134
11
-0.335376968503937
21
-0.5013100393700787
0
LINE
8
BLACK
6
CONTINUOUS
10
-0.335376968503937
20
-0.5013100393700787
11
-0.3346456692913386
21
-0.508267716535433
0
LINE
8
BLACK
6
CONTINUOUS
10
-0.3346456692913386
20
-0.508267716535433
11
-0.335376968503937
21
-0.5152253937007873
0
LINE
8
BLACK
6
CONTINUOUS
10
-0.335376968503937
20
-0.5152253937007873
11
-0.3375388188976378
21
-0.5218789763779528
0
LINE
8
BLACK
6
CONTINUOUS
10
-0.3375388188976378
20
-0.5218789763779528
11
-0.3410368503937008
21
-0.5279376771653543
0
LINE
8
BLACK
6
CONTINUOUS
10
-0.3410368503937008
20
-0.5279376771653543
11
-0.3457180708661417
21
-0.5331367322834646
0
LINE
8
BLACK
6
CONTINUOUS
10
-0.3457180708661417
20
-0.5331367322834646
11
-0.3513779527559055
21
-0.5372488976377953
0
LINE
8
BLACK
6
CONTINUOUS
10
-0.3513779527559055
20
-0.5372488976377953
11
-0.3577691338582677
21
-0.5400944094488189
0
LINE
8
BLACK
6
CONTINUOUS
10
-0.3577691338582677
20
-0.5400944094488189
11
-0.3646122440944882
21
-0.5415489763779527
0
LINE
8
BLACK
6
CONTINUOUS
10
-0.3646122440944882
20
-0.5415489763779527
11
-0.3716082283464567
21
-0.5415489763779527
0
LINE
8
BLACK
6
CONTINUOUS
10
-0.3716082283464567
20
-0.5415489763779527
11
-0.3784513385826772
21
-0.5400944094488189
0
LINE
8
BLACK
6
CONTINUOUS
10
-0.3784513385826772
20
-0.5400944094488189
11
-0.3848425196850394
21
-0.5372488976377953
0
LINE
8
BLACK
6
CONTINUOUS
10
-0.3848425196850394
20
-0.5372488976377953
11
-0.3905024015748031
21
-0.5331367322834646
0
LINE
8
BLACK
6
CONTINUOUS
10
-0.3905024015748031
20
-0.5331367322834646
11
-0.3951836220472441
21
-0.5279376771653543
0
LINE
8
BLACK
6
CONTINUOUS
10
-0.3951836220472441
20
-0.5279376771653543
11
-0.3986816535433071
21
-0.5218789763779528
0
LINE
8
BLACK
6
CONTINUOUS
10
-0.3986816535433071
20
-0.5218789763779528
11
-0.3999061811023622
21
-0.5181102362204725
0
LINE
8
BLACK
6
CONTINUOUS
10
-0.3999061811023622
20
-0.5181102362204725
11
-0.4204974803149606
21
-0.5181102362204725
0
LINE
8
BLACK
6
CONTINUOUS
10
-0.4204974803149606
20
-0.5181102362204725
11
-0.4182453937007874
21
-0.5265151968503937
0
LINE
8
BLACK
6
CONTINUOUS
10
-0.4182453937007874
20
-0.5265151968503937
11
-0.4182452755905512
21
-0.5265154330708661
0
LINE
8
BLACK
6
CONTINUOUS
10
-0.4182452755905512
20
-0.5265154330708661
11
-0.414315
21
-0.5349440157480315
0
LINE
8
BLACK
6
CONTINUOUS
10
-0.414315
20
-0.5349440157480315
11
-0.4089805511811023
21
-0.5425622834645669
0
LINE
8
BLACK
6
CONTINUOUS
10
-0.4089805511811023
20
-0.5425622834645669
11
-0.4024048425196851
21
-0.5491379921259842
0
LINE
8
BLACK
6
CONTINUOUS
10
-0.4024048425196851
20
-0.5491379921259842
11
-0.3947865748031496
21
-0.5544724409448819
0
LINE
8
BLACK
6
CONTINUOUS
10
-0.3947865748031496
20
-0.5544724409448819
11
-0.3863579921259843
21
-0.5584027165354331
0
LINE
8
BLACK
6
CONTINUOUS
10
-0.3863579921259843
20
-0.5584027165354331
11
-0.3863576377952756
21
-0.5584028740157481
0
LINE
8
BLACK
6
CONTINUOUS
10
-0.3863576377952756
20
-0.5584028740157481
11
-0.3845515748031496
21
-0.558886811023622
0
LINE
8
BLACK
6
CONTINUOUS
10
-0.3845515748031496
20
-0.558886811023622
11
-0.3822027165354331
21
-0.5603185039370079
0
LINE
8
BLACK
6
CONTINUOUS
10
-0.3822027165354331
20
-0.5603185039370079
11
-0.3810007874015748
21
-0.5627927952755906
0
LINE
8
BLACK
6
CONTINUOUS
10
-0.3810007874015748
20
-0.5627927952755906
11
-0.3813273622047244
21
-0.565524094488189
0
LINE
8
BLACK
6
CONTINUOUS
10
-0.3813273622047244
20
-0.565524094488189
11
-0.3830787401574803
21
-0.5676452755905511
0
LINE
8
BLACK
6
CONTINUOUS
10
-0.3830787401574803
20
-0.5676452755905511
11
-0.3856988976377952
21
-0.568482874015748
0
LINE
8
BLACK
6
CONTINUOUS
10
-0.3856988976377952
20
-0.568482874015748
11
-0.3858150787401575
21
-0.5684842519685039
0
LINE
8
BLACK
6
CONTINUOUS
10
-0.3858150787401575
20
-0.5684842519685039
11
-0.7675393700787402
21
-0.5684842519685039
0
LINE
8
BLACK
6
CONTINUOUS
10
-0.7675393700787402
20
-0.5684842519685039
11
-0.7701787007874016
21
-0.567709251968504
0
LINE
8
BLACK
6
CONTINUOUS
10
-0.7701787007874016
20
-0.567709251968504
11
-0.7719800787401575
21
-0.5656303543307086
0
LINE
8
BLACK
6
CONTINUOUS
10
-0.7719800787401575
20
-0.5656303543307086
11
-0.7724212598425196
21
-0.5636023622047244
0
LINE
8
BLACK
6
CONTINUOUS
10
-0.7724212598425196
20
-0.5636023622047244
11
-0.7724212598425196
21
0.1925202362204724
0
LINE
8
BLACK
6
CONTINUOUS
10
-0.7724212598425196
20
0.1925202362204724
11
-0.7724212598425196
21
0.3833525984251969
0
LINE
8
BLACK
6
CONTINUOUS
10
-0.7724212598425196
20
0.3833525984251969
11
-0.7724212598425196
21
0.4525596062992126
0
LINE
8
BLACK
6
CONTINUOUS
10
-0.7724212598425196
20
0.4525596062992126
11
-0.7724212598425196
21
0.5340556692913385
0
LINE
8
BLACK
6
CONTINUOUS
10
-0.7724212598425196
20
0.5340556692913385
11
-0.7724212598425196
21
0.5753931889763779
0
LINE
8
BLACK
6
CONTINUOUS
10
-0.7724212598425196
20
0.5753931889763779
11
-0.7724212598425196
21
0.6862204724409449
0
LINE
8
BLACK
6
CONTINUOUS
10
-0.7724212598425196
20
0.6862204724409449
11
-0.7724212598425196
21
0.9675393700787401
0
LINE
8
BLACK
6
CONTINUOUS
10
-0.7724212598425196
20
0.9675393700787401
11
-0.7716462598425197
21
0.9701787007874015
0
LINE
8
BLACK
6
CONTINUOUS
10
-0.7716462598425197
20
0.9701787007874015
11
-0.7695673622047244
21
0.9719800787401575
0
LINE
8
BLACK
6
CONTINUOUS
10
-0.7695673622047244
20
0.9719800787401575
11
-0.7675393700787402
21
0.9724212598425197
0
LINE
8
BLACK
6
CONTINUOUS
10
-0.7675393700787402
20
0.9724212598425197
11
0.7636023622047244
21
0.9724212598425197
0
LINE
8
BLACK
6
CONTINUOUS
10
0.7636023622047244
20
0.9724212598425197
11
0.7662416929133858
21
0.9716462598425196
0
LINE
8
BLACK
6
CONTINUOUS
10
0.4202755905511811
20
-0.5358267716535433
11
0.3966535433070866
21
-0.5358267716535433
0
LINE
8
BLACK
6
CONTINUOUS
10
0.3966535433070866
20
-0.5358267716535433
11
0.3966535433070866
21
-0.555511811023622
0
LINE
8
BLACK
6
CONTINUOUS
10
0.3966535433070866
20
-0.555511811023622
11
0.4221585826771653
21
-0.555511811023622
0
LINE
8
BLACK
6
CONTINUOUS
10
0.4221585826771653
20
-0.555511811023622
11
0.4221592125984252
21
-0.5555117716535433
0
LINE
8
BLACK
6
CONTINUOUS
10
0.4221592125984252
20
-0.5555117716535433
11
0.4245028346456693
21
-0.5552597637795276
0
LINE
8
BLACK
6
CONTINUOUS
10
0.4245028346456693
20
-0.5552597637795276
11
0.4245031102362204
21
-0.5552596850393701
0
LINE
8
BLACK
6
CONTINUOUS
10
0.4245031102362204
20
-0.5552596850393701
11
0.4298065354330708
21
-0.5532816535433071
0
LINE
8
BLACK
6
CONTINUOUS
10
0.4298065354330708
20
-0.5532816535433071
11
0.4298068110236221
21
-0.5532814960629922
0
LINE
8
BLACK
6
CONTINUOUS
10
0.4298068110236221
20
-0.5532814960629922
11
0.4343380708661417
21
-0.5498893700787402
0
LINE
8
BLACK
6
CONTINUOUS
10
0.4343380708661417
20
-0.5498893700787402
11
0.4343381889763779
21
-0.5498892519685039
0
LINE
8
BLACK
6
CONTINUOUS
10
0.4343381889763779
20
-0.5498892519685039
11
0.4377303149606299
21
-0.5453579921259842
0
LINE
8
BLACK
6
CONTINUOUS
10
0.4377303149606299
20
-0.5453579921259842
11
0.4377304724409449
21
-0.5453577165354331
0
LINE
8
BLACK
6
CONTINUOUS
10
0.4377304724409449
20
-0.5453577165354331
11
0.4397085039370079
21
-0.5400542913385826
0
LINE
8
BLACK
6
CONTINUOUS
10
0.4397085039370079
20
-0.5400542913385826
11
0.4397085826771653
21
-0.5400540157480315
0
LINE
8
BLACK
6
CONTINUOUS
10
0.4397085826771653
20
-0.5400540157480315
11
0.4399605905511811
21
-0.5377103937007874
0
LINE
8
BLACK
6
CONTINUOUS
10
0.4399605905511811
20
-0.5377103937007874
11
0.4399606299212598
21
-0.5377097244094488
0
LINE
8
BLACK
6
CONTINUOUS
10
0.4399606299212598
20
-0.5377097244094488
11
0.4399606299212598
21
-0.5122047244094488
0
LINE
8
BLACK
6
CONTINUOUS
10
0.4399606299212598
20
-0.5122047244094488
11
0.4202755905511811
21
-0.5122047244094488
0
LINE
8
BLACK
6
CONTINUOUS
10
0.4202755905511811
20
-0.5122047244094488
11
0.4202755905511811
21
-0.5358267716535433
0
LINE
8
BLACK
6
CONTINUOUS
10
0.0653543307086614
20
-0.4417322834645669
11
0.0417322834645669
21
-0.4417322834645669
0
LINE
8
BLACK
6
CONTINUOUS
10
0.0417322834645669
20
-0.4417322834645669
11
0.0417322834645669
21
-0.4763350393700787
0
LINE
8
BLACK
6
CONTINUOUS
10
0.0417322834645669
20
-0.4763350393700787
11
0.0422308661417323
21
-0.4764410236220472
0
LINE
8
BLACK
6
CONTINUOUS
10
0.0422308661417323
20
-0.4764410236220472
11
0.0486220472440945
21
-0.4792865354330709
0
LINE
8
BLACK
6
CONTINUOUS
10
0.0486220472440945
20
-0.4792865354330709
11
0.0542819291338583
21
-0.4833987007874015
0
LINE
8
BLACK
6
CONTINUOUS
10
0.0542819291338583
20
-0.4833987007874015
11
0.0589631496062992
21
-0.4885977559055118
0
LINE
8
BLACK
6
CONTINUOUS
10
0.0589631496062992
20
-0.4885977559055118
11
0.0624611811023622
21
-0.4946564566929134
0
LINE
8
BLACK
6
CONTINUOUS
10
0.0624611811023622
20
-0.4946564566929134
11
0.0636857086614173
21
-0.4984251968503937
0
LINE
8
BLACK
6
CONTINUOUS
10
0.0636857086614173
20
-0.4984251968503937
11
0.0842770078740157
21
-0.4984251968503937
0
LINE
8
BLACK
6
CONTINUOUS
10
0.0842770078740157
20
-0.4984251968503937
11
0.084276968503937
21
-0.498425157480315
0
LINE
8
BLACK
6
CONTINUOUS
10
0.084276968503937
20
-0.498425157480315
11
0.0820248818897638
21
-0.4900201968503937
0
LINE
8
BLACK
6
CONTINUOUS
10
0.0820248818897638
20
-0.4900201968503937
11
0.0820247637795276
21
-0.4900199606299213
0
LINE
8
BLACK
6
CONTINUOUS
10
0.0820247637795276
20
-0.4900199606299213
11
0.0780944881889764
21
-0.4815914173228346
0
LINE
8
BLACK
6
CONTINUOUS
10
0.0780944881889764
20
-0.4815914173228346
11
0.0780944488188976
21
-0.4815913385826772
0
LINE
8
BLACK
6
CONTINUOUS
10
0.0780944488188976
20
-0.4815913385826772
11
0.0727603543307087
21
-0.4739734645669291
0
LINE
8
BLACK
6
CONTINUOUS
10
0.0727603543307087
20
-0.4739734645669291
11
0.072760157480315
21
-0.4739732283464567
0
LINE
8
BLACK
6
CONTINUOUS
10
0.072760157480315
20
-0.4739732283464567
11
0.0679395669291339
21
-0.4691526377952756
0
LINE
8
BLACK
6
CONTINUOUS
10
0.0679395669291339
20
-0.4691526377952756
11
0.0666212598425197
21
-0.4667383464566929
0
LINE
8
BLACK
6
CONTINUOUS
10
0.0666212598425197
20
-0.4667383464566929
11
0.0668174803149606
21
-0.4639945669291338
0
LINE
8
BLACK
6
CONTINUOUS
10
0.0668174803149606
20
-0.4639945669291338
11
0.0684659842519685
21
-0.4617924803149606
0
LINE
8
BLACK
6
CONTINUOUS
10
0.0684659842519685
20
-0.4617924803149606
11
0.0696855511811024
21
-0.4611265354330709
0
LINE
8
BLACK
6
CONTINUOUS
10
0.0696855511811024
20
-0.4611265354330709
11
0.0748852755905512
21
-0.4591871653543307
0
LINE
8
BLACK
6
CONTINUOUS
10
0.0748852755905512
20
-0.4591871653543307
11
0.0748855511811024
21
-0.4591870078740157
0
LINE
8
BLACK
6
CONTINUOUS
10
0.0748855511811024
20
-0.4591870078740157
11
0.079416811023622
21
-0.4557948818897637
0
LINE
8
BLACK
6
CONTINUOUS
10
0.079416811023622
20
-0.4557948818897637
11
0.0794169291338583
21
-0.4557947637795275
0
LINE
8
BLACK
6
CONTINUOUS
10
0.0794169291338583
20
-0.4557947637795275
11
0.0828090551181102
21
-0.4512635039370079
0
LINE
8
BLACK
6
CONTINUOUS
10
0.0828090551181102
20
-0.4512635039370079
11
0.0828092125984252
21
-0.4512632283464567
0
LINE
8
BLACK
6
CONTINUOUS
10
0.0828092125984252
20
-0.4512632283464567
11
0.0847872440944882
21
-0.4459598031496063
0
LINE
8
BLACK
6
CONTINUOUS
10
0.0847872440944882
20
-0.4459598031496063
11
0.0847873228346457
21
-0.4459595275590551
0
LINE
8
BLACK
6
CONTINUOUS
10
0.0847873228346457
20
-0.4459595275590551
11
0.0850393307086614
21
-0.443615905511811
0
LINE
8
BLACK
6
CONTINUOUS
10
0.0850393307086614
20
-0.443615905511811
11
0.0850393700787402
21
-0.4436152362204724
0
LINE
8
BLACK
6
CONTINUOUS
10
0.0850393700787402
20
-0.4436152362204724
11
0.0850393700787402
21
-0.4181102362204724
0
LINE
8
BLACK
6
CONTINUOUS
10
0.0850393700787402
20
-0.4181102362204724
11
0.0653543307086614
21
-0.4181102362204724
0
LINE
8
BLACK
6
CONTINUOUS
10
0.0653543307086614
20
-0.4181102362204724
11
0.0653543307086614
21
-0.4417322834645669
0
LINE
8
BLACK
6
CONTINUOUS
10
-0.4204974803149606
20
-0.4181102362204724
11
-0.4182453937007874
21
-0.4265151968503937
0
LINE
8
BLACK
6
CONTINUOUS
10
-0.4182453937007874
20
-0.4265151968503937
11
-0.4182452755905512
21
-0.4265154330708661
0
LINE
8
BLACK
6
CONTINUOUS
10
-0.4182452755905512
20
-0.4265154330708661
11
-0.414315
21
-0.4349440157480315
0
LINE
8
BLACK
6
CONTINUOUS
10
-0.414315
20
-0.4349440157480315
11
-0.4089805511811023
21
-0.4425622834645669
0
LINE
8
BLACK
6
CONTINUOUS
10
-0.4089805511811023
20
-0.4425622834645669
11
-0.4024048425196851
21
-0.4491379921259843
0
LINE
8
BLACK
6
CONTINUOUS
10
-0.4024048425196851
20
-0.4491379921259843
11
-0.3950775196850393
21
-0.4542687007874016
0
LINE
8
BLACK
6
CONTINUOUS
10
-0.3950775196850393
20
-0.4542687007874016
11
-0.39336
21
-0.4564174409448819
0
LINE
8
BLACK
6
CONTINUOUS
10
-0.39336
20
-0.4564174409448819
11
-0.3930768503937008
21
-0.4591535826771653
0
LINE
8
BLACK
6
CONTINUOUS
10
-0.3930768503937008
20
-0.4591535826771653
11
-0.394317874015748
21
-0.4616085039370079
0
LINE
8
BLACK
6
CONTINUOUS
10
-0.394317874015748
20
-0.4616085039370079
11
-0.3950775196850393
21
-0.4622667322834645
0
LINE
8
BLACK
6
CONTINUOUS
10
-0.3950775196850393
20
-0.4622667322834645
11
-0.4024046456692913
21
-0.4673972440944882
0
LINE
8
BLACK
6
CONTINUOUS
10
-0.4024046456692913
20
-0.4673972440944882
11
-0.4024047244094488
21
-0.4673972834645669
0
LINE
8
BLACK
6
CONTINUOUS
10
-0.4024047244094488
20
-0.4673972834645669
11
-0.4089806692913386
21
-0.4739732283464567
0
LINE
8
BLACK
6
CONTINUOUS
10
-0.4089806692913386
20
-0.4739732283464567
11
-0.4089808661417323
21
-0.4739734645669291
0
LINE
8
BLACK
6
CONTINUOUS
10
-0.4089808661417323
20
-0.4739734645669291
11
-0.4143149606299212
21
-0.4815913385826772
0
LINE
8
BLACK
6
CONTINUOUS
10
-0.4143149606299212
20
-0.4815913385826772
11
-0.414315
21
-0.4815914173228346
0
LINE
8
BLACK
6
CONTINUOUS
10
-0.414315
20
-0.4815914173228346
11
-0.4182452755905512
21
-0.4900199606299213
0
LINE
8
BLACK
6
CONTINUOUS
10
-0.4182452755905512
20
-0.4900199606299213
11
-0.4182453937007874
21
-0.4900201968503937
0
LINE
8
BLACK
6
CONTINUOUS
10
-0.4182453937007874
20
-0.4900201968503937
11
-0.4204974803149606
21
-0.498425157480315
0
LINE
8
BLACK
6
CONTINUOUS
10
-0.4204974803149606
20
-0.498425157480315
11
-0.4204974803149606
21
-0.4984251968503937
0
LINE
8
BLACK
6
CONTINUOUS
10
-0.4204974803149606
20
-0.4984251968503937
11
-0.3999061811023622
21
-0.4984251968503937
0
LINE
8
BLACK
6
CONTINUOUS
10
-0.3999061811023622
20
-0.4984251968503937
11
-0.3986816535433071
21
-0.4946564566929134
0
LINE
8
BLACK
6
CONTINUOUS
10
-0.3986816535433071
20
-0.4946564566929134
11
-0.3951836220472441
21
-0.4885977559055118
0
LINE
8
BLACK
6
CONTINUOUS
10
-0.3951836220472441
20
-0.4885977559055118
11
-0.3905024015748031
21
-0.4833987007874015
0
LINE
8
BLACK
6
CONTINUOUS
10
-0.3905024015748031
20
-0.4833987007874015
11
-0.3848425196850394
21
-0.4792865354330709
0
LINE
8
BLACK
6
CONTINUOUS
10
-0.3848425196850394
20
-0.4792865354330709
11
-0.3784513385826772
21
-0.4764410236220472
0
LINE
8
BLACK
6
CONTINUOUS
10
-0.3784513385826772
20
-0.4764410236220472
11
-0.3779527559055118
21
-0.4763350393700787
0
LINE
8
BLACK
6
CONTINUOUS
10
-0.3779527559055118
20
-0.4763350393700787
11
-0.3779527559055118
21
-0.4402003543307086
0
LINE
8
BLACK
6
CONTINUOUS
10
-0.3779527559055118
20
-0.4402003543307086
11
-0.3784513385826772
21
-0.4400944094488189
0
LINE
8
BLACK
6
CONTINUOUS
10
-0.3784513385826772
20
-0.4400944094488189
11
-0.3848425196850394
21
-0.4372488976377953
0
LINE
8
BLACK
6
CONTINUOUS
10
-0.3848425196850394
20
-0.4372488976377953
11
-0.3905024015748031
21
-0.4331367322834646
0
LINE
8
BLACK
6
CONTINUOUS
10
-0.3905024015748031
20
-0.4331367322834646
11
-0.3951836220472441
21
-0.4279376771653543
0
LINE
8
BLACK
6
CONTINUOUS
10
-0.3951836220472441
20
-0.4279376771653543
11
-0.3986816535433071
21
-0.4218789763779527
0
LINE
8
BLACK
6
CONTINUOUS
10
-0.3986816535433071
20
-0.4218789763779527
11
-0.3999061811023622
21
-0.4181102362204724
0
LINE
8
BLACK
6
CONTINUOUS
10
-0.3999061811023622
20
-0.4181102362204724
11
-0.4204974803149606
21
-0.4181102362204724
0
LINE
8
BLACK
6
CONTINUOUS
10
0.3966535433070866
20
-0.4688976377952756
11
0.4202755905511811
21
-0.4688976377952756
0
LINE
8
BLACK
6
CONTINUOUS
10
0.4202755905511811
20
-0.4688976377952756
11
0.4202755905511811
21
-0.49251968503937
0
LINE
8
BLACK
6
CONTINUOUS
10
0.4202755905511811
20
-0.49251968503937
11
0.4399606299212598
21
-0.49251968503937
0
LINE
8
BLACK
6
CONTINUOUS
10
0.4399606299212598
20
-0.49251968503937
11
0.4399606299212598
21
-0.4670146456692914
0
LINE
8
BLACK
6
CONTINUOUS
10
0.4399606299212598
20
-0.4670146456692914
11
0.4399605905511811
21
-0.4670139763779527
0
LINE
8
BLACK
6
CONTINUOUS
10
0.4399605905511811
20
-0.4670139763779527
11
0.4397085826771653
21
-0.4646703543307086
0
LINE
8
BLACK
6
CONTINUOUS
10
0.4397085826771653
20
-0.4646703543307086
11
0.4397085039370079
21
-0.4646700787401575
0
LINE
8
BLACK
6
CONTINUOUS
10
0.4397085039370079
20
-0.4646700787401575
11
0.4377304724409449
21
-0.4593666535433071
0
LINE
8
BLACK
6
CONTINUOUS
10
0.4377304724409449
20
-0.4593666535433071
11
0.4377303149606299
21
-0.4593663779527559
0
LINE
8
BLACK
6
CONTINUOUS
10
0.4377303149606299
20
-0.4593663779527559
11
0.4343381889763779
21
-0.4548351181102362
0
LINE
8
BLACK
6
CONTINUOUS
10
0.4343381889763779
20
-0.4548351181102362
11
0.4343380708661417
21
-0.454835
0
LINE
8
BLACK
6
CONTINUOUS
10
0.4343380708661417
20
-0.454835
11
0.4298068110236221
21
-0.451442874015748
0
LINE
8
BLACK
6
CONTINUOUS
10
0.4298068110236221
20
-0.451442874015748
11
0.4298065354330708
21
-0.4514427165354331
0
LINE
8
BLACK
6
CONTINUOUS
10
0.4298065354330708
20
-0.4514427165354331
11
0.4245031102362204
21
-0.4494646850393701
0
LINE
8
BLACK
6
CONTINUOUS
10
0.4245031102362204
20
-0.4494646850393701
11
0.4245028346456693
21
-0.4494646062992126
0
LINE
8
BLACK
6
CONTINUOUS
10
0.4245028346456693
20
-0.4494646062992126
11
0.4221592125984252
21
-0.4492125984251968
0
LINE
8
BLACK
6
CONTINUOUS
10
0.4221592125984252
20
-0.4492125984251968
11
0.3966535433070866
21
-0.4492125984251968
0
LINE
8
BLACK
6
CONTINUOUS
10
0.3966535433070866
20
-0.4492125984251968
11
0.3966535433070866
21
-0.4688976377952756
0
LINE
8
BLACK
6
CONTINUOUS
10
0.0417322834645669
20
-0.3748031496062992
11
0.0653543307086614
21
-0.3748031496062992
0
LINE
8
BLACK
6
CONTINUOUS
10
0.0653543307086614
20
-0.3748031496062992
11
0.0653543307086614
21
-0.3984251968503937
0
LINE
8
BLACK
6
CONTINUOUS
10
0.0653543307086614
20
-0.3984251968503937
11
0.0850393700787402
21
-0.3984251968503937
0
LINE
8
BLACK
6
CONTINUOUS
10
0.0850393700787402
20
-0.3984251968503937
11
0.0850393700787402
21
-0.3729201574803149
0
LINE
8
BLACK
6
CONTINUOUS
10
0.0850393700787402
20
-0.3729201574803149
11
0.0850393307086614
21
-0.3729194881889764
0
LINE
8
BLACK
6
CONTINUOUS
10
0.0850393307086614
20
-0.3729194881889764
11
0.0847873228346457
21
-0.3705758661417323
0
LINE
8
BLACK
6
CONTINUOUS
10
0.0847873228346457
20
-0.3705758661417323
11
0.0847872440944882
21
-0.3705755905511811
0
LINE
8
BLACK
6
CONTINUOUS
10
0.0847872440944882
20
-0.3705755905511811
11
0.0828092125984252
21
-0.3652721653543307
0
LINE
8
BLACK
6
CONTINUOUS
10
0.0828092125984252
20
-0.3652721653543307
11
0.0828090551181102
21
-0.3652718897637795
0
LINE
8
BLACK
6
CONTINUOUS
10
0.0828090551181102
20
-0.3652718897637795
11
0.0794169291338583
21
-0.3607406299212598
0
LINE
8
BLACK
6
CONTINUOUS
10
0.0794169291338583
20
-0.3607406299212598
11
0.079416811023622
21
-0.3607405118110236
0
LINE
8
BLACK
6
CONTINUOUS
10
0.079416811023622
20
-0.3607405118110236
11
0.0748855511811024
21
-0.3573483858267716
0
LINE
8
BLACK
6
CONTINUOUS
10
0.0748855511811024
20
-0.3573483858267716
11
0.0748852755905512
21
-0.3573482283464567
0
LINE
8
BLACK
6
CONTINUOUS
10
0.0748852755905512
20
-0.3573482283464567
11
0.0695818503937008
21
-0.3553701968503937
0
LINE
8
BLACK
6
CONTINUOUS
10
0.0695818503937008
20
-0.3553701968503937
11
0.0695815748031496
21
-0.3553701181102362
0
LINE
8
BLACK
6
CONTINUOUS
10
0.0695815748031496
20
-0.3553701181102362
11
0.0672379527559055
21
-0.3551181102362205
0
LINE
8
BLACK
6
CONTINUOUS
10
0.0672379527559055
20
-0.3551181102362205
11
0.0417322834645669
21
-0.3551181102362205
0
LINE
8
BLACK
6
CONTINUOUS
10
0.0417322834645669
20
-0.3551181102362205
11
0.0417322834645669
21
-0.3748031496062992
0
LINE
8
BLACK
6
CONTINUOUS
10
-0.3863577559055118
20
-0.3581325590551181
11
-0.3863579921259843
21
-0.3581326771653543
0
LINE
8
BLACK
6
CONTINUOUS
10
-0.3863579921259843
20
-0.3581326771653543
11
-0.3947865354330709
21
-0.3620629527559055
0
LINE
8
BLACK
6
CONTINUOUS
10
-0.3947865354330709
20
-0.3620629527559055
11
-0.3947866141732284
21
-0.3620629921259843
0
LINE
8
BLACK
6
CONTINUOUS
10
-0.3947866141732284
20
-0.3620629921259843
11
-0.4024044881889764
21
-0.3673970866141732
0
LINE
8
BLACK
6
CONTINUOUS
10
-0.4024044881889764
20
-0.3673970866141732
11
-0.4024047244094488
21
-0.3673972834645669
0
LINE
8
BLACK
6
CONTINUOUS
10
-0.4024047244094488
20
-0.3673972834645669
11
-0.4089806692913386
21
-0.3739732283464567
0
LINE
8
BLACK
6
CONTINUOUS
10
-0.4089806692913386
20
-0.3739732283464567
11
-0.4089808661417323
21
-0.3739734645669291
0
LINE
8
BLACK
6
CONTINUOUS
10
-0.4089808661417323
20
-0.3739734645669291
11
-0.4143149606299212
21
-0.3815913385826771
0
LINE
8
BLACK
6
CONTINUOUS
10
-0.4143149606299212
20
-0.3815913385826771
11
-0.414315
21
-0.3815914173228346
0
LINE
8
BLACK
6
CONTINUOUS
10
-0.414315
20
-0.3815914173228346
11
-0.4182452755905512
21
-0.3900199606299212
0
LINE
8
BLACK
6
CONTINUOUS
10
-0.4182452755905512
20
-0.3900199606299212
11
-0.4182453937007874
21
-0.3900201968503937
0
LINE
8
BLACK
6
CONTINUOUS
10
-0.4182453937007874
20
-0.3900201968503937
11
-0.4204974803149606
21
-0.3984251574803149
0
LINE
8
BLACK
6
CONTINUOUS
10
-0.4204974803149606
20
-0.3984251574803149
11
-0.4204974803149606
21
-0.3984251968503937
0
LINE
8
BLACK
6
CONTINUOUS
10
-0.4204974803149606
20
-0.3984251968503937
11
-0.3999061811023622
21
-0.3984251968503937
0
LINE
8
BLACK
6
CONTINUOUS
10
-0.3999061811023622
20
-0.3984251968503937
11
-0.3986816535433071
21
-0.3946564566929134
0
LINE
8
BLACK
6
CONTINUOUS
10
-0.3986816535433071
20
-0.3946564566929134
11
-0.3951836220472441
21
-0.3885977559055118
0
LINE
8
BLACK
6
CONTINUOUS
10
-0.3951836220472441
20
-0.3885977559055118
11
-0.3905024015748031
21
-0.3833987007874016
0
LINE
8
BLACK
6
CONTINUOUS
10
-0.3905024015748031
20
-0.3833987007874016
11
-0.3848425196850394
21
-0.3792865354330708
0
LINE
8
BLACK
6
CONTINUOUS
10
-0.3848425196850394
20
-0.3792865354330708
11
-0.3784513385826772
21
-0.3764410236220472
0
LINE
8
BLACK
6
CONTINUOUS
10
-0.3784513385826772
20
-0.3764410236220472
11
-0.3779527559055118
21
-0.3763350393700787
0
LINE
8
BLACK
6
CONTINUOUS
10
-0.3779527559055118
20
-0.3763350393700787
11
-0.3779527559055118
21
-0.3558804724409449
0
LINE
8
BLACK
6
CONTINUOUS
10
-0.3779527559055118
20
-0.3558804724409449
11
-0.3779527952755906
21
-0.3558804724409449
0
LINE
8
BLACK
6
CONTINUOUS
10
-0.3779527952755906
20
-0.3558804724409449
11
-0.3863577559055118
21
-0.3581325590551181
0
LINE
8
BLACK
6
CONTINUOUS
10
0.0658464566929134
20
-0.2964566929133858
11
0.0461614173228346
21
-0.2964566929133858
0
LINE
8
BLACK
6
CONTINUOUS
10
0.0461614173228346
20
-0.2964566929133858
11
0.0461614173228346
21
-0.2984251968503937
0
LINE
8
BLACK
6
CONTINUOUS
10
0.0461614173228346
20
-0.2984251968503937
11
0.0454122047244094
21
-0.3021917716535433
0
LINE
8
BLACK
6
CONTINUOUS
10
0.0454122047244094
20
-0.3021917716535433
11
0.0432786220472441
21
-0.3053849212598425
0
LINE
8
BLACK
6
CONTINUOUS
10
0.0432786220472441
20
-0.3053849212598425
11
0.0400854724409449
21
-0.3075185039370079
0
LINE
8
BLACK
6
CONTINUOUS
10
0.0400854724409449
20
-0.3075185039370079
11
0.0363188976377953
21
-0.3082677165354331
0
LINE
8
BLACK
6
CONTINUOUS
10
0.0363188976377953
20
-0.3082677165354331
11
0.0343503937007874
21
-0.3082677165354331
0
LINE
8
BLACK
6
CONTINUOUS
10
0.0343503937007874
20
-0.3082677165354331
11
0.0343503937007874
21
-0.3279527165354331
0
LINE
8
BLACK
6
CONTINUOUS
10
0.0343503937007874
20
-0.3279527165354331
11
0.0382862992125984
21
-0.3279527165354331
0
LINE
8
BLACK
6
CONTINUOUS
10
0.0382862992125984
20
-0.3279527165354331
11
0.0382868503937008
21
-0.3279526771653543
0
LINE
8
BLACK
6
CONTINUOUS
10
0.0382868503937008
20
-0.3279526771653543
11
0.0423305905511811
21
-0.3275395669291338
0
LINE
8
BLACK
6
CONTINUOUS
10
0.0423305905511811
20
-0.3275395669291338
11
0.0488826377952756
21
-0.3253684251968504
0
LINE
8
BLACK
6
CONTINUOUS
10
0.0488826377952756
20
-0.3253684251968504
11
0.0488828346456693
21
-0.3253683464566929
0
LINE
8
BLACK
6
CONTINUOUS
10
0.0488828346456693
20
-0.3253683464566929
11
0.0547576771653543
21
-0.3217446850393701
0
LINE
8
BLACK
6
CONTINUOUS
10
0.0547576771653543
20
-0.3217446850393701
11
0.0596383858267717
21
-0.3168639763779528
0
LINE
8
BLACK
6
CONTINUOUS
10
0.0596383858267717
20
-0.3168639763779528
11
0.0632620472440945
21
-0.3109891338582677
0
LINE
8
BLACK
6
CONTINUOUS
10
0.0632620472440945
20
-0.3109891338582677
11
0.063262125984252
21
-0.310988937007874
0
LINE
8
BLACK
6
CONTINUOUS
10
0.063262125984252
20
-0.310988937007874
11
0.0654332677165354
21
-0.3044368897637795
0
LINE
8
BLACK
6
CONTINUOUS
10
0.0654332677165354
20
-0.3044368897637795
11
0.0654333070866142
21
-0.3044366141732283
0
LINE
8
BLACK
6
CONTINUOUS
10
0.0654333070866142
20
-0.3044366141732283
11
0.0658464173228346
21
-0.3003931496062992
0
LINE
8
BLACK
6
CONTINUOUS
10
0.0658464173228346
20
-0.3003931496062992
11
0.0658464566929134
21
-0.3003926377952756
0
LINE
8
BLACK
6
CONTINUOUS
10
0.0658464566929134
20
-0.3003926377952756
11
0.0658464566929134
21
-0.2964572047244095
0
LINE
8
BLACK
6
CONTINUOUS
10
0.0658464566929134
20
-0.2964572047244095
11
0.0658464566929134
21
-0.2964566929133858
0
LINE
8
BLACK
6
CONTINUOUS
10
0.0343503937007874
20
-0.2649606299212598
11
0.0363188976377953
21
-0.2649606299212598
0
LINE
8
BLACK
6
CONTINUOUS
10
0.0363188976377953
20
-0.2649606299212598
11
0.0400854724409449
21
-0.265709842519685
0
LINE
8
BLACK
6
CONTINUOUS
10
0.0400854724409449
20
-0.265709842519685
11
0.0432786220472441
21
-0.2678434251968504
0
LINE
8
BLACK
6
CONTINUOUS
10
0.0432786220472441
20
-0.2678434251968504
11
0.0454122047244094
21
-0.2710365748031496
0
LINE
8
BLACK
6
CONTINUOUS
10
0.0454122047244094
20
-0.2710365748031496
11
0.0461614173228346
21
-0.2748031496062992
0
LINE
8
BLACK
6
CONTINUOUS
10
0.0461614173228346
20
-0.2748031496062992
11
0.0461614173228346
21
-0.2767716535433071
0
LINE
8
BLACK
6
CONTINUOUS
10
0.0461614173228346
20
-0.2767716535433071
11
0.0658464173228346
21
-0.2767716535433071
0
LINE
8
BLACK
6
CONTINUOUS
10
0.0658464173228346
20
-0.2767716535433071
11
0.0658464173228346
21
-0.2728357480314961
0
LINE
8
BLACK
6
CONTINUOUS
10
0.0658464173228346
20
-0.2728357480314961
11
0.0658463779527559
21
-0.2728351574803149
0
LINE
8
BLACK
6
CONTINUOUS
10
0.0658463779527559
20
-0.2728351574803149
11
0.0654332677165354
21
-0.2687914173228346
0
LINE
8
BLACK
6
CONTINUOUS
10
0.0654332677165354
20
-0.2687914173228346
11
0.063262125984252
21
-0.2622393700787402
0
LINE
8
BLACK
6
CONTINUOUS
10
0.063262125984252
20
-0.2622393700787402
11
0.0632620472440945
21
-0.2622391732283464
0
LINE
8
BLACK
6
CONTINUOUS
10
0.0632620472440945
20
-0.2622391732283464
11
0.0596383858267717
21
-0.2563643307086614
0
LINE
8
BLACK
6
CONTINUOUS
10
0.0596383858267717
20
-0.2563643307086614
11
0.0547576771653543
21
-0.2514836220472441
0
LINE
8
BLACK
6
CONTINUOUS
10
0.0547576771653543
20
-0.2514836220472441
11
0.0488828346456693
21
-0.2478599606299212
0
LINE
8
BLACK
6
CONTINUOUS
10
0.0488828346456693
20
-0.2478599606299212
11
0.0488826377952756
21
-0.2478598818897638
0
LINE
8
BLACK
6
CONTINUOUS
10
0.0488826377952756
20
-0.2478598818897638
11
0.0423305905511811
21
-0.2456887401574803
0
LINE
8
BLACK
6
CONTINUOUS
10
0.0423305905511811
20
-0.2456887401574803
11
0.0423303149606299
21
-0.2456887007874016
0
LINE
8
BLACK
6
CONTINUOUS
10
0.0423303149606299
20
-0.2456887007874016
11
0.0382868503937008
21
-0.2452755905511811
0
LINE
8
BLACK
6
CONTINUOUS
10
0.0382868503937008
20
-0.2452755905511811
11
0.0343503937007874
21
-0.2452755905511811
0
LINE
8
BLACK
6
CONTINUOUS
10
0.0343503937007874
20
-0.2452755905511811
11
0.0343503937007874
21
-0.2649606299212598
0
LINE
8
BLACK
6
CONTINUOUS
10
-0.3923227952755906
20
0.194488188976378
11
-0.3923227952755906
21
0.1925202362204724
0
LINE
8
BLACK
6
CONTINUOUS
10
-0.3923227952755906
20
0.1925202362204724
11
-0.3919096850393701
21
0.1884764960629921
0
LINE
8
BLACK
6
CONTINUOUS
10
-0.3919096850393701
20
0.1884764960629921
11
-0.3897385433070866
21
0.1819244488188976
0
LINE
8
BLACK
6
CONTINUOUS
10
-0.3897385433070866
20
0.1819244488188976
11
-0.3897384645669291
21
0.1819242519685039
0
LINE
8
BLACK
6
CONTINUOUS
10
-0.3897384645669291
20
0.1819242519685039
11
-0.3861148031496063
21
0.1760494094488189
0
LINE
8
BLACK
6
CONTINUOUS
10
-0.3861148031496063
20
0.1760494094488189
11
-0.381234094488189
21
0.1711687007874016
0
LINE
8
BLACK
6
CONTINUOUS
10
-0.381234094488189
20
0.1711687007874016
11
-0.3753592519685039
21
0.1675450393700787
0
LINE
8
BLACK
6
CONTINUOUS
10
-0.3753592519685039
20
0.1675450393700787
11
-0.3753590551181102
21
0.1675449606299212
0
LINE
8
BLACK
6
CONTINUOUS
10
-0.3753590551181102
20
0.1675449606299212
11
-0.3688070078740157
21
0.1653738188976378
0
LINE
8
BLACK
6
CONTINUOUS
10
-0.3688070078740157
20
0.1653738188976378
11
-0.3688067322834646
21
0.1653737795275591
0
LINE
8
BLACK
6
CONTINUOUS
10
-0.3688067322834646
20
0.1653737795275591
11
-0.364763031496063
21
0.1649606692913386
0
LINE
8
BLACK
6
CONTINUOUS
10
-0.364763031496063
20
0.1649606692913386
11
-0.3539370472440945
21
0.1649606692913386
0
LINE
8
BLACK
6
CONTINUOUS
10
-0.3539370472440945
20
0.1649606692913386
11
-0.3539370078740157
21
0.1649607086614173
0
LINE
8
BLACK
6
CONTINUOUS
10
-0.3539370078740157
20
0.1649607086614173
11
-0.3539370078740157
21
0.1846456692913386
0
LINE
8
BLACK
6
CONTINUOUS
10
-0.3539370078740157
20
0.1846456692913386
11
-0.3627952755905512
21
0.1846456692913386
0
LINE
8
BLACK
6
CONTINUOUS
10
-0.3627952755905512
20
0.1846456692913386
11
-0.3665618503937008
21
0.1853948818897638
0
LINE
8
BLACK
6
CONTINUOUS
10
-0.3665618503937008
20
0.1853948818897638
11
-0.369755
21
0.1875284645669291
0
LINE
8
BLACK
6
CONTINUOUS
10
-0.369755
20
0.1875284645669291
11
-0.3718885826771653
21
0.1907216141732283
0
LINE
8
BLACK
6
CONTINUOUS
10
-0.3718885826771653
20
0.1907216141732283
11
-0.3726377952755905
21
0.194488188976378
0
LINE
8
BLACK
6
CONTINUOUS
10
-0.3726377952755905
20
0.194488188976378
11
-0.3923227952755906
21
0.194488188976378
0
LINE
8
BLACK
6
CONTINUOUS
10
-0.2932088188976378
20
0.1945997637795276
11
-0.2942465354330708
21
0.194488188976378
0
LINE
8
BLACK
6
CONTINUOUS
10
-0.2942465354330708
20
0.194488188976378
11
-0.3155511811023622
21
0.194488188976378
0
LINE
8
BLACK
6
CONTINUOUS
10
-0.3155511811023622
20
0.194488188976378
11
-0.3163003937007874
21
0.1907216141732283
0
LINE
8
BLACK
6
CONTINUOUS
10
-0.3163003937007874
20
0.1907216141732283
11
-0.3184339763779527
21
0.1875284645669291
0
LINE
8
BLACK
6
CONTINUOUS
10
-0.3184339763779527
20
0.1875284645669291
11
-0.321627125984252
21
0.1853948818897638
0
LINE
8
BLACK
6
CONTINUOUS
10
-0.321627125984252
20
0.1853948818897638
11
-0.3253937007874015
21
0.1846456692913386
0
LINE
8
BLACK
6
CONTINUOUS
10
-0.3253937007874015
20
0.1846456692913386
11
-0.334251968503937
21
0.1846456692913386
0
LINE
8
BLACK
6
CONTINUOUS
10
-0.334251968503937
20
0.1846456692913386
11
-0.334251968503937
21
0.1649606692913386
0
LINE
8
BLACK
6
CONTINUOUS
10
-0.334251968503937
20
0.1649606692913386
11
-0.3234262992125984
21
0.1649606692913386
0
LINE
8
BLACK
6
CONTINUOUS
10
-0.3234262992125984
20
0.1649606692913386
11
-0.323425748031496
21
0.1649607086614173
0
LINE
8
BLACK
6
CONTINUOUS
10
-0.323425748031496
20
0.1649607086614173
11
-0.3193820078740157
21
0.1653738188976378
0
LINE
8
BLACK
6
CONTINUOUS
10
-0.3193820078740157
20
0.1653738188976378
11
-0.3128299606299212
21
0.1675449606299212
0
LINE
8
BLACK
6
CONTINUOUS
10
-0.3128299606299212
20
0.1675449606299212
11
-0.3128297637795275
21
0.1675450393700787
0
LINE
8
BLACK
6
CONTINUOUS
10
-0.3128297637795275
20
0.1675450393700787
11
-0.3069551181102362
21
0.1711685826771653
0
LINE
8
BLACK
6
CONTINUOUS
10
-0.3069551181102362
20
0.1711685826771653
11
-0.3068483858267717
21
0.1712752755905512
0
LINE
8
BLACK
6
CONTINUOUS
10
-0.3068483858267717
20
0.1712752755905512
11
-0.3067569291338583
21
0.1713252755905512
0
LINE
8
BLACK
6
CONTINUOUS
10
-0.3067569291338583
20
0.1713252755905512
11
-0.3067320078740157
21
0.1713449212598425
0
LINE
8
BLACK
6
CONTINUOUS
10
-0.3067320078740157
20
0.1713449212598425
11
-0.3067286614173228
21
0.1713406692913386
0
LINE
8
BLACK
6
CONTINUOUS
10
-0.3067286614173228
20
0.1713406692913386
11
-0.3044341732283464
21
0.1725937401574803
0
LINE
8
BLACK
6
CONTINUOUS
10
-0.3044341732283464
20
0.1725937401574803
11
-0.3016903937007874
21
0.1723976771653543
0
LINE
8
BLACK
6
CONTINUOUS
10
-0.3016903937007874
20
0.1723976771653543
11
-0.3008332677165354
21
0.1719785433070866
0
LINE
8
BLACK
6
CONTINUOUS
10
-0.3008332677165354
20
0.1719785433070866
11
-0.2952411417322834
21
0.1685292913385827
0
LINE
8
BLACK
6
CONTINUOUS
10
-0.2952411417322834
20
0.1685292913385827
11
-0.2952409448818897
21
0.1685292125984252
0
LINE
8
BLACK
6
CONTINUOUS
10
-0.2952409448818897
20
0.1685292125984252
11
-0.2886888976377953
21
0.1663580708661417
0
LINE
8
BLACK
6
CONTINUOUS
10
-0.2886888976377953
20
0.1663580708661417
11
-0.2886886220472441
21
0.166358031496063
0
LINE
8
BLACK
6
CONTINUOUS
10
-0.2886886220472441
20
0.166358031496063
11
-0.2846449212598425
21
0.1659449212598425
0
LINE
8
BLACK
6
CONTINUOUS
10
-0.2846449212598425
20
0.1659449212598425
11
-0.274803188976378
21
0.1659449212598425
0
LINE
8
BLACK
6
CONTINUOUS
10
-0.274803188976378
20
0.1659449212598425
11
-0.2748031496062992
21
0.1659449606299213
0
LINE
8
BLACK
6
CONTINUOUS
10
-0.2748031496062992
20
0.1659449606299213
11
-0.2748031496062992
21
0.1856299212598425
0
LINE
8
BLACK
6
CONTINUOUS
10
-0.2748031496062992
20
0.1856299212598425
11
-0.2826771653543307
21
0.1856299212598425
0
LINE
8
BLACK
6
CONTINUOUS
10
-0.2826771653543307
20
0.1856299212598425
11
-0.2864437401574803
21
0.1863791338582677
0
LINE
8
BLACK
6
CONTINUOUS
10
-0.2864437401574803
20
0.1863791338582677
11
-0.2896368897637795
21
0.1885127165354331
0
LINE
8
BLACK
6
CONTINUOUS
10
-0.2896368897637795
20
0.1885127165354331
11
-0.2917704724409449
21
0.1917058661417323
0
LINE
8
BLACK
6
CONTINUOUS
10
-0.2917704724409449
20
0.1917058661417323
11
-0.2924306299212598
21
0.1950247244094488
0
LINE
8
BLACK
6
CONTINUOUS
10
-0.2924306299212598
20
0.1950247244094488
11
-0.2932088188976378
21
0.1945997637795276
0
LINE
8
BLACK
6
CONTINUOUS
10
0.151809842519685
20
0.1907216141732283
11
0.1496762598425197
21
0.1875284645669291
0
LINE
8
BLACK
6
CONTINUOUS
10
0.1496762598425197
20
0.1875284645669291
11
0.1464831102362205
21
0.1853948818897638
0
LINE
8
BLACK
6
CONTINUOUS
10
0.1464831102362205
20
0.1853948818897638
11
0.1427165354330709
21
0.1846456692913386
0
LINE
8
BLACK
6
CONTINUOUS
10
0.1427165354330709
20
0.1846456692913386
11
0.1338582677165354
21
0.1846456692913386
0
LINE
8
BLACK
6
CONTINUOUS
10
0.1338582677165354
20
0.1846456692913386
11
0.1338582677165354
21
0.1649606692913386
0
LINE
8
BLACK
6
CONTINUOUS
10
0.1338582677165354
20
0.1649606692913386
11
0.144683937007874
21
0.1649606692913386
0
LINE
8
BLACK
6
CONTINUOUS
10
0.144683937007874
20
0.1649606692913386
11
0.1446844881889764
21
0.1649607086614173
0
LINE
8
BLACK
6
CONTINUOUS
10
0.1446844881889764
20
0.1649607086614173
11
0.1487282283464567
21
0.1653738188976378
0
LINE
8
BLACK
6
CONTINUOUS
10
0.1487282283464567
20
0.1653738188976378
11
0.1552802755905512
21
0.1675449606299212
0
LINE
8
BLACK
6
CONTINUOUS
10
0.1552802755905512
20
0.1675449606299212
11
0.1552804724409449
21
0.1675450393700787
0
LINE
8
BLACK
6
CONTINUOUS
10
0.1552804724409449
20
0.1675450393700787
11
0.1613972834645669
21
0.1713179133858268
0
LINE
8
BLACK
6
CONTINUOUS
10
0.1613972834645669
20
0.1713179133858268
11
0.1614247244094488
21
0.1712734251968504
0
LINE
8
BLACK
6
CONTINUOUS
10
0.1614247244094488
20
0.1712734251968504
11
0.163695905511811
21
0.172189842519685
0
LINE
8
BLACK
6
CONTINUOUS
10
0.163695905511811
20
0.172189842519685
11
0.1663983858267717
21
0.1716766141732284
0
LINE
8
BLACK
6
CONTINUOUS
10
0.1663983858267717
20
0.1716766141732284
11
0.167132125984252
21
0.1712050787401575
0
LINE
8
BLACK
6
CONTINUOUS
10
0.167132125984252
20
0.1712050787401575
11
0.1730659448818898
21
0.1675450393700787
0
LINE
8
BLACK
6
CONTINUOUS
10
0.1730659448818898
20
0.1675450393700787
11
0.1730661417322835
21
0.1675449606299212
0
LINE
8
BLACK
6
CONTINUOUS
10
0.1730661417322835
20
0.1675449606299212
11
0.1796181889763779
21
0.1653738188976378
0
LINE
8
BLACK
6
CONTINUOUS
10
0.1796181889763779
20
0.1653738188976378
11
0.1796184645669291
21
0.1653737795275591
0
LINE
8
BLACK
6
CONTINUOUS
10
0.1796184645669291
20
0.1653737795275591
11
0.1836621653543307
21
0.1649606692913386
0
LINE
8
BLACK
6
CONTINUOUS
10
0.1836621653543307
20
0.1649606692913386
11
0.1944881496062992
21
0.1649606692913386
0
LINE
8
BLACK
6
CONTINUOUS
10
0.1944881496062992
20
0.1649606692913386
11
0.194488188976378
21
0.1649607086614173
0
LINE
8
BLACK
6
CONTINUOUS
10
0.194488188976378
20
0.1649607086614173
11
0.194488188976378
21
0.1846456692913386
0
LINE
8
BLACK
6
CONTINUOUS
10
0.194488188976378
20
0.1846456692913386
11
0.1856299212598425
21
0.1846456692913386
0
LINE
8
BLACK
6
CONTINUOUS
10
0.1856299212598425
20
0.1846456692913386
11
0.1818633464566929
21
0.1853948818897638
0
LINE
8
BLACK
6
CONTINUOUS
10
0.1818633464566929
20
0.1853948818897638
11
0.1786701968503937
21
0.1875284645669291
0
LINE
8
BLACK
6
CONTINUOUS
10
0.1786701968503937
20
0.1875284645669291
11
0.1765366141732283
21
0.1907216141732283
0
LINE
8
BLACK
6
CONTINUOUS
10
0.1765366141732283
20
0.1907216141732283
11
0.1757874015748032
21
0.194488188976378
0
LINE
8
BLACK
6
CONTINUOUS
10
0.1757874015748032
20
0.194488188976378
11
0.1525590551181102
21
0.194488188976378
0
LINE
8
BLACK
6
CONTINUOUS
10
0.1525590551181102
20
0.194488188976378
11
0.151809842519685
21
0.1907216141732283
0
LINE
8
BLACK
6
CONTINUOUS
10
-0.2374015748031496
20
0.1954724409448819
11
-0.2381507874015748
21
0.1917058661417323
0
LINE
8
BLACK
6
CONTINUOUS
10
-0.2381507874015748
20
0.1917058661417323
11
-0.2402843700787402
21
0.1885127165354331
0
LINE
8
BLACK
6
CONTINUOUS
10
-0.2402843700787402
20
0.1885127165354331
11
-0.2434775196850394
21
0.1863791338582677
0
LINE
8
BLACK
6
CONTINUOUS
10
-0.2434775196850394
20
0.1863791338582677
11
-0.247244094488189
21
0.1856299212598425
0
LINE
8
BLACK
6
CONTINUOUS
10
-0.247244094488189
20
0.1856299212598425
11
-0.2551181102362204
21
0.1856299212598425
0
LINE
8
BLACK
6
CONTINUOUS
10
-0.2551181102362204
20
0.1856299212598425
11
-0.2551181102362204
21
0.1659449212598425
0
LINE
8
BLACK
6
CONTINUOUS
10
-0.2551181102362204
20
0.1659449212598425
11
-0.2452766929133858
21
0.1659449212598425
0
LINE
8
BLACK
6
CONTINUOUS
10
-0.2452766929133858
20
0.1659449212598425
11
-0.2452761417322835
21
0.1659449606299213
0
LINE
8
BLACK
6
CONTINUOUS
10
-0.2452761417322835
20
0.1659449606299213
11
-0.2412324015748031
21
0.1663580708661417
0
LINE
8
BLACK
6
CONTINUOUS
10
-0.2412324015748031
20
0.1663580708661417
11
-0.2346803543307087
21
0.1685292125984252
0
LINE
8
BLACK
6
CONTINUOUS
10
-0.2346803543307087
20
0.1685292125984252
11
-0.234680157480315
21
0.1685292913385827
0
LINE
8
BLACK
6
CONTINUOUS
10
-0.234680157480315
20
0.1685292913385827
11
-0.2288053149606299
21
0.1721529527559055
0
LINE
8
BLACK
6
CONTINUOUS
10
-0.2288053149606299
20
0.1721529527559055
11
-0.2239246062992126
21
0.1770336614173228
0
LINE
8
BLACK
6
CONTINUOUS
10
-0.2239246062992126
20
0.1770336614173228
11
-0.2203009448818898
21
0.1829085039370079
0
LINE
8
BLACK
6
CONTINUOUS
10
-0.2203009448818898
20
0.1829085039370079
11
-0.2203008661417323
21
0.1829087007874016
0
LINE
8
BLACK
6
CONTINUOUS
10
-0.2203008661417323
20
0.1829087007874016
11
-0.2181297244094488
21
0.1894607480314961
0
LINE
8
BLACK
6
CONTINUOUS
10
-0.2181297244094488
20
0.1894607480314961
11
-0.2181296850393701
21
0.1894610236220473
0
LINE
8
BLACK
6
CONTINUOUS
10
-0.2181296850393701
20
0.1894610236220473
11
-0.2177165748031496
21
0.1935044881889764
0
LINE
8
BLACK
6
CONTINUOUS
10
-0.2177165748031496
20
0.1935044881889764
11
-0.2177165354330709
21
0.193505
0
LINE
8
BLACK
6
CONTINUOUS
10
-0.2177165354330709
20
0.193505
11
-0.2177165354330709
21
0.1959645669291339
0
LINE
8
BLACK
6
CONTINUOUS
10
-0.2177165354330709
20
0.1959645669291339
11
-0.2374015748031496
21
0.1959645669291339
0
LINE
8
BLACK
6
CONTINUOUS
10
-0.2374015748031496
20
0.1959645669291339
11
-0.2374015748031496
21
0.1954724409448819
0
LINE
8
BLACK
6
CONTINUOUS
10
-0.3937007874015748
20
0.4187007874015748
11
-0.3937007874015748
21
0.3655511811023622
0
LINE
8
BLACK
6
CONTINUOUS
10
-0.3937007874015748
20
0.3655511811023622
11
-0.3918177952755905
21
0.3655511811023622
0
LINE
8
BLACK
6
CONTINUOUS
10
-0.3918177952755905
20
0.3655511811023622
11
-0.3918171653543307
21
0.3655512204724409
0
LINE
8
BLACK
6
CONTINUOUS
10
-0.3918171653543307
20
0.3655512204724409
11
-0.3894733464566929
21
0.3658032677165354
0
LINE
8
BLACK
6
CONTINUOUS
10
-0.3894733464566929
20
0.3658032677165354
11
-0.3891758661417323
21
0.3658735039370078
0
LINE
8
BLACK
6
CONTINUOUS
10
-0.3891758661417323
20
0.3658735039370078
11
-0.3891625196850393
21
0.3658169291338583
0
LINE
8
BLACK
6
CONTINUOUS
10
-0.3891625196850393
20
0.3658169291338583
11
-0.3867581889763779
21
0.3659892125984252
0
LINE
8
BLACK
6
CONTINUOUS
10
-0.3867581889763779
20
0.3659892125984252
11
-0.3861561811023622
21
0.3658124409448819
0
LINE
8
BLACK
6
CONTINUOUS
10
-0.3861561811023622
20
0.3658124409448819
11
-0.3861172440944882
21
0.3658032677165354
0
LINE
8
BLACK
6
CONTINUOUS
10
-0.3861172440944882
20
0.3658032677165354
11
-0.3837734251968504
21
0.3655512204724409
0
LINE
8
BLACK
6
CONTINUOUS
10
-0.3837734251968504
20
0.3655512204724409
11
-0.3837727559055118
21
0.3655511811023622
0
LINE
8
BLACK
6
CONTINUOUS
10
-0.3837727559055118
20
0.3655511811023622
11
-0.3818897637795275
21
0.3655511811023622
0
LINE
8
BLACK
6
CONTINUOUS
10
-0.3818897637795275
20
0.3655511811023622
11
-0.3818897637795275
21
0.3756808267716535
0
LINE
8
BLACK
6
CONTINUOUS
10
-0.3818897637795275
20
0.3756808267716535
11
-0.3811147637795276
21
0.3783201574803149
0
LINE
8
BLACK
6
CONTINUOUS
10
-0.3811147637795276
20
0.3783201574803149
11
-0.3799212598425197
21
0.3793543700787401
0
LINE
8
BLACK
6
CONTINUOUS
10
-0.3799212598425197
20
0.3793543700787401
11
-0.3799212598425197
21
0.3852362204724409
0
LINE
8
BLACK
6
CONTINUOUS
10
-0.3799212598425197
20
0.3852362204724409
11
-0.3818897637795275
21
0.3852362204724409
0
LINE
8
BLACK
6
CONTINUOUS
10
-0.3818897637795275
20
0.3852362204724409
11
-0.3818897637795275
21
0.4187007874015748
0
LINE
8
BLACK
6
CONTINUOUS
10
-0.3818897637795275
20
0.4187007874015748
11
-0.3937007874015748
21
0.4187007874015748
0
LINE
8
BLACK
6
CONTINUOUS
10
-0.3937007874015748
20
0.430511811023622
11
-0.3818897637795275
21
0.430511811023622
0
LINE
8
BLACK
6
CONTINUOUS
10
-0.3818897637795275
20
0.430511811023622
11
-0.3818897637795275
21
0.4639763779527559
0
LINE
8
BLACK
6
CONTINUOUS
10
-0.3818897637795275
20
0.4639763779527559
11
-0.3799212598425197
21
0.4639763779527559
0
LINE
8
BLACK
6
CONTINUOUS
10
-0.3799212598425197
20
0.4639763779527559
11
-0.3799212598425197
21
0.4698207874015748
0
LINE
8
BLACK
6
CONTINUOUS
10
-0.3799212598425197
20
0.4698207874015748
11
-0.3812927165354331
21
0.4711924015748031
0
LINE
8
BLACK
6
CONTINUOUS
10
-0.3812927165354331
20
0.4711924015748031
11
-0.3818897637795275
21
0.473531811023622
0
LINE
8
BLACK
6
CONTINUOUS
10
-0.3818897637795275
20
0.473531811023622
11
-0.3818897637795275
21
0.4836614173228346
0
LINE
8
BLACK
6
CONTINUOUS
10
-0.3818897637795275
20
0.4836614173228346
11
-0.3837734251968504
21
0.4836614173228346
0
LINE
8
BLACK
6
CONTINUOUS
10
-0.3837734251968504
20
0.4836614173228346
11
-0.3861171653543307
21
0.4834094094488189
0
LINE
8
BLACK
6
CONTINUOUS
10
-0.3861171653543307
20
0.4834094094488189
11
-0.3864144488188976
21
0.4833391338582677
0
LINE
8
BLACK
6
CONTINUOUS
10
-0.3864144488188976
20
0.4833391338582677
11
-0.3864277952755906
21
0.4833955118110236
0
LINE
8
BLACK
6
CONTINUOUS
10
-0.3864277952755906
20
0.4833955118110236
11
-0.3888334645669291
21
0.4832236614173228
0
LINE
8
BLACK
6
CONTINUOUS
10
-0.3888334645669291
20
0.4832236614173228
11
-0.3894350393700787
21
0.4834003149606299
0
LINE
8
BLACK
6
CONTINUOUS
10
-0.3894350393700787
20
0.4834003149606299
11
-0.3894734251968504
21
0.4834094094488189
0
LINE
8
BLACK
6
CONTINUOUS
10
-0.3894734251968504
20
0.4834094094488189
11
-0.3918171653543307
21
0.4836614173228346
0
LINE
8
BLACK
6
CONTINUOUS
10
-0.3918171653543307
20
0.4836614173228346
11
-0.3937007874015748
21
0.4836614173228346
0
LINE
8
BLACK
6
CONTINUOUS
10
-0.3937007874015748
20
0.4836614173228346
11
-0.3937007874015748
21
0.430511811023622
0
LINE
8
BLACK
6
CONTINUOUS
10
-0.3924395669291338
20
0.763513188976378
11
-0.3924398031496063
21
0.7635131496062992
0
LINE
8
BLACK
6
CONTINUOUS
10
-0.3924398031496063
20
0.7635131496062992
11
-0.4028147244094488
21
0.760606220472441
0
LINE
8
BLACK
6
CONTINUOUS
10
-0.4028147244094488
20
0.760606220472441
11
-0.4126972440944882
21
0.7563136614173228
0
LINE
8
BLACK
6
CONTINUOUS
10
-0.4126972440944882
20
0.7563136614173228
11
-0.4219032283464567
21
0.7507153937007874
0
LINE
8
BLACK
6
CONTINUOUS
10
-0.4219032283464567
20
0.7507153937007874
11
-0.4302612204724409
21
0.7439156692913386
0
LINE
8
BLACK
6
CONTINUOUS
10
-0.4302612204724409
20
0.7439156692913386
11
-0.4376157480314961
21
0.7360409448818898
0
LINE
8
BLACK
6
CONTINUOUS
10
-0.4376157480314961
20
0.7360409448818898
11
-0.4438289763779528
21
0.727238779527559
0
LINE
8
BLACK
6
CONTINUOUS
10
-0.4438289763779528
20
0.727238779527559
11
-0.4438291338582677
21
0.7272385433070866
0
LINE
8
BLACK
6
CONTINUOUS
10
-0.4438291338582677
20
0.7272385433070866
11
-0.4487862598425197
21
0.7176716929133858
0
LINE
8
BLACK
6
CONTINUOUS
10
-0.4487862598425197
20
0.7176716929133858
11
-0.4523943700787402
21
0.7075195275590551
0
LINE
8
BLACK
6
CONTINUOUS
10
-0.4523943700787402
20
0.7075195275590551
11
-0.4523945669291338
21
0.7075188976377953
0
LINE
8
BLACK
6
CONTINUOUS
10
-0.4523945669291338
20
0.7075188976377953
11
-0.4545865748031496
21
0.6969701181102362
0
LINE
8
BLACK
6
CONTINUOUS
10
-0.4545865748031496
20
0.6969701181102362
11
-0.4545866141732283
21
0.6969700393700787
0
LINE
8
BLACK
6
CONTINUOUS
10
-0.4545866141732283
20
0.6969700393700787
11
-0.4553218503937008
21
0.6862204724409449
0
LINE
8
BLACK
6
CONTINUOUS
10
-0.4553218503937008
20
0.6862204724409449
11
-0.4545866141732283
21
0.6754709448818897
0
LINE
8
BLACK
6
CONTINUOUS
10
-0.4545866141732283
20
0.6754709448818897
11
-0.4545865748031496
21
0.6754708661417322
0
LINE
8
BLACK
6
CONTINUOUS
10
-0.4545865748031496
20
0.6754708661417322
11
-0.4523945669291338
21
0.6649220866141732
0
LINE
8
BLACK
6
CONTINUOUS
10
-0.4523945669291338
20
0.6649220866141732
11
-0.4523943700787402
21
0.6649214566929134
0
LINE
8
BLACK
6
CONTINUOUS
10
-0.4523943700787402
20
0.6649214566929134
11
-0.4487862598425197
21
0.6547692913385826
0
LINE
8
BLACK
6
CONTINUOUS
10
-0.4487862598425197
20
0.6547692913385826
11
-0.4487862992125984
21
0.6547692913385826
0
LINE
8
BLACK
6
CONTINUOUS
10
-0.4487862992125984
20
0.6547692913385826
11
-0.4438291338582677
21
0.6452024409448819
0
LINE
8
BLACK
6
CONTINUOUS
10
-0.4438291338582677
20
0.6452024409448819
11
-0.4438289763779528
21
0.6452022047244095
0
LINE
8
BLACK
6
CONTINUOUS
10
-0.4438289763779528
20
0.6452022047244095
11
-0.4376157480314961
21
0.6364000393700787
0
LINE
8
BLACK
6
CONTINUOUS
10
-0.4376157480314961
20
0.6364000393700787
11
-0.4302612204724409
21
0.6285253149606299
0
LINE
8
BLACK
6
CONTINUOUS
10
-0.4302612204724409
20
0.6285253149606299
11
-0.4255865354330708
21
0.6247222047244094
0
LINE
8
BLACK
6
CONTINUOUS
10
-0.4255865354330708
20
0.6247222047244094
11
-0.4219033464566929
21
0.6217256692913385
0
LINE
8
BLACK
6
CONTINUOUS
10
-0.4219033464566929
20
0.6217256692913385
11
-0.4219032677165354
21
0.6217256299212598
0
LINE
8
BLACK
6
CONTINUOUS
10
-0.4219032677165354
20
0.6217256299212598
11
-0.4219032283464567
21
0.621725590551181
0
LINE
8
BLACK
6
CONTINUOUS
10
-0.4219032283464567
20
0.621725590551181
11
-0.4126972440944882
21
0.6161273228346457
0
LINE
8
BLACK
6
CONTINUOUS
10
-0.4126972440944882
20
0.6161273228346457
11
-0.4046762992125984
21
0.6126433858267717
0
LINE
8
BLACK
6
CONTINUOUS
10
-0.4046762992125984
20
0.6126433858267717
11
-0.4028146456692913
21
0.6118347244094489
0
LINE
8
BLACK
6
CONTINUOUS
10
-0.4028146456692913
20
0.6118347244094489
11
-0.3924395669291338
21
0.6089277559055118
0
LINE
8
BLACK
6
CONTINUOUS
10
-0.3924395669291338
20
0.6089277559055118
11
-0.3830551574803149
21
0.6076379527559055
0
LINE
8
BLACK
6
CONTINUOUS
10
-0.3830551574803149
20
0.6076379527559055
11
-0.3817653149606299
21
0.6074606299212598
0
LINE
8
BLACK
6
CONTINUOUS
10
-0.3817653149606299
20
0.6074606299212598
11
-0.3817652755905512
21
0.6074606299212598
0
LINE
8
BLACK
6
CONTINUOUS
10
-0.3817652755905512
20
0.6074606299212598
11
0.377040905511811
21
0.6074606299212598
0
LINE
8
BLACK
6
CONTINUOUS
10
0.377040905511811
20
0.6074606299212598
11
0.3781916535433071
21
0.6076188188976378
0
LINE
8
BLACK
6
CONTINUOUS
10
0.3781916535433071
20
0.6076188188976378
11
0.3877151574803149
21
0.6089277559055118
0
LINE
8
BLACK
6
CONTINUOUS
10
0.3877151574803149
20
0.6089277559055118
11
0.3980902362204724
21
0.6118347244094489
0
LINE
8
BLACK
6
CONTINUOUS
10
0.3980902362204724
20
0.6118347244094489
11
0.407972874015748
21
0.6161273622047244
0
LINE
8
BLACK
6
CONTINUOUS
10
0.407972874015748
20
0.6161273622047244
11
0.417178937007874
21
0.6217256692913385
0
LINE
8
BLACK
6
CONTINUOUS
10
0.417178937007874
20
0.6217256692913385
11
0.4255369291338583
21
0.6285254330708662
0
LINE
8
BLACK
6
CONTINUOUS
10
0.4255369291338583
20
0.6285254330708662
11
0.4328912204724409
21
0.6363999212598425
0
LINE
8
BLACK
6
CONTINUOUS
10
0.4328912204724409
20
0.6363999212598425
11
0.4391047244094488
21
0.6452024803149606
0
LINE
8
BLACK
6
CONTINUOUS
10
0.4391047244094488
20
0.6452024803149606
11
0.4440617716535433
21
0.6547691338582677
0
LINE
8
BLACK
6
CONTINUOUS
10
0.4440617716535433
20
0.6547691338582677
11
0.44767
21
0.6649216535433071
0
LINE
8
BLACK
6
CONTINUOUS
10
0.44767
20
0.6649216535433071
11
0.44767
21
0.6649218503937008
0
LINE
8
BLACK
6
CONTINUOUS
10
0.44767
20
0.6649218503937008
11
0.4476701181102362
21
0.6649220866141732
0
LINE
8
BLACK
6
CONTINUOUS
10
0.4476701181102362
20
0.6649220866141732
11
0.4488756299212598
21
0.6707236220472441
0
LINE
8
BLACK
6
CONTINUOUS
10
0.4488756299212598
20
0.6707236220472441
11
0.4498621653543307
21
0.6754709448818897
0
LINE
8
BLACK
6
CONTINUOUS
10
0.4498621653543307
20
0.6754709448818897
11
0.4505974409448819
21
0.6862204724409449
0
LINE
8
BLACK
6
CONTINUOUS
10
0.4505974409448819
20
0.6862204724409449
11
0.4498621653543307
21
0.69697
0
LINE
8
BLACK
6
CONTINUOUS
10
0.4498621653543307
20
0.69697
11
0.4484511023622047
21
0.7037604330708661
0
LINE
8
BLACK
6
CONTINUOUS
10
0.4484511023622047
20
0.7037604330708661
11
0.4476701181102362
21
0.7075188976377953
0
LINE
8
BLACK
6
CONTINUOUS
10
0.4476701181102362
20
0.7075188976377953
11
0.4476699212598425
21
0.7075195275590551
0
LINE
8
BLACK
6
CONTINUOUS
10
0.4476699212598425
20
0.7075195275590551
11
0.444061811023622
21
0.7176716929133858
0
LINE
8
BLACK
6
CONTINUOUS
10
0.444061811023622
20
0.7176716929133858
11
0.4440618503937008
21
0.7176716929133858
0
LINE
8
BLACK
6
CONTINUOUS
10
0.4440618503937008
20
0.7176716929133858
11
0.4391046850393701
21
0.7272385433070866
0
LINE
8
BLACK
6
CONTINUOUS
10
0.4391046850393701
20
0.7272385433070866
11
0.4391045275590551
21
0.727238779527559
0
LINE
8
BLACK
6
CONTINUOUS
10
0.4391045275590551
20
0.727238779527559
11
0.4328912992125984
21
0.7360409448818898
0
LINE
8
BLACK
6
CONTINUOUS
10
0.4328912992125984
20
0.7360409448818898
11
0.4255367716535433
21
0.7439156692913386
0
LINE
8
BLACK
6
CONTINUOUS
10
0.4255367716535433
20
0.7439156692913386
11
0.4171787795275591
21
0.7507153937007874
0
LINE
8
BLACK
6
CONTINUOUS
10
0.4171787795275591
20
0.7507153937007874
11
0.4079727952755905
21
0.7563136614173228
0
LINE
8
BLACK
6
CONTINUOUS
10
0.4079727952755905
20
0.7563136614173228
11
0.3980902755905512
21
0.760606220472441
0
LINE
8
BLACK
6
CONTINUOUS
10
0.3980902755905512
20
0.760606220472441
11
0.3877153543307086
21
0.7635131496062992
0
LINE
8
BLACK
6
CONTINUOUS
10
0.3877153543307086
20
0.7635131496062992
11
0.3877151968503937
21
0.763513188976378
0
LINE
8
BLACK
6
CONTINUOUS
10
0.3877151968503937
20
0.763513188976378
11
0.3877151574803149
21
0.763513188976378
0
LINE
8
BLACK
6
CONTINUOUS
10
0.3877151574803149
20
0.763513188976378
11
0.3823779921259842
21
0.7642467716535433
0
LINE
8
BLACK
6
CONTINUOUS
10
0.3823779921259842
20
0.7642467716535433
11
0.377040905511811
21
0.7649803149606299
0
LINE
8
BLACK
6
CONTINUOUS
10
0.377040905511811
20
0.7649803149606299
11
0.3770408661417323
21
0.7649803149606299
0
LINE
8
BLACK
6
CONTINUOUS
10
0.3770408661417323
20
0.7649803149606299
11
0.374247716535433
21
0.7649803149606299
0
LINE
8
BLACK
6
CONTINUOUS
10
0.374247716535433
20
0.7649803149606299
11
-0.373783779527559
21
0.7649803149606299
0
LINE
8
BLACK
6
CONTINUOUS
10
-0.373783779527559
20
0.7649803149606299
11
-0.3763779527559055
21
0.7649803149606299
0
LINE
8
BLACK
6
CONTINUOUS
10
-0.3763779527559055
20
0.7649803149606299
11
-0.3817652755905512
21
0.7649803149606299
0
LINE
8
BLACK
6
CONTINUOUS
10
-0.3817652755905512
20
0.7649803149606299
11
-0.3817653149606299
21
0.7649803149606299
0
LINE
8
BLACK
6
CONTINUOUS
10
-0.3817653149606299
20
0.7649803149606299
11
-0.3924395669291338
21
0.763513188976378
0
LINE
8
BLACK
6
CONTINUOUS
10
0.1765942519685039
20
-0.3398699606299213
11
0.1787653937007874
21
-0.3464220078740157
0
LINE
8
BLACK
6
CONTINUOUS
10
0.1787653937007874
20
-0.3464220078740157
11
0.1787654724409449
21
-0.3464222047244094
0
LINE
8
BLACK
6
CONTINUOUS
10
0.1787654724409449
20
-0.3464222047244094
11
0.1823891338582677
21
-0.3522970472440945
0
LINE
8
BLACK
6
CONTINUOUS
10
0.1823891338582677
20
-0.3522970472440945
11
0.187269842519685
21
-0.3571777559055118
0
LINE
8
BLACK
6
CONTINUOUS
10
0.187269842519685
20
-0.3571777559055118
11
0.1931446850393701
21
-0.3608014173228347
0
LINE
8
BLACK
6
CONTINUOUS
10
0.1931446850393701
20
-0.3608014173228347
11
0.1931448818897638
21
-0.3608014960629921
0
LINE
8
BLACK
6
CONTINUOUS
10
0.1931448818897638
20
-0.3608014960629921
11
0.1996969291338583
21
-0.3629726377952756
0
LINE
8
BLACK
6
CONTINUOUS
10
0.1996969291338583
20
-0.3629726377952756
11
0.1996972047244094
21
-0.3629726771653543
0
LINE
8
BLACK
6
CONTINUOUS
10
0.1996972047244094
20
-0.3629726771653543
11
0.203740905511811
21
-0.3633857874015748
0
LINE
8
BLACK
6
CONTINUOUS
10
0.203740905511811
20
-0.3633857874015748
11
0.206200748031496
21
-0.363385748031496
0
LINE
8
BLACK
6
CONTINUOUS
10
0.206200748031496
20
-0.363385748031496
11
0.2062007874015748
21
-0.363385748031496
0
LINE
8
BLACK
6
CONTINUOUS
10
0.2062007874015748
20
-0.363385748031496
11
0.2062007874015748
21
-0.3437007874015748
0
LINE
8
BLACK
6
CONTINUOUS
10
0.2062007874015748
20
-0.3437007874015748
11
0.2057086614173228
21
-0.3437007874015748
0
LINE
8
BLACK
6
CONTINUOUS
10
0.2057086614173228
20
-0.3437007874015748
11
0.2019420866141732
21
-0.3429515748031496
0
LINE
8
BLACK
6
CONTINUOUS
10
0.2019420866141732
20
-0.3429515748031496
11
0.198748937007874
21
-0.3408179921259842
0
LINE
8
BLACK
6
CONTINUOUS
10
0.198748937007874
20
-0.3408179921259842
11
0.1966153543307086
21
-0.3376248425196851
0
LINE
8
BLACK
6
CONTINUOUS
10
0.1966153543307086
20
-0.3376248425196851
11
0.1958661417322834
21
-0.3338582677165354
0
LINE
8
BLACK
6
CONTINUOUS
10
0.1958661417322834
20
-0.3338582677165354
11
0.1958661417322834
21
-0.3259842519685039
0
LINE
8
BLACK
6
CONTINUOUS
10
0.1958661417322834
20
-0.3259842519685039
11
0.1761811417322835
21
-0.3259842519685039
0
LINE
8
BLACK
6
CONTINUOUS
10
0.1761811417322835
20
-0.3259842519685039
11
0.1761811417322835
21
-0.3358262204724409
0
LINE
8
BLACK
6
CONTINUOUS
10
0.1761811417322835
20
-0.3358262204724409
11
0.1765942519685039
21
-0.3398699606299213
0
LINE
8
BLACK
6
CONTINUOUS
10
0.1761811023622047
20
-0.3062992125984252
11
0.1958661417322834
21
-0.3062992125984252
0
LINE
8
BLACK
6
CONTINUOUS
10
0.1958661417322834
20
-0.3062992125984252
11
0.1958661417322834
21
-0.2984251968503937
0
LINE
8
BLACK
6
CONTINUOUS
10
0.1958661417322834
20
-0.2984251968503937
11
0.1966153543307086
21
-0.2946586220472441
0
LINE
8
BLACK
6
CONTINUOUS
10
0.1966153543307086
20
-0.2946586220472441
11
0.198748937007874
21
-0.2914654724409449
0
LINE
8
BLACK
6
CONTINUOUS
10
0.198748937007874
20
-0.2914654724409449
11
0.2019420866141732
21
-0.2893318897637795
0
LINE
8
BLACK
6
CONTINUOUS
10
0.2019420866141732
20
-0.2893318897637795
11
0.2057086614173228
21
-0.2885826771653544
0
LINE
8
BLACK
6
CONTINUOUS
10
0.2057086614173228
20
-0.2885826771653544
11
0.2062007874015748
21
-0.2885826771653544
0
LINE
8
BLACK
6
CONTINUOUS
10
0.2062007874015748
20
-0.2885826771653544
11
0.2062007874015748
21
-0.2688976377952756
0
LINE
8
BLACK
6
CONTINUOUS
10
0.2062007874015748
20
-0.2688976377952756
11
0.206200748031496
21
-0.2688975984251968
0
LINE
8
BLACK
6
CONTINUOUS
10
0.206200748031496
20
-0.2688975984251968
11
0.2037412598425197
21
-0.2688976377952756
0
LINE
8
BLACK
6
CONTINUOUS
10
0.2037412598425197
20
-0.2688976377952756
11
0.2037405905511811
21
-0.2688976771653543
0
LINE
8
BLACK
6
CONTINUOUS
10
0.2037405905511811
20
-0.2688976771653543
11
0.1996969291338583
21
-0.2693107874015748
0
LINE
8
BLACK
6
CONTINUOUS
10
0.1996969291338583
20
-0.2693107874015748
11
0.1931448818897638
21
-0.2714819291338583
0
LINE
8
BLACK
6
CONTINUOUS
10
0.1931448818897638
20
-0.2714819291338583
11
0.1931446850393701
21
-0.2714820078740157
0
LINE
8
BLACK
6
CONTINUOUS
10
0.1931446850393701
20
-0.2714820078740157
11
0.187269842519685
21
-0.2751056692913386
0
LINE
8
BLACK
6
CONTINUOUS
10
0.187269842519685
20
-0.2751056692913386
11
0.1823891338582677
21
-0.2799863779527559
0
LINE
8
BLACK
6
CONTINUOUS
10
0.1823891338582677
20
-0.2799863779527559
11
0.1787654724409449
21
-0.2858612204724409
0
LINE
8
BLACK
6
CONTINUOUS
10
0.1787654724409449
20
-0.2858612204724409
11
0.1787653937007874
21
-0.2858614173228347
0
LINE
8
BLACK
6
CONTINUOUS
10
0.1787653937007874
20
-0.2858614173228347
11
0.1765942519685039
21
-0.2924134645669291
0
LINE
8
BLACK
6
CONTINUOUS
10
0.1765942519685039
20
-0.2924134645669291
11
0.1765942125984252
21
-0.2924137401574803
0
LINE
8
BLACK
6
CONTINUOUS
10
0.1765942125984252
20
-0.2924137401574803
11
0.1761811023622047
21
-0.2964572047244095
0
LINE
8
BLACK
6
CONTINUOUS
10
0.1761811023622047
20
-0.2964572047244095
11
0.1761811023622047
21
-0.3062992125984252
0
LINE
8
BLACK
6
CONTINUOUS
10
0.0762005511811024
20
0.1884764960629921
11
0.0783716929133858
21
0.1819244488188976
0
LINE
8
BLACK
6
CONTINUOUS
10
0.0783716929133858
20
0.1819244488188976
11
0.0783717716535433
21
0.1819242519685039
0
LINE
8
BLACK
6
CONTINUOUS
10
0.0783717716535433
20
0.1819242519685039
11
0.0819954330708661
21
0.1760494094488189
0
LINE
8
BLACK
6
CONTINUOUS
10
0.0819954330708661
20
0.1760494094488189
11
0.0868761417322835
21
0.1711687007874016
0
LINE
8
BLACK
6
CONTINUOUS
10
0.0868761417322835
20
0.1711687007874016
11
0.0927509842519685
21
0.1675450393700787
0
LINE
8
BLACK
6
CONTINUOUS
10
0.0927509842519685
20
0.1675450393700787
11
0.0927511811023622
21
0.1675449606299212
0
LINE
8
BLACK
6
CONTINUOUS
10
0.0927511811023622
20
0.1675449606299212
11
0.0993032283464567
21
0.1653738188976378
0
LINE
8
BLACK
6
CONTINUOUS
10
0.0993032283464567
20
0.1653738188976378
11
0.0993035039370079
21
0.1653737795275591
0
LINE
8
BLACK
6
CONTINUOUS
10
0.0993035039370079
20
0.1653737795275591
11
0.1033472047244094
21
0.1649606692913386
0
LINE
8
BLACK
6
CONTINUOUS
10
0.1033472047244094
20
0.1649606692913386
11
0.1141731889763779
21
0.1649606692913386
0
LINE
8
BLACK
6
CONTINUOUS
10
0.1141731889763779
20
0.1649606692913386
11
0.1141732283464567
21
0.1649607086614173
0
LINE
8
BLACK
6
CONTINUOUS
10
0.1141732283464567
20
0.1649607086614173
11
0.1141732283464567
21
0.1846456692913386
0
LINE
8
BLACK
6
CONTINUOUS
10
0.1141732283464567
20
0.1846456692913386
11
0.1053149606299213
21
0.1846456692913386
0
LINE
8
BLACK
6
CONTINUOUS
10
0.1053149606299213
20
0.1846456692913386
11
0.1015483858267717
21
0.1853948818897638
0
LINE
8
BLACK
6
CONTINUOUS
10
0.1015483858267717
20
0.1853948818897638
11
0.0983552362204724
21
0.1875284645669291
0
LINE
8
BLACK
6
CONTINUOUS
10
0.0983552362204724
20
0.1875284645669291
11
0.0962216535433071
21
0.1907216141732283
0
LINE
8
BLACK
6
CONTINUOUS
10
0.0962216535433071
20
0.1907216141732283
11
0.0954724409448819
21
0.194488188976378
0
LINE
8
BLACK
6
CONTINUOUS
10
0.0954724409448819
20
0.194488188976378
11
0.0757874409448819
21
0.194488188976378
0
LINE
8
BLACK
6
CONTINUOUS
10
0.0757874409448819
20
0.194488188976378
11
0.0757874409448819
21
0.1925202362204724
0
LINE
8
BLACK
6
CONTINUOUS
10
0.0757874409448819
20
0.1925202362204724
11
0.0762005511811024
21
0.1884764960629921
0
LINE
8
BLACK
6
CONTINUOUS
10
-0.4288818503937008
20
0.3810089763779527
11
-0.4288817716535433
21
0.3810087007874016
0
LINE
8
BLACK
6
CONTINUOUS
10
-0.4288817716535433
20
0.3810087007874016
11
-0.4269037401574803
21
0.3757052755905512
0
LINE
8
BLACK
6
CONTINUOUS
10
-0.4269037401574803
20
0.3757052755905512
11
-0.4269035826771653
21
0.375705
0
LINE
8
BLACK
6
CONTINUOUS
10
-0.4269035826771653
20
0.375705
11
-0.4235114566929134
21
0.3711737401574803
0
LINE
8
BLACK
6
CONTINUOUS
10
-0.4235114566929134
20
0.3711737401574803
11
-0.4235113385826771
21
0.3711736220472441
0
LINE
8
BLACK
6
CONTINUOUS
10
-0.4235113385826771
20
0.3711736220472441
11
-0.4189800787401575
21
0.3677814960629921
0
LINE
8
BLACK
6
CONTINUOUS
10
-0.4189800787401575
20
0.3677814960629921
11
-0.4189798031496063
21
0.3677813385826771
0
LINE
8
BLACK
6
CONTINUOUS
10
-0.4189798031496063
20
0.3677813385826771
11
-0.4136763779527559
21
0.3658033070866142
0
LINE
8
BLACK
6
CONTINUOUS
10
-0.4136763779527559
20
0.3658033070866142
11
-0.4136761023622047
21
0.3658032283464567
0
LINE
8
BLACK
6
CONTINUOUS
10
-0.4136761023622047
20
0.3658032283464567
11
-0.4113324803149606
21
0.3655512204724409
0
LINE
8
BLACK
6
CONTINUOUS
10
-0.4113324803149606
20
0.3655512204724409
11
-0.411331811023622
21
0.3655511811023622
0
LINE
8
BLACK
6
CONTINUOUS
10
-0.411331811023622
20
0.3655511811023622
11
-0.4094488188976378
21
0.3655511811023622
0
LINE
8
BLACK
6
CONTINUOUS
10
-0.4094488188976378
20
0.3655511811023622
11
-0.4094488188976378
21
0.4167322834645669
0
LINE
8
BLACK
6
CONTINUOUS
10
-0.4094488188976378
20
0.4167322834645669
11
-0.4291338582677166
21
0.4167322834645669
0
LINE
8
BLACK
6
CONTINUOUS
10
-0.4291338582677166
20
0.4167322834645669
11
-0.4291338582677166
21
0.3833525984251969
0
LINE
8
BLACK
6
CONTINUOUS
10
-0.4291338582677166
20
0.3833525984251969
11
-0.4288818503937008
21
0.3810089763779527
0
LINE
8
BLACK
6
CONTINUOUS
10
-0.6184844881889764
20
0.4485158661417323
11
-0.6163133464566929
21
0.4419638188976378
0
LINE
8
BLACK
6
CONTINUOUS
10
-0.6163133464566929
20
0.4419638188976378
11
-0.6163132677165354
21
0.4419636220472441
0
LINE
8
BLACK
6
CONTINUOUS
10
-0.6163132677165354
20
0.4419636220472441
11
-0.6126896062992125
21
0.436088779527559
0
LINE
8
BLACK
6
CONTINUOUS
10
-0.6126896062992125
20
0.436088779527559
11
-0.6078088976377952
21
0.4312080708661417
0
LINE
8
BLACK
6
CONTINUOUS
10
-0.6078088976377952
20
0.4312080708661417
11
-0.6019340551181103
21
0.4275844094488189
0
LINE
8
BLACK
6
CONTINUOUS
10
-0.6019340551181103
20
0.4275844094488189
11
-0.6019338582677165
21
0.4275843307086614
0
LINE
8
BLACK
6
CONTINUOUS
10
-0.6019338582677165
20
0.4275843307086614
11
-0.5953818110236221
21
0.4254131889763779
0
LINE
8
BLACK
6
CONTINUOUS
10
-0.5953818110236221
20
0.4254131889763779
11
-0.5953815354330708
21
0.4254131496062992
0
LINE
8
BLACK
6
CONTINUOUS
10
-0.5953815354330708
20
0.4254131496062992
11
-0.5913378346456692
21
0.4250000393700787
0
LINE
8
BLACK
6
CONTINUOUS
10
-0.5913378346456692
20
0.4250000393700787
11
-0.5893701181102362
21
0.4250000787401575
0
LINE
8
BLACK
6
CONTINUOUS
10
-0.5893701181102362
20
0.4250000787401575
11
-0.5893700787401575
21
0.4250000787401575
0
LINE
8
BLACK
6
CONTINUOUS
10
-0.5893700787401575
20
0.4250000787401575
11
-0.5893700787401575
21
0.4446850393700787
0
LINE
8
BLACK
6
CONTINUOUS
10
-0.5893700787401575
20
0.4446850393700787
11
-0.593136653543307
21
0.4454342519685039
0
LINE
8
BLACK
6
CONTINUOUS
10
-0.593136653543307
20
0.4454342519685039
11
-0.5963298031496063
21
0.4475678346456693
0
LINE
8
BLACK
6
CONTINUOUS
10
-0.5963298031496063
20
0.4475678346456693
11
-0.5984633858267716
21
0.4507609842519685
0
LINE
8
BLACK
6
CONTINUOUS
10
-0.5984633858267716
20
0.4507609842519685
11
-0.5992125984251968
21
0.4545275590551181
0
LINE
8
BLACK
6
CONTINUOUS
10
-0.5992125984251968
20
0.4545275590551181
11
-0.5992125984251968
21
0.4633858267716535
0
LINE
8
BLACK
6
CONTINUOUS
10
-0.5992125984251968
20
0.4633858267716535
11
-0.6188975984251969
21
0.4633858267716535
0
LINE
8
BLACK
6
CONTINUOUS
10
-0.6188975984251969
20
0.4633858267716535
11
-0.6188975984251969
21
0.4525596062992126
0
LINE
8
BLACK
6
CONTINUOUS
10
-0.6188975984251969
20
0.4525596062992126
11
-0.6184844881889764
21
0.4485158661417323
0
LINE
8
BLACK
6
CONTINUOUS
10
-0.4291338582677166
20
0.4324803149606299
11
-0.4094488188976378
21
0.4324803149606299
0
LINE
8
BLACK
6
CONTINUOUS
10
-0.4094488188976378
20
0.4324803149606299
11
-0.4094488188976378
21
0.4836614173228346
0
LINE
8
BLACK
6
CONTINUOUS
10
-0.4094488188976378
20
0.4836614173228346
11
-0.4113324803149606
21
0.4836614173228346
0
LINE
8
BLACK
6
CONTINUOUS
10
-0.4113324803149606
20
0.4836614173228346
11
-0.4136761023622047
21
0.4834094094488189
0
LINE
8
BLACK
6
CONTINUOUS
10
-0.4136761023622047
20
0.4834094094488189
11
-0.4136763779527559
21
0.4834093307086614
0
LINE
8
BLACK
6
CONTINUOUS
10
-0.4136763779527559
20
0.4834093307086614
11
-0.4189798031496063
21
0.4814312992125984
0
LINE
8
BLACK
6
CONTINUOUS
10
-0.4189798031496063
20
0.4814312992125984
11
-0.4189800787401575
21
0.4814311417322835
0
LINE
8
BLACK
6
CONTINUOUS
10
-0.4189800787401575
20
0.4814311417322835
11
-0.4235113385826771
21
0.4780390157480315
0
LINE
8
BLACK
6
CONTINUOUS
10
-0.4235113385826771
20
0.4780390157480315
11
-0.4235114566929134
21
0.4780388976377953
0
LINE
8
BLACK
6
CONTINUOUS
10
-0.4235114566929134
20
0.4780388976377953
11
-0.4269035826771653
21
0.4735076377952756
0
LINE
8
BLACK
6
CONTINUOUS
10
-0.4269035826771653
20
0.4735076377952756
11
-0.4269037401574803
21
0.4735073622047244
0
LINE
8
BLACK
6
CONTINUOUS
10
-0.4269037401574803
20
0.4735073622047244
11
-0.4288817716535433
21
0.468203937007874
0
LINE
8
BLACK
6
CONTINUOUS
10
-0.4288817716535433
20
0.468203937007874
11
-0.4288818503937008
21
0.4682036614173228
0
LINE
8
BLACK
6
CONTINUOUS
10
-0.4288818503937008
20
0.4682036614173228
11
-0.4291338582677166
21
0.4658600393700787
0
LINE
8
BLACK
6
CONTINUOUS
10
-0.4291338582677166
20
0.4658600393700787
11
-0.4291338582677166
21
0.4324803149606299
0
LINE
8
BLACK
6
CONTINUOUS
10
-0.6188781889763779
20
0.5300119291338583
11
-0.6167070472440944
21
0.5234598818897638
0
LINE
8
BLACK
6
CONTINUOUS
10
-0.6167070472440944
20
0.5234598818897638
11
-0.616706968503937
21
0.52345968503937
0
LINE
8
BLACK
6
CONTINUOUS
10
-0.616706968503937
20
0.52345968503937
11
-0.6130833070866142
21
0.5175848425196851
0
LINE
8
BLACK
6
CONTINUOUS
10
-0.6130833070866142
20
0.5175848425196851
11
-0.61273
21
0.5172315354330709
0
LINE
8
BLACK
6
CONTINUOUS
10
-0.61273
20
0.5172315354330709
11
-0.6114116929133858
21
0.5148172440944881
0
LINE
8
BLACK
6
CONTINUOUS
10
-0.6114116929133858
20
0.5148172440944881
11
-0.6116079133858268
21
0.5120734645669291
0
LINE
8
BLACK
6
CONTINUOUS
10
-0.6116079133858268
20
0.5120734645669291
11
-0.6125448031496062
21
0.5106157086614173
0
LINE
8
BLACK
6
CONTINUOUS
10
-0.6125448031496062
20
0.5106157086614173
11
-0.6125133464566929
21
0.5105908267716536
0
LINE
8
BLACK
6
CONTINUOUS
10
-0.6125133464566929
20
0.5105908267716536
11
-0.6126896062992125
21
0.5103679921259843
0
LINE
8
BLACK
6
CONTINUOUS
10
-0.6126896062992125
20
0.5103679921259843
11
-0.6163132677165354
21
0.5044931102362205
0
LINE
8
BLACK
6
CONTINUOUS
10
-0.6163132677165354
20
0.5044931102362205
11
-0.6163133464566929
21
0.5044929133858268
0
LINE
8
BLACK
6
CONTINUOUS
10
-0.6163133464566929
20
0.5044929133858268
11
-0.6184844881889764
21
0.4979408661417323
0
LINE
8
BLACK
6
CONTINUOUS
10
-0.6184844881889764
20
0.4979408661417323
11
-0.6184845275590551
21
0.4979405905511811
0
LINE
8
BLACK
6
CONTINUOUS
10
-0.6184845275590551
20
0.4979405905511811
11
-0.6188976377952756
21
0.493897125984252
0
LINE
8
BLACK
6
CONTINUOUS
10
-0.6188976377952756
20
0.493897125984252
11
-0.6188976377952756
21
0.4830708661417323
0
LINE
8
BLACK
6
CONTINUOUS
10
-0.6188976377952756
20
0.4830708661417323
11
-0.5992125984251968
21
0.4830708661417323
0
LINE
8
BLACK
6
CONTINUOUS
10
-0.5992125984251968
20
0.4830708661417323
11
-0.5992125984251968
21
0.4919291338582677
0
LINE
8
BLACK
6
CONTINUOUS
10
-0.5992125984251968
20
0.4919291338582677
11
-0.5984633858267716
21
0.4956957086614173
0
LINE
8
BLACK
6
CONTINUOUS
10
-0.5984633858267716
20
0.4956957086614173
11
-0.5963298031496063
21
0.4988888582677165
0
LINE
8
BLACK
6
CONTINUOUS
10
-0.5963298031496063
20
0.4988888582677165
11
-0.593136653543307
21
0.5010224409448819
0
LINE
8
BLACK
6
CONTINUOUS
10
-0.593136653543307
20
0.5010224409448819
11
-0.5893700787401575
21
0.5017716535433071
0
LINE
8
BLACK
6
CONTINUOUS
10
-0.5893700787401575
20
0.5017716535433071
11
-0.5893700787401575
21
0.5022394094488188
0
LINE
8
BLACK
6
CONTINUOUS
10
-0.5893700787401575
20
0.5022394094488188
11
-0.5896522047244095
21
0.5027560629921259
0
LINE
8
BLACK
6
CONTINUOUS
10
-0.5896522047244095
20
0.5027560629921259
11
-0.5897637795275591
21
0.503793779527559
0
LINE
8
BLACK
6
CONTINUOUS
10
-0.5897637795275591
20
0.503793779527559
11
-0.5897637795275591
21
0.5261811023622047
0
LINE
8
BLACK
6
CONTINUOUS
10
-0.5897637795275591
20
0.5261811023622047
11
-0.5935303543307087
21
0.5269303149606299
0
LINE
8
BLACK
6
CONTINUOUS
10
-0.5935303543307087
20
0.5269303149606299
11
-0.5967235039370079
21
0.5290638976377953
0
LINE
8
BLACK
6
CONTINUOUS
10
-0.5967235039370079
20
0.5290638976377953
11
-0.5988570866141733
21
0.5322570472440945
0
LINE
8
BLACK
6
CONTINUOUS
10
-0.5988570866141733
20
0.5322570472440945
11
-0.5996062992125984
21
0.5360236220472441
0
LINE
8
BLACK
6
CONTINUOUS
10
-0.5996062992125984
20
0.5360236220472441
11
-0.5996062992125984
21
0.5448818897637795
0
LINE
8
BLACK
6
CONTINUOUS
10
-0.5996062992125984
20
0.5448818897637795
11
-0.6192912992125984
21
0.5448818897637795
0
LINE
8
BLACK
6
CONTINUOUS
10
-0.6192912992125984
20
0.5448818897637795
11
-0.6192912992125984
21
0.5340556692913385
0
LINE
8
BLACK
6
CONTINUOUS
10
-0.6192912992125984
20
0.5340556692913385
11
-0.6188781889763779
21
0.5300119291338583
0
LINE
8
BLACK
6
CONTINUOUS
10
-0.6192913385826772
20
0.5645669291338583
11
-0.5996062992125984
21
0.5645669291338583
0
LINE
8
BLACK
6
CONTINUOUS
10
-0.5996062992125984
20
0.5645669291338583
11
-0.5996062992125984
21
0.5734251968503937
0
LINE
8
BLACK
6
CONTINUOUS
10
-0.5996062992125984
20
0.5734251968503937
11
-0.5988570866141733
21
0.5771917716535433
0
LINE
8
BLACK
6
CONTINUOUS
10
-0.5988570866141733
20
0.5771917716535433
11
-0.5967235039370079
21
0.5803849212598425
0
LINE
8
BLACK
6
CONTINUOUS
10
-0.5967235039370079
20
0.5803849212598425
11
-0.5935303543307087
21
0.5825185039370079
0
LINE
8
BLACK
6
CONTINUOUS
10
-0.5935303543307087
20
0.5825185039370079
11
-0.5897637795275591
21
0.5832677165354331
0
LINE
8
BLACK
6
CONTINUOUS
10
-0.5897637795275591
20
0.5832677165354331
11
-0.5897637795275591
21
0.6029527559055118
0
LINE
8
BLACK
6
CONTINUOUS
10
-0.5897637795275591
20
0.6029527559055118
11
-0.5897638188976377
21
0.6029527952755905
0
LINE
8
BLACK
6
CONTINUOUS
10
-0.5897638188976377
20
0.6029527952755905
11
-0.5917311417322835
21
0.6029527559055118
0
LINE
8
BLACK
6
CONTINUOUS
10
-0.5917311417322835
20
0.6029527559055118
11
-0.5917318503937008
21
0.602952716535433
0
LINE
8
BLACK
6
CONTINUOUS
10
-0.5917318503937008
20
0.602952716535433
11
-0.5957755118110236
21
0.6025396062992125
0
LINE
8
BLACK
6
CONTINUOUS
10
-0.5957755118110236
20
0.6025396062992125
11
-0.6023275590551181
21
0.6003684645669292
0
LINE
8
BLACK
6
CONTINUOUS
10
-0.6023275590551181
20
0.6003684645669292
11
-0.6023277559055118
21
0.6003683858267717
0
LINE
8
BLACK
6
CONTINUOUS
10
-0.6023277559055118
20
0.6003683858267717
11
-0.6082025984251969
21
0.5967447244094488
0
LINE
8
BLACK
6
CONTINUOUS
10
-0.6082025984251969
20
0.5967447244094488
11
-0.6130833070866142
21
0.5918640157480315
0
LINE
8
BLACK
6
CONTINUOUS
10
-0.6130833070866142
20
0.5918640157480315
11
-0.616706968503937
21
0.5859891732283464
0
LINE
8
BLACK
6
CONTINUOUS
10
-0.616706968503937
20
0.5859891732283464
11
-0.6167070472440944
21
0.5859889763779528
0
LINE
8
BLACK
6
CONTINUOUS
10
-0.6167070472440944
20
0.5859889763779528
11
-0.6188781889763779
21
0.5794369291338582
0
LINE
8
BLACK
6
CONTINUOUS
10
-0.6188781889763779
20
0.5794369291338582
11
-0.6188782283464567
21
0.5794366535433071
0
LINE
8
BLACK
6
CONTINUOUS
10
-0.6188782283464567
20
0.5794366535433071
11
-0.6192913385826772
21
0.5753931889763779
0
LINE
8
BLACK
6
CONTINUOUS
10
-0.6192913385826772
20
0.5753931889763779
11
-0.6192913385826772
21
0.5645669291338583
0
LINE
8
BLACK
6
CONTINUOUS
10
-0.1181102362204724
20
0.430511811023622
11
-0.1062992125984252
21
0.430511811023622
0
LINE
8
BLACK
6
CONTINUOUS
10
-0.1062992125984252
20
0.430511811023622
11
-0.1062992125984252
21
0.4639763779527559
0
LINE
8
BLACK
6
CONTINUOUS
10
-0.1062992125984252
20
0.4639763779527559
11
-0.0905511811023622
21
0.4639763779527559
0
LINE
8
BLACK
6
CONTINUOUS
10
-0.0905511811023622
20
0.4639763779527559
11
-0.0905511811023622
21
0.3852362204724409
0
LINE
8
BLACK
6
CONTINUOUS
10
-0.0905511811023622
20
0.3852362204724409
11
-0.1062992125984252
21
0.3852362204724409
0
LINE
8
BLACK
6
CONTINUOUS
10
-0.1062992125984252
20
0.3852362204724409
11
-0.1062992125984252
21
0.4187007874015748
0
LINE
8
BLACK
6
CONTINUOUS
10
-0.1062992125984252
20
0.4187007874015748
11
-0.1181102362204724
21
0.4187007874015748
0
LINE
8
BLACK
6
CONTINUOUS
10
-0.1181102362204724
20
0.4187007874015748
11
-0.1181102362204724
21
0.3852362204724409
0
LINE
8
BLACK
6
CONTINUOUS
10
-0.1181102362204724
20
0.3852362204724409
11
-0.1200787401574803
21
0.3852362204724409
0
LINE
8
BLACK
6
CONTINUOUS
10
-0.1200787401574803
20
0.3852362204724409
11
-0.1200787401574803
21
0.265748031496063
0
LINE
8
BLACK
6
CONTINUOUS
10
-0.1200787401574803
20
0.265748031496063
11
-0.0856299212598425
21
0.265748031496063
0
LINE
8
BLACK
6
CONTINUOUS
10
-0.0856299212598425
20
0.265748031496063
11
-0.0856299212598425
21
0.2775590551181102
0
LINE
8
BLACK
6
CONTINUOUS
10
-0.0856299212598425
20
0.2775590551181102
11
-0.0848807086614173
21
0.2813256299212598
0
LINE
8
BLACK
6
CONTINUOUS
10
-0.0848807086614173
20
0.2813256299212598
11
-0.082747125984252
21
0.2845187795275591
0
LINE
8
BLACK
6
CONTINUOUS
10
-0.082747125984252
20
0.2845187795275591
11
-0.0795539763779528
21
0.2866523622047244
0
LINE
8
BLACK
6
CONTINUOUS
10
-0.0795539763779528
20
0.2866523622047244
11
-0.0757874015748032
21
0.2874015748031496
0
LINE
8
BLACK
6
CONTINUOUS
10
-0.0757874015748032
20
0.2874015748031496
11
-0.0551181102362205
21
0.2874015748031496
0
LINE
8
BLACK
6
CONTINUOUS
10
-0.0551181102362205
20
0.2874015748031496
11
-0.0513515354330709
21
0.2866523622047244
0
LINE
8
BLACK
6
CONTINUOUS
10
-0.0513515354330709
20
0.2866523622047244
11
-0.0481583858267716
21
0.2845187795275591
0
LINE
8
BLACK
6
CONTINUOUS
10
-0.0481583858267716
20
0.2845187795275591
11
-0.0460248031496063
21
0.2813256299212598
0
LINE
8
BLACK
6
CONTINUOUS
10
-0.0460248031496063
20
0.2813256299212598
11
-0.0452755905511811
21
0.2775590551181102
0
LINE
8
BLACK
6
CONTINUOUS
10
-0.0452755905511811
20
0.2775590551181102
11
-0.0452755905511811
21
0.2421259842519685
0
LINE
8
BLACK
6
CONTINUOUS
10
-0.0452755905511811
20
0.2421259842519685
11
-0.0460248031496063
21
0.2383594094488189
0
LINE
8
BLACK
6
CONTINUOUS
10
-0.0460248031496063
20
0.2383594094488189
11
-0.0481583858267716
21
0.2351662598425197
0
LINE
8
BLACK
6
CONTINUOUS
10
-0.0481583858267716
20
0.2351662598425197
11
-0.0513515354330709
21
0.2330326771653543
0
LINE
8
BLACK
6
CONTINUOUS
10
-0.0513515354330709
20
0.2330326771653543
11
-0.0551181102362205
21
0.2322834645669291
0
LINE
8
BLACK
6
CONTINUOUS
10
-0.0551181102362205
20
0.2322834645669291
11
-0.0757874015748032
21
0.2322834645669291
0
LINE
8
BLACK
6
CONTINUOUS
10
-0.0757874015748032
20
0.2322834645669291
11
-0.0795539763779528
21
0.2330326771653543
0
LINE
8
BLACK
6
CONTINUOUS
10
-0.0795539763779528
20
0.2330326771653543
11
-0.082747125984252
21
0.2351662598425197
0
LINE
8
BLACK
6
CONTINUOUS
10
-0.082747125984252
20
0.2351662598425197
11
-0.0848807086614173
21
0.2383594094488189
0
LINE
8
BLACK
6
CONTINUOUS
10
-0.0848807086614173
20
0.2383594094488189
11
-0.0856299212598425
21
0.2421259842519685
0
LINE
8
BLACK
6
CONTINUOUS
10
-0.0856299212598425
20
0.2421259842519685
11
-0.0856299212598425
21
0.2539370078740157
0
LINE
8
BLACK
6
CONTINUOUS
10
-0.0856299212598425
20
0.2539370078740157
11
-0.1200787401574803
21
0.2539370078740157
0
LINE
8
BLACK
6
CONTINUOUS
10
-0.1200787401574803
20
0.2539370078740157
11
-0.1200787401574803
21
-0.0574803149606299
0
LINE
8
BLACK
6
CONTINUOUS
10
-0.1200787401574803
20
-0.0574803149606299
11
-0.1201922047244094
21
-0.0586324015748032
0
LINE
8
BLACK
6
CONTINUOUS
10
-0.1201922047244094
20
-0.0586324015748032
11
-0.1210739763779528
21
-0.0607612204724409
0
LINE
8
BLACK
6
CONTINUOUS
10
-0.1210739763779528
20
-0.0607612204724409
11
-0.1218084251968504
21
-0.0616561417322835
0
LINE
8
BLACK
6
CONTINUOUS
10
-0.1218084251968504
20
-0.0616561417322835
11
-0.2622047244094488
21
-0.2020524409448819
0
LINE
8
BLACK
6
CONTINUOUS
10
-0.2622047244094488
20
-0.2020524409448819
11
-0.2622047244094488
21
-0.3754981889763779
0
LINE
8
BLACK
6
CONTINUOUS
10
-0.2622047244094488
20
-0.3754981889763779
11
-0.2577691338582677
21
-0.3764410236220472
0
LINE
8
BLACK
6
CONTINUOUS
10
-0.2577691338582677
20
-0.3764410236220472
11
-0.2513779527559055
21
-0.3792865354330708
0
LINE
8
BLACK
6
CONTINUOUS
10
-0.2513779527559055
20
-0.3792865354330708
11
-0.2457180708661417
21
-0.3833987007874016
0
LINE
8
BLACK
6
CONTINUOUS
10
-0.2457180708661417
20
-0.3833987007874016
11
-0.2410368503937008
21
-0.3885977559055118
0
LINE
8
BLACK
6
CONTINUOUS
10
-0.2410368503937008
20
-0.3885977559055118
11
-0.2375388188976378
21
-0.3946564566929134
0
LINE
8
BLACK
6
CONTINUOUS
10
-0.2375388188976378
20
-0.3946564566929134
11
-0.235376968503937
21
-0.4013100393700788
0
LINE
8
BLACK
6
CONTINUOUS
10
-0.235376968503937
20
-0.4013100393700788
11
-0.2346456692913386
21
-0.408267716535433
0
LINE
8
BLACK
6
CONTINUOUS
10
-0.2346456692913386
20
-0.408267716535433
11
-0.235376968503937
21
-0.4152253937007874
0
LINE
8
BLACK
6
CONTINUOUS
10
-0.235376968503937
20
-0.4152253937007874
11
-0.2375388188976378
21
-0.4218789763779527
0
LINE
8
BLACK
6
CONTINUOUS
10
-0.2375388188976378
20
-0.4218789763779527
11
-0.2410368503937008
21
-0.4279376771653543
0
LINE
8
BLACK
6
CONTINUOUS
10
-0.2410368503937008
20
-0.4279376771653543
11
-0.2457180708661417
21
-0.4331367322834646
0
LINE
8
BLACK
6
CONTINUOUS
10
-0.2457180708661417
20
-0.4331367322834646
11
-0.2513779527559055
21
-0.4372488976377953
0
LINE
8
BLACK
6
CONTINUOUS
10
-0.2513779527559055
20
-0.4372488976377953
11
-0.2577691338582677
21
-0.4400944094488189
0
LINE
8
BLACK
6
CONTINUOUS
10
-0.2577691338582677
20
-0.4400944094488189
11
-0.262007874015748
21
-0.4409953543307086
0
LINE
8
BLACK
6
CONTINUOUS
10
-0.262007874015748
20
-0.4409953543307086
11
-0.262007874015748
21
-0.4755400393700787
0
LINE
8
BLACK
6
CONTINUOUS
10
-0.262007874015748
20
-0.4755400393700787
11
-0.2577691338582677
21
-0.4764410236220472
0
LINE
8
BLACK
6
CONTINUOUS
10
-0.2577691338582677
20
-0.4764410236220472
11
-0.2513779527559055
21
-0.4792865354330709
0
LINE
8
BLACK
6
CONTINUOUS
10
-0.2513779527559055
20
-0.4792865354330709
11
-0.2457180708661417
21
-0.4833987007874015
0
LINE
8
BLACK
6
CONTINUOUS
10
-0.2457180708661417
20
-0.4833987007874015
11
-0.2410368503937008
21
-0.4885977559055118
0
LINE
8
BLACK
6
CONTINUOUS
10
-0.2410368503937008
20
-0.4885977559055118
11
-0.2375388188976378
21
-0.4946564566929134
0
LINE
8
BLACK
6
CONTINUOUS
10
-0.2375388188976378
20
-0.4946564566929134
11
-0.235376968503937
21
-0.5013100393700787
0
LINE
8
BLACK
6
CONTINUOUS
10
-0.235376968503937
20
-0.5013100393700787
11
-0.2346456692913386
21
-0.508267716535433
0
LINE
8
BLACK
6
CONTINUOUS
10
-0.2346456692913386
20
-0.508267716535433
11
-0.235376968503937
21
-0.5152253937007873
0
LINE
8
BLACK
6
CONTINUOUS
10
-0.235376968503937
20
-0.5152253937007873
11
-0.2375388188976378
21
-0.5218789763779528
0
LINE
8
BLACK
6
CONTINUOUS
10
-0.2375388188976378
20
-0.5218789763779528
11
-0.2410368503937008
21
-0.5279376771653543
0
LINE
8
BLACK
6
CONTINUOUS
10
-0.2410368503937008
20
-0.5279376771653543
11
-0.2457180708661417
21
-0.5331367322834646
0
LINE
8
BLACK
6
CONTINUOUS
10
-0.2457180708661417
20
-0.5331367322834646
11
-0.2513779527559055
21
-0.5372488976377953
0
LINE
8
BLACK
6
CONTINUOUS
10
-0.2513779527559055
20
-0.5372488976377953
11
-0.2577691338582677
21
-0.5400944094488189
0
LINE
8
BLACK
6
CONTINUOUS
10
-0.2577691338582677
20
-0.5400944094488189
11
-0.2646122440944882
21
-0.5415489763779527
0
LINE
8
BLACK
6
CONTINUOUS
10
-0.2646122440944882
20
-0.5415489763779527
11
-0.2716082283464567
21
-0.5415489763779527
0
LINE
8
BLACK
6
CONTINUOUS
10
-0.2716082283464567
20
-0.5415489763779527
11
-0.2784513385826772
21
-0.5400944094488189
0
LINE
8
BLACK
6
CONTINUOUS
10
-0.2784513385826772
20
-0.5400944094488189
11
-0.2848425196850394
21
-0.5372488976377953
0
LINE
8
BLACK
6
CONTINUOUS
10
-0.2848425196850394
20
-0.5372488976377953
11
-0.2905024015748032
21
-0.5331367322834646
0
LINE
8
BLACK
6
CONTINUOUS
10
-0.2905024015748032
20
-0.5331367322834646
11
-0.2951836220472441
21
-0.5279376771653543
0
LINE
8
BLACK
6
CONTINUOUS
10
-0.2951836220472441
20
-0.5279376771653543
11
-0.2986816535433071
21
-0.5218789763779528
0
LINE
8
BLACK
6
CONTINUOUS
10
-0.2986816535433071
20
-0.5218789763779528
11
-0.3008435039370079
21
-0.5152253937007873
0
LINE
8
BLACK
6
CONTINUOUS
10
-0.3008435039370079
20
-0.5152253937007873
11
-0.3015748031496063
21
-0.508267716535433
0
LINE
8
BLACK
6
CONTINUOUS
10
-0.3015748031496063
20
-0.508267716535433
11
-0.3008435039370079
21
-0.5013100393700787
0
LINE
8
BLACK
6
CONTINUOUS
10
-0.3008435039370079
20
-0.5013100393700787
11
-0.2986816535433071
21
-0.4946564566929134
0
LINE
8
BLACK
6
CONTINUOUS
10
-0.2986816535433071
20
-0.4946564566929134
11
-0.2951836220472441
21
-0.4885977559055118
0
LINE
8
BLACK
6
CONTINUOUS
10
-0.2951836220472441
20
-0.4885977559055118
11
-0.2905024015748032
21
-0.4833987007874015
0
LINE
8
BLACK
6
CONTINUOUS
10
-0.2905024015748032
20
-0.4833987007874015
11
-0.2848425196850394
21
-0.4792865354330709
0
LINE
8
BLACK
6
CONTINUOUS
10
-0.2848425196850394
20
-0.4792865354330709
11
-0.2784513385826772
21
-0.4764410236220472
0
LINE
8
BLACK
6
CONTINUOUS
10
-0.2784513385826772
20
-0.4764410236220472
11
-0.277755905511811
21
-0.476293188976378
0
LINE
8
BLACK
6
CONTINUOUS
10
-0.277755905511811
20
-0.476293188976378
11
-0.277755905511811
21
-0.4402422047244094
0
LINE
8
BLACK
6
CONTINUOUS
10
-0.277755905511811
20
-0.4402422047244094
11
-0.2784513385826772
21
-0.4400944094488189
0
LINE
8
BLACK
6
CONTINUOUS
10
-0.2784513385826772
20
-0.4400944094488189
11
-0.2848425196850394
21
-0.4372488976377953
0
LINE
8
BLACK
6
CONTINUOUS
10
-0.2848425196850394
20
-0.4372488976377953
11
-0.2905024015748032
21
-0.4331367322834646
0
LINE
8
BLACK
6
CONTINUOUS
10
-0.2905024015748032
20
-0.4331367322834646
11
-0.2951836220472441
21
-0.4279376771653543
0
LINE
8
BLACK
6
CONTINUOUS
10
-0.2951836220472441
20
-0.4279376771653543
11
-0.2986816535433071
21
-0.4218789763779527
0
LINE
8
BLACK
6
CONTINUOUS
10
-0.2986816535433071
20
-0.4218789763779527
11
-0.3008435039370079
21
-0.4152253937007874
0
LINE
8
BLACK
6
CONTINUOUS
10
-0.3008435039370079
20
-0.4152253937007874
11
-0.3015748031496063
21
-0.408267716535433
0
LINE
8
BLACK
6
CONTINUOUS
10
-0.3015748031496063
20
-0.408267716535433
11
-0.3008435039370079
21
-0.4013100393700788
0
LINE
8
BLACK
6
CONTINUOUS
10
-0.3008435039370079
20
-0.4013100393700788
11
-0.2986816535433071
21
-0.3946564566929134
0
LINE
8
BLACK
6
CONTINUOUS
10
-0.2986816535433071
20
-0.3946564566929134
11
-0.2951836220472441
21
-0.3885977559055118
0
LINE
8
BLACK
6
CONTINUOUS
10
-0.2951836220472441
20
-0.3885977559055118
11
-0.2905024015748032
21
-0.3833987007874016
0
LINE
8
BLACK
6
CONTINUOUS
10
-0.2905024015748032
20
-0.3833987007874016
11
-0.2848425196850394
21
-0.3792865354330708
0
LINE
8
BLACK
6
CONTINUOUS
10
-0.2848425196850394
20
-0.3792865354330708
11
-0.2784513385826772
21
-0.3764410236220472
0
LINE
8
BLACK
6
CONTINUOUS
10
-0.2784513385826772
20
-0.3764410236220472
11
-0.274015748031496
21
-0.3754981889763779
0
LINE
8
BLACK
6
CONTINUOUS
10
-0.274015748031496
20
-0.3754981889763779
11
-0.274015748031496
21
-0.1996062992125984
0
LINE
8
BLACK
6
CONTINUOUS
10
-0.274015748031496
20
-0.1996062992125984
11
-0.2739022834645669
21
-0.1984541732283465
0
LINE
8
BLACK
6
CONTINUOUS
10
-0.2739022834645669
20
-0.1984541732283465
11
-0.2733346456692913
21
-0.197083779527559
0
LINE
8
BLACK
6
CONTINUOUS
10
-0.2733346456692913
20
-0.197083779527559
11
-0.2730205118110236
21
-0.1963253937007874
0
LINE
8
BLACK
6
CONTINUOUS
10
-0.2730205118110236
20
-0.1963253937007874
11
-0.272286062992126
21
-0.1954304724409449
0
LINE
8
BLACK
6
CONTINUOUS
10
-0.272286062992126
20
-0.1954304724409449
11
-0.1318897637795275
21
-0.0550341732283465
0
LINE
8
BLACK
6
CONTINUOUS
10
-0.1318897637795275
20
-0.0550341732283465
11
-0.1318897637795275
21
0.2598425196850394
0
LINE
8
BLACK
6
CONTINUOUS
10
-0.1318897637795275
20
0.2598425196850394
11
-0.1318897637795275
21
0.3852362204724409
0
LINE
8
BLACK
6
CONTINUOUS
10
-0.1318897637795275
20
0.3852362204724409
11
-0.1338582677165354
21
0.3852362204724409
0
LINE
8
BLACK
6
CONTINUOUS
10
-0.1338582677165354
20
0.3852362204724409
11
-0.1338582677165354
21
0.4639763779527559
0
LINE
8
BLACK
6
CONTINUOUS
10
-0.1338582677165354
20
0.4639763779527559
11
-0.1181102362204724
21
0.4639763779527559
0
LINE
8
BLACK
6
CONTINUOUS
10
-0.1181102362204724
20
0.4639763779527559
11
-0.1181102362204724
21
0.430511811023622
0
LINE
8
BLACK
6
CONTINUOUS
10
-0.0701507480314961
20
-0.265709842519685
11
-0.0669575984251968
21
-0.2678434251968504
0
LINE
8
BLACK
6
CONTINUOUS
10
-0.0669575984251968
20
-0.2678434251968504
11
-0.0648240157480315
21
-0.2710365748031496
0
LINE
8
BLACK
6
CONTINUOUS
10
-0.0648240157480315
20
-0.2710365748031496
11
-0.0640748031496063
21
-0.2748031496062992
0
LINE
8
BLACK
6
CONTINUOUS
10
-0.0640748031496063
20
-0.2748031496062992
11
-0.0640748031496063
21
-0.2984251968503937
0
LINE
8
BLACK
6
CONTINUOUS
10
-0.0640748031496063
20
-0.2984251968503937
11
-0.0648240157480315
21
-0.3021917716535433
0
LINE
8
BLACK
6
CONTINUOUS
10
-0.0648240157480315
20
-0.3021917716535433
11
-0.0669575984251968
21
-0.3053849212598425
0
LINE
8
BLACK
6
CONTINUOUS
10
-0.0669575984251968
20
-0.3053849212598425
11
-0.0701507480314961
21
-0.3075185039370079
0
LINE
8
BLACK
6
CONTINUOUS
10
-0.0701507480314961
20
-0.3075185039370079
11
-0.0739173228346457
21
-0.3082677165354331
0
LINE
8
BLACK
6
CONTINUOUS
10
-0.0739173228346457
20
-0.3082677165354331
11
-0.0962463779527559
21
-0.3082677165354331
0
LINE
8
BLACK
6
CONTINUOUS
10
-0.0962463779527559
20
-0.3082677165354331
11
-0.1602362204724409
21
-0.3722575590551181
0
LINE
8
BLACK
6
CONTINUOUS
10
-0.1602362204724409
20
-0.3722575590551181
11
-0.1602362204724409
21
-0.3759166141732284
0
LINE
8
BLACK
6
CONTINUOUS
10
-0.1602362204724409
20
-0.3759166141732284
11
-0.1577691338582677
21
-0.3764410236220472
0
LINE
8
BLACK
6
CONTINUOUS
10
-0.1577691338582677
20
-0.3764410236220472
11
-0.1513779527559055
21
-0.3792865354330708
0
LINE
8
BLACK
6
CONTINUOUS
10
-0.1513779527559055
20
-0.3792865354330708
11
-0.1457180708661417
21
-0.3833987007874016
0
LINE
8
BLACK
6
CONTINUOUS
10
-0.1457180708661417
20
-0.3833987007874016
11
-0.1410368503937008
21
-0.3885977559055118
0
LINE
8
BLACK
6
CONTINUOUS
10
-0.1410368503937008
20
-0.3885977559055118
11
-0.1375388188976378
21
-0.3946564566929134
0
LINE
8
BLACK
6
CONTINUOUS
10
-0.1375388188976378
20
-0.3946564566929134
11
-0.135376968503937
21
-0.4013100393700788
0
LINE
8
BLACK
6
CONTINUOUS
10
-0.135376968503937
20
-0.4013100393700788
11
-0.1346456692913386
21
-0.408267716535433
0
LINE
8
BLACK
6
CONTINUOUS
10
-0.1346456692913386
20
-0.408267716535433
11
-0.135376968503937
21
-0.4152253937007874
0
LINE
8
BLACK
6
CONTINUOUS
10
-0.135376968503937
20
-0.4152253937007874
11
-0.1375388188976378
21
-0.4218789763779527
0
LINE
8
BLACK
6
CONTINUOUS
10
-0.1375388188976378
20
-0.4218789763779527
11
-0.1410368503937008
21
-0.4279376771653543
0
LINE
8
BLACK
6
CONTINUOUS
10
-0.1410368503937008
20
-0.4279376771653543
11
-0.1457180708661417
21
-0.4331367322834646
0
LINE
8
BLACK
6
CONTINUOUS
10
-0.1457180708661417
20
-0.4331367322834646
11
-0.1513779527559055
21
-0.4372488976377953
0
LINE
8
BLACK
6
CONTINUOUS
10
-0.1513779527559055
20
-0.4372488976377953
11
-0.1577691338582677
21
-0.4400944094488189
0
LINE
8
BLACK
6
CONTINUOUS
10
-0.1577691338582677
20
-0.4400944094488189
11
-0.1602362204724409
21
-0.4406187795275591
0
LINE
8
BLACK
6
CONTINUOUS
10
-0.1602362204724409
20
-0.4406187795275591
11
-0.1602362204724409
21
-0.4759166141732283
0
LINE
8
BLACK
6
CONTINUOUS
10
-0.1602362204724409
20
-0.4759166141732283
11
-0.1577691338582677
21
-0.4764410236220472
0
LINE
8
BLACK
6
CONTINUOUS
10
-0.1577691338582677
20
-0.4764410236220472
11
-0.1513779527559055
21
-0.4792865354330709
0
LINE
8
BLACK
6
CONTINUOUS
10
-0.1513779527559055
20
-0.4792865354330709
11
-0.1457180708661417
21
-0.4833987007874015
0
LINE
8
BLACK
6
CONTINUOUS
10
-0.1457180708661417
20
-0.4833987007874015
11
-0.1410368503937008
21
-0.4885977559055118
0
LINE
8
BLACK
6
CONTINUOUS
10
-0.1410368503937008
20
-0.4885977559055118
11
-0.1375388188976378
21
-0.4946564566929134
0
LINE
8
BLACK
6
CONTINUOUS
10
-0.1375388188976378
20
-0.4946564566929134
11
-0.135376968503937
21
-0.5013100393700787
0
LINE
8
BLACK
6
CONTINUOUS
10
-0.135376968503937
20
-0.5013100393700787
11
-0.1346456692913386
21
-0.508267716535433
0
LINE
8
BLACK
6
CONTINUOUS
10
-0.1346456692913386
20
-0.508267716535433
11
-0.135376968503937
21
-0.5152253937007873
0
LINE
8
BLACK
6
CONTINUOUS
10
-0.135376968503937
20
-0.5152253937007873
11
-0.1375388188976378
21
-0.5218789763779528
0
LINE
8
BLACK
6
CONTINUOUS
10
-0.1375388188976378
20
-0.5218789763779528
11
-0.1410368503937008
21
-0.5279376771653543
0
LINE
8
BLACK
6
CONTINUOUS
10
-0.1410368503937008
20
-0.5279376771653543
11
-0.1457180708661417
21
-0.5331367322834646
0
LINE
8
BLACK
6
CONTINUOUS
10
-0.1457180708661417
20
-0.5331367322834646
11
-0.1513779527559055
21
-0.5372488976377953
0
LINE
8
BLACK
6
CONTINUOUS
10
-0.1513779527559055
20
-0.5372488976377953
11
-0.1577691338582677
21
-0.5400944094488189
0
LINE
8
BLACK
6
CONTINUOUS
10
-0.1577691338582677
20
-0.5400944094488189
11
-0.1646122440944882
21
-0.5415489763779527
0
LINE
8
BLACK
6
CONTINUOUS
10
-0.1646122440944882
20
-0.5415489763779527
11
-0.1716082283464567
21
-0.5415489763779527
0
LINE
8
BLACK
6
CONTINUOUS
10
-0.1716082283464567
20
-0.5415489763779527
11
-0.1784513385826772
21
-0.5400944094488189
0
LINE
8
BLACK
6
CONTINUOUS
10
-0.1784513385826772
20
-0.5400944094488189
11
-0.1848425196850394
21
-0.5372488976377953
0
LINE
8
BLACK
6
CONTINUOUS
10
-0.1848425196850394
20
-0.5372488976377953
11
-0.1905024015748031
21
-0.5331367322834646
0
LINE
8
BLACK
6
CONTINUOUS
10
-0.1905024015748031
20
-0.5331367322834646
11
-0.1951836220472441
21
-0.5279376771653543
0
LINE
8
BLACK
6
CONTINUOUS
10
-0.1951836220472441
20
-0.5279376771653543
11
-0.1986816535433071
21
-0.5218789763779528
0
LINE
8
BLACK
6
CONTINUOUS
10
-0.1986816535433071
20
-0.5218789763779528
11
-0.2008435039370079
21
-0.5152253937007873
0
LINE
8
BLACK
6
CONTINUOUS
10
-0.2008435039370079
20
-0.5152253937007873
11
-0.2015748031496063
21
-0.508267716535433
0
LINE
8
BLACK
6
CONTINUOUS
10
-0.2015748031496063
20
-0.508267716535433
11
-0.2008435039370079
21
-0.5013100393700787
0
LINE
8
BLACK
6
CONTINUOUS
10
-0.2008435039370079
20
-0.5013100393700787
11
-0.1986816535433071
21
-0.4946564566929134
0
LINE
8
BLACK
6
CONTINUOUS
10
-0.1986816535433071
20
-0.4946564566929134
11
-0.1951836220472441
21
-0.4885977559055118
0
LINE
8
BLACK
6
CONTINUOUS
10
-0.1951836220472441
20
-0.4885977559055118
11
-0.1905024015748031
21
-0.4833987007874015
0
LINE
8
BLACK
6
CONTINUOUS
10
-0.1905024015748031
20
-0.4833987007874015
11
-0.1848425196850394
21
-0.4792865354330709
0
LINE
8
BLACK
6
CONTINUOUS
10
-0.1848425196850394
20
-0.4792865354330709
11
-0.1784513385826772
21
-0.4764410236220472
0
LINE
8
BLACK
6
CONTINUOUS
10
-0.1784513385826772
20
-0.4764410236220472
11
-0.177755905511811
21
-0.476293188976378
0
LINE
8
BLACK
6
CONTINUOUS
10
-0.177755905511811
20
-0.476293188976378
11
-0.177755905511811
21
-0.4402422047244094
0
LINE
8
BLACK
6
CONTINUOUS
10
-0.177755905511811
20
-0.4402422047244094
11
-0.1784513385826772
21
-0.4400944094488189
0
LINE
8
BLACK
6
CONTINUOUS
10
-0.1784513385826772
20
-0.4400944094488189
11
-0.1848425196850394
21
-0.4372488976377953
0
LINE
8
BLACK
6
CONTINUOUS
10
-0.1848425196850394
20
-0.4372488976377953
11
-0.1905024015748031
21
-0.4331367322834646
0
LINE
8
BLACK
6
CONTINUOUS
10
-0.1905024015748031
20
-0.4331367322834646
11
-0.1951836220472441
21
-0.4279376771653543
0
LINE
8
BLACK
6
CONTINUOUS
10
-0.1951836220472441
20
-0.4279376771653543
11
-0.1986816535433071
21
-0.4218789763779527
0
LINE
8
BLACK
6
CONTINUOUS
10
-0.1986816535433071
20
-0.4218789763779527
11
-0.2008435039370079
21
-0.4152253937007874
0
LINE
8
BLACK
6
CONTINUOUS
10
-0.2008435039370079
20
-0.4152253937007874
11
-0.2015748031496063
21
-0.408267716535433
0
LINE
8
BLACK
6
CONTINUOUS
10
-0.2015748031496063
20
-0.408267716535433
11
-0.2008435039370079
21
-0.4013100393700788
0
LINE
8
BLACK
6
CONTINUOUS
10
-0.2008435039370079
20
-0.4013100393700788
11
-0.1986816535433071
21
-0.3946564566929134
0
LINE
8
BLACK
6
CONTINUOUS
10
-0.1986816535433071
20
-0.3946564566929134
11
-0.1951836220472441
21
-0.3885977559055118
0
LINE
8
BLACK
6
CONTINUOUS
10
-0.1951836220472441
20
-0.3885977559055118
11
-0.1905024015748031
21
-0.3833987007874016
0
LINE
8
BLACK
6
CONTINUOUS
10
-0.1905024015748031
20
-0.3833987007874016
11
-0.1848425196850394
21
-0.3792865354330708
0
LINE
8
BLACK
6
CONTINUOUS
10
-0.1848425196850394
20
-0.3792865354330708
11
-0.1784513385826772
21
-0.3764410236220472
0
LINE
8
BLACK
6
CONTINUOUS
10
-0.1784513385826772
20
-0.3764410236220472
11
-0.1759842519685039
21
-0.3759166141732284
0
LINE
8
BLACK
6
CONTINUOUS
10
-0.1759842519685039
20
-0.3759166141732284
11
-0.1759842519685039
21
-0.368996062992126
0
LINE
8
BLACK
6
CONTINUOUS
10
-0.1759842519685039
20
-0.368996062992126
11
-0.1758329527559055
21
-0.3674599212598425
0
LINE
8
BLACK
6
CONTINUOUS
10
-0.1758329527559055
20
-0.3674599212598425
11
-0.1746572440944882
21
-0.3646214960629921
0
LINE
8
BLACK
6
CONTINUOUS
10
-0.1746572440944882
20
-0.3646214960629921
11
-0.1736779921259843
21
-0.3634283070866142
0
LINE
8
BLACK
6
CONTINUOUS
10
-0.1736779921259843
20
-0.3634283070866142
11
-0.1073818897637795
21
-0.2971322047244094
0
LINE
8
BLACK
6
CONTINUOUS
10
-0.1073818897637795
20
-0.2971322047244094
11
-0.1073818897637795
21
-0.2748031496062992
0
LINE
8
BLACK
6
CONTINUOUS
10
-0.1073818897637795
20
-0.2748031496062992
11
-0.1066326771653543
21
-0.2710365748031496
0
LINE
8
BLACK
6
CONTINUOUS
10
-0.1066326771653543
20
-0.2710365748031496
11
-0.104499094488189
21
-0.2678434251968504
0
LINE
8
BLACK
6
CONTINUOUS
10
-0.104499094488189
20
-0.2678434251968504
11
-0.1013059448818898
21
-0.265709842519685
0
LINE
8
BLACK
6
CONTINUOUS
10
-0.1013059448818898
20
-0.265709842519685
11
-0.0975393700787402
21
-0.2649606299212598
0
LINE
8
BLACK
6
CONTINUOUS
10
-0.0975393700787402
20
-0.2649606299212598
11
-0.0739173228346457
21
-0.2649606299212598
0
LINE
8
BLACK
6
CONTINUOUS
10
-0.0739173228346457
20
-0.2649606299212598
11
-0.0701507480314961
21
-0.265709842519685
0
LINE
8
BLACK
6
CONTINUOUS
10
-0.062992125984252
20
0.3852362204724409
11
-0.0649606299212598
21
0.3852362204724409
0
LINE
8
BLACK
6
CONTINUOUS
10
-0.0649606299212598
20
0.3852362204724409
11
-0.0649606299212598
21
0.3294325984251968
0
LINE
8
BLACK
6
CONTINUOUS
10
-0.0649606299212598
20
0.3294325984251968
11
-0.0265328346456693
21
0.2910048031496063
0
LINE
8
BLACK
6
CONTINUOUS
10
-0.0265328346456693
20
0.2910048031496063
11
-0.0257983858267717
21
0.2901098818897638
0
LINE
8
BLACK
6
CONTINUOUS
10
-0.0257983858267717
20
0.2901098818897638
11
-0.0253492519685039
21
0.2890255905511811
0
LINE
8
BLACK
6
CONTINUOUS
10
-0.0253492519685039
20
0.2890255905511811
11
-0.0249166141732283
21
0.2879811023622047
0
LINE
8
BLACK
6
CONTINUOUS
10
-0.0249166141732283
20
0.2879811023622047
11
-0.0248031496062992
21
0.2868289763779527
0
LINE
8
BLACK
6
CONTINUOUS
10
-0.0248031496062992
20
0.2868289763779527
11
-0.0248031496062992
21
0.178740157480315
0
LINE
8
BLACK
6
CONTINUOUS
10
-0.0248031496062992
20
0.178740157480315
11
-0.0248031496062992
21
-0.3708661417322834
0
LINE
8
BLACK
6
CONTINUOUS
10
-0.0248031496062992
20
-0.3708661417322834
11
-0.0249166141732283
21
-0.3720182283464567
0
LINE
8
BLACK
6
CONTINUOUS
10
-0.0249166141732283
20
-0.3720182283464567
11
-0.0257983858267717
21
-0.3741470472440945
0
LINE
8
BLACK
6
CONTINUOUS
10
-0.0257983858267717
20
-0.3741470472440945
11
-0.0265328346456693
21
-0.375041968503937
0
LINE
8
BLACK
6
CONTINUOUS
10
-0.0265328346456693
20
-0.375041968503937
11
-0.0406898031496063
21
-0.3891988976377952
0
LINE
8
BLACK
6
CONTINUOUS
10
-0.0406898031496063
20
-0.3891988976377952
11
-0.0375388188976378
21
-0.3946564566929134
0
LINE
8
BLACK
6
CONTINUOUS
10
-0.0375388188976378
20
-0.3946564566929134
11
-0.035376968503937
21
-0.4013100393700788
0
LINE
8
BLACK
6
CONTINUOUS
10
-0.035376968503937
20
-0.4013100393700788
11
-0.0346456692913386
21
-0.408267716535433
0
LINE
8
BLACK
6
CONTINUOUS
10
-0.0346456692913386
20
-0.408267716535433
11
-0.035376968503937
21
-0.4152253937007874
0
LINE
8
BLACK
6
CONTINUOUS
10
-0.035376968503937
20
-0.4152253937007874
11
-0.0375388188976378
21
-0.4218789763779527
0
LINE
8
BLACK
6
CONTINUOUS
10
-0.0375388188976378
20
-0.4218789763779527
11
-0.0410368503937008
21
-0.4279376771653543
0
LINE
8
BLACK
6
CONTINUOUS
10
-0.0410368503937008
20
-0.4279376771653543
11
-0.0457180708661417
21
-0.4331367322834646
0
LINE
8
BLACK
6
CONTINUOUS
10
-0.0457180708661417
20
-0.4331367322834646
11
-0.0513779527559055
21
-0.4372488976377953
0
LINE
8
BLACK
6
CONTINUOUS
10
-0.0513779527559055
20
-0.4372488976377953
11
-0.0577691338582677
21
-0.4400944094488189
0
LINE
8
BLACK
6
CONTINUOUS
10
-0.0577691338582677
20
-0.4400944094488189
11
-0.062007874015748
21
-0.4409953543307086
0
LINE
8
BLACK
6
CONTINUOUS
10
-0.062007874015748
20
-0.4409953543307086
11
-0.062007874015748
21
-0.4755400393700787
0
LINE
8
BLACK
6
CONTINUOUS
10
-0.062007874015748
20
-0.4755400393700787
11
-0.0577691338582677
21
-0.4764410236220472
0
LINE
8
BLACK
6
CONTINUOUS
10
-0.0577691338582677
20
-0.4764410236220472
11
-0.0513779527559055
21
-0.4792865354330709
0
LINE
8
BLACK
6
CONTINUOUS
10
-0.0513779527559055
20
-0.4792865354330709
11
-0.0457180708661417
21
-0.4833987007874015
0
LINE
8
BLACK
6
CONTINUOUS
10
-0.0457180708661417
20
-0.4833987007874015
11
-0.0410368503937008
21
-0.4885977559055118
0
LINE
8
BLACK
6
CONTINUOUS
10
-0.0410368503937008
20
-0.4885977559055118
11
-0.0375388188976378
21
-0.4946564566929134
0
LINE
8
BLACK
6
CONTINUOUS
10
-0.0375388188976378
20
-0.4946564566929134
11
-0.035376968503937
21
-0.5013100393700787
0
LINE
8
BLACK
6
CONTINUOUS
10
-0.035376968503937
20
-0.5013100393700787
11
-0.0346456692913386
21
-0.508267716535433
0
LINE
8
BLACK
6
CONTINUOUS
10
-0.0346456692913386
20
-0.508267716535433
11
-0.035376968503937
21
-0.5152253937007873
0
LINE
8
BLACK
6
CONTINUOUS
10
-0.035376968503937
20
-0.5152253937007873
11
-0.0375388188976378
21
-0.5218789763779528
0
LINE
8
BLACK
6
CONTINUOUS
10
-0.0375388188976378
20
-0.5218789763779528
11
-0.0410368503937008
21
-0.5279376771653543
0
LINE
8
BLACK
6
CONTINUOUS
10
-0.0410368503937008
20
-0.5279376771653543
11
-0.0457180708661417
21
-0.5331367322834646
0
LINE
8
BLACK
6
CONTINUOUS
10
-0.0457180708661417
20
-0.5331367322834646
11
-0.0513779527559055
21
-0.5372488976377953
0
LINE
8
BLACK
6
CONTINUOUS
10
-0.0513779527559055
20
-0.5372488976377953
11
-0.0577691338582677
21
-0.5400944094488189
0
LINE
8
BLACK
6
CONTINUOUS
10
-0.0577691338582677
20
-0.5400944094488189
11
-0.0646122440944882
21
-0.5415489763779527
0
LINE
8
BLACK
6
CONTINUOUS
10
-0.0646122440944882
20
-0.5415489763779527
11
-0.0716082283464567
21
-0.5415489763779527
0
LINE
8
BLACK
6
CONTINUOUS
10
-0.0716082283464567
20
-0.5415489763779527
11
-0.0784513385826772
21
-0.5400944094488189
0
LINE
8
BLACK
6
CONTINUOUS
10
-0.0784513385826772
20
-0.5400944094488189
11
-0.0848425196850394
21
-0.5372488976377953
0
LINE
8
BLACK
6
CONTINUOUS
10
-0.0848425196850394
20
-0.5372488976377953
11
-0.0905024015748031
21
-0.5331367322834646
0
LINE
8
BLACK
6
CONTINUOUS
10
-0.0905024015748031
20
-0.5331367322834646
11
-0.0951836220472441
21
-0.5279376771653543
0
LINE
8
BLACK
6
CONTINUOUS
10
-0.0951836220472441
20
-0.5279376771653543
11
-0.0986816535433071
21
-0.5218789763779528
0
LINE
8
BLACK
6
CONTINUOUS
10
-0.0986816535433071
20
-0.5218789763779528
11
-0.1008435039370079
21
-0.5152253937007873
0
LINE
8
BLACK
6
CONTINUOUS
10
-0.1008435039370079
20
-0.5152253937007873
11
-0.1015748031496063
21
-0.508267716535433
0
LINE
8
BLACK
6
CONTINUOUS
10
-0.1015748031496063
20
-0.508267716535433
11
-0.1008435039370079
21
-0.5013100393700787
0
LINE
8
BLACK
6
CONTINUOUS
10
-0.1008435039370079
20
-0.5013100393700787
11
-0.0986816535433071
21
-0.4946564566929134
0
LINE
8
BLACK
6
CONTINUOUS
10
-0.0986816535433071
20
-0.4946564566929134
11
-0.0951836220472441
21
-0.4885977559055118
0
LINE
8
BLACK
6
CONTINUOUS
10
-0.0951836220472441
20
-0.4885977559055118
11
-0.0905024015748031
21
-0.4833987007874015
0
LINE
8
BLACK
6
CONTINUOUS
10
-0.0905024015748031
20
-0.4833987007874015
11
-0.0848425196850394
21
-0.4792865354330709
0
LINE
8
BLACK
6
CONTINUOUS
10
-0.0848425196850394
20
-0.4792865354330709
11
-0.0784513385826772
21
-0.4764410236220472
0
LINE
8
BLACK
6
CONTINUOUS
10
-0.0784513385826772
20
-0.4764410236220472
11
-0.077755905511811
21
-0.476293188976378
0
LINE
8
BLACK
6
CONTINUOUS
10
-0.077755905511811
20
-0.476293188976378
11
-0.077755905511811
21
-0.4402422047244094
0
LINE
8
BLACK
6
CONTINUOUS
10
-0.077755905511811
20
-0.4402422047244094
11
-0.0784513385826772
21
-0.4400944094488189
0
LINE
8
BLACK
6
CONTINUOUS
10
-0.0784513385826772
20
-0.4400944094488189
11
-0.0848425196850394
21
-0.4372488976377953
0
LINE
8
BLACK
6
CONTINUOUS
10
-0.0848425196850394
20
-0.4372488976377953
11
-0.0905024015748031
21
-0.4331367322834646
0
LINE
8
BLACK
6
CONTINUOUS
10
-0.0905024015748031
20
-0.4331367322834646
11
-0.0951836220472441
21
-0.4279376771653543
0
LINE
8
BLACK
6
CONTINUOUS
10
-0.0951836220472441
20
-0.4279376771653543
11
-0.0986816535433071
21
-0.4218789763779527
0
LINE
8
BLACK
6
CONTINUOUS
10
-0.0986816535433071
20
-0.4218789763779527
11
-0.1008435039370079
21
-0.4152253937007874
0
LINE
8
BLACK
6
CONTINUOUS
10
-0.1008435039370079
20
-0.4152253937007874
11
-0.1015748031496063
21
-0.408267716535433
0
LINE
8
BLACK
6
CONTINUOUS
10
-0.1015748031496063
20
-0.408267716535433
11
-0.1008435039370079
21
-0.4013100393700788
0
LINE
8
BLACK
6
CONTINUOUS
10
-0.1008435039370079
20
-0.4013100393700788
11
-0.0986816535433071
21
-0.3946564566929134
0
LINE
8
BLACK
6
CONTINUOUS
10
-0.0986816535433071
20
-0.3946564566929134
11
-0.0951836220472441
21
-0.3885977559055118
0
LINE
8
BLACK
6
CONTINUOUS
10
-0.0951836220472441
20
-0.3885977559055118
11
-0.0905024015748031
21
-0.3833987007874016
0
LINE
8
BLACK
6
CONTINUOUS
10
-0.0905024015748031
20
-0.3833987007874016
11
-0.0848425196850394
21
-0.3792865354330708
0
LINE
8
BLACK
6
CONTINUOUS
10
-0.0848425196850394
20
-0.3792865354330708
11
-0.0784513385826772
21
-0.3764410236220472
0
LINE
8
BLACK
6
CONTINUOUS
10
-0.0784513385826772
20
-0.3764410236220472
11
-0.0716082283464567
21
-0.3749864566929134
0
LINE
8
BLACK
6
CONTINUOUS
10
-0.0716082283464567
20
-0.3749864566929134
11
-0.0646122440944882
21
-0.3749864566929134
0
LINE
8
BLACK
6
CONTINUOUS
10
-0.0646122440944882
20
-0.3749864566929134
11
-0.0577691338582677
21
-0.3764410236220472
0
LINE
8
BLACK
6
CONTINUOUS
10
-0.0577691338582677
20
-0.3764410236220472
11
-0.0513779527559055
21
-0.3792865354330708
0
LINE
8
BLACK
6
CONTINUOUS
10
-0.0513779527559055
20
-0.3792865354330708
11
-0.0491207086614173
21
-0.3809264960629921
0
LINE
8
BLACK
6
CONTINUOUS
10
-0.0491207086614173
20
-0.3809264960629921
11
-0.0366141732283465
21
-0.36842
0
LINE
8
BLACK
6
CONTINUOUS
10
-0.0366141732283465
20
-0.36842
11
-0.0366141732283465
21
0.1728346456692913
0
LINE
8
BLACK
6
CONTINUOUS
10
-0.0366141732283465
20
0.1728346456692913
11
-0.0377952755905512
21
0.1728346456692913
0
LINE
8
BLACK
6
CONTINUOUS
10
-0.0377952755905512
20
0.1728346456692913
11
-0.0389474015748031
21
0.1729481102362205
0
LINE
8
BLACK
6
CONTINUOUS
10
-0.0389474015748031
20
0.1729481102362205
11
-0.039623937007874
21
0.1732283464566929
0
LINE
8
BLACK
6
CONTINUOUS
10
-0.039623937007874
20
0.1732283464566929
11
-0.0456692913385827
21
0.1732283464566929
0
LINE
8
BLACK
6
CONTINUOUS
10
-0.0456692913385827
20
0.1732283464566929
11
-0.0456692913385827
21
0.1614173228346457
0
LINE
8
BLACK
6
CONTINUOUS
10
-0.0456692913385827
20
0.1614173228346457
11
-0.0464185039370079
21
0.1576507480314961
0
LINE
8
BLACK
6
CONTINUOUS
10
-0.0464185039370079
20
0.1576507480314961
11
-0.0485520866141732
21
0.1544575984251969
0
LINE
8
BLACK
6
CONTINUOUS
10
-0.0485520866141732
20
0.1544575984251969
11
-0.0517452362204724
21
0.1523240157480315
0
LINE
8
BLACK
6
CONTINUOUS
10
-0.0517452362204724
20
0.1523240157480315
11
-0.055511811023622
21
0.1515748031496063
0
LINE
8
BLACK
6
CONTINUOUS
10
-0.055511811023622
20
0.1515748031496063
11
-0.0761811023622047
21
0.1515748031496063
0
LINE
8
BLACK
6
CONTINUOUS
10
-0.0761811023622047
20
0.1515748031496063
11
-0.0799476771653543
21
0.1523240157480315
0
LINE
8
BLACK
6
CONTINUOUS
10
-0.0799476771653543
20
0.1523240157480315
11
-0.0831408267716535
21
0.1544575984251969
0
LINE
8
BLACK
6
CONTINUOUS
10
-0.0831408267716535
20
0.1544575984251969
11
-0.0852744094488189
21
0.1576507480314961
0
LINE
8
BLACK
6
CONTINUOUS
10
-0.0852744094488189
20
0.1576507480314961
11
-0.0860236220472441
21
0.1614173228346457
0
LINE
8
BLACK
6
CONTINUOUS
10
-0.0860236220472441
20
0.1614173228346457
11
-0.0860236220472441
21
0.1968503937007874
0
LINE
8
BLACK
6
CONTINUOUS
10
-0.0860236220472441
20
0.1968503937007874
11
-0.0852744094488189
21
0.200616968503937
0
LINE
8
BLACK
6
CONTINUOUS
10
-0.0852744094488189
20
0.200616968503937
11
-0.0831408267716535
21
0.2038101181102362
0
LINE
8
BLACK
6
CONTINUOUS
10
-0.0831408267716535
20
0.2038101181102362
11
-0.0799476771653543
21
0.2059437007874016
0
LINE
8
BLACK
6
CONTINUOUS
10
-0.0799476771653543
20
0.2059437007874016
11
-0.0761811023622047
21
0.2066929133858268
0
LINE
8
BLACK
6
CONTINUOUS
10
-0.0761811023622047
20
0.2066929133858268
11
-0.055511811023622
21
0.2066929133858268
0
LINE
8
BLACK
6
CONTINUOUS
10
-0.055511811023622
20
0.2066929133858268
11
-0.0517452362204724
21
0.2059437007874016
0
LINE
8
BLACK
6
CONTINUOUS
10
-0.0517452362204724
20
0.2059437007874016
11
-0.0485520866141732
21
0.2038101181102362
0
LINE
8
BLACK
6
CONTINUOUS
10
-0.0485520866141732
20
0.2038101181102362
11
-0.0464185039370079
21
0.200616968503937
0
LINE
8
BLACK
6
CONTINUOUS
10
-0.0464185039370079
20
0.200616968503937
11
-0.0456692913385827
21
0.1968503937007874
0
LINE
8
BLACK
6
CONTINUOUS
10
-0.0456692913385827
20
0.1968503937007874
11
-0.0456692913385827
21
0.1850393700787402
0
LINE
8
BLACK
6
CONTINUOUS
10
-0.0456692913385827
20
0.1850393700787402
11
-0.0381889763779528
21
0.1850393700787402
0
LINE
8
BLACK
6
CONTINUOUS
10
-0.0381889763779528
20
0.1850393700787402
11
-0.0370368503937008
21
0.184925905511811
0
LINE
8
BLACK
6
CONTINUOUS
10
-0.0370368503937008
20
0.184925905511811
11
-0.0366141732283465
21
0.1847508267716535
0
LINE
8
BLACK
6
CONTINUOUS
10
-0.0366141732283465
20
0.1847508267716535
11
-0.0366141732283465
21
0.2843828346456693
0
LINE
8
BLACK
6
CONTINUOUS
10
-0.0366141732283465
20
0.2843828346456693
11
-0.075041968503937
21
0.3228106299212599
0
LINE
8
BLACK
6
CONTINUOUS
10
-0.075041968503937
20
0.3228106299212599
11
-0.0757764173228346
21
0.3237055511811023
0
LINE
8
BLACK
6
CONTINUOUS
10
-0.0757764173228346
20
0.3237055511811023
11
-0.0762929527559055
21
0.3249525590551181
0
LINE
8
BLACK
6
CONTINUOUS
10
-0.0762929527559055
20
0.3249525590551181
11
-0.076658188976378
21
0.3258343307086614
0
LINE
8
BLACK
6
CONTINUOUS
10
-0.076658188976378
20
0.3258343307086614
11
-0.0767716535433071
21
0.3269864566929134
0
LINE
8
BLACK
6
CONTINUOUS
10
-0.0767716535433071
20
0.3269864566929134
11
-0.0767716535433071
21
0.3852362204724409
0
LINE
8
BLACK
6
CONTINUOUS
10
-0.0767716535433071
20
0.3852362204724409
11
-0.078740157480315
21
0.3852362204724409
0
LINE
8
BLACK
6
CONTINUOUS
10
-0.078740157480315
20
0.3852362204724409
11
-0.078740157480315
21
0.4639763779527559
0
LINE
8
BLACK
6
CONTINUOUS
10
-0.078740157480315
20
0.4639763779527559
11
-0.062992125984252
21
0.4639763779527559
0
LINE
8
BLACK
6
CONTINUOUS
10
-0.062992125984252
20
0.4639763779527559
11
-0.062992125984252
21
0.3852362204724409
0
LINE
8
BLACK
6
CONTINUOUS
10
0.197152125984252
20
-0.4705355118110236
11
0.2035433070866142
21
-0.4733810236220473
0
LINE
8
BLACK
6
CONTINUOUS
10
0.2035433070866142
20
-0.4733810236220473
11
0.2092031889763779
21
-0.4774931889763779
0
LINE
8
BLACK
6
CONTINUOUS
10
0.2092031889763779
20
-0.4774931889763779
11
0.2138844094488189
21
-0.4826922440944882
0
LINE
8
BLACK
6
CONTINUOUS
10
0.2138844094488189
20
-0.4826922440944882
11
0.2173824409448819
21
-0.4887509448818897
0
LINE
8
BLACK
6
CONTINUOUS
10
0.2173824409448819
20
-0.4887509448818897
11
0.2195442913385827
21
-0.4954045275590551
0
LINE
8
BLACK
6
CONTINUOUS
10
0.2195442913385827
20
-0.4954045275590551
11
0.2202755905511811
21
-0.5023622047244094
0
LINE
8
BLACK
6
CONTINUOUS
10
0.2202755905511811
20
-0.5023622047244094
11
0.2195442913385827
21
-0.5093198818897637
0
LINE
8
BLACK
6
CONTINUOUS
10
0.2195442913385827
20
-0.5093198818897637
11
0.2173824409448819
21
-0.5159734645669292
0
LINE
8
BLACK
6
CONTINUOUS
10
0.2173824409448819
20
-0.5159734645669292
11
0.2138844094488189
21
-0.5220321653543307
0
LINE
8
BLACK
6
CONTINUOUS
10
0.2138844094488189
20
-0.5220321653543307
11
0.2092031889763779
21
-0.527231220472441
0
LINE
8
BLACK
6
CONTINUOUS
10
0.2092031889763779
20
-0.527231220472441
11
0.2035433070866142
21
-0.5313433858267717
0
LINE
8
BLACK
6
CONTINUOUS
10
0.2035433070866142
20
-0.5313433858267717
11
0.197152125984252
21
-0.5341888976377953
0
LINE
8
BLACK
6
CONTINUOUS
10
0.197152125984252
20
-0.5341888976377953
11
0.1903090157480315
21
-0.5356434645669291
0
LINE
8
BLACK
6
CONTINUOUS
10
0.1903090157480315
20
-0.5356434645669291
11
0.183313031496063
21
-0.5356434645669291
0
LINE
8
BLACK
6
CONTINUOUS
10
0.183313031496063
20
-0.5356434645669291
11
0.1764699212598425
21
-0.5341888976377953
0
LINE
8
BLACK
6
CONTINUOUS
10
0.1764699212598425
20
-0.5341888976377953
11
0.1700787401574803
21
-0.5313433858267717
0
LINE
8
BLACK
6
CONTINUOUS
10
0.1700787401574803
20
-0.5313433858267717
11
0.1644188582677165
21
-0.527231220472441
0
LINE
8
BLACK
6
CONTINUOUS
10
0.1644188582677165
20
-0.527231220472441
11
0.1597376377952756
21
-0.5220321653543307
0
LINE
8
BLACK
6
CONTINUOUS
10
0.1597376377952756
20
-0.5220321653543307
11
0.1562396062992126
21
-0.5159734645669292
0
LINE
8
BLACK
6
CONTINUOUS
10
0.1562396062992126
20
-0.5159734645669292
11
0.1540777559055118
21
-0.5093198818897637
0
LINE
8
BLACK
6
CONTINUOUS
10
0.1540777559055118
20
-0.5093198818897637
11
0.1533464566929134
21
-0.5023622047244094
0
LINE
8
BLACK
6
CONTINUOUS
10
0.1533464566929134
20
-0.5023622047244094
11
0.1540777559055118
21
-0.4954045275590551
0
LINE
8
BLACK
6
CONTINUOUS
10
0.1540777559055118
20
-0.4954045275590551
11
0.1562396062992126
21
-0.4887509448818897
0
LINE
8
BLACK
6
CONTINUOUS
10
0.1562396062992126
20
-0.4887509448818897
11
0.1597376377952756
21
-0.4826922440944882
0
LINE
8
BLACK
6
CONTINUOUS
10
0.1597376377952756
20
-0.4826922440944882
11
0.1644188582677165
21
-0.4774931889763779
0
LINE
8
BLACK
6
CONTINUOUS
10
0.1644188582677165
20
-0.4774931889763779
11
0.1700787401574803
21
-0.4733810236220473
0
LINE
8
BLACK
6
CONTINUOUS
10
0.1700787401574803
20
-0.4733810236220473
11
0.1764699212598425
21
-0.4705355118110236
0
LINE
8
BLACK
6
CONTINUOUS
10
0.1764699212598425
20
-0.4705355118110236
11
0.183313031496063
21
-0.4690809448818897
0
LINE
8
BLACK
6
CONTINUOUS
10
0.183313031496063
20
-0.4690809448818897
11
0.1903090157480315
21
-0.4690809448818897
0
LINE
8
BLACK
6
CONTINUOUS
10
0.1903090157480315
20
-0.4690809448818897
11
0.197152125984252
21
-0.4705355118110236
0
LINE
8
BLACK
6
CONTINUOUS
10
0.3124279921259843
20
0.0862586614173228
11
0.3156211417322835
21
0.0841250787401575
0
LINE
8
BLACK
6
CONTINUOUS
10
0.3156211417322835
20
0.0841250787401575
11
0.3177547244094488
21
0.0809319291338583
0
LINE
8
BLACK
6
CONTINUOUS
10
0.3177547244094488
20
0.0809319291338583
11
0.318503937007874
21
0.0771653543307087
0
LINE
8
BLACK
6
CONTINUOUS
10
0.318503937007874
20
0.0771653543307087
11
0.318503937007874
21
0.056496062992126
0
LINE
8
BLACK
6
CONTINUOUS
10
0.318503937007874
20
0.056496062992126
11
0.3177547244094488
21
0.0527294881889764
0
LINE
8
BLACK
6
CONTINUOUS
10
0.3177547244094488
20
0.0527294881889764
11
0.3156211417322835
21
0.0495363385826772
0
LINE
8
BLACK
6
CONTINUOUS
10
0.3156211417322835
20
0.0495363385826772
11
0.3124279921259843
21
0.0474027559055118
0
LINE
8
BLACK
6
CONTINUOUS
10
0.3124279921259843
20
0.0474027559055118
11
0.3086614173228346
21
0.0466535433070866
0
LINE
8
BLACK
6
CONTINUOUS
10
0.3086614173228346
20
0.0466535433070866
11
0.2968503937007874
21
0.0466535433070866
0
LINE
8
BLACK
6
CONTINUOUS
10
0.2968503937007874
20
0.0466535433070866
11
0.2968503937007874
21
-0.2885826771653544
0
LINE
8
BLACK
6
CONTINUOUS
10
0.2968503937007874
20
-0.2885826771653544
11
0.2982283464566929
21
-0.2885826771653544
0
LINE
8
BLACK
6
CONTINUOUS
10
0.2982283464566929
20
-0.2885826771653544
11
0.3019949212598425
21
-0.2893318897637795
0
LINE
8
BLACK
6
CONTINUOUS
10
0.3019949212598425
20
-0.2893318897637795
11
0.3051880708661417
21
-0.2914654724409449
0
LINE
8
BLACK
6
CONTINUOUS
10
0.3051880708661417
20
-0.2914654724409449
11
0.3073216535433071
21
-0.2946586220472441
0
LINE
8
BLACK
6
CONTINUOUS
10
0.3073216535433071
20
-0.2946586220472441
11
0.3080708661417323
21
-0.2984251968503937
0
LINE
8
BLACK
6
CONTINUOUS
10
0.3080708661417323
20
-0.2984251968503937
11
0.3080708661417323
21
-0.3338582677165354
0
LINE
8
BLACK
6
CONTINUOUS
10
0.3080708661417323
20
-0.3338582677165354
11
0.3073216535433071
21
-0.3376248425196851
0
LINE
8
BLACK
6
CONTINUOUS
10
0.3073216535433071
20
-0.3376248425196851
11
0.3051880708661417
21
-0.3408179921259842
0
LINE
8
BLACK
6
CONTINUOUS
10
0.3051880708661417
20
-0.3408179921259842
11
0.3019949212598425
21
-0.3429515748031496
0
LINE
8
BLACK
6
CONTINUOUS
10
0.3019949212598425
20
-0.3429515748031496
11
0.2982283464566929
21
-0.3437007874015748
0
LINE
8
BLACK
6
CONTINUOUS
10
0.2982283464566929
20
-0.3437007874015748
11
0.2968503937007874
21
-0.3437007874015748
0
LINE
8
BLACK
6
CONTINUOUS
10
0.2968503937007874
20
-0.3437007874015748
11
0.2968503937007874
21
-0.4704713385826771
0
LINE
8
BLACK
6
CONTINUOUS
10
0.2968503937007874
20
-0.4704713385826771
11
0.2971521259842519
21
-0.4705355118110236
0
LINE
8
BLACK
6
CONTINUOUS
10
0.2971521259842519
20
-0.4705355118110236
11
0.3035433070866141
21
-0.4733810236220473
0
LINE
8
BLACK
6
CONTINUOUS
10
0.3035433070866141
20
-0.4733810236220473
11
0.3092031889763779
21
-0.4774931889763779
0
LINE
8
BLACK
6
CONTINUOUS
10
0.3092031889763779
20
-0.4774931889763779
11
0.3138844094488189
21
-0.4826922440944882
0
LINE
8
BLACK
6
CONTINUOUS
10
0.3138844094488189
20
-0.4826922440944882
11
0.3173824409448819
21
-0.4887509448818897
0
LINE
8
BLACK
6
CONTINUOUS
10
0.3173824409448819
20
-0.4887509448818897
11
0.3195442913385826
21
-0.4954045275590551
0
LINE
8
BLACK
6
CONTINUOUS
10
0.3195442913385826
20
-0.4954045275590551
11
0.3202755905511811
21
-0.5023622047244094
0
LINE
8
BLACK
6
CONTINUOUS
10
0.3202755905511811
20
-0.5023622047244094
11
0.3195442913385826
21
-0.5093198818897637
0
LINE
8
BLACK
6
CONTINUOUS
10
0.3195442913385826
20
-0.5093198818897637
11
0.3173824409448819
21
-0.5159734645669292
0
LINE
8
BLACK
6
CONTINUOUS
10
0.3173824409448819
20
-0.5159734645669292
11
0.3138844094488189
21
-0.5220321653543307
0
LINE
8
BLACK
6
CONTINUOUS
10
0.3138844094488189
20
-0.5220321653543307
11
0.3092031889763779
21
-0.527231220472441
0
LINE
8
BLACK
6
CONTINUOUS
10
0.3092031889763779
20
-0.527231220472441
11
0.3035433070866141
21
-0.5313433858267717
0
LINE
8
BLACK
6
CONTINUOUS
10
0.3035433070866141
20
-0.5313433858267717
11
0.2971521259842519
21
-0.5341888976377953
0
LINE
8
BLACK
6
CONTINUOUS
10
0.2971521259842519
20
-0.5341888976377953
11
0.2903090157480315
21
-0.5356434645669291
0
LINE
8
BLACK
6
CONTINUOUS
10
0.2903090157480315
20
-0.5356434645669291
11
0.283313031496063
21
-0.5356434645669291
0
LINE
8
BLACK
6
CONTINUOUS
10
0.283313031496063
20
-0.5356434645669291
11
0.2764699212598425
21
-0.5341888976377953
0
LINE
8
BLACK
6
CONTINUOUS
10
0.2764699212598425
20
-0.5341888976377953
11
0.2700787401574803
21
-0.5313433858267717
0
LINE
8
BLACK
6
CONTINUOUS
10
0.2700787401574803
20
-0.5313433858267717
11
0.2644188582677165
21
-0.527231220472441
0
LINE
8
BLACK
6
CONTINUOUS
10
0.2644188582677165
20
-0.527231220472441
11
0.2597376377952756
21
-0.5220321653543307
0
LINE
8
BLACK
6
CONTINUOUS
10
0.2597376377952756
20
-0.5220321653543307
11
0.2562396062992126
21
-0.5159734645669292
0
LINE
8
BLACK
6
CONTINUOUS
10
0.2562396062992126
20
-0.5159734645669292
11
0.2540777559055118
21
-0.5093198818897637
0
LINE
8
BLACK
6
CONTINUOUS
10
0.2540777559055118
20
-0.5093198818897637
11
0.2533464566929134
21
-0.5023622047244094
0
LINE
8
BLACK
6
CONTINUOUS
10
0.2533464566929134
20
-0.5023622047244094
11
0.2540777559055118
21
-0.4954045275590551
0
LINE
8
BLACK
6
CONTINUOUS
10
0.2540777559055118
20
-0.4954045275590551
11
0.2562396062992126
21
-0.4887509448818897
0
LINE
8
BLACK
6
CONTINUOUS
10
0.2562396062992126
20
-0.4887509448818897
11
0.2597376377952756
21
-0.4826922440944882
0
LINE
8
BLACK
6
CONTINUOUS
10
0.2597376377952756
20
-0.4826922440944882
11
0.2644188582677165
21
-0.4774931889763779
0
LINE
8
BLACK
6
CONTINUOUS
10
0.2644188582677165
20
-0.4774931889763779
11
0.2700787401574803
21
-0.4733810236220473
0
LINE
8
BLACK
6
CONTINUOUS
10
0.2700787401574803
20
-0.4733810236220473
11
0.2764699212598425
21
-0.4705355118110236
0
LINE
8
BLACK
6
CONTINUOUS
10
0.2764699212598425
20
-0.4705355118110236
11
0.283313031496063
21
-0.4690809448818897
0
LINE
8
BLACK
6
CONTINUOUS
10
0.283313031496063
20
-0.4690809448818897
11
0.2850393700787401
21
-0.4690809448818897
0
LINE
8
BLACK
6
CONTINUOUS
10
0.2850393700787401
20
-0.4690809448818897
11
0.2850393700787401
21
-0.3437007874015748
0
LINE
8
BLACK
6
CONTINUOUS
10
0.2850393700787401
20
-0.3437007874015748
11
0.2775590551181102
21
-0.3437007874015748
0
LINE
8
BLACK
6
CONTINUOUS
10
0.2775590551181102
20
-0.3437007874015748
11
0.2737924803149606
21
-0.3429515748031496
0
LINE
8
BLACK
6
CONTINUOUS
10
0.2737924803149606
20
-0.3429515748031496
11
0.2705993307086614
21
-0.3408179921259842
0
LINE
8
BLACK
6
CONTINUOUS
10
0.2705993307086614
20
-0.3408179921259842
11
0.268465748031496
21
-0.3376248425196851
0
LINE
8
BLACK
6
CONTINUOUS
10
0.268465748031496
20
-0.3376248425196851
11
0.2677165354330708
21
-0.3338582677165354
0
LINE
8
BLACK
6
CONTINUOUS
10
0.2677165354330708
20
-0.3338582677165354
11
0.2677165354330708
21
-0.2984251968503937
0
LINE
8
BLACK
6
CONTINUOUS
10
0.2677165354330708
20
-0.2984251968503937
11
0.268465748031496
21
-0.2946586220472441
0
LINE
8
BLACK
6
CONTINUOUS
10
0.268465748031496
20
-0.2946586220472441
11
0.2705993307086614
21
-0.2914654724409449
0
LINE
8
BLACK
6
CONTINUOUS
10
0.2705993307086614
20
-0.2914654724409449
11
0.2737924803149606
21
-0.2893318897637795
0
LINE
8
BLACK
6
CONTINUOUS
10
0.2737924803149606
20
-0.2893318897637795
11
0.2775590551181102
21
-0.2885826771653544
0
LINE
8
BLACK
6
CONTINUOUS
10
0.2775590551181102
20
-0.2885826771653544
11
0.2850393700787401
21
-0.2885826771653544
0
LINE
8
BLACK
6
CONTINUOUS
10
0.2850393700787401
20
-0.2885826771653544
11
0.2850393700787401
21
0.0466535433070866
0
LINE
8
BLACK
6
CONTINUOUS
10
0.2850393700787401
20
0.0466535433070866
11
0.2732283464566929
21
0.0466535433070866
0
LINE
8
BLACK
6
CONTINUOUS
10
0.2732283464566929
20
0.0466535433070866
11
0.2694617716535433
21
0.0474027559055118
0
LINE
8
BLACK
6
CONTINUOUS
10
0.2694617716535433
20
0.0474027559055118
11
0.2662686220472441
21
0.0495363385826772
0
LINE
8
BLACK
6
CONTINUOUS
10
0.2662686220472441
20
0.0495363385826772
11
0.2641350393700788
21
0.0527294881889764
0
LINE
8
BLACK
6
CONTINUOUS
10
0.2641350393700788
20
0.0527294881889764
11
0.2633858267716536
21
0.056496062992126
0
LINE
8
BLACK
6
CONTINUOUS
10
0.2633858267716536
20
0.056496062992126
11
0.2633858267716536
21
0.0771653543307087
0
LINE
8
BLACK
6
CONTINUOUS
10
0.2633858267716536
20
0.0771653543307087
11
0.2641350393700788
21
0.0809319291338583
0
LINE
8
BLACK
6
CONTINUOUS
10
0.2641350393700788
20
0.0809319291338583
11
0.2662686220472441
21
0.0841250787401575
0
LINE
8
BLACK
6
CONTINUOUS
10
0.2662686220472441
20
0.0841250787401575
11
0.2694617716535433
21
0.0862586614173228
0
LINE
8
BLACK
6
CONTINUOUS
10
0.2694617716535433
20
0.0862586614173228
11
0.2732283464566929
21
0.087007874015748
0
LINE
8
BLACK
6
CONTINUOUS
10
0.2732283464566929
20
0.087007874015748
11
0.3086614173228346
21
0.087007874015748
0
LINE
8
BLACK
6
CONTINUOUS
10
0.3086614173228346
20
0.087007874015748
11
0.3124279921259843
21
0.0862586614173228
0
LINE
8
BLACK
6
CONTINUOUS
10
-0.0929293307086614
20
0.1370319291338583
11
-0.0909316929133858
21
0.1357997637795275
0
LINE
8
BLACK
6
CONTINUOUS
10
-0.0909316929133858
20
0.1357997637795275
11
-0.0887536614173228
21
0.1344563385826772
0
LINE
8
BLACK
6
CONTINUOUS
10
-0.0887536614173228
20
0.1344563385826772
11
-0.0887535433070866
21
0.1344562992125984
0
LINE
8
BLACK
6
CONTINUOUS
10
-0.0887535433070866
20
0.1344562992125984
11
-0.0887533070866142
21
0.1344561417322835
0
LINE
8
BLACK
6
CONTINUOUS
10
-0.0887533070866142
20
0.1344561417322835
11
-0.0821967322834646
21
0.1322835039370079
0
LINE
8
BLACK
6
CONTINUOUS
10
-0.0821967322834646
20
0.1322835039370079
11
-0.0781499606299213
21
0.1318700787401575
0
LINE
8
BLACK
6
CONTINUOUS
10
-0.0781499606299213
20
0.1318700787401575
11
-0.0612007874015748
21
0.1318701181102362
0
LINE
8
BLACK
6
CONTINUOUS
10
-0.0612007874015748
20
0.1318701181102362
11
-0.0585614566929134
21
0.1310951574803149
0
LINE
8
BLACK
6
CONTINUOUS
10
-0.0585614566929134
20
0.1310951574803149
11
-0.0567600787401575
21
0.1290162598425197
0
LINE
8
BLACK
6
CONTINUOUS
10
-0.0567600787401575
20
0.1290162598425197
11
-0.0563188976377953
21
0.1269882283464567
0
LINE
8
BLACK
6
CONTINUOUS
10
-0.0563188976377953
20
0.1269882283464567
11
-0.0563188976377953
21
-0.2427468503937008
0
LINE
8
BLACK
6
CONTINUOUS
10
-0.0563188976377953
20
-0.2427468503937008
11
-0.0570938976377953
21
-0.2453861811023622
0
LINE
8
BLACK
6
CONTINUOUS
10
-0.0570938976377953
20
-0.2453861811023622
11
-0.0591727952755906
21
-0.2471875590551181
0
LINE
8
BLACK
6
CONTINUOUS
10
-0.0591727952755906
20
-0.2471875590551181
11
-0.0618955511811024
21
-0.2475790551181102
0
LINE
8
BLACK
6
CONTINUOUS
10
-0.0618955511811024
20
-0.2475790551181102
11
-0.0627363779527559
21
-0.2473809448818897
0
LINE
8
BLACK
6
CONTINUOUS
10
-0.0627363779527559
20
-0.2473809448818897
11
-0.0664370078740157
21
-0.2461546850393701
0
LINE
8
BLACK
6
CONTINUOUS
10
-0.0664370078740157
20
-0.2461546850393701
11
-0.0679016929133858
21
-0.2456693307086614
0
LINE
8
BLACK
6
CONTINUOUS
10
-0.0679016929133858
20
-0.2456693307086614
11
-0.0679017716535433
21
-0.2456692913385827
0
LINE
8
BLACK
6
CONTINUOUS
10
-0.0679017716535433
20
-0.2456692913385827
11
-0.0719484251968504
21
-0.245255905511811
0
LINE
8
BLACK
6
CONTINUOUS
10
-0.0719484251968504
20
-0.245255905511811
11
-0.0995079527559055
21
-0.245255905511811
0
LINE
8
BLACK
6
CONTINUOUS
10
-0.0995079527559055
20
-0.245255905511811
11
-0.0995086614173228
21
-0.2452559448818898
0
LINE
8
BLACK
6
CONTINUOUS
10
-0.0995086614173228
20
-0.2452559448818898
11
-0.103555
21
-0.2456692913385827
0
LINE
8
BLACK
6
CONTINUOUS
10
-0.103555
20
-0.2456692913385827
11
-0.1035551181102362
21
-0.2456693307086614
0
LINE
8
BLACK
6
CONTINUOUS
10
-0.1035551181102362
20
-0.2456693307086614
11
-0.1101114960629921
21
-0.2478419291338583
0
LINE
8
BLACK
6
CONTINUOUS
10
-0.1101114960629921
20
-0.2478419291338583
11
-0.1101116929133858
21
-0.2478420078740158
0
LINE
8
BLACK
6
CONTINUOUS
10
-0.1101116929133858
20
-0.2478420078740158
11
-0.1159904724409449
21
-0.2514680708661417
0
LINE
8
BLACK
6
CONTINUOUS
10
-0.1159904724409449
20
-0.2514680708661417
11
-0.1208744488188976
21
-0.2563520472440945
0
LINE
8
BLACK
6
CONTINUOUS
10
-0.1208744488188976
20
-0.2563520472440945
11
-0.1245005118110236
21
-0.2622308267716535
0
LINE
8
BLACK
6
CONTINUOUS
10
-0.1245005118110236
20
-0.2622308267716535
11
-0.1245005905511811
21
-0.2622310236220473
0
LINE
8
BLACK
6
CONTINUOUS
10
-0.1245005905511811
20
-0.2622310236220473
11
-0.1245033464566929
21
-0.2622393700787402
0
LINE
8
BLACK
6
CONTINUOUS
10
-0.1245033464566929
20
-0.2622393700787402
11
-0.1266731889763779
21
-0.2687875196850394
0
LINE
8
BLACK
6
CONTINUOUS
10
-0.1266731889763779
20
-0.2687875196850394
11
-0.1266731889763779
21
-0.2687875590551181
0
LINE
8
BLACK
6
CONTINUOUS
10
-0.1266731889763779
20
-0.2687875590551181
11
-0.1266732283464567
21
-0.2687875590551181
0
LINE
8
BLACK
6
CONTINUOUS
10
-0.1266732283464567
20
-0.2687875590551181
11
-0.1270866141732283
21
-0.2728339763779528
0
LINE
8
BLACK
6
CONTINUOUS
10
-0.1270866141732283
20
-0.2728339763779528
11
-0.1270866141732283
21
-0.286948031496063
0
LINE
8
BLACK
6
CONTINUOUS
10
-0.1270866141732283
20
-0.286948031496063
11
-0.1278616141732283
21
-0.2895873622047244
0
LINE
8
BLACK
6
CONTINUOUS
10
-0.1278616141732283
20
-0.2895873622047244
11
-0.1285164960629921
21
-0.2904000393700787
0
LINE
8
BLACK
6
CONTINUOUS
10
-0.1285164960629921
20
-0.2904000393700787
11
-0.189531968503937
21
-0.3514154724409449
0
LINE
8
BLACK
6
CONTINUOUS
10
-0.189531968503937
20
-0.3514154724409449
11
-0.1895320078740158
21
-0.3514155118110236
0
LINE
8
BLACK
6
CONTINUOUS
10
-0.1895320078740158
20
-0.3514155118110236
11
-0.1901291732283465
21
-0.3523092913385827
0
LINE
8
BLACK
6
CONTINUOUS
10
-0.1901291732283465
20
-0.3523092913385827
11
-0.1918570866141732
21
-0.3548953149606299
0
LINE
8
BLACK
6
CONTINUOUS
10
-0.1918570866141732
20
-0.3548953149606299
11
-0.1919734251968504
21
-0.3550694094488189
0
LINE
8
BLACK
6
CONTINUOUS
10
-0.1919734251968504
20
-0.3550694094488189
11
-0.1925502362204724
21
-0.3559325984251969
0
LINE
8
BLACK
6
CONTINUOUS
10
-0.1925502362204724
20
-0.3559325984251969
11
-0.1946546456692913
21
-0.361013188976378
0
LINE
8
BLACK
6
CONTINUOUS
10
-0.1946546456692913
20
-0.361013188976378
11
-0.1963647637795276
21
-0.363143937007874
0
LINE
8
BLACK
6
CONTINUOUS
10
-0.1963647637795276
20
-0.363143937007874
11
-0.2024174015748031
21
-0.3673820866141732
0
LINE
8
BLACK
6
CONTINUOUS
10
-0.2024174015748031
20
-0.3673820866141732
11
-0.2089958661417323
21
-0.3739605118110236
0
LINE
8
BLACK
6
CONTINUOUS
10
-0.2089958661417323
20
-0.3739605118110236
11
-0.2141112204724409
21
-0.381266062992126
0
LINE
8
BLACK
6
CONTINUOUS
10
-0.2141112204724409
20
-0.381266062992126
11
-0.2162599212598425
21
-0.3829835826771654
0
LINE
8
BLACK
6
CONTINUOUS
10
-0.2162599212598425
20
-0.3829835826771654
11
-0.218996062992126
21
-0.383266811023622
0
LINE
8
BLACK
6
CONTINUOUS
10
-0.218996062992126
20
-0.383266811023622
11
-0.2214509842519685
21
-0.3820257480314961
0
LINE
8
BLACK
6
CONTINUOUS
10
-0.2214509842519685
20
-0.3820257480314961
11
-0.2221092519685039
21
-0.381266062992126
0
LINE
8
BLACK
6
CONTINUOUS
10
-0.2221092519685039
20
-0.381266062992126
11
-0.2272246456692913
21
-0.3739605118110236
0
LINE
8
BLACK
6
CONTINUOUS
10
-0.2272246456692913
20
-0.3739605118110236
11
-0.2338030708661417
21
-0.367382125984252
0
LINE
8
BLACK
6
CONTINUOUS
10
-0.2338030708661417
20
-0.367382125984252
11
-0.2338031102362205
21
-0.3673820866141732
0
LINE
8
BLACK
6
CONTINUOUS
10
-0.2338031102362205
20
-0.3673820866141732
11
-0.2395103937007874
21
-0.3633857874015748
0
LINE
8
BLACK
6
CONTINUOUS
10
-0.2395103937007874
20
-0.3633857874015748
11
-0.2404182677165354
21
-0.3627500787401575
0
LINE
8
BLACK
6
CONTINUOUS
10
-0.2404182677165354
20
-0.3627500787401575
11
-0.2421357874015748
21
-0.3606013779527559
0
LINE
8
BLACK
6
CONTINUOUS
10
-0.2421357874015748
20
-0.3606013779527559
11
-0.2425
21
-0.358751062992126
0
LINE
8
BLACK
6
CONTINUOUS
10
-0.2425
20
-0.358751062992126
11
-0.2425
21
-0.2122365354330709
0
LINE
8
BLACK
6
CONTINUOUS
10
-0.2425
20
-0.2122365354330709
11
-0.241725
21
-0.2095972047244094
0
LINE
8
BLACK
6
CONTINUOUS
10
-0.241725
20
-0.2095972047244094
11
-0.2410701181102362
21
-0.2087845275590551
0
LINE
8
BLACK
6
CONTINUOUS
10
-0.2410701181102362
20
-0.2087845275590551
11
-0.1060916141732283
21
-0.0738060236220472
0
LINE
8
BLACK
6
CONTINUOUS
10
-0.1060916141732283
20
-0.0738060236220472
11
-0.1060914566929134
21
-0.0738058661417323
0
LINE
8
BLACK
6
CONTINUOUS
10
-0.1060914566929134
20
-0.0738058661417323
11
-0.103288779527559
21
-0.0696112992125984
0
LINE
8
BLACK
6
CONTINUOUS
10
-0.103288779527559
20
-0.0696112992125984
11
-0.1013582283464567
21
-0.0649505511811024
0
LINE
8
BLACK
6
CONTINUOUS
10
-0.1013582283464567
20
-0.0649505511811024
11
-0.1003740157480315
21
-0.0600027165354331
0
LINE
8
BLACK
6
CONTINUOUS
10
-0.1003740157480315
20
-0.0600027165354331
11
-0.1003740157480315
21
0.1328768503937008
0
LINE
8
BLACK
6
CONTINUOUS
10
-0.1003740157480315
20
0.1328768503937008
11
-0.0995990157480315
21
0.1355161811023622
0
LINE
8
BLACK
6
CONTINUOUS
10
-0.0995990157480315
20
0.1355161811023622
11
-0.0975201181102362
21
0.1373175590551181
0
LINE
8
BLACK
6
CONTINUOUS
10
-0.0975201181102362
20
0.1373175590551181
11
-0.0947973622047244
21
0.1377090551181102
0
LINE
8
BLACK
6
CONTINUOUS
10
-0.0947973622047244
20
0.1377090551181102
11
-0.0929293307086614
21
0.1370319291338583
0
LINE
8
BLACK
6
CONTINUOUS
10
0.3124279921259843
20
0.1581090551181102
11
0.3156211417322835
21
0.1559754724409449
0
LINE
8
BLACK
6
CONTINUOUS
10
0.3156211417322835
20
0.1559754724409449
11
0.3177547244094488
21
0.1527823228346457
0
LINE
8
BLACK
6
CONTINUOUS
10
0.3177547244094488
20
0.1527823228346457
11
0.318503937007874
21
0.1490157480314961
0
LINE
8
BLACK
6
CONTINUOUS
10
0.318503937007874
20
0.1490157480314961
11
0.318503937007874
21
0.1283464566929134
0
LINE
8
BLACK
6
CONTINUOUS
10
0.318503937007874
20
0.1283464566929134
11
0.3177547244094488
21
0.1245798818897638
0
LINE
8
BLACK
6
CONTINUOUS
10
0.3177547244094488
20
0.1245798818897638
11
0.3156211417322835
21
0.1213867322834646
0
LINE
8
BLACK
6
CONTINUOUS
10
0.3156211417322835
20
0.1213867322834646
11
0.3124279921259843
21
0.1192531496062992
0
LINE
8
BLACK
6
CONTINUOUS
10
0.3124279921259843
20
0.1192531496062992
11
0.3086614173228346
21
0.118503937007874
0
LINE
8
BLACK
6
CONTINUOUS
10
0.3086614173228346
20
0.118503937007874
11
0.2732283464566929
21
0.118503937007874
0
LINE
8
BLACK
6
CONTINUOUS
10
0.2732283464566929
20
0.118503937007874
11
0.2694617716535433
21
0.1192531496062992
0
LINE
8
BLACK
6
CONTINUOUS
10
0.2694617716535433
20
0.1192531496062992
11
0.2662686220472441
21
0.1213867322834646
0
LINE
8
BLACK
6
CONTINUOUS
10
0.2662686220472441
20
0.1213867322834646
11
0.2641350393700788
21
0.1245798818897638
0
LINE
8
BLACK
6
CONTINUOUS
10
0.2641350393700788
20
0.1245798818897638
11
0.2633858267716536
21
0.1283464566929134
0
LINE
8
BLACK
6
CONTINUOUS
10
0.2633858267716536
20
0.1283464566929134
11
0.2633858267716536
21
0.1490157480314961
0
LINE
8
BLACK
6
CONTINUOUS
10
0.2633858267716536
20
0.1490157480314961
11
0.2641350393700788
21
0.1527823228346457
0
LINE
8
BLACK
6
CONTINUOUS
10
0.2641350393700788
20
0.1527823228346457
11
0.2662686220472441
21
0.1559754724409449
0
LINE
8
BLACK
6
CONTINUOUS
10
0.2662686220472441
20
0.1559754724409449
11
0.2694617716535433
21
0.1581090551181102
0
LINE
8
BLACK
6
CONTINUOUS
10
0.2694617716535433
20
0.1581090551181102
11
0.2732283464566929
21
0.1588582677165354
0
LINE
8
BLACK
6
CONTINUOUS
10
0.2732283464566929
20
0.1588582677165354
11
0.3086614173228346
21
0.1588582677165354
0
LINE
8
BLACK
6
CONTINUOUS
10
0.3086614173228346
20
0.1588582677165354
11
0.3124279921259843
21
0.1581090551181102
0
LINE
8
BLACK
6
CONTINUOUS
10
0.1539370078740157
20
0.5184963779527559
11
0.1570792519685039
21
0.5158596850393701
0
LINE
8
BLACK
6
CONTINUOUS
10
0.1570792519685039
20
0.5158596850393701
11
0.1591302362204724
21
0.5123073228346456
0
LINE
8
BLACK
6
CONTINUOUS
10
0.1591302362204724
20
0.5123073228346456
11
0.1598425196850394
21
0.508267716535433
0
LINE
8
BLACK
6
CONTINUOUS
10
0.1598425196850394
20
0.508267716535433
11
0.1591302362204724
21
0.5042281102362205
0
LINE
8
BLACK
6
CONTINUOUS
10
0.1591302362204724
20
0.5042281102362205
11
0.1570792519685039
21
0.5006757480314961
0
LINE
8
BLACK
6
CONTINUOUS
10
0.1570792519685039
20
0.5006757480314961
11
0.1551181102362205
21
0.4990301574803149
0
LINE
8
BLACK
6
CONTINUOUS
10
0.1551181102362205
20
0.4990301574803149
11
0.1551181102362205
21
0.4639763779527559
0
LINE
8
BLACK
6
CONTINUOUS
10
0.1551181102362205
20
0.4639763779527559
11
0.1574803149606299
21
0.4639763779527559
0
LINE
8
BLACK
6
CONTINUOUS
10
0.1574803149606299
20
0.4639763779527559
11
0.1574803149606299
21
0.3852362204724409
0
LINE
8
BLACK
6
CONTINUOUS
10
0.1574803149606299
20
0.3852362204724409
11
0.1551181102362205
21
0.3852362204724409
0
LINE
8
BLACK
6
CONTINUOUS
10
0.1551181102362205
20
0.3852362204724409
11
0.1551181102362205
21
0.33319
0
LINE
8
BLACK
6
CONTINUOUS
10
0.1551181102362205
20
0.33319
11
0.1574729527559055
21
0.3312140157480315
0
LINE
8
BLACK
6
CONTINUOUS
10
0.1574729527559055
20
0.3312140157480315
11
0.159523937007874
21
0.3276616535433071
0
LINE
8
BLACK
6
CONTINUOUS
10
0.159523937007874
20
0.3276616535433071
11
0.1602362204724409
21
0.3236220472440945
0
LINE
8
BLACK
6
CONTINUOUS
10
0.1602362204724409
20
0.3236220472440945
11
0.159523937007874
21
0.3195824409448819
0
LINE
8
BLACK
6
CONTINUOUS
10
0.159523937007874
20
0.3195824409448819
11
0.1574729527559055
21
0.3160300787401575
0
LINE
8
BLACK
6
CONTINUOUS
10
0.1574729527559055
20
0.3160300787401575
11
0.1543307086614173
21
0.3133933858267716
0
LINE
8
BLACK
6
CONTINUOUS
10
0.1543307086614173
20
0.3133933858267716
11
0.1504761417322835
21
0.3119904724409449
0
LINE
8
BLACK
6
CONTINUOUS
10
0.1504761417322835
20
0.3119904724409449
11
0.1463742519685039
21
0.3119904724409449
0
LINE
8
BLACK
6
CONTINUOUS
10
0.1463742519685039
20
0.3119904724409449
11
0.1425196850393701
21
0.3133933858267716
0
LINE
8
BLACK
6
CONTINUOUS
10
0.1425196850393701
20
0.3133933858267716
11
0.1393774409448819
21
0.3160300787401575
0
LINE
8
BLACK
6
CONTINUOUS
10
0.1393774409448819
20
0.3160300787401575
11
0.1373264566929134
21
0.3195824409448819
0
LINE
8
BLACK
6
CONTINUOUS
10
0.1373264566929134
20
0.3195824409448819
11
0.1366141732283465
21
0.3236220472440945
0
LINE
8
BLACK
6
CONTINUOUS
10
0.1366141732283465
20
0.3236220472440945
11
0.1373264566929134
21
0.3276616535433071
0
LINE
8
BLACK
6
CONTINUOUS
10
0.1373264566929134
20
0.3276616535433071
11
0.1393774409448819
21
0.3312140157480315
0
LINE
8
BLACK
6
CONTINUOUS
10
0.1393774409448819
20
0.3312140157480315
11
0.1425196850393701
21
0.3338507086614173
0
LINE
8
BLACK
6
CONTINUOUS
10
0.1425196850393701
20
0.3338507086614173
11
0.1433070866141732
21
0.3341373228346456
0
LINE
8
BLACK
6
CONTINUOUS
10
0.1433070866141732
20
0.3341373228346456
11
0.1433070866141732
21
0.3852362204724409
0
LINE
8
BLACK
6
CONTINUOUS
10
0.1433070866141732
20
0.3852362204724409
11
0.1417322834645669
21
0.3852362204724409
0
LINE
8
BLACK
6
CONTINUOUS
10
0.1417322834645669
20
0.3852362204724409
11
0.1417322834645669
21
0.4639763779527559
0
LINE
8
BLACK
6
CONTINUOUS
10
0.1417322834645669
20
0.4639763779527559
11
0.1433070866141732
21
0.4639763779527559
0
LINE
8
BLACK
6
CONTINUOUS
10
0.1433070866141732
20
0.4639763779527559
11
0.1433070866141732
21
0.4976092125984252
0
LINE
8
BLACK
6
CONTINUOUS
10
0.1433070866141732
20
0.4976092125984252
11
0.1421259842519685
21
0.4980390551181103
0
LINE
8
BLACK
6
CONTINUOUS
10
0.1421259842519685
20
0.4980390551181103
11
0.1389837401574803
21
0.5006757480314961
0
LINE
8
BLACK
6
CONTINUOUS
10
0.1389837401574803
20
0.5006757480314961
11
0.1369327559055118
21
0.5042281102362205
0
LINE
8
BLACK
6
CONTINUOUS
10
0.1369327559055118
20
0.5042281102362205
11
0.1362204724409449
21
0.508267716535433
0
LINE
8
BLACK
6
CONTINUOUS
10
0.1362204724409449
20
0.508267716535433
11
0.1369327559055118
21
0.5123073228346456
0
LINE
8
BLACK
6
CONTINUOUS
10
0.1369327559055118
20
0.5123073228346456
11
0.1389837401574803
21
0.5158596850393701
0
LINE
8
BLACK
6
CONTINUOUS
10
0.1389837401574803
20
0.5158596850393701
11
0.1421259842519685
21
0.5184963779527559
0
LINE
8
BLACK
6
CONTINUOUS
10
0.1421259842519685
20
0.5184963779527559
11
0.1459805511811024
21
0.5198992913385827
0
LINE
8
BLACK
6
CONTINUOUS
10
0.1459805511811024
20
0.5198992913385827
11
0.1500824409448819
21
0.5198992913385827
0
LINE
8
BLACK
6
CONTINUOUS
10
0.1500824409448819
20
0.5198992913385827
11
0.1539370078740157
21
0.5184963779527559
0
LINE
8
BLACK
6
CONTINUOUS
10
-0.4915090157480315
20
0.5825185039370079
11
-0.4883158661417323
21
0.5803849212598425
0
LINE
8
BLACK
6
CONTINUOUS
10
-0.4883158661417323
20
0.5803849212598425
11
-0.4861822834645669
21
0.5771917716535433
0
LINE
8
BLACK
6
CONTINUOUS
10
-0.4861822834645669
20
0.5771917716535433
11
-0.4854330708661417
21
0.5734251968503937
0
LINE
8
BLACK
6
CONTINUOUS
10
-0.4854330708661417
20
0.5734251968503937
11
-0.4854330708661417
21
0.5397637795275591
0
LINE
8
BLACK
6
CONTINUOUS
10
-0.4854330708661417
20
0.5397637795275591
11
-0.484251968503937
21
0.5397637795275591
0
LINE
8
BLACK
6
CONTINUOUS
10
-0.484251968503937
20
0.5397637795275591
11
-0.3464566929133858
21
0.5397637795275591
0
LINE
8
BLACK
6
CONTINUOUS
10
-0.3464566929133858
20
0.5397637795275591
11
0.1173228346456693
21
0.5397637795275591
0
LINE
8
BLACK
6
CONTINUOUS
10
0.1173228346456693
20
0.5397637795275591
11
0.1736220472440945
21
0.5397637795275591
0
LINE
8
BLACK
6
CONTINUOUS
10
0.1736220472440945
20
0.5397637795275591
11
0.5960629921259842
21
0.5397637795275591
0
LINE
8
BLACK
6
CONTINUOUS
10
0.5960629921259842
20
0.5397637795275591
11
0.5972151181102362
21
0.5396503149606299
0
LINE
8
BLACK
6
CONTINUOUS
10
0.5972151181102362
20
0.5396503149606299
11
0.5980968897637795
21
0.5392850787401575
0
LINE
8
BLACK
6
CONTINUOUS
10
0.5980968897637795
20
0.5392850787401575
11
0.5993438976377953
21
0.5387685433070866
0
LINE
8
BLACK
6
CONTINUOUS
10
0.5993438976377953
20
0.5387685433070866
11
0.6002388188976377
21
0.538034094488189
0
LINE
8
BLACK
6
CONTINUOUS
10
0.6002388188976377
20
0.538034094488189
11
0.7155931496062992
21
0.4226797637795275
0
LINE
8
BLACK
6
CONTINUOUS
10
0.7155931496062992
20
0.4226797637795275
11
0.7163275984251969
21
0.421784842519685
0
LINE
8
BLACK
6
CONTINUOUS
10
0.7163275984251969
20
0.421784842519685
11
0.7165179133858267
21
0.4213253543307087
0
LINE
8
BLACK
6
CONTINUOUS
10
0.7165179133858267
20
0.4213253543307087
11
0.7172093700787402
21
0.419656062992126
0
LINE
8
BLACK
6
CONTINUOUS
10
0.7172093700787402
20
0.419656062992126
11
0.7173228346456693
21
0.418503937007874
0
LINE
8
BLACK
6
CONTINUOUS
10
0.7173228346456693
20
0.418503937007874
11
0.7173228346456693
21
0.2480314960629921
0
LINE
8
BLACK
6
CONTINUOUS
10
0.7173228346456693
20
0.2480314960629921
11
0.7172093700787402
21
0.2468794094488189
0
LINE
8
BLACK
6
CONTINUOUS
10
0.7172093700787402
20
0.2468794094488189
11
0.7163275984251969
21
0.2447505905511811
0
LINE
8
BLACK
6
CONTINUOUS
10
0.7163275984251969
20
0.2447505905511811
11
0.7155931496062992
21
0.2438556692913386
0
LINE
8
BLACK
6
CONTINUOUS
10
0.7155931496062992
20
0.2438556692913386
11
0.6739592913385827
21
0.2022218110236221
0
LINE
8
BLACK
6
CONTINUOUS
10
0.6739592913385827
20
0.2022218110236221
11
0.6730643700787401
21
0.2014873622047244
0
LINE
8
BLACK
6
CONTINUOUS
10
0.6730643700787401
20
0.2014873622047244
11
0.6718173622047244
21
0.2009708661417323
0
LINE
8
BLACK
6
CONTINUOUS
10
0.6718173622047244
20
0.2009708661417323
11
0.6709355905511811
21
0.2006055905511811
0
LINE
8
BLACK
6
CONTINUOUS
10
0.6709355905511811
20
0.2006055905511811
11
0.6697834645669292
21
0.200492125984252
0
LINE
8
BLACK
6
CONTINUOUS
10
0.6697834645669292
20
0.200492125984252
11
0.65
21
0.200492125984252
0
LINE
8
BLACK
6
CONTINUOUS
10
0.65
20
0.200492125984252
11
0.65
21
0.1960137795275591
0
LINE
8
BLACK
6
CONTINUOUS
10
0.65
20
0.1960137795275591
11
0.6492695275590551
21
0.1923413779527559
0
LINE
8
BLACK
6
CONTINUOUS
10
0.6492695275590551
20
0.1923413779527559
11
0.647189251968504
21
0.1892280708661417
0
LINE
8
BLACK
6
CONTINUOUS
10
0.647189251968504
20
0.1892280708661417
11
0.6440759448818898
21
0.1871477952755906
0
LINE
8
BLACK
6
CONTINUOUS
10
0.6440759448818898
20
0.1871477952755906
11
0.6404035433070866
21
0.1864173228346457
0
LINE
8
BLACK
6
CONTINUOUS
10
0.6404035433070866
20
0.1864173228346457
11
0.6044783464566928
21
0.1864173228346457
0
LINE
8
BLACK
6
CONTINUOUS
10
0.6044783464566928
20
0.1864173228346457
11
0.6008059448818898
21
0.1871477952755906
0
LINE
8
BLACK
6
CONTINUOUS
10
0.6008059448818898
20
0.1871477952755906
11
0.5976926377952756
21
0.1892280708661417
0
LINE
8
BLACK
6
CONTINUOUS
10
0.5976926377952756
20
0.1892280708661417
11
0.5956123622047244
21
0.1923413779527559
0
LINE
8
BLACK
6
CONTINUOUS
10
0.5956123622047244
20
0.1923413779527559
11
0.5948818897637795
21
0.1960137795275591
0
LINE
8
BLACK
6
CONTINUOUS
10
0.5948818897637795
20
0.1960137795275591
11
0.5948818897637795
21
0.1985236220472441
0
LINE
8
BLACK
6
CONTINUOUS
10
0.5948818897637795
20
0.1985236220472441
11
0.56998031496063
21
0.1985236220472441
0
LINE
8
BLACK
6
CONTINUOUS
10
0.56998031496063
20
0.1985236220472441
11
0.56998031496063
21
0.1954724409448819
0
LINE
8
BLACK
6
CONTINUOUS
10
0.56998031496063
20
0.1954724409448819
11
0.5692311023622048
21
0.1917058661417323
0
LINE
8
BLACK
6
CONTINUOUS
10
0.5692311023622048
20
0.1917058661417323
11
0.5670975196850394
21
0.1885127165354331
0
LINE
8
BLACK
6
CONTINUOUS
10
0.5670975196850394
20
0.1885127165354331
11
0.5639043700787402
21
0.1863791338582677
0
LINE
8
BLACK
6
CONTINUOUS
10
0.5639043700787402
20
0.1863791338582677
11
0.5601377952755905
21
0.1856299212598425
0
LINE
8
BLACK
6
CONTINUOUS
10
0.5601377952755905
20
0.1856299212598425
11
0.5247047244094488
21
0.1856299212598425
0
LINE
8
BLACK
6
CONTINUOUS
10
0.5247047244094488
20
0.1856299212598425
11
0.5209381496062993
21
0.1863791338582677
0
LINE
8
BLACK
6
CONTINUOUS
10
0.5209381496062993
20
0.1863791338582677
11
0.517745
21
0.1885127165354331
0
LINE
8
BLACK
6
CONTINUOUS
10
0.517745
20
0.1885127165354331
11
0.5156114173228347
21
0.1917058661417323
0
LINE
8
BLACK
6
CONTINUOUS
10
0.5156114173228347
20
0.1917058661417323
11
0.5148622047244095
21
0.1954724409448819
0
LINE
8
BLACK
6
CONTINUOUS
10
0.5148622047244095
20
0.1954724409448819
11
0.5148622047244095
21
0.2161417322834646
0
LINE
8
BLACK
6
CONTINUOUS
10
0.5148622047244095
20
0.2161417322834646
11
0.5156114173228347
21
0.2199083070866142
0
LINE
8
BLACK
6
CONTINUOUS
10
0.5156114173228347
20
0.2199083070866142
11
0.517745
21
0.2231014566929134
0
LINE
8
BLACK
6
CONTINUOUS
10
0.517745
20
0.2231014566929134
11
0.5209381496062993
21
0.2252350393700787
0
LINE
8
BLACK
6
CONTINUOUS
10
0.5209381496062993
20
0.2252350393700787
11
0.5247047244094488
21
0.2259842519685039
0
LINE
8
BLACK
6
CONTINUOUS
10
0.5247047244094488
20
0.2259842519685039
11
0.5601377952755905
21
0.2259842519685039
0
LINE
8
BLACK
6
CONTINUOUS
10
0.5601377952755905
20
0.2259842519685039
11
0.5639043700787402
21
0.2252350393700787
0
LINE
8
BLACK
6
CONTINUOUS
10
0.5639043700787402
20
0.2252350393700787
11
0.5670975196850394
21
0.2231014566929134
0
LINE
8
BLACK
6
CONTINUOUS
10
0.5670975196850394
20
0.2231014566929134
11
0.5692311023622048
21
0.2199083070866142
0
LINE
8
BLACK
6
CONTINUOUS
10
0.5692311023622048
20
0.2199083070866142
11
0.56998031496063
21
0.2161417322834646
0
LINE
8
BLACK
6
CONTINUOUS
10
0.56998031496063
20
0.2161417322834646
11
0.56998031496063
21
0.2142716535433071
0
LINE
8
BLACK
6
CONTINUOUS
10
0.56998031496063
20
0.2142716535433071
11
0.5948818897637795
21
0.2142716535433071
0
LINE
8
BLACK
6
CONTINUOUS
10
0.5948818897637795
20
0.2142716535433071
11
0.5948818897637795
21
0.2152066929133858
0
LINE
8
BLACK
6
CONTINUOUS
10
0.5948818897637795
20
0.2152066929133858
11
0.5956123622047244
21
0.218879094488189
0
LINE
8
BLACK
6
CONTINUOUS
10
0.5956123622047244
20
0.218879094488189
11
0.5976926377952756
21
0.2219924015748032
0
LINE
8
BLACK
6
CONTINUOUS
10
0.5976926377952756
20
0.2219924015748032
11
0.6008059448818898
21
0.2240726771653543
0
LINE
8
BLACK
6
CONTINUOUS
10
0.6008059448818898
20
0.2240726771653543
11
0.6044783464566928
21
0.2248031496062992
0
LINE
8
BLACK
6
CONTINUOUS
10
0.6044783464566928
20
0.2248031496062992
11
0.6404035433070866
21
0.2248031496062992
0
LINE
8
BLACK
6
CONTINUOUS
10
0.6404035433070866
20
0.2248031496062992
11
0.6440759448818898
21
0.2240726771653543
0
LINE
8
BLACK
6
CONTINUOUS
10
0.6440759448818898
20
0.2240726771653543
11
0.647189251968504
21
0.2219924015748032
0
LINE
8
BLACK
6
CONTINUOUS
10
0.647189251968504
20
0.2219924015748032
11
0.6492695275590551
21
0.218879094488189
0
LINE
8
BLACK
6
CONTINUOUS
10
0.6492695275590551
20
0.218879094488189
11
0.65
21
0.2152066929133858
0
LINE
8
BLACK
6
CONTINUOUS
10
0.65
20
0.2152066929133858
11
0.65
21
0.2123031496062992
0
LINE
8
BLACK
6
CONTINUOUS
10
0.65
20
0.2123031496062992
11
0.6673373228346456
21
0.2123031496062992
0
LINE
8
BLACK
6
CONTINUOUS
10
0.6673373228346456
20
0.2123031496062992
11
0.705511811023622
21
0.2504776377952756
0
LINE
8
BLACK
6
CONTINUOUS
10
0.705511811023622
20
0.2504776377952756
11
0.705511811023622
21
0.4160577952755906
0
LINE
8
BLACK
6
CONTINUOUS
10
0.705511811023622
20
0.4160577952755906
11
0.5936168503937008
21
0.5279527559055118
0
LINE
8
BLACK
6
CONTINUOUS
10
0.5936168503937008
20
0.5279527559055118
11
0.265748031496063
21
0.5279527559055118
0
LINE
8
BLACK
6
CONTINUOUS
10
0.265748031496063
20
0.5279527559055118
11
0.265748031496063
21
0.4639763779527559
0
LINE
8
BLACK
6
CONTINUOUS
10
0.265748031496063
20
0.4639763779527559
11
0.2677165354330708
21
0.4639763779527559
0
LINE
8
BLACK
6
CONTINUOUS
10
0.2677165354330708
20
0.4639763779527559
11
0.2677165354330708
21
0.3852362204724409
0
LINE
8
BLACK
6
CONTINUOUS
10
0.2677165354330708
20
0.3852362204724409
11
0.2519685039370079
21
0.3852362204724409
0
LINE
8
BLACK
6
CONTINUOUS
10
0.2519685039370079
20
0.3852362204724409
11
0.2519685039370079
21
0.4639763779527559
0
LINE
8
BLACK
6
CONTINUOUS
10
0.2519685039370079
20
0.4639763779527559
11
0.2539370078740157
21
0.4639763779527559
0
LINE
8
BLACK
6
CONTINUOUS
10
0.2539370078740157
20
0.4639763779527559
11
0.2539370078740157
21
0.5279527559055118
0
LINE
8
BLACK
6
CONTINUOUS
10
0.2539370078740157
20
0.5279527559055118
11
0.1830708661417323
21
0.5279527559055118
0
LINE
8
BLACK
6
CONTINUOUS
10
0.1830708661417323
20
0.5279527559055118
11
0.1830708661417323
21
0.4639763779527559
0
LINE
8
BLACK
6
CONTINUOUS
10
0.1830708661417323
20
0.4639763779527559
11
0.1850393700787402
21
0.4639763779527559
0
LINE
8
BLACK
6
CONTINUOUS
10
0.1850393700787402
20
0.4639763779527559
11
0.1850393700787402
21
0.3852362204724409
0
LINE
8
BLACK
6
CONTINUOUS
10
0.1850393700787402
20
0.3852362204724409
11
0.1830708661417323
21
0.3852362204724409
0
LINE
8
BLACK
6
CONTINUOUS
10
0.1830708661417323
20
0.3852362204724409
11
0.1830708661417323
21
0.3099264566929134
0
LINE
8
BLACK
6
CONTINUOUS
10
0.1830708661417323
20
0.3099264566929134
11
0.1941784251968504
21
0.2988188976377953
0
LINE
8
BLACK
6
CONTINUOUS
10
0.1941784251968504
20
0.2988188976377953
11
0.2230314960629921
21
0.2988188976377953
0
LINE
8
BLACK
6
CONTINUOUS
10
0.2230314960629921
20
0.2988188976377953
11
0.2267980708661417
21
0.2980696850393701
0
LINE
8
BLACK
6
CONTINUOUS
10
0.2267980708661417
20
0.2980696850393701
11
0.2299912204724409
21
0.2959361023622047
0
LINE
8
BLACK
6
CONTINUOUS
10
0.2299912204724409
20
0.2959361023622047
11
0.2321248031496063
21
0.2927429527559055
0
LINE
8
BLACK
6
CONTINUOUS
10
0.2321248031496063
20
0.2927429527559055
11
0.2328740157480315
21
0.2889763779527559
0
LINE
8
BLACK
6
CONTINUOUS
10
0.2328740157480315
20
0.2889763779527559
11
0.2328740157480315
21
0.2692913385826772
0
LINE
8
BLACK
6
CONTINUOUS
10
0.2328740157480315
20
0.2692913385826772
11
0.2321248031496063
21
0.2655247637795276
0
LINE
8
BLACK
6
CONTINUOUS
10
0.2321248031496063
20
0.2655247637795276
11
0.2299912204724409
21
0.2623316141732284
0
LINE
8
BLACK
6
CONTINUOUS
10
0.2299912204724409
20
0.2623316141732284
11
0.2267980708661417
21
0.260198031496063
0
LINE
8
BLACK
6
CONTINUOUS
10
0.2267980708661417
20
0.260198031496063
11
0.2230314960629921
21
0.2594488188976378
0
LINE
8
BLACK
6
CONTINUOUS
10
0.2230314960629921
20
0.2594488188976378
11
0.1856299212598425
21
0.2594488188976378
0
LINE
8
BLACK
6
CONTINUOUS
10
0.1856299212598425
20
0.2594488188976378
11
0.1818633464566929
21
0.260198031496063
0
LINE
8
BLACK
6
CONTINUOUS
10
0.1818633464566929
20
0.260198031496063
11
0.1786701968503937
21
0.2623316141732284
0
LINE
8
BLACK
6
CONTINUOUS
10
0.1786701968503937
20
0.2623316141732284
11
0.1765366141732283
21
0.2655247637795276
0
LINE
8
BLACK
6
CONTINUOUS
10
0.1765366141732283
20
0.2655247637795276
11
0.1757874015748032
21
0.2692913385826772
0
LINE
8
BLACK
6
CONTINUOUS
10
0.1757874015748032
20
0.2692913385826772
11
0.1757874015748032
21
0.2744094488188976
0
LINE
8
BLACK
6
CONTINUOUS
10
0.1757874015748032
20
0.2744094488188976
11
0.1525590551181102
21
0.2744094488188976
0
LINE
8
BLACK
6
CONTINUOUS
10
0.1525590551181102
20
0.2744094488188976
11
0.1525590551181102
21
0.2692913385826772
0
LINE
8
BLACK
6
CONTINUOUS
10
0.1525590551181102
20
0.2692913385826772
11
0.151809842519685
21
0.2655247637795276
0
LINE
8
BLACK
6
CONTINUOUS
10
0.151809842519685
20
0.2655247637795276
11
0.1496762598425197
21
0.2623316141732284
0
LINE
8
BLACK
6
CONTINUOUS
10
0.1496762598425197
20
0.2623316141732284
11
0.1464831102362205
21
0.260198031496063
0
LINE
8
BLACK
6
CONTINUOUS
10
0.1464831102362205
20
0.260198031496063
11
0.1427165354330709
21
0.2594488188976378
0
LINE
8
BLACK
6
CONTINUOUS
10
0.1427165354330709
20
0.2594488188976378
11
0.1053149606299213
21
0.2594488188976378
0
LINE
8
BLACK
6
CONTINUOUS
10
0.1053149606299213
20
0.2594488188976378
11
0.1015483858267717
21
0.260198031496063
0
LINE
8
BLACK
6
CONTINUOUS
10
0.1015483858267717
20
0.260198031496063
11
0.0983552362204724
21
0.2623316141732284
0
LINE
8
BLACK
6
CONTINUOUS
10
0.0983552362204724
20
0.2623316141732284
11
0.0962216535433071
21
0.2655247637795276
0
LINE
8
BLACK
6
CONTINUOUS
10
0.0962216535433071
20
0.2655247637795276
11
0.0957073622047244
21
0.2681102362204724
0
LINE
8
BLACK
6
CONTINUOUS
10
0.0957073622047244
20
0.2681102362204724
11
0.0265748031496063
21
0.2681102362204724
0
LINE
8
BLACK
6
CONTINUOUS
10
0.0265748031496063
20
0.2681102362204724
11
0.0265748031496063
21
0.2421259842519685
0
LINE
8
BLACK
6
CONTINUOUS
10
0.0265748031496063
20
0.2421259842519685
11
0.0258255905511811
21
0.2383594094488189
0
LINE
8
BLACK
6
CONTINUOUS
10
0.0258255905511811
20
0.2383594094488189
11
0.0236920078740157
21
0.2351662598425197
0
LINE
8
BLACK
6
CONTINUOUS
10
0.0236920078740157
20
0.2351662598425197
11
0.0204988582677165
21
0.2330326771653543
0
LINE
8
BLACK
6
CONTINUOUS
10
0.0204988582677165
20
0.2330326771653543
11
0.0167322834645669
21
0.2322834645669291
0
LINE
8
BLACK
6
CONTINUOUS
10
0.0167322834645669
20
0.2322834645669291
11
0.0119094488188976
21
0.2322834645669291
0
LINE
8
BLACK
6
CONTINUOUS
10
0.0119094488188976
20
0.2322834645669291
11
0.0119094488188976
21
0.2066929133858268
0
LINE
8
BLACK
6
CONTINUOUS
10
0.0119094488188976
20
0.2066929133858268
11
0.0163385826771654
21
0.2066929133858268
0
LINE
8
BLACK
6
CONTINUOUS
10
0.0163385826771654
20
0.2066929133858268
11
0.020105157480315
21
0.2059437007874016
0
LINE
8
BLACK
6
CONTINUOUS
10
0.020105157480315
20
0.2059437007874016
11
0.0232983070866142
21
0.2038101181102362
0
LINE
8
BLACK
6
CONTINUOUS
10
0.0232983070866142
20
0.2038101181102362
11
0.0254318897637795
21
0.200616968503937
0
LINE
8
BLACK
6
CONTINUOUS
10
0.0254318897637795
20
0.200616968503937
11
0.0261811023622047
21
0.1968503937007874
0
LINE
8
BLACK
6
CONTINUOUS
10
0.0261811023622047
20
0.1968503937007874
11
0.0261811023622047
21
0.1614173228346457
0
LINE
8
BLACK
6
CONTINUOUS
10
0.0261811023622047
20
0.1614173228346457
11
0.0254318897637795
21
0.1576507480314961
0
LINE
8
BLACK
6
CONTINUOUS
10
0.0254318897637795
20
0.1576507480314961
11
0.0232983070866142
21
0.1544575984251969
0
LINE
8
BLACK
6
CONTINUOUS
10
0.0232983070866142
20
0.1544575984251969
11
0.020105157480315
21
0.1523240157480315
0
LINE
8
BLACK
6
CONTINUOUS
10
0.020105157480315
20
0.1523240157480315
11
0.0163385826771654
21
0.1515748031496063
0
LINE
8
BLACK
6
CONTINUOUS
10
0.0163385826771654
20
0.1515748031496063
11
-0.0043307086614173
21
0.1515748031496063
0
LINE
8
BLACK
6
CONTINUOUS
10
-0.0043307086614173
20
0.1515748031496063
11
-0.0080972834645669
21
0.1523240157480315
0
LINE
8
BLACK
6
CONTINUOUS
10
-0.0080972834645669
20
0.1523240157480315
11
-0.0112904330708661
21
0.1544575984251969
0
LINE
8
BLACK
6
CONTINUOUS
10
-0.0112904330708661
20
0.1544575984251969
11
-0.0134240157480315
21
0.1576507480314961
0
LINE
8
BLACK
6
CONTINUOUS
10
-0.0134240157480315
20
0.1576507480314961
11
-0.0141732283464567
21
0.1614173228346457
0
LINE
8
BLACK
6
CONTINUOUS
10
-0.0141732283464567
20
0.1614173228346457
11
-0.0141732283464567
21
0.1968503937007874
0
LINE
8
BLACK
6
CONTINUOUS
10
-0.0141732283464567
20
0.1968503937007874
11
-0.0134240157480315
21
0.200616968503937
0
LINE
8
BLACK
6
CONTINUOUS
10
-0.0134240157480315
20
0.200616968503937
11
-0.0112904330708661
21
0.2038101181102362
0
LINE
8
BLACK
6
CONTINUOUS
10
-0.0112904330708661
20
0.2038101181102362
11
-0.0080972834645669
21
0.2059437007874016
0
LINE
8
BLACK
6
CONTINUOUS
10
-0.0080972834645669
20
0.2059437007874016
11
-0.0043307086614173
21
0.2066929133858268
0
LINE
8
BLACK
6
CONTINUOUS
10
-0.0043307086614173
20
0.2066929133858268
11
0.0000984251968504
21
0.2066929133858268
0
LINE
8
BLACK
6
CONTINUOUS
10
0.0000984251968504
20
0.2066929133858268
11
0.0000984251968504
21
0.2322834645669291
0
LINE
8
BLACK
6
CONTINUOUS
10
0.0000984251968504
20
0.2322834645669291
11
-0.0039370078740157
21
0.2322834645669291
0
LINE
8
BLACK
6
CONTINUOUS
10
-0.0039370078740157
20
0.2322834645669291
11
-0.0077035826771654
21
0.2330326771653543
0
LINE
8
BLACK
6
CONTINUOUS
10
-0.0077035826771654
20
0.2330326771653543
11
-0.0108967322834646
21
0.2351662598425197
0
LINE
8
BLACK
6
CONTINUOUS
10
-0.0108967322834646
20
0.2351662598425197
11
-0.0130303149606299
21
0.2383594094488189
0
LINE
8
BLACK
6
CONTINUOUS
10
-0.0130303149606299
20
0.2383594094488189
11
-0.0137795275590551
21
0.2421259842519685
0
LINE
8
BLACK
6
CONTINUOUS
10
-0.0137795275590551
20
0.2421259842519685
11
-0.0137795275590551
21
0.2775590551181102
0
LINE
8
BLACK
6
CONTINUOUS
10
-0.0137795275590551
20
0.2775590551181102
11
-0.0130303149606299
21
0.2813256299212598
0
LINE
8
BLACK
6
CONTINUOUS
10
-0.0130303149606299
20
0.2813256299212598
11
-0.0108967322834646
21
0.2845187795275591
0
LINE
8
BLACK
6
CONTINUOUS
10
-0.0108967322834646
20
0.2845187795275591
11
-0.0077035826771654
21
0.2866523622047244
0
LINE
8
BLACK
6
CONTINUOUS
10
-0.0077035826771654
20
0.2866523622047244
11
-0.0039370078740157
21
0.2874015748031496
0
LINE
8
BLACK
6
CONTINUOUS
10
-0.0039370078740157
20
0.2874015748031496
11
0.0167322834645669
21
0.2874015748031496
0
LINE
8
BLACK
6
CONTINUOUS
10
0.0167322834645669
20
0.2874015748031496
11
0.0204988582677165
21
0.2866523622047244
0
LINE
8
BLACK
6
CONTINUOUS
10
0.0204988582677165
20
0.2866523622047244
11
0.0236920078740157
21
0.2845187795275591
0
LINE
8
BLACK
6
CONTINUOUS
10
0.0236920078740157
20
0.2845187795275591
11
0.0258255905511811
21
0.2813256299212598
0
LINE
8
BLACK
6
CONTINUOUS
10
0.0258255905511811
20
0.2813256299212598
11
0.0261049212598425
21
0.2799212598425197
0
LINE
8
BLACK
6
CONTINUOUS
10
0.0261049212598425
20
0.2799212598425197
11
0.0954724409448819
21
0.2799212598425197
0
LINE
8
BLACK
6
CONTINUOUS
10
0.0954724409448819
20
0.2799212598425197
11
0.0954724409448819
21
0.2889763779527559
0
LINE
8
BLACK
6
CONTINUOUS
10
0.0954724409448819
20
0.2889763779527559
11
0.0962216535433071
21
0.2927429527559055
0
LINE
8
BLACK
6
CONTINUOUS
10
0.0962216535433071
20
0.2927429527559055
11
0.0983552362204724
21
0.2959361023622047
0
LINE
8
BLACK
6
CONTINUOUS
10
0.0983552362204724
20
0.2959361023622047
11
0.1015483858267717
21
0.2980696850393701
0
LINE
8
BLACK
6
CONTINUOUS
10
0.1015483858267717
20
0.2980696850393701
11
0.1053149606299213
21
0.2988188976377953
0
LINE
8
BLACK
6
CONTINUOUS
10
0.1053149606299213
20
0.2988188976377953
11
0.1161417322834646
21
0.2988188976377953
0
LINE
8
BLACK
6
CONTINUOUS
10
0.1161417322834646
20
0.2988188976377953
11
0.1161417322834646
21
0.3852362204724409
0
LINE
8
BLACK
6
CONTINUOUS
10
0.1161417322834646
20
0.3852362204724409
11
0.1141732283464567
21
0.3852362204724409
0
LINE
8
BLACK
6
CONTINUOUS
10
0.1141732283464567
20
0.3852362204724409
11
0.1141732283464567
21
0.4639763779527559
0
LINE
8
BLACK
6
CONTINUOUS
10
0.1141732283464567
20
0.4639763779527559
11
0.1161417322834646
21
0.4639763779527559
0
LINE
8
BLACK
6
CONTINUOUS
10
0.1161417322834646
20
0.4639763779527559
11
0.1161417322834646
21
0.526687716535433
0
LINE
8
BLACK
6
CONTINUOUS
10
0.1161417322834646
20
0.526687716535433
11
0.1148766929133858
21
0.5279527559055118
0
LINE
8
BLACK
6
CONTINUOUS
10
0.1148766929133858
20
0.5279527559055118
11
-0.3405511811023622
21
0.5279527559055118
0
LINE
8
BLACK
6
CONTINUOUS
10
-0.3405511811023622
20
0.5279527559055118
11
-0.3405511811023622
21
0.4639763779527559
0
LINE
8
BLACK
6
CONTINUOUS
10
-0.3405511811023622
20
0.4639763779527559
11
-0.3385826771653543
21
0.4639763779527559
0
LINE
8
BLACK
6
CONTINUOUS
10
-0.3385826771653543
20
0.4639763779527559
11
-0.3385826771653543
21
0.3852362204724409
0
LINE
8
BLACK
6
CONTINUOUS
10
-0.3385826771653543
20
0.3852362204724409
11
-0.3543307086614173
21
0.3852362204724409
0
LINE
8
BLACK
6
CONTINUOUS
10
-0.3543307086614173
20
0.3852362204724409
11
-0.3543307086614173
21
0.4639763779527559
0
LINE
8
BLACK
6
CONTINUOUS
10
-0.3543307086614173
20
0.4639763779527559
11
-0.3523622047244094
21
0.4639763779527559
0
LINE
8
BLACK
6
CONTINUOUS
10
-0.3523622047244094
20
0.4639763779527559
11
-0.3523622047244094
21
0.5279527559055118
0
LINE
8
BLACK
6
CONTINUOUS
10
-0.3523622047244094
20
0.5279527559055118
11
-0.484251968503937
21
0.5279527559055118
0
LINE
8
BLACK
6
CONTINUOUS
10
-0.484251968503937
20
0.5279527559055118
11
-0.4881050393700787
21
0.5279527559055118
0
LINE
8
BLACK
6
CONTINUOUS
10
-0.4881050393700787
20
0.5279527559055118
11
-0.4968503937007874
21
0.5192074015748032
0
LINE
8
BLACK
6
CONTINUOUS
10
-0.4968503937007874
20
0.5192074015748032
11
-0.4968503937007874
21
0.5017716535433071
0
LINE
8
BLACK
6
CONTINUOUS
10
-0.4968503937007874
20
0.5017716535433071
11
-0.4948818897637795
21
0.5017716535433071
0
LINE
8
BLACK
6
CONTINUOUS
10
-0.4948818897637795
20
0.5017716535433071
11
-0.4911153149606299
21
0.5010224409448819
0
LINE
8
BLACK
6
CONTINUOUS
10
-0.4911153149606299
20
0.5010224409448819
11
-0.4879221653543307
21
0.4988888582677165
0
LINE
8
BLACK
6
CONTINUOUS
10
-0.4879221653543307
20
0.4988888582677165
11
-0.4857885826771653
21
0.4956957086614173
0
LINE
8
BLACK
6
CONTINUOUS
10
-0.4857885826771653
20
0.4956957086614173
11
-0.4850393700787402
21
0.4919291338582677
0
LINE
8
BLACK
6
CONTINUOUS
10
-0.4850393700787402
20
0.4919291338582677
11
-0.4850393700787402
21
0.4545275590551181
0
LINE
8
BLACK
6
CONTINUOUS
10
-0.4850393700787402
20
0.4545275590551181
11
-0.4857885826771653
21
0.4507609842519685
0
LINE
8
BLACK
6
CONTINUOUS
10
-0.4857885826771653
20
0.4507609842519685
11
-0.4879221653543307
21
0.4475678346456693
0
LINE
8
BLACK
6
CONTINUOUS
10
-0.4879221653543307
20
0.4475678346456693
11
-0.4911153149606299
21
0.4454342519685039
0
LINE
8
BLACK
6
CONTINUOUS
10
-0.4911153149606299
20
0.4454342519685039
11
-0.4948818897637795
21
0.4446850393700787
0
LINE
8
BLACK
6
CONTINUOUS
10
-0.4948818897637795
20
0.4446850393700787
11
-0.5145669291338583
21
0.4446850393700787
0
LINE
8
BLACK
6
CONTINUOUS
10
-0.5145669291338583
20
0.4446850393700787
11
-0.5183335039370078
21
0.4454342519685039
0
LINE
8
BLACK
6
CONTINUOUS
10
-0.5183335039370078
20
0.4454342519685039
11
-0.5215266535433071
21
0.4475678346456693
0
LINE
8
BLACK
6
CONTINUOUS
10
-0.5215266535433071
20
0.4475678346456693
11
-0.5236602362204724
21
0.4507609842519685
0
LINE
8
BLACK
6
CONTINUOUS
10
-0.5236602362204724
20
0.4507609842519685
11
-0.5244094488188976
21
0.4545275590551181
0
LINE
8
BLACK
6
CONTINUOUS
10
-0.5244094488188976
20
0.4545275590551181
11
-0.5244094488188976
21
0.4919291338582677
0
LINE
8
BLACK
6
CONTINUOUS
10
-0.5244094488188976
20
0.4919291338582677
11
-0.5236602362204724
21
0.4956957086614173
0
LINE
8
BLACK
6
CONTINUOUS
10
-0.5236602362204724
20
0.4956957086614173
11
-0.5215266535433071
21
0.4988888582677165
0
LINE
8
BLACK
6
CONTINUOUS
10
-0.5215266535433071
20
0.4988888582677165
11
-0.5183335039370078
21
0.5010224409448819
0
LINE
8
BLACK
6
CONTINUOUS
10
-0.5183335039370078
20
0.5010224409448819
11
-0.5145669291338583
21
0.5017716535433071
0
LINE
8
BLACK
6
CONTINUOUS
10
-0.5145669291338583
20
0.5017716535433071
11
-0.5125984251968504
21
0.5017716535433071
0
LINE
8
BLACK
6
CONTINUOUS
10
-0.5125984251968504
20
0.5017716535433071
11
-0.5125984251968504
21
0.5196850393700787
0
LINE
8
BLACK
6
CONTINUOUS
10
-0.5125984251968504
20
0.5196850393700787
11
-0.5125984251968504
21
0.5261811023622047
0
LINE
8
BLACK
6
CONTINUOUS
10
-0.5125984251968504
20
0.5261811023622047
11
-0.5149606299212598
21
0.5261811023622047
0
LINE
8
BLACK
6
CONTINUOUS
10
-0.5149606299212598
20
0.5261811023622047
11
-0.5187272047244095
21
0.5269303149606299
0
LINE
8
BLACK
6
CONTINUOUS
10
-0.5187272047244095
20
0.5269303149606299
11
-0.5219203543307086
21
0.5290638976377953
0
LINE
8
BLACK
6
CONTINUOUS
10
-0.5219203543307086
20
0.5290638976377953
11
-0.5240539370078739
21
0.5322570472440945
0
LINE
8
BLACK
6
CONTINUOUS
10
-0.5240539370078739
20
0.5322570472440945
11
-0.5248031496062991
21
0.5360236220472441
0
LINE
8
BLACK
6
CONTINUOUS
10
-0.5248031496062991
20
0.5360236220472441
11
-0.5248031496062991
21
0.5734251968503937
0
LINE
8
BLACK
6
CONTINUOUS
10
-0.5248031496062991
20
0.5734251968503937
11
-0.5240539370078739
21
0.5771917716535433
0
LINE
8
BLACK
6
CONTINUOUS
10
-0.5240539370078739
20
0.5771917716535433
11
-0.5219203543307086
21
0.5803849212598425
0
LINE
8
BLACK
6
CONTINUOUS
10
-0.5219203543307086
20
0.5803849212598425
11
-0.5187272047244095
21
0.5825185039370079
0
LINE
8
BLACK
6
CONTINUOUS
10
-0.5187272047244095
20
0.5825185039370079
11
-0.5149606299212598
21
0.5832677165354331
0
LINE
8
BLACK
6
CONTINUOUS
10
-0.5149606299212598
20
0.5832677165354331
11
-0.4952755905511811
21
0.5832677165354331
0
LINE
8
BLACK
6
CONTINUOUS
10
-0.4952755905511811
20
0.5832677165354331
11
-0.4915090157480315
21
0.5825185039370079
0
LINE
8
BLACK
6
CONTINUOUS
10
0.1279527559055118
20
0.5279527559055118
11
0.1279527559055118
21
0.4639763779527559
0
LINE
8
BLACK
6
CONTINUOUS
10
0.1279527559055118
20
0.4639763779527559
11
0.1299212598425197
21
0.4639763779527559
0
LINE
8
BLACK
6
CONTINUOUS
10
0.1299212598425197
20
0.4639763779527559
11
0.1299212598425197
21
0.3852362204724409
0
LINE
8
BLACK
6
CONTINUOUS
10
0.1299212598425197
20
0.3852362204724409
11
0.1279527559055118
21
0.3852362204724409
0
LINE
8
BLACK
6
CONTINUOUS
10
0.1279527559055118
20
0.3852362204724409
11
0.1279527559055118
21
0.2988188976377953
0
LINE
8
BLACK
6
CONTINUOUS
10
0.1279527559055118
20
0.2988188976377953
11
0.1427165354330709
21
0.2988188976377953
0
LINE
8
BLACK
6
CONTINUOUS
10
0.1427165354330709
20
0.2988188976377953
11
0.1464831102362205
21
0.2980696850393701
0
LINE
8
BLACK
6
CONTINUOUS
10
0.1464831102362205
20
0.2980696850393701
11
0.1496762598425197
21
0.2959361023622047
0
LINE
8
BLACK
6
CONTINUOUS
10
0.1496762598425197
20
0.2959361023622047
11
0.151809842519685
21
0.2927429527559055
0
LINE
8
BLACK
6
CONTINUOUS
10
0.151809842519685
20
0.2927429527559055
11
0.1525590551181102
21
0.2889763779527559
0
LINE
8
BLACK
6
CONTINUOUS
10
0.1525590551181102
20
0.2889763779527559
11
0.1525590551181102
21
0.2862204724409449
0
LINE
8
BLACK
6
CONTINUOUS
10
0.1525590551181102
20
0.2862204724409449
11
0.1757874015748032
21
0.2862204724409449
0
LINE
8
BLACK
6
CONTINUOUS
10
0.1757874015748032
20
0.2862204724409449
11
0.1757874015748032
21
0.2889763779527559
0
LINE
8
BLACK
6
CONTINUOUS
10
0.1757874015748032
20
0.2889763779527559
11
0.1765366141732283
21
0.2927429527559055
0
LINE
8
BLACK
6
CONTINUOUS
10
0.1765366141732283
20
0.2927429527559055
11
0.1786701968503937
21
0.2959361023622047
0
LINE
8
BLACK
6
CONTINUOUS
10
0.1786701968503937
20
0.2959361023622047
11
0.1796818897637795
21
0.296612125984252
0
LINE
8
BLACK
6
CONTINUOUS
10
0.1796818897637795
20
0.296612125984252
11
0.1729895275590551
21
0.3033044881889764
0
LINE
8
BLACK
6
CONTINUOUS
10
0.1729895275590551
20
0.3033044881889764
11
0.1722550787401575
21
0.3041994094488189
0
LINE
8
BLACK
6
CONTINUOUS
10
0.1722550787401575
20
0.3041994094488189
11
0.1715310236220473
21
0.3059474803149606
0
LINE
8
BLACK
6
CONTINUOUS
10
0.1715310236220473
20
0.3059474803149606
11
0.1713733070866142
21
0.3063281889763779
0
LINE
8
BLACK
6
CONTINUOUS
10
0.1713733070866142
20
0.3063281889763779
11
0.171259842519685
21
0.3074803149606299
0
LINE
8
BLACK
6
CONTINUOUS
10
0.171259842519685
20
0.3074803149606299
11
0.171259842519685
21
0.3852362204724409
0
LINE
8
BLACK
6
CONTINUOUS
10
0.171259842519685
20
0.3852362204724409
11
0.1692913385826772
21
0.3852362204724409
0
LINE
8
BLACK
6
CONTINUOUS
10
0.1692913385826772
20
0.3852362204724409
11
0.1692913385826772
21
0.4639763779527559
0
LINE
8
BLACK
6
CONTINUOUS
10
0.1692913385826772
20
0.4639763779527559
11
0.171259842519685
21
0.4639763779527559
0
LINE
8
BLACK
6
CONTINUOUS
10
0.171259842519685
20
0.4639763779527559
11
0.171259842519685
21
0.5278688188976378
0
LINE
8
BLACK
6
CONTINUOUS
10
0.171259842519685
20
0.5278688188976378
11
0.171175905511811
21
0.5279527559055118
0
LINE
8
BLACK
6
CONTINUOUS
10
0.171175905511811
20
0.5279527559055118
11
0.1279527559055118
21
0.5279527559055118
0
LINE
8
BLACK
6
CONTINUOUS
10
0.2952755905511811
20
0.3852362204724409
11
0.2933070866141732
21
0.3852362204724409
0
LINE
8
BLACK
6
CONTINUOUS
10
0.2933070866141732
20
0.3852362204724409
11
0.2933070866141732
21
0.3433070866141732
0
LINE
8
BLACK
6
CONTINUOUS
10
0.2933070866141732
20
0.3433070866141732
11
0.2931936220472441
21
0.3421549606299212
0
LINE
8
BLACK
6
CONTINUOUS
10
0.2931936220472441
20
0.3421549606299212
11
0.2931470078740158
21
0.3420424409448819
0
LINE
8
BLACK
6
CONTINUOUS
10
0.2931470078740158
20
0.3420424409448819
11
0.2923118503937008
21
0.3400261811023622
0
LINE
8
BLACK
6
CONTINUOUS
10
0.2923118503937008
20
0.3400261811023622
11
0.2915774015748032
21
0.3391312598425197
0
LINE
8
BLACK
6
CONTINUOUS
10
0.2915774015748032
20
0.3391312598425197
11
0.2533464566929134
21
0.3009003149606299
0
LINE
8
BLACK
6
CONTINUOUS
10
0.2533464566929134
20
0.3009003149606299
11
0.2533464566929134
21
0.2400445669291338
0
LINE
8
BLACK
6
CONTINUOUS
10
0.2533464566929134
20
0.2400445669291338
11
0.2699165354330709
21
0.2234744881889764
0
LINE
8
BLACK
6
CONTINUOUS
10
0.2699165354330709
20
0.2234744881889764
11
0.2726377952755906
21
0.2240157480314961
0
LINE
8
BLACK
6
CONTINUOUS
10
0.2726377952755906
20
0.2240157480314961
11
0.3100393700787402
21
0.2240157480314961
0
LINE
8
BLACK
6
CONTINUOUS
10
0.3100393700787402
20
0.2240157480314961
11
0.3138059448818897
21
0.2232665354330709
0
LINE
8
BLACK
6
CONTINUOUS
10
0.3138059448818897
20
0.2232665354330709
11
0.316999094488189
21
0.2211329527559055
0
LINE
8
BLACK
6
CONTINUOUS
10
0.316999094488189
20
0.2211329527559055
11
0.3191326771653543
21
0.2179398031496063
0
LINE
8
BLACK
6
CONTINUOUS
10
0.3191326771653543
20
0.2179398031496063
11
0.3198818897637795
21
0.2141732283464567
0
LINE
8
BLACK
6
CONTINUOUS
10
0.3198818897637795
20
0.2141732283464567
11
0.3198818897637795
21
0.194488188976378
0
LINE
8
BLACK
6
CONTINUOUS
10
0.3198818897637795
20
0.194488188976378
11
0.3191326771653543
21
0.1907216141732283
0
LINE
8
BLACK
6
CONTINUOUS
10
0.3191326771653543
20
0.1907216141732283
11
0.316999094488189
21
0.1875284645669291
0
LINE
8
BLACK
6
CONTINUOUS
10
0.316999094488189
20
0.1875284645669291
11
0.3138059448818897
21
0.1853948818897638
0
LINE
8
BLACK
6
CONTINUOUS
10
0.3138059448818897
20
0.1853948818897638
11
0.3100393700787402
21
0.1846456692913386
0
LINE
8
BLACK
6
CONTINUOUS
10
0.3100393700787402
20
0.1846456692913386
11
0.2726377952755906
21
0.1846456692913386
0
LINE
8
BLACK
6
CONTINUOUS
10
0.2726377952755906
20
0.1846456692913386
11
0.2688712204724409
21
0.1853948818897638
0
LINE
8
BLACK
6
CONTINUOUS
10
0.2688712204724409
20
0.1853948818897638
11
0.2656780708661417
21
0.1875284645669291
0
LINE
8
BLACK
6
CONTINUOUS
10
0.2656780708661417
20
0.1875284645669291
11
0.2635444881889764
21
0.1907216141732283
0
LINE
8
BLACK
6
CONTINUOUS
10
0.2635444881889764
20
0.1907216141732283
11
0.2627952755905512
21
0.194488188976378
0
LINE
8
BLACK
6
CONTINUOUS
10
0.2627952755905512
20
0.194488188976378
11
0.2627952755905512
21
0.2138924409448819
0
LINE
8
BLACK
6
CONTINUOUS
10
0.2627952755905512
20
0.2138924409448819
11
0.2432651181102362
21
0.2334225984251969
0
LINE
8
BLACK
6
CONTINUOUS
10
0.2432651181102362
20
0.2334225984251969
11
0.2425306692913386
21
0.2343175196850394
0
LINE
8
BLACK
6
CONTINUOUS
10
0.2425306692913386
20
0.2343175196850394
11
0.2420141338582677
21
0.2355645275590551
0
LINE
8
BLACK
6
CONTINUOUS
10
0.2420141338582677
20
0.2355645275590551
11
0.2416488976377953
21
0.2364462992125984
0
LINE
8
BLACK
6
CONTINUOUS
10
0.2416488976377953
20
0.2364462992125984
11
0.2415354330708661
21
0.2375984251968504
0
LINE
8
BLACK
6
CONTINUOUS
10
0.2415354330708661
20
0.2375984251968504
11
0.2415354330708661
21
0.3033464566929134
0
LINE
8
BLACK
6
CONTINUOUS
10
0.2415354330708661
20
0.3033464566929134
11
0.2416488976377953
21
0.3044985826771653
0
LINE
8
BLACK
6
CONTINUOUS
10
0.2416488976377953
20
0.3044985826771653
11
0.2422490551181102
21
0.3059474803149606
0
LINE
8
BLACK
6
CONTINUOUS
10
0.2422490551181102
20
0.3059474803149606
11
0.2425306692913386
21
0.3066273622047244
0
LINE
8
BLACK
6
CONTINUOUS
10
0.2425306692913386
20
0.3066273622047244
11
0.2432651181102362
21
0.3075222834645669
0
LINE
8
BLACK
6
CONTINUOUS
10
0.2432651181102362
20
0.3075222834645669
11
0.281496062992126
21
0.3457532283464567
0
LINE
8
BLACK
6
CONTINUOUS
10
0.281496062992126
20
0.3457532283464567
11
0.281496062992126
21
0.3852362204724409
0
LINE
8
BLACK
6
CONTINUOUS
10
0.281496062992126
20
0.3852362204724409
11
0.2795275590551181
21
0.3852362204724409
0
LINE
8
BLACK
6
CONTINUOUS
10
0.2795275590551181
20
0.3852362204724409
11
0.2795275590551181
21
0.4639763779527559
0
LINE
8
BLACK
6
CONTINUOUS
10
0.2795275590551181
20
0.4639763779527559
11
0.2952755905511811
21
0.4639763779527559
0
LINE
8
BLACK
6
CONTINUOUS
10
0.2952755905511811
20
0.4639763779527559
11
0.2952755905511811
21
0.3852362204724409
0
LINE
8
BLACK
6
CONTINUOUS
10
0.3779527559055118
20
0.3852362204724409
11
0.3759842519685039
21
0.3852362204724409
0
LINE
8
BLACK
6
CONTINUOUS
10
0.3759842519685039
20
0.3852362204724409
11
0.3759842519685039
21
0.3465406299212598
0
LINE
8
BLACK
6
CONTINUOUS
10
0.3759842519685039
20
0.3465406299212598
11
0.4165774015748032
21
0.3059474803149606
0
LINE
8
BLACK
6
CONTINUOUS
10
0.4165774015748032
20
0.3059474803149606
11
0.4173118503937008
21
0.3050525590551181
0
LINE
8
BLACK
6
CONTINUOUS
10
0.4173118503937008
20
0.3050525590551181
11
0.4176652362204724
21
0.3041994094488189
0
LINE
8
BLACK
6
CONTINUOUS
10
0.4176652362204724
20
0.3041994094488189
11
0.4181936220472441
21
0.3029237795275591
0
LINE
8
BLACK
6
CONTINUOUS
10
0.4181936220472441
20
0.3029237795275591
11
0.4183070866141732
21
0.3017716535433071
0
LINE
8
BLACK
6
CONTINUOUS
10
0.4183070866141732
20
0.3017716535433071
11
0.4183070866141732
21
0.2395669291338583
0
LINE
8
BLACK
6
CONTINUOUS
10
0.4183070866141732
20
0.2395669291338583
11
0.4181936220472441
21
0.2384148031496063
0
LINE
8
BLACK
6
CONTINUOUS
10
0.4181936220472441
20
0.2384148031496063
11
0.4178554724409449
21
0.2375984251968504
0
LINE
8
BLACK
6
CONTINUOUS
10
0.4178554724409449
20
0.2375984251968504
11
0.4173118503937008
21
0.2362860236220472
0
LINE
8
BLACK
6
CONTINUOUS
10
0.4173118503937008
20
0.2362860236220472
11
0.4165774015748032
21
0.2353911023622047
0
LINE
8
BLACK
6
CONTINUOUS
10
0.4165774015748032
20
0.2353911023622047
11
0.3970955905511811
21
0.2159093307086614
0
LINE
8
BLACK
6
CONTINUOUS
10
0.3970955905511811
20
0.2159093307086614
11
0.3974409448818897
21
0.2141732283464567
0
LINE
8
BLACK
6
CONTINUOUS
10
0.3974409448818897
20
0.2141732283464567
11
0.3974409448818897
21
0.194488188976378
0
LINE
8
BLACK
6
CONTINUOUS
10
0.3974409448818897
20
0.194488188976378
11
0.3966917322834645
21
0.1907216141732283
0
LINE
8
BLACK
6
CONTINUOUS
10
0.3966917322834645
20
0.1907216141732283
11
0.3945581496062992
21
0.1875284645669291
0
LINE
8
BLACK
6
CONTINUOUS
10
0.3945581496062992
20
0.1875284645669291
11
0.391365
21
0.1853948818897638
0
LINE
8
BLACK
6
CONTINUOUS
10
0.391365
20
0.1853948818897638
11
0.3875984251968504
21
0.1846456692913386
0
LINE
8
BLACK
6
CONTINUOUS
10
0.3875984251968504
20
0.1846456692913386
11
0.3501968503937008
21
0.1846456692913386
0
LINE
8
BLACK
6
CONTINUOUS
10
0.3501968503937008
20
0.1846456692913386
11
0.3464302755905512
21
0.1853948818897638
0
LINE
8
BLACK
6
CONTINUOUS
10
0.3464302755905512
20
0.1853948818897638
11
0.3432371259842519
21
0.1875284645669291
0
LINE
8
BLACK
6
CONTINUOUS
10
0.3432371259842519
20
0.1875284645669291
11
0.3411035433070866
21
0.1907216141732283
0
LINE
8
BLACK
6
CONTINUOUS
10
0.3411035433070866
20
0.1907216141732283
11
0.3403543307086614
21
0.194488188976378
0
LINE
8
BLACK
6
CONTINUOUS
10
0.3403543307086614
20
0.194488188976378
11
0.3403543307086614
21
0.2141732283464567
0
LINE
8
BLACK
6
CONTINUOUS
10
0.3403543307086614
20
0.2141732283464567
11
0.3411035433070866
21
0.2179398031496063
0
LINE
8
BLACK
6
CONTINUOUS
10
0.3411035433070866
20
0.2179398031496063
11
0.3432371259842519
21
0.2211329527559055
0
LINE
8
BLACK
6
CONTINUOUS
10
0.3432371259842519
20
0.2211329527559055
11
0.3464302755905512
21
0.2232665354330709
0
LINE
8
BLACK
6
CONTINUOUS
10
0.3464302755905512
20
0.2232665354330709
11
0.3501968503937008
21
0.2240157480314961
0
LINE
8
BLACK
6
CONTINUOUS
10
0.3501968503937008
20
0.2240157480314961
11
0.3875984251968504
21
0.2240157480314961
0
LINE
8
BLACK
6
CONTINUOUS
10
0.3875984251968504
20
0.2240157480314961
11
0.3883493307086614
21
0.2238663779527559
0
LINE
8
BLACK
6
CONTINUOUS
10
0.3883493307086614
20
0.2238663779527559
11
0.406496062992126
21
0.2420130708661417
0
LINE
8
BLACK
6
CONTINUOUS
10
0.406496062992126
20
0.2420130708661417
11
0.406496062992126
21
0.2993255118110236
0
LINE
8
BLACK
6
CONTINUOUS
10
0.406496062992126
20
0.2993255118110236
11
0.3659029133858268
21
0.3399186614173229
0
LINE
8
BLACK
6
CONTINUOUS
10
0.3659029133858268
20
0.3399186614173229
11
0.3651684645669291
21
0.3408135826771653
0
LINE
8
BLACK
6
CONTINUOUS
10
0.3651684645669291
20
0.3408135826771653
11
0.3642866929133858
21
0.3429424015748032
0
LINE
8
BLACK
6
CONTINUOUS
10
0.3642866929133858
20
0.3429424015748032
11
0.3641732283464567
21
0.3440944881889764
0
LINE
8
BLACK
6
CONTINUOUS
10
0.3641732283464567
20
0.3440944881889764
11
0.3641732283464567
21
0.3852362204724409
0
LINE
8
BLACK
6
CONTINUOUS
10
0.3641732283464567
20
0.3852362204724409
11
0.3622047244094488
21
0.3852362204724409
0
LINE
8
BLACK
6
CONTINUOUS
10
0.3622047244094488
20
0.3852362204724409
11
0.3622047244094488
21
0.4639763779527559
0
LINE
8
BLACK
6
CONTINUOUS
10
0.3622047244094488
20
0.4639763779527559
11
0.3779527559055118
21
0.4639763779527559
0
LINE
8
BLACK
6
CONTINUOUS
10
0.3779527559055118
20
0.4639763779527559
11
0.3779527559055118
21
0.3852362204724409
0
LINE
8
BLACK
6
CONTINUOUS
10
0.5860720866141732
20
0.5074730314960629
11
0.5868847637795276
21
0.5068181496062992
0
LINE
8
BLACK
6
CONTINUOUS
10
0.5868847637795276
20
0.5068181496062992
11
0.6843772047244094
21
0.4093257086614173
0
LINE
8
BLACK
6
CONTINUOUS
10
0.6843772047244094
20
0.4093257086614173
11
0.6856955118110236
21
0.4069114173228346
0
LINE
8
BLACK
6
CONTINUOUS
10
0.6856955118110236
20
0.4069114173228346
11
0.6858070866141732
21
0.4058737007874016
0
LINE
8
BLACK
6
CONTINUOUS
10
0.6858070866141732
20
0.4058737007874016
11
0.6858070866141732
21
0.2606617716535433
0
LINE
8
BLACK
6
CONTINUOUS
10
0.6858070866141732
20
0.2606617716535433
11
0.6850320866141733
21
0.2580224409448819
0
LINE
8
BLACK
6
CONTINUOUS
10
0.6850320866141733
20
0.2580224409448819
11
0.6843772047244094
21
0.2572097637795275
0
LINE
8
BLACK
6
CONTINUOUS
10
0.6843772047244094
20
0.2572097637795275
11
0.6655599212598425
21
0.2383924803149606
0
LINE
8
BLACK
6
CONTINUOUS
10
0.6655599212598425
20
0.2383924803149606
11
0.6631456299212598
21
0.2370741732283465
0
LINE
8
BLACK
6
CONTINUOUS
10
0.6631456299212598
20
0.2370741732283465
11
0.6604018503937008
21
0.2372703937007874
0
LINE
8
BLACK
6
CONTINUOUS
10
0.6604018503937008
20
0.2372703937007874
11
0.6589495669291339
21
0.2382037401574803
0
LINE
8
BLACK
6
CONTINUOUS
10
0.6589495669291339
20
0.2382037401574803
11
0.6589238582677165
21
0.2381711811023622
0
LINE
8
BLACK
6
CONTINUOUS
10
0.6589238582677165
20
0.2381711811023622
11
0.6587010236220472
21
0.2383474015748031
0
LINE
8
BLACK
6
CONTINUOUS
10
0.6587010236220472
20
0.2383474015748031
11
0.658700905511811
21
0.2383474803149606
0
LINE
8
BLACK
6
CONTINUOUS
10
0.658700905511811
20
0.2383474803149606
11
0.6586732677165354
21
0.2383645275590551
0
LINE
8
BLACK
6
CONTINUOUS
10
0.6586732677165354
20
0.2383645275590551
11
0.6586583070866141
21
0.2383811811023622
0
LINE
8
BLACK
6
CONTINUOUS
10
0.6586583070866141
20
0.2383811811023622
11
0.6584777952755906
21
0.2385238976377953
0
LINE
8
BLACK
6
CONTINUOUS
10
0.6584777952755906
20
0.2385238976377953
11
0.6585021653543307
21
0.2385547637795276
0
LINE
8
BLACK
6
CONTINUOUS
10
0.6585021653543307
20
0.2385547637795276
11
0.6568336614173228
21
0.2404095275590551
0
LINE
8
BLACK
6
CONTINUOUS
10
0.6568336614173228
20
0.2404095275590551
11
0.6563916929133858
21
0.2431245669291338
0
LINE
8
BLACK
6
CONTINUOUS
10
0.6563916929133858
20
0.2431245669291338
11
0.657487716535433
21
0.2456475590551181
0
LINE
8
BLACK
6
CONTINUOUS
10
0.657487716535433
20
0.2456475590551181
11
0.6584824803149606
21
0.2465095669291339
0
LINE
8
BLACK
6
CONTINUOUS
10
0.6584824803149606
20
0.2465095669291339
11
0.6584777952755906
21
0.2465154724409449
0
LINE
8
BLACK
6
CONTINUOUS
10
0.6584777952755906
20
0.2465154724409449
11
0.6586097244094488
21
0.246619842519685
0
LINE
8
BLACK
6
CONTINUOUS
10
0.6586097244094488
20
0.246619842519685
11
0.6586731889763779
21
0.246674842519685
0
LINE
8
BLACK
6
CONTINUOUS
10
0.6586731889763779
20
0.246674842519685
11
0.658700905511811
21
0.2466918897637795
0
LINE
8
BLACK
6
CONTINUOUS
10
0.658700905511811
20
0.2466918897637795
11
0.6635443307086614
21
0.2515353149606299
0
LINE
8
BLACK
6
CONTINUOUS
10
0.6635443307086614
20
0.2515353149606299
11
0.6671402362204725
21
0.257365157480315
0
LINE
8
BLACK
6
CONTINUOUS
10
0.6671402362204725
20
0.257365157480315
11
0.6692947637795276
21
0.2638671259842519
0
LINE
8
BLACK
6
CONTINUOUS
10
0.6692947637795276
20
0.2638671259842519
11
0.6697047244094488
21
0.26788
0
LINE
8
BLACK
6
CONTINUOUS
10
0.6697047244094488
20
0.26788
11
0.6697047244094488
21
0.2909782677165354
0
LINE
8
BLACK
6
CONTINUOUS
10
0.6697047244094488
20
0.2909782677165354
11
0.6692947637795276
21
0.2949911417322835
0
LINE
8
BLACK
6
CONTINUOUS
10
0.6692947637795276
20
0.2949911417322835
11
0.6671402362204725
21
0.3014931102362204
0
LINE
8
BLACK
6
CONTINUOUS
10
0.6671402362204725
20
0.3014931102362204
11
0.6671400787401575
21
0.3014933464566929
0
LINE
8
BLACK
6
CONTINUOUS
10
0.6671400787401575
20
0.3014933464566929
11
0.6671400393700787
21
0.3014934645669291
0
LINE
8
BLACK
6
CONTINUOUS
10
0.6671400393700787
20
0.3014934645669291
11
0.6635444094488189
21
0.3073228346456693
0
LINE
8
BLACK
6
CONTINUOUS
10
0.6635444094488189
20
0.3073228346456693
11
0.6635442913385826
21
0.3073229921259842
0
LINE
8
BLACK
6
CONTINUOUS
10
0.6635442913385826
20
0.3073229921259842
11
0.658700905511811
21
0.3121663779527559
0
LINE
8
BLACK
6
CONTINUOUS
10
0.658700905511811
20
0.3121663779527559
11
0.658700748031496
21
0.3121664960629921
0
LINE
8
BLACK
6
CONTINUOUS
10
0.658700748031496
20
0.3121664960629921
11
0.6528713779527558
21
0.315762125984252
0
LINE
8
BLACK
6
CONTINUOUS
10
0.6528713779527558
20
0.315762125984252
11
0.6528711417322834
21
0.3157622440944882
0
LINE
8
BLACK
6
CONTINUOUS
10
0.6528711417322834
20
0.3157622440944882
11
0.6528710629921259
21
0.3157622834645669
0
LINE
8
BLACK
6
CONTINUOUS
10
0.6528710629921259
20
0.3157622834645669
11
0.6523418897637795
21
0.3159376377952756
0
LINE
8
BLACK
6
CONTINUOUS
10
0.6523418897637795
20
0.3159376377952756
11
0.6463691338582677
21
0.317916811023622
0
LINE
8
BLACK
6
CONTINUOUS
10
0.6463691338582677
20
0.317916811023622
11
0.6423564960629922
21
0.3183267716535433
0
LINE
8
BLACK
6
CONTINUOUS
10
0.6423564960629922
20
0.3183267716535433
11
0.6423562204724409
21
0.3183267716535433
0
LINE
8
BLACK
6
CONTINUOUS
10
0.6423562204724409
20
0.3183267716535433
11
0.6025256692913386
21
0.3183267716535433
0
LINE
8
BLACK
6
CONTINUOUS
10
0.6025256692913386
20
0.3183267716535433
11
0.6025253543307086
21
0.3183267716535433
0
LINE
8
BLACK
6
CONTINUOUS
10
0.6025253543307086
20
0.3183267716535433
11
0.598512716535433
21
0.317916811023622
0
LINE
8
BLACK
6
CONTINUOUS
10
0.598512716535433
20
0.317916811023622
11
0.592010905511811
21
0.3157623228346457
0
LINE
8
BLACK
6
CONTINUOUS
10
0.592010905511811
20
0.3157623228346457
11
0.5920104724409448
21
0.315762125984252
0
LINE
8
BLACK
6
CONTINUOUS
10
0.5920104724409448
20
0.315762125984252
11
0.5861811023622047
21
0.3121664960629921
0
LINE
8
BLACK
6
CONTINUOUS
10
0.5861811023622047
20
0.3121664960629921
11
0.586180905511811
21
0.3121663385826772
0
LINE
8
BLACK
6
CONTINUOUS
10
0.586180905511811
20
0.3121663385826772
11
0.5854172440944881
21
0.3114026771653543
0
LINE
8
BLACK
6
CONTINUOUS
10
0.5854172440944881
20
0.3114026771653543
11
0.5830029527559055
21
0.3100844094488189
0
LINE
8
BLACK
6
CONTINUOUS
10
0.5830029527559055
20
0.3100844094488189
11
0.5802591732283464
21
0.3102807086614173
0
LINE
8
BLACK
6
CONTINUOUS
10
0.5802591732283464
20
0.3102807086614173
11
0.578843188976378
21
0.311190748031496
0
LINE
8
BLACK
6
CONTINUOUS
10
0.578843188976378
20
0.311190748031496
11
0.5788117716535432
21
0.3111509448818898
0
LINE
8
BLACK
6
CONTINUOUS
10
0.5788117716535432
20
0.3111509448818898
11
0.5785888976377953
21
0.3113271653543307
0
LINE
8
BLACK
6
CONTINUOUS
10
0.5785888976377953
20
0.3113271653543307
11
0.5785888188976378
21
0.3113272440944882
0
LINE
8
BLACK
6
CONTINUOUS
10
0.5785888188976378
20
0.3113272440944882
11
0.5727099999999999
21
0.3149533070866142
0
LINE
8
BLACK
6
CONTINUOUS
10
0.5727099999999999
20
0.3149533070866142
11
0.5661534251968504
21
0.3171259448818898
0
LINE
8
BLACK
6
CONTINUOUS
10
0.5661534251968504
20
0.3171259448818898
11
0.5661533464566929
21
0.3171259842519685
0
LINE
8
BLACK
6
CONTINUOUS
10
0.5661533464566929
20
0.3171259842519685
11
0.5621066929133858
21
0.3175393700787402
0
LINE
8
BLACK
6
CONTINUOUS
10
0.5621066929133858
20
0.3175393700787402
11
0.5227361417322834
21
0.3175393700787402
0
LINE
8
BLACK
6
CONTINUOUS
10
0.5227361417322834
20
0.3175393700787402
11
0.5227354330708661
21
0.3175393307086614
0
LINE
8
BLACK
6
CONTINUOUS
10
0.5227354330708661
20
0.3175393307086614
11
0.518689094488189
21
0.3171259842519685
0
LINE
8
BLACK
6
CONTINUOUS
10
0.518689094488189
20
0.3171259842519685
11
0.5186889763779527
21
0.3171259448818898
0
LINE
8
BLACK
6
CONTINUOUS
10
0.5186889763779527
20
0.3171259448818898
11
0.5121325984251969
21
0.3149533464566929
0
LINE
8
BLACK
6
CONTINUOUS
10
0.5121325984251969
20
0.3149533464566929
11
0.5121322440944882
21
0.3149531889763779
0
LINE
8
BLACK
6
CONTINUOUS
10
0.5121322440944882
20
0.3149531889763779
11
0.5063688976377952
21
0.3113983070866141
0
LINE
8
BLACK
6
CONTINUOUS
10
0.5063688976377952
20
0.3113983070866141
11
0.5037156692913386
21
0.3106723228346457
0
LINE
8
BLACK
6
CONTINUOUS
10
0.5037156692913386
20
0.3106723228346457
11
0.5010911417322834
21
0.311496062992126
0
LINE
8
BLACK
6
CONTINUOUS
10
0.5010911417322834
20
0.311496062992126
11
0.5003540551181103
21
0.3121013779527559
0
LINE
8
BLACK
6
CONTINUOUS
10
0.5003540551181103
20
0.3121013779527559
11
0.5001439763779527
21
0.3123114566929134
0
LINE
8
BLACK
6
CONTINUOUS
10
0.5001439763779527
20
0.3123114566929134
11
0.500143937007874
21
0.3123114960629921
0
LINE
8
BLACK
6
CONTINUOUS
10
0.500143937007874
20
0.3123114960629921
11
0.4958607874015748
21
0.3149533464566929
0
LINE
8
BLACK
6
CONTINUOUS
10
0.4958607874015748
20
0.3149533464566929
11
0.4942651968503937
21
0.3159375196850394
0
LINE
8
BLACK
6
CONTINUOUS
10
0.4942651968503937
20
0.3159375196850394
11
0.494265
21
0.3159375984251969
0
LINE
8
BLACK
6
CONTINUOUS
10
0.494265
20
0.3159375984251969
11
0.4933335039370079
21
0.3162462598425197
0
LINE
8
BLACK
6
CONTINUOUS
10
0.4933335039370079
20
0.3162462598425197
11
0.4877085433070866
21
0.3181101968503937
0
LINE
8
BLACK
6
CONTINUOUS
10
0.4877085433070866
20
0.3181101968503937
11
0.4877084645669291
21
0.3181102362204724
0
LINE
8
BLACK
6
CONTINUOUS
10
0.4877084645669291
20
0.3181102362204724
11
0.483661811023622
21
0.3185236220472441
0
LINE
8
BLACK
6
CONTINUOUS
10
0.483661811023622
20
0.3185236220472441
11
0.4423227559055118
21
0.3185236220472441
0
LINE
8
BLACK
6
CONTINUOUS
10
0.4423227559055118
20
0.3185236220472441
11
0.4423220472440945
21
0.3185235826771654
0
LINE
8
BLACK
6
CONTINUOUS
10
0.4423220472440945
20
0.3185235826771654
11
0.4382757086614173
21
0.3181102362204724
0
LINE
8
BLACK
6
CONTINUOUS
10
0.4382757086614173
20
0.3181102362204724
11
0.4382754330708661
21
0.318110157480315
0
LINE
8
BLACK
6
CONTINUOUS
10
0.4382754330708661
20
0.318110157480315
11
0.4366316141732283
21
0.3175654330708662
0
LINE
8
BLACK
6
CONTINUOUS
10
0.4366316141732283
20
0.3175654330708662
11
0.4338824803149606
21
0.3174708661417323
0
LINE
8
BLACK
6
CONTINUOUS
10
0.4338824803149606
20
0.3174708661417323
11
0.4316440551181102
21
0.3187475196850393
0
LINE
8
BLACK
6
CONTINUOUS
10
0.4316440551181102
20
0.3187475196850393
11
0.4021260236220472
21
0.3482655511811024
0
LINE
8
BLACK
6
CONTINUOUS
10
0.4021260236220472
20
0.3482655511811024
11
0.4013124409448819
21
0.347451968503937
0
LINE
8
BLACK
6
CONTINUOUS
10
0.4013124409448819
20
0.347451968503937
11
0.3991836220472441
21
0.3465701574803149
0
LINE
8
BLACK
6
CONTINUOUS
10
0.3991836220472441
20
0.3465701574803149
11
0.3968793700787401
21
0.3465701574803149
0
LINE
8
BLACK
6
CONTINUOUS
10
0.3968793700787401
20
0.3465701574803149
11
0.3947505511811024
21
0.347451968503937
0
LINE
8
BLACK
6
CONTINUOUS
10
0.3947505511811024
20
0.347451968503937
11
0.3931212598425197
21
0.3490812598425197
0
LINE
8
BLACK
6
CONTINUOUS
10
0.3931212598425197
20
0.3490812598425197
11
0.3922394488188976
21
0.3512100787401575
0
LINE
8
BLACK
6
CONTINUOUS
10
0.3922394488188976
20
0.3512100787401575
11
0.3921259842519685
21
0.3523622047244094
0
LINE
8
BLACK
6
CONTINUOUS
10
0.3921259842519685
20
0.3523622047244094
11
0.3921259842519685
21
0.3852362204724409
0
LINE
8
BLACK
6
CONTINUOUS
10
0.3921259842519685
20
0.3852362204724409
11
0.389763779527559
21
0.3852362204724409
0
LINE
8
BLACK
6
CONTINUOUS
10
0.389763779527559
20
0.3852362204724409
11
0.389763779527559
21
0.4639763779527559
0
LINE
8
BLACK
6
CONTINUOUS
10
0.389763779527559
20
0.4639763779527559
11
0.3921259842519685
21
0.4639763779527559
0
LINE
8
BLACK
6
CONTINUOUS
10
0.3921259842519685
20
0.4639763779527559
11
0.3921259842519685
21
0.4779239763779528
0
LINE
8
BLACK
6
CONTINUOUS
10
0.3921259842519685
20
0.4779239763779528
11
0.3920294094488189
21
0.4780529527559055
0
LINE
8
BLACK
6
CONTINUOUS
10
0.3920294094488189
20
0.4780529527559055
11
0.3920293700787402
21
0.4780529921259842
0
LINE
8
BLACK
6
CONTINUOUS
10
0.3920293700787402
20
0.4780529921259842
11
0.3917198818897638
21
0.47828468503937
0
LINE
8
BLACK
6
CONTINUOUS
10
0.3917198818897638
20
0.47828468503937
11
0.3900714960629921
21
0.4804868897637795
0
LINE
8
BLACK
6
CONTINUOUS
10
0.3900714960629921
20
0.4804868897637795
11
0.389763779527559
21
0.4821927165354331
0
LINE
8
BLACK
6
CONTINUOUS
10
0.389763779527559
20
0.4821927165354331
11
0.389763779527559
21
0.4836614173228346
0
LINE
8
BLACK
6
CONTINUOUS
10
0.389763779527559
20
0.4836614173228346
11
0.3878801181102362
21
0.4836614173228346
0
LINE
8
BLACK
6
CONTINUOUS
10
0.3878801181102362
20
0.4836614173228346
11
0.3855363779527559
21
0.4834094094488189
0
LINE
8
BLACK
6
CONTINUOUS
10
0.3855363779527559
20
0.4834094094488189
11
0.385239094488189
21
0.4833391338582677
0
LINE
8
BLACK
6
CONTINUOUS
10
0.385239094488189
20
0.4833391338582677
11
0.385223779527559
21
0.4834038582677165
0
LINE
8
BLACK
6
CONTINUOUS
10
0.385223779527559
20
0.4834038582677165
11
0.3828483464566929
21
0.4832341338582677
0
LINE
8
BLACK
6
CONTINUOUS
10
0.3828483464566929
20
0.4832341338582677
11
0.3821895275590551
21
0.4834275984251968
0
LINE
8
BLACK
6
CONTINUOUS
10
0.3821895275590551
20
0.4834275984251968
11
0.3821846850393701
21
0.4834287401574803
0
LINE
8
BLACK
6
CONTINUOUS
10
0.3821846850393701
20
0.4834287401574803
11
0.3821843700787402
21
0.483428779527559
0
LINE
8
BLACK
6
CONTINUOUS
10
0.3821843700787402
20
0.483428779527559
11
0.3798375196850394
21
0.4836811023622047
0
LINE
8
BLACK
6
CONTINUOUS
10
0.3798375196850394
20
0.4836811023622047
11
0.379837125984252
21
0.4836811023622047
0
LINE
8
BLACK
6
CONTINUOUS
10
0.379837125984252
20
0.4836811023622047
11
0.3603200393700787
21
0.4836811023622047
0
LINE
8
BLACK
6
CONTINUOUS
10
0.3603200393700787
20
0.4836811023622047
11
0.3603198031496063
21
0.483681062992126
0
LINE
8
BLACK
6
CONTINUOUS
10
0.3603198031496063
20
0.483681062992126
11
0.3579732283464567
21
0.4834288188976378
0
LINE
8
BLACK
6
CONTINUOUS
10
0.3579732283464567
20
0.4834288188976378
11
0.3576761417322835
21
0.4833585826771654
0
LINE
8
BLACK
6
CONTINUOUS
10
0.3576761417322835
20
0.4833585826771654
11
0.3576625196850394
21
0.4834161417322835
0
LINE
8
BLACK
6
CONTINUOUS
10
0.3576625196850394
20
0.4834161417322835
11
0.3552607086614173
21
0.4832447244094488
0
LINE
8
BLACK
6
CONTINUOUS
10
0.3552607086614173
20
0.4832447244094488
11
0.3546692913385827
21
0.4834184251968504
0
LINE
8
BLACK
6
CONTINUOUS
10
0.3546692913385827
20
0.4834184251968504
11
0.3546252755905512
21
0.4834288188976378
0
LINE
8
BLACK
6
CONTINUOUS
10
0.3546252755905512
20
0.4834288188976378
11
0.3522788188976378
21
0.483681062992126
0
LINE
8
BLACK
6
CONTINUOUS
10
0.3522788188976378
20
0.483681062992126
11
0.3522784645669291
21
0.4836811023622047
0
LINE
8
BLACK
6
CONTINUOUS
10
0.3522784645669291
20
0.4836811023622047
11
0.3522780708661417
21
0.4836811023622047
0
LINE
8
BLACK
6
CONTINUOUS
10
0.3522780708661417
20
0.4836811023622047
11
0.3327609842519685
21
0.4836811023622047
0
LINE
8
BLACK
6
CONTINUOUS
10
0.3327609842519685
20
0.4836811023622047
11
0.3327607480314961
21
0.483681062992126
0
LINE
8
BLACK
6
CONTINUOUS
10
0.3327607480314961
20
0.483681062992126
11
0.3304141732283464
21
0.4834288188976378
0
LINE
8
BLACK
6
CONTINUOUS
10
0.3304141732283464
20
0.4834288188976378
11
0.3301170866141732
21
0.4833585826771654
0
LINE
8
BLACK
6
CONTINUOUS
10
0.3301170866141732
20
0.4833585826771654
11
0.3301034645669291
21
0.4834161417322835
0
LINE
8
BLACK
6
CONTINUOUS
10
0.3301034645669291
20
0.4834161417322835
11
0.3277016535433071
21
0.4832447244094488
0
LINE
8
BLACK
6
CONTINUOUS
10
0.3277016535433071
20
0.4832447244094488
11
0.3271102362204724
21
0.4834184251968504
0
LINE
8
BLACK
6
CONTINUOUS
10
0.3271102362204724
20
0.4834184251968504
11
0.3270662204724409
21
0.4834288188976378
0
LINE
8
BLACK
6
CONTINUOUS
10
0.3270662204724409
20
0.4834288188976378
11
0.3247197637795275
21
0.483681062992126
0
LINE
8
BLACK
6
CONTINUOUS
10
0.3247197637795275
20
0.483681062992126
11
0.3247194094488189
21
0.4836811023622047
0
LINE
8
BLACK
6
CONTINUOUS
10
0.3247194094488189
20
0.4836811023622047
11
0.3247190157480315
21
0.4836811023622047
0
LINE
8
BLACK
6
CONTINUOUS
10
0.3247190157480315
20
0.4836811023622047
11
0.3052019291338582
21
0.4836811023622047
0
LINE
8
BLACK
6
CONTINUOUS
10
0.3052019291338582
20
0.4836811023622047
11
0.3052016929133858
21
0.483681062992126
0
LINE
8
BLACK
6
CONTINUOUS
10
0.3052016929133858
20
0.483681062992126
11
0.3028551181102362
21
0.4834288188976378
0
LINE
8
BLACK
6
CONTINUOUS
10
0.3028551181102362
20
0.4834288188976378
11
0.302558031496063
21
0.4833585826771654
0
LINE
8
BLACK
6
CONTINUOUS
10
0.302558031496063
20
0.4833585826771654
11
0.3025444094488189
21
0.4834161417322835
0
LINE
8
BLACK
6
CONTINUOUS
10
0.3025444094488189
20
0.4834161417322835
11
0.3001425984251969
21
0.4832447244094488
0
LINE
8
BLACK
6
CONTINUOUS
10
0.3001425984251969
20
0.4832447244094488
11
0.2995511811023622
21
0.4834184251968504
0
LINE
8
BLACK
6
CONTINUOUS
10
0.2995511811023622
20
0.4834184251968504
11
0.2995071653543307
21
0.4834288188976378
0
LINE
8
BLACK
6
CONTINUOUS
10
0.2995071653543307
20
0.4834288188976378
11
0.2971607480314961
21
0.483681062992126
0
LINE
8
BLACK
6
CONTINUOUS
10
0.2971607480314961
20
0.483681062992126
11
0.2971606692913386
21
0.4836811023622047
0
LINE
8
BLACK
6
CONTINUOUS
10
0.2971606692913386
20
0.4836811023622047
11
0.2971603543307086
21
0.4836811023622047
0
LINE
8
BLACK
6
CONTINUOUS
10
0.2971603543307086
20
0.4836811023622047
11
0.2971600393700787
21
0.4836811023622047
0
LINE
8
BLACK
6
CONTINUOUS
10
0.2971600393700787
20
0.4836811023622047
11
0.2903346456692913
21
0.4836811023622047
0
LINE
8
BLACK
6
CONTINUOUS
10
0.2903346456692913
20
0.4836811023622047
11
0.2876953149606299
21
0.4844561023622047
0
LINE
8
BLACK
6
CONTINUOUS
10
0.2876953149606299
20
0.4844561023622047
11
0.285893937007874
21
0.486535
0
LINE
8
BLACK
6
CONTINUOUS
10
0.285893937007874
20
0.486535
11
0.2854527559055118
21
0.4885629921259843
0
LINE
8
BLACK
6
CONTINUOUS
10
0.2854527559055118
20
0.4885629921259843
11
0.2854527559055118
21
0.5033661417322834
0
LINE
8
BLACK
6
CONTINUOUS
10
0.2854527559055118
20
0.5033661417322834
11
0.2862277559055118
21
0.5060054724409448
0
LINE
8
BLACK
6
CONTINUOUS
10
0.2862277559055118
20
0.5060054724409448
11
0.2883066535433071
21
0.5078068503937008
0
LINE
8
BLACK
6
CONTINUOUS
10
0.2883066535433071
20
0.5078068503937008
11
0.2903346456692913
21
0.508248031496063
0
LINE
8
BLACK
6
CONTINUOUS
10
0.2903346456692913
20
0.508248031496063
11
0.5834327559055118
21
0.508248031496063
0
LINE
8
BLACK
6
CONTINUOUS
10
0.5834327559055118
20
0.508248031496063
11
0.5860720866141732
21
0.5074730314960629
0
LINE
8
BLACK
6
CONTINUOUS
10
0.405511811023622
20
0.3852362204724409
11
0.4039370078740158
21
0.3852362204724409
0
LINE
8
BLACK
6
CONTINUOUS
10
0.4039370078740158
20
0.3852362204724409
11
0.4039370078740158
21
0.3789981889763779
0
LINE
8
BLACK
6
CONTINUOUS
10
0.4039370078740158
20
0.3789981889763779
11
0.4049146062992126
21
0.3780206299212598
0
LINE
8
BLACK
6
CONTINUOUS
10
0.4049146062992126
20
0.3780206299212598
11
0.405511811023622
21
0.3756808661417323
0
LINE
8
BLACK
6
CONTINUOUS
10
0.405511811023622
20
0.3756808661417323
11
0.405511811023622
21
0.3655511811023622
0
LINE
8
BLACK
6
CONTINUOUS
10
0.405511811023622
20
0.3655511811023622
11
0.4073948031496063
21
0.3655511811023622
0
LINE
8
BLACK
6
CONTINUOUS
10
0.4073948031496063
20
0.3655511811023622
11
0.4073954330708661
21
0.3655512204724409
0
LINE
8
BLACK
6
CONTINUOUS
10
0.4073954330708661
20
0.3655512204724409
11
0.4097390551181102
21
0.3658032283464567
0
LINE
8
BLACK
6
CONTINUOUS
10
0.4097390551181102
20
0.3658032283464567
11
0.4097393307086614
21
0.3658033070866142
0
LINE
8
BLACK
6
CONTINUOUS
10
0.4097393307086614
20
0.3658033070866142
11
0.4150427559055118
21
0.3677813385826771
0
LINE
8
BLACK
6
CONTINUOUS
10
0.4150427559055118
20
0.3677813385826771
11
0.415043031496063
21
0.3677814960629921
0
LINE
8
BLACK
6
CONTINUOUS
10
0.415043031496063
20
0.3677814960629921
11
0.4195742913385827
21
0.3711736220472441
0
LINE
8
BLACK
6
CONTINUOUS
10
0.4195742913385827
20
0.3711736220472441
11
0.4195744094488189
21
0.3711737401574803
0
LINE
8
BLACK
6
CONTINUOUS
10
0.4195744094488189
20
0.3711737401574803
11
0.4229665354330708
21
0.375705
0
LINE
8
BLACK
6
CONTINUOUS
10
0.4229665354330708
20
0.375705
11
0.4229666929133858
21
0.3757052755905512
0
LINE
8
BLACK
6
CONTINUOUS
10
0.4229666929133858
20
0.3757052755905512
11
0.4249447244094488
21
0.3810087007874016
0
LINE
8
BLACK
6
CONTINUOUS
10
0.4249447244094488
20
0.3810087007874016
11
0.4249448031496063
21
0.3810089763779527
0
LINE
8
BLACK
6
CONTINUOUS
10
0.4249448031496063
20
0.3810089763779527
11
0.4251968110236221
21
0.3833525984251969
0
LINE
8
BLACK
6
CONTINUOUS
10
0.4251968110236221
20
0.3833525984251969
11
0.4251968503937008
21
0.3833532677165354
0
LINE
8
BLACK
6
CONTINUOUS
10
0.4251968503937008
20
0.3833532677165354
11
0.4251968503937008
21
0.4167322834645669
0
LINE
8
BLACK
6
CONTINUOUS
10
0.4251968503937008
20
0.4167322834645669
11
0.405511811023622
21
0.4167322834645669
0
LINE
8
BLACK
6
CONTINUOUS
10
0.405511811023622
20
0.4167322834645669
11
0.405511811023622
21
0.3852362204724409
0
LINE
8
BLACK
6
CONTINUOUS
10
0.405511811023622
20
0.473531811023622
11
0.404736811023622
21
0.4708924803149606
0
LINE
8
BLACK
6
CONTINUOUS
10
0.404736811023622
20
0.4708924803149606
11
0.4039370078740158
21
0.4701994488188976
0
LINE
8
BLACK
6
CONTINUOUS
10
0.4039370078740158
20
0.4701994488188976
11
0.4039370078740158
21
0.4639763779527559
0
LINE
8
BLACK
6
CONTINUOUS
10
0.4039370078740158
20
0.4639763779527559
11
0.405511811023622
21
0.4639763779527559
0
LINE
8
BLACK
6
CONTINUOUS
10
0.405511811023622
20
0.4639763779527559
11
0.405511811023622
21
0.4324803149606299
0
LINE
8
BLACK
6
CONTINUOUS
10
0.405511811023622
20
0.4324803149606299
11
0.4251968503937008
21
0.4324803149606299
0
LINE
8
BLACK
6
CONTINUOUS
10
0.4251968503937008
20
0.4324803149606299
11
0.4251968503937008
21
0.4658593700787401
0
LINE
8
BLACK
6
CONTINUOUS
10
0.4251968503937008
20
0.4658593700787401
11
0.4251968110236221
21
0.4658600393700787
0
LINE
8
BLACK
6
CONTINUOUS
10
0.4251968110236221
20
0.4658600393700787
11
0.4249448031496063
21
0.4682036614173228
0
LINE
8
BLACK
6
CONTINUOUS
10
0.4249448031496063
20
0.4682036614173228
11
0.4249447244094488
21
0.468203937007874
0
LINE
8
BLACK
6
CONTINUOUS
10
0.4249447244094488
20
0.468203937007874
11
0.4229666929133858
21
0.4735073622047244
0
LINE
8
BLACK
6
CONTINUOUS
10
0.4229666929133858
20
0.4735073622047244
11
0.4229665354330708
21
0.4735076377952756
0
LINE
8
BLACK
6
CONTINUOUS
10
0.4229665354330708
20
0.4735076377952756
11
0.4195744094488189
21
0.4780388976377953
0
LINE
8
BLACK
6
CONTINUOUS
10
0.4195744094488189
20
0.4780388976377953
11
0.4195742913385827
21
0.4780390157480315
0
LINE
8
BLACK
6
CONTINUOUS
10
0.4195742913385827
20
0.4780390157480315
11
0.415043031496063
21
0.4814311417322835
0
LINE
8
BLACK
6
CONTINUOUS
10
0.415043031496063
20
0.4814311417322835
11
0.4150427559055118
21
0.4814312992125984
0
LINE
8
BLACK
6
CONTINUOUS
10
0.4150427559055118
20
0.4814312992125984
11
0.4097393307086614
21
0.4834093307086614
0
LINE
8
BLACK
6
CONTINUOUS
10
0.4097393307086614
20
0.4834093307086614
11
0.4097390551181102
21
0.4834094094488189
0
LINE
8
BLACK
6
CONTINUOUS
10
0.4097390551181102
20
0.4834094094488189
11
0.4073954330708661
21
0.4836614173228346
0
LINE
8
BLACK
6
CONTINUOUS
10
0.4073954330708661
20
0.4836614173228346
11
0.405511811023622
21
0.4836614173228346
0
LINE
8
BLACK
6
CONTINUOUS
10
0.405511811023622
20
0.4836614173228346
11
0.405511811023622
21
0.473531811023622
0
LINE
8
BLACK
6
CONTINUOUS
10
-0.2834645669291339
20
0.3852362204724409
11
-0.2854330708661417
21
0.3852362204724409
0
LINE
8
BLACK
6
CONTINUOUS
10
-0.2854330708661417
20
0.3852362204724409
11
-0.2854330708661417
21
0.3433910236220472
0
LINE
8
BLACK
6
CONTINUOUS
10
-0.2854330708661417
20
0.3433910236220472
11
-0.2607848031496063
21
0.3187427559055118
0
LINE
8
BLACK
6
CONTINUOUS
10
-0.2607848031496063
20
0.3187427559055118
11
-0.2600503543307087
21
0.3178478346456693
0
LINE
8
BLACK
6
CONTINUOUS
10
-0.2600503543307087
20
0.3178478346456693
11
-0.2598942125984252
21
0.3174708661417323
0
LINE
8
BLACK
6
CONTINUOUS
10
-0.2598942125984252
20
0.3174708661417323
11
-0.2591685826771654
21
0.3157190551181102
0
LINE
8
BLACK
6
CONTINUOUS
10
-0.2591685826771654
20
0.3157190551181102
11
-0.2590551181102362
21
0.3145669291338583
0
LINE
8
BLACK
6
CONTINUOUS
10
-0.2590551181102362
20
0.3145669291338583
11
-0.2590551181102362
21
0.2978346456692914
0
LINE
8
BLACK
6
CONTINUOUS
10
-0.2590551181102362
20
0.2978346456692914
11
-0.247244094488189
21
0.2978346456692914
0
LINE
8
BLACK
6
CONTINUOUS
10
-0.247244094488189
20
0.2978346456692914
11
-0.2434775196850394
21
0.2970854330708662
0
LINE
8
BLACK
6
CONTINUOUS
10
-0.2434775196850394
20
0.2970854330708662
11
-0.2402843700787402
21
0.2949518503937008
0
LINE
8
BLACK
6
CONTINUOUS
10
-0.2402843700787402
20
0.2949518503937008
11
-0.2381507874015748
21
0.2917587007874016
0
LINE
8
BLACK
6
CONTINUOUS
10
-0.2381507874015748
20
0.2917587007874016
11
-0.2374015748031496
21
0.2879921259842519
0
LINE
8
BLACK
6
CONTINUOUS
10
-0.2374015748031496
20
0.2879921259842519
11
-0.2374015748031496
21
0.2673228346456693
0
LINE
8
BLACK
6
CONTINUOUS
10
-0.2374015748031496
20
0.2673228346456693
11
-0.2381507874015748
21
0.2635562598425197
0
LINE
8
BLACK
6
CONTINUOUS
10
-0.2381507874015748
20
0.2635562598425197
11
-0.2402843700787402
21
0.2603631102362204
0
LINE
8
BLACK
6
CONTINUOUS
10
-0.2402843700787402
20
0.2603631102362204
11
-0.2434775196850394
21
0.2582295275590551
0
LINE
8
BLACK
6
CONTINUOUS
10
-0.2434775196850394
20
0.2582295275590551
11
-0.247244094488189
21
0.2574803149606299
0
LINE
8
BLACK
6
CONTINUOUS
10
-0.247244094488189
20
0.2574803149606299
11
-0.2826771653543307
21
0.2574803149606299
0
LINE
8
BLACK
6
CONTINUOUS
10
-0.2826771653543307
20
0.2574803149606299
11
-0.2864437401574803
21
0.2582295275590551
0
LINE
8
BLACK
6
CONTINUOUS
10
-0.2864437401574803
20
0.2582295275590551
11
-0.2896368897637795
21
0.2603631102362204
0
LINE
8
BLACK
6
CONTINUOUS
10
-0.2896368897637795
20
0.2603631102362204
11
-0.2917704724409449
21
0.2635562598425197
0
LINE
8
BLACK
6
CONTINUOUS
10
-0.2917704724409449
20
0.2635562598425197
11
-0.2925196850393701
21
0.2673228346456693
0
LINE
8
BLACK
6
CONTINUOUS
10
-0.2925196850393701
20
0.2673228346456693
11
-0.2925196850393701
21
0.2879921259842519
0
LINE
8
BLACK
6
CONTINUOUS
10
-0.2925196850393701
20
0.2879921259842519
11
-0.2917704724409449
21
0.2917587007874016
0
LINE
8
BLACK
6
CONTINUOUS
10
-0.2917704724409449
20
0.2917587007874016
11
-0.2896368897637795
21
0.2949518503937008
0
LINE
8
BLACK
6
CONTINUOUS
10
-0.2896368897637795
20
0.2949518503937008
11
-0.2864437401574803
21
0.2970854330708662
0
LINE
8
BLACK
6
CONTINUOUS
10
-0.2864437401574803
20
0.2970854330708662
11
-0.2826771653543307
21
0.2978346456692914
0
LINE
8
BLACK
6
CONTINUOUS
10
-0.2826771653543307
20
0.2978346456692914
11
-0.2708661417322835
21
0.2978346456692914
0
LINE
8
BLACK
6
CONTINUOUS
10
-0.2708661417322835
20
0.2978346456692914
11
-0.2708661417322835
21
0.3121207874015748
0
LINE
8
BLACK
6
CONTINUOUS
10
-0.2708661417322835
20
0.3121207874015748
11
-0.2955144094488189
21
0.3367690551181102
0
LINE
8
BLACK
6
CONTINUOUS
10
-0.2955144094488189
20
0.3367690551181102
11
-0.2962488582677165
21
0.3376639763779528
0
LINE
8
BLACK
6
CONTINUOUS
10
-0.2962488582677165
20
0.3376639763779528
11
-0.2970223228346456
21
0.3395312992125984
0
LINE
8
BLACK
6
CONTINUOUS
10
-0.2970223228346456
20
0.3395312992125984
11
-0.2971306299212598
21
0.3397927559055118
0
LINE
8
BLACK
6
CONTINUOUS
10
-0.2971306299212598
20
0.3397927559055118
11
-0.2972440944881889
21
0.3409448818897638
0
LINE
8
BLACK
6
CONTINUOUS
10
-0.2972440944881889
20
0.3409448818897638
11
-0.2972440944881889
21
0.3852362204724409
0
LINE
8
BLACK
6
CONTINUOUS
10
-0.2972440944881889
20
0.3852362204724409
11
-0.2992125984251968
21
0.3852362204724409
0
LINE
8
BLACK
6
CONTINUOUS
10
-0.2992125984251968
20
0.3852362204724409
11
-0.2992125984251968
21
0.4639763779527559
0
LINE
8
BLACK
6
CONTINUOUS
10
-0.2992125984251968
20
0.4639763779527559
11
-0.2834645669291339
21
0.4639763779527559
0
LINE
8
BLACK
6
CONTINUOUS
10
-0.2834645669291339
20
0.4639763779527559
11
-0.2834645669291339
21
0.3852362204724409
0
LINE
8
BLACK
6
CONTINUOUS
10
0.4854594881889764
20
0.2980696850393701
11
0.4886526377952756
21
0.2959361023622047
0
LINE
8
BLACK
6
CONTINUOUS
10
0.4886526377952756
20
0.2959361023622047
11
0.4907862204724409
21
0.2927429527559055
0
LINE
8
BLACK
6
CONTINUOUS
10
0.4907862204724409
20
0.2927429527559055
11
0.4915354330708661
21
0.2889763779527559
0
LINE
8
BLACK
6
CONTINUOUS
10
0.4915354330708661
20
0.2889763779527559
11
0.4915354330708661
21
0.2880905511811024
0
LINE
8
BLACK
6
CONTINUOUS
10
0.4915354330708661
20
0.2880905511811024
11
0.5148817716535433
21
0.2880905511811024
0
LINE
8
BLACK
6
CONTINUOUS
10
0.5148817716535433
20
0.2880905511811024
11
0.5156114173228347
21
0.2917587007874016
0
LINE
8
BLACK
6
CONTINUOUS
10
0.5156114173228347
20
0.2917587007874016
11
0.517745
21
0.2949518503937008
0
LINE
8
BLACK
6
CONTINUOUS
10
0.517745
20
0.2949518503937008
11
0.5209381496062993
21
0.2970854330708662
0
LINE
8
BLACK
6
CONTINUOUS
10
0.5209381496062993
20
0.2970854330708662
11
0.5247047244094488
21
0.2978346456692914
0
LINE
8
BLACK
6
CONTINUOUS
10
0.5247047244094488
20
0.2978346456692914
11
0.5601377952755905
21
0.2978346456692914
0
LINE
8
BLACK
6
CONTINUOUS
10
0.5601377952755905
20
0.2978346456692914
11
0.5639043700787402
21
0.2970854330708662
0
LINE
8
BLACK
6
CONTINUOUS
10
0.5639043700787402
20
0.2970854330708662
11
0.5670975196850394
21
0.2949518503937008
0
LINE
8
BLACK
6
CONTINUOUS
10
0.5670975196850394
20
0.2949518503937008
11
0.5692311023622048
21
0.2917587007874016
0
LINE
8
BLACK
6
CONTINUOUS
10
0.5692311023622048
20
0.2917587007874016
11
0.5699607480314961
21
0.2880905511811024
0
LINE
8
BLACK
6
CONTINUOUS
10
0.5699607480314961
20
0.2880905511811024
11
0.5948818897637795
21
0.2880905511811024
0
LINE
8
BLACK
6
CONTINUOUS
10
0.5948818897637795
20
0.2880905511811024
11
0.5948818897637795
21
0.2890255905511811
0
LINE
8
BLACK
6
CONTINUOUS
10
0.5948818897637795
20
0.2890255905511811
11
0.5956123622047244
21
0.2926979921259842
0
LINE
8
BLACK
6
CONTINUOUS
10
0.5956123622047244
20
0.2926979921259842
11
0.5976926377952756
21
0.2958112992125984
0
LINE
8
BLACK
6
CONTINUOUS
10
0.5976926377952756
20
0.2958112992125984
11
0.6008059448818898
21
0.2978915748031496
0
LINE
8
BLACK
6
CONTINUOUS
10
0.6008059448818898
20
0.2978915748031496
11
0.6044783464566928
21
0.2986220472440945
0
LINE
8
BLACK
6
CONTINUOUS
10
0.6044783464566928
20
0.2986220472440945
11
0.6404035433070866
21
0.2986220472440945
0
LINE
8
BLACK
6
CONTINUOUS
10
0.6404035433070866
20
0.2986220472440945
11
0.6440759448818898
21
0.2978915748031496
0
LINE
8
BLACK
6
CONTINUOUS
10
0.6440759448818898
20
0.2978915748031496
11
0.647189251968504
21
0.2958112992125984
0
LINE
8
BLACK
6
CONTINUOUS
10
0.647189251968504
20
0.2958112992125984
11
0.6492695275590551
21
0.2926979921259842
0
LINE
8
BLACK
6
CONTINUOUS
10
0.6492695275590551
20
0.2926979921259842
11
0.65
21
0.2890255905511811
0
LINE
8
BLACK
6
CONTINUOUS
10
0.65
20
0.2890255905511811
11
0.65
21
0.2698326771653543
0
LINE
8
BLACK
6
CONTINUOUS
10
0.65
20
0.2698326771653543
11
0.6492695275590551
21
0.2661602755905512
0
LINE
8
BLACK
6
CONTINUOUS
10
0.6492695275590551
20
0.2661602755905512
11
0.647189251968504
21
0.263046968503937
0
LINE
8
BLACK
6
CONTINUOUS
10
0.647189251968504
20
0.263046968503937
11
0.6440759448818898
21
0.2609666929133858
0
LINE
8
BLACK
6
CONTINUOUS
10
0.6440759448818898
20
0.2609666929133858
11
0.6404035433070866
21
0.2602362204724409
0
LINE
8
BLACK
6
CONTINUOUS
10
0.6404035433070866
20
0.2602362204724409
11
0.6044783464566928
21
0.2602362204724409
0
LINE
8
BLACK
6
CONTINUOUS
10
0.6044783464566928
20
0.2602362204724409
11
0.6008059448818898
21
0.2609666929133858
0
LINE
8
BLACK
6
CONTINUOUS
10
0.6008059448818898
20
0.2609666929133858
11
0.5976926377952756
21
0.263046968503937
0
LINE
8
BLACK
6
CONTINUOUS
10
0.5976926377952756
20
0.263046968503937
11
0.5956123622047244
21
0.2661602755905512
0
LINE
8
BLACK
6
CONTINUOUS
10
0.5956123622047244
20
0.2661602755905512
11
0.5948818897637795
21
0.2698326771653543
0
LINE
8
BLACK
6
CONTINUOUS
10
0.5948818897637795
20
0.2698326771653543
11
0.5948818897637795
21
0.2723425196850394
0
LINE
8
BLACK
6
CONTINUOUS
10
0.5948818897637795
20
0.2723425196850394
11
0.56998031496063
21
0.2723425196850394
0
LINE
8
BLACK
6
CONTINUOUS
10
0.56998031496063
20
0.2723425196850394
11
0.56998031496063
21
0.2673228346456693
0
LINE
8
BLACK
6
CONTINUOUS
10
0.56998031496063
20
0.2673228346456693
11
0.5692311023622048
21
0.2635562598425197
0
LINE
8
BLACK
6
CONTINUOUS
10
0.5692311023622048
20
0.2635562598425197
11
0.5670975196850394
21
0.2603631102362204
0
LINE
8
BLACK
6
CONTINUOUS
10
0.5670975196850394
20
0.2603631102362204
11
0.5639043700787402
21
0.2582295275590551
0
LINE
8
BLACK
6
CONTINUOUS
10
0.5639043700787402
20
0.2582295275590551
11
0.5601377952755905
21
0.2574803149606299
0
LINE
8
BLACK
6
CONTINUOUS
10
0.5601377952755905
20
0.2574803149606299
11
0.5247047244094488
21
0.2574803149606299
0
LINE
8
BLACK
6
CONTINUOUS
10
0.5247047244094488
20
0.2574803149606299
11
0.5209381496062993
21
0.2582295275590551
0
LINE
8
BLACK
6
CONTINUOUS
10
0.5209381496062993
20
0.2582295275590551
11
0.517745
21
0.2603631102362204
0
LINE
8
BLACK
6
CONTINUOUS
10
0.517745
20
0.2603631102362204
11
0.5156114173228347
21
0.2635562598425197
0
LINE
8
BLACK
6
CONTINUOUS
10
0.5156114173228347
20
0.2635562598425197
11
0.5148622047244095
21
0.2673228346456693
0
LINE
8
BLACK
6
CONTINUOUS
10
0.5148622047244095
20
0.2673228346456693
11
0.5148622047244095
21
0.2723425196850394
0
LINE
8
BLACK
6
CONTINUOUS
10
0.5148622047244095
20
0.2723425196850394
11
0.4915354330708661
21
0.2723425196850394
0
LINE
8
BLACK
6
CONTINUOUS
10
0.4915354330708661
20
0.2723425196850394
11
0.4915354330708661
21
0.2692913385826772
0
LINE
8
BLACK
6
CONTINUOUS
10
0.4915354330708661
20
0.2692913385826772
11
0.4907862204724409
21
0.2655247637795276
0
LINE
8
BLACK
6
CONTINUOUS
10
0.4907862204724409
20
0.2655247637795276
11
0.4886526377952756
21
0.2623316141732284
0
LINE
8
BLACK
6
CONTINUOUS
10
0.4886526377952756
20
0.2623316141732284
11
0.4854594881889764
21
0.260198031496063
0
LINE
8
BLACK
6
CONTINUOUS
10
0.4854594881889764
20
0.260198031496063
11
0.4816929133858268
21
0.2594488188976378
0
LINE
8
BLACK
6
CONTINUOUS
10
0.4816929133858268
20
0.2594488188976378
11
0.4442913385826772
21
0.2594488188976378
0
LINE
8
BLACK
6
CONTINUOUS
10
0.4442913385826772
20
0.2594488188976378
11
0.4405247637795275
21
0.260198031496063
0
LINE
8
BLACK
6
CONTINUOUS
10
0.4405247637795275
20
0.260198031496063
11
0.4373316141732284
21
0.2623316141732284
0
LINE
8
BLACK
6
CONTINUOUS
10
0.4373316141732284
20
0.2623316141732284
11
0.435198031496063
21
0.2655247637795276
0
LINE
8
BLACK
6
CONTINUOUS
10
0.435198031496063
20
0.2655247637795276
11
0.4344488188976378
21
0.2692913385826772
0
LINE
8
BLACK
6
CONTINUOUS
10
0.4344488188976378
20
0.2692913385826772
11
0.4344488188976378
21
0.2889763779527559
0
LINE
8
BLACK
6
CONTINUOUS
10
0.4344488188976378
20
0.2889763779527559
11
0.435198031496063
21
0.2927429527559055
0
LINE
8
BLACK
6
CONTINUOUS
10
0.435198031496063
20
0.2927429527559055
11
0.4373316141732284
21
0.2959361023622047
0
LINE
8
BLACK
6
CONTINUOUS
10
0.4373316141732284
20
0.2959361023622047
11
0.4405247637795275
21
0.2980696850393701
0
LINE
8
BLACK
6
CONTINUOUS
10
0.4405247637795275
20
0.2980696850393701
11
0.4442913385826772
21
0.2988188976377953
0
LINE
8
BLACK
6
CONTINUOUS
10
0.4442913385826772
20
0.2988188976377953
11
0.4816929133858268
21
0.2988188976377953
0
LINE
8
BLACK
6
CONTINUOUS
10
0.4816929133858268
20
0.2988188976377953
11
0.4854594881889764
21
0.2980696850393701
0
LINE
8
BLACK
6
CONTINUOUS
10
-0.3110236220472441
20
0.3852362204724409
11
-0.312992125984252
21
0.3852362204724409
0
LINE
8
BLACK
6
CONTINUOUS
10
-0.312992125984252
20
0.3852362204724409
11
-0.312992125984252
21
0.3433070866141732
0
LINE
8
BLACK
6
CONTINUOUS
10
-0.312992125984252
20
0.3433070866141732
11
-0.3131055905511811
21
0.3421549606299212
0
LINE
8
BLACK
6
CONTINUOUS
10
-0.3131055905511811
20
0.3421549606299212
11
-0.3131522047244095
21
0.3420424409448819
0
LINE
8
BLACK
6
CONTINUOUS
10
-0.3131522047244095
20
0.3420424409448819
11
-0.3139873622047244
21
0.3400261811023622
0
LINE
8
BLACK
6
CONTINUOUS
10
-0.3139873622047244
20
0.3400261811023622
11
-0.3147218110236221
21
0.3391312598425197
0
LINE
8
BLACK
6
CONTINUOUS
10
-0.3147218110236221
20
0.3391312598425197
11
-0.3381889763779528
21
0.315664094488189
0
LINE
8
BLACK
6
CONTINUOUS
10
-0.3381889763779528
20
0.315664094488189
11
-0.3381889763779528
21
0.2988188976377953
0
LINE
8
BLACK
6
CONTINUOUS
10
-0.3381889763779528
20
0.2988188976377953
11
-0.3253937007874015
21
0.2988188976377953
0
LINE
8
BLACK
6
CONTINUOUS
10
-0.3253937007874015
20
0.2988188976377953
11
-0.321627125984252
21
0.2980696850393701
0
LINE
8
BLACK
6
CONTINUOUS
10
-0.321627125984252
20
0.2980696850393701
11
-0.3184339763779527
21
0.2959361023622047
0
LINE
8
BLACK
6
CONTINUOUS
10
-0.3184339763779527
20
0.2959361023622047
11
-0.3163003937007874
21
0.2927429527559055
0
LINE
8
BLACK
6
CONTINUOUS
10
-0.3163003937007874
20
0.2927429527559055
11
-0.3155511811023622
21
0.2889763779527559
0
LINE
8
BLACK
6
CONTINUOUS
10
-0.3155511811023622
20
0.2889763779527559
11
-0.3155511811023622
21
0.2692913385826772
0
LINE
8
BLACK
6
CONTINUOUS
10
-0.3155511811023622
20
0.2692913385826772
11
-0.3163003937007874
21
0.2655247637795276
0
LINE
8
BLACK
6
CONTINUOUS
10
-0.3163003937007874
20
0.2655247637795276
11
-0.3184339763779527
21
0.2623316141732284
0
LINE
8
BLACK
6
CONTINUOUS
10
-0.3184339763779527
20
0.2623316141732284
11
-0.321627125984252
21
0.260198031496063
0
LINE
8
BLACK
6
CONTINUOUS
10
-0.321627125984252
20
0.260198031496063
11
-0.3253937007874015
21
0.2594488188976378
0
LINE
8
BLACK
6
CONTINUOUS
10
-0.3253937007874015
20
0.2594488188976378
11
-0.3627952755905512
21
0.2594488188976378
0
LINE
8
BLACK
6
CONTINUOUS
10
-0.3627952755905512
20
0.2594488188976378
11
-0.3665618503937008
21
0.260198031496063
0
LINE
8
BLACK
6
CONTINUOUS
10
-0.3665618503937008
20
0.260198031496063
11
-0.369755
21
0.2623316141732284
0
LINE
8
BLACK
6
CONTINUOUS
10
-0.369755
20
0.2623316141732284
11
-0.3718885826771653
21
0.2655247637795276
0
LINE
8
BLACK
6
CONTINUOUS
10
-0.3718885826771653
20
0.2655247637795276
11
-0.3726377952755905
21
0.2692913385826772
0
LINE
8
BLACK
6
CONTINUOUS
10
-0.3726377952755905
20
0.2692913385826772
11
-0.3726377952755905
21
0.2889763779527559
0
LINE
8
BLACK
6
CONTINUOUS
10
-0.3726377952755905
20
0.2889763779527559
11
-0.3718885826771653
21
0.2927429527559055
0
LINE
8
BLACK
6
CONTINUOUS
10
-0.3718885826771653
20
0.2927429527559055
11
-0.369755
21
0.2959361023622047
0
LINE
8
BLACK
6
CONTINUOUS
10
-0.369755
20
0.2959361023622047
11
-0.3665618503937008
21
0.2980696850393701
0
LINE
8
BLACK
6
CONTINUOUS
10
-0.3665618503937008
20
0.2980696850393701
11
-0.3627952755905512
21
0.2988188976377953
0
LINE
8
BLACK
6
CONTINUOUS
10
-0.3627952755905512
20
0.2988188976377953
11
-0.35
21
0.2988188976377953
0
LINE
8
BLACK
6
CONTINUOUS
10
-0.35
20
0.2988188976377953
11
-0.35
21
0.3181102362204724
0
LINE
8
BLACK
6
CONTINUOUS
10
-0.35
20
0.3181102362204724
11
-0.3498865354330709
21
0.3192623622047244
0
LINE
8
BLACK
6
CONTINUOUS
10
-0.3498865354330709
20
0.3192623622047244
11
-0.3493438188976378
21
0.3205725984251969
0
LINE
8
BLACK
6
CONTINUOUS
10
-0.3493438188976378
20
0.3205725984251969
11
-0.3490047637795275
21
0.3213911417322834
0
LINE
8
BLACK
6
CONTINUOUS
10
-0.3490047637795275
20
0.3213911417322834
11
-0.3482703149606299
21
0.322286062992126
0
LINE
8
BLACK
6
CONTINUOUS
10
-0.3482703149606299
20
0.322286062992126
11
-0.3248031496062992
21
0.3457532283464567
0
LINE
8
BLACK
6
CONTINUOUS
10
-0.3248031496062992
20
0.3457532283464567
11
-0.3248031496062992
21
0.3852362204724409
0
LINE
8
BLACK
6
CONTINUOUS
10
-0.3248031496062992
20
0.3852362204724409
11
-0.3267716535433071
21
0.3852362204724409
0
LINE
8
BLACK
6
CONTINUOUS
10
-0.3267716535433071
20
0.3852362204724409
11
-0.3267716535433071
21
0.4639763779527559
0
LINE
8
BLACK
6
CONTINUOUS
10
-0.3267716535433071
20
0.4639763779527559
11
-0.3110236220472441
21
0.4639763779527559
0
LINE
8
BLACK
6
CONTINUOUS
10
-0.3110236220472441
20
0.4639763779527559
11
-0.3110236220472441
21
0.3852362204724409
0
LINE
8
BLACK
6
CONTINUOUS
10
0.3228346456692913
20
0.3852362204724409
11
0.3208661417322834
21
0.3852362204724409
0
LINE
8
BLACK
6
CONTINUOUS
10
0.3208661417322834
20
0.3852362204724409
11
0.3208661417322834
21
0.3051181102362205
0
LINE
8
BLACK
6
CONTINUOUS
10
0.3208661417322834
20
0.3051181102362205
11
0.3207526771653543
21
0.3039660236220472
0
LINE
8
BLACK
6
CONTINUOUS
10
0.3207526771653543
20
0.3039660236220472
11
0.319870905511811
21
0.3018372047244094
0
LINE
8
BLACK
6
CONTINUOUS
10
0.319870905511811
20
0.3018372047244094
11
0.3191364566929134
21
0.3009422834645669
0
LINE
8
BLACK
6
CONTINUOUS
10
0.3191364566929134
20
0.3009422834645669
11
0.3152793307086614
21
0.2970851968503937
0
LINE
8
BLACK
6
CONTINUOUS
10
0.3152793307086614
20
0.2970851968503937
11
0.316999094488189
21
0.2959361023622047
0
LINE
8
BLACK
6
CONTINUOUS
10
0.316999094488189
20
0.2959361023622047
11
0.3191326771653543
21
0.2927429527559055
0
LINE
8
BLACK
6
CONTINUOUS
10
0.3191326771653543
20
0.2927429527559055
11
0.3198818897637795
21
0.2889763779527559
0
LINE
8
BLACK
6
CONTINUOUS
10
0.3198818897637795
20
0.2889763779527559
11
0.3198818897637795
21
0.2692913385826772
0
LINE
8
BLACK
6
CONTINUOUS
10
0.3198818897637795
20
0.2692913385826772
11
0.3191326771653543
21
0.2655247637795276
0
LINE
8
BLACK
6
CONTINUOUS
10
0.3191326771653543
20
0.2655247637795276
11
0.316999094488189
21
0.2623316141732284
0
LINE
8
BLACK
6
CONTINUOUS
10
0.316999094488189
20
0.2623316141732284
11
0.3138059448818897
21
0.260198031496063
0
LINE
8
BLACK
6
CONTINUOUS
10
0.3138059448818897
20
0.260198031496063
11
0.3100393700787402
21
0.2594488188976378
0
LINE
8
BLACK
6
CONTINUOUS
10
0.3100393700787402
20
0.2594488188976378
11
0.2726377952755906
21
0.2594488188976378
0
LINE
8
BLACK
6
CONTINUOUS
10
0.2726377952755906
20
0.2594488188976378
11
0.2688712204724409
21
0.260198031496063
0
LINE
8
BLACK
6
CONTINUOUS
10
0.2688712204724409
20
0.260198031496063
11
0.2656780708661417
21
0.2623316141732284
0
LINE
8
BLACK
6
CONTINUOUS
10
0.2656780708661417
20
0.2623316141732284
11
0.2635444881889764
21
0.2655247637795276
0
LINE
8
BLACK
6
CONTINUOUS
10
0.2635444881889764
20
0.2655247637795276
11
0.2627952755905512
21
0.2692913385826772
0
LINE
8
BLACK
6
CONTINUOUS
10
0.2627952755905512
20
0.2692913385826772
11
0.2627952755905512
21
0.2889763779527559
0
LINE
8
BLACK
6
CONTINUOUS
10
0.2627952755905512
20
0.2889763779527559
11
0.2635444881889764
21
0.2927429527559055
0
LINE
8
BLACK
6
CONTINUOUS
10
0.2635444881889764
20
0.2927429527559055
11
0.2656780708661417
21
0.2959361023622047
0
LINE
8
BLACK
6
CONTINUOUS
10
0.2656780708661417
20
0.2959361023622047
11
0.2688712204724409
21
0.2980696850393701
0
LINE
8
BLACK
6
CONTINUOUS
10
0.2688712204724409
20
0.2980696850393701
11
0.2726377952755906
21
0.2988188976377953
0
LINE
8
BLACK
6
CONTINUOUS
10
0.2726377952755906
20
0.2988188976377953
11
0.3003097637795276
21
0.2988188976377953
0
LINE
8
BLACK
6
CONTINUOUS
10
0.3003097637795276
20
0.2988188976377953
11
0.3090551181102362
21
0.307564251968504
0
LINE
8
BLACK
6
CONTINUOUS
10
0.3090551181102362
20
0.307564251968504
11
0.3090551181102362
21
0.3852362204724409
0
LINE
8
BLACK
6
CONTINUOUS
10
0.3090551181102362
20
0.3852362204724409
11
0.3070866141732284
21
0.3852362204724409
0
LINE
8
BLACK
6
CONTINUOUS
10
0.3070866141732284
20
0.3852362204724409
11
0.3070866141732284
21
0.4639763779527559
0
LINE
8
BLACK
6
CONTINUOUS
10
0.3070866141732284
20
0.4639763779527559
11
0.3228346456692913
21
0.4639763779527559
0
LINE
8
BLACK
6
CONTINUOUS
10
0.3228346456692913
20
0.4639763779527559
11
0.3228346456692913
21
0.3852362204724409
0
LINE
8
BLACK
6
CONTINUOUS
10
0.3503937007874016
20
0.3852362204724409
11
0.3484251968503937
21
0.3852362204724409
0
LINE
8
BLACK
6
CONTINUOUS
10
0.3484251968503937
20
0.3852362204724409
11
0.3484251968503937
21
0.3099264566929134
0
LINE
8
BLACK
6
CONTINUOUS
10
0.3484251968503937
20
0.3099264566929134
11
0.3595327559055118
21
0.2988188976377953
0
LINE
8
BLACK
6
CONTINUOUS
10
0.3595327559055118
20
0.2988188976377953
11
0.3875984251968504
21
0.2988188976377953
0
LINE
8
BLACK
6
CONTINUOUS
10
0.3875984251968504
20
0.2988188976377953
11
0.391365
21
0.2980696850393701
0
LINE
8
BLACK
6
CONTINUOUS
10
0.391365
20
0.2980696850393701
11
0.3945581496062992
21
0.2959361023622047
0
LINE
8
BLACK
6
CONTINUOUS
10
0.3945581496062992
20
0.2959361023622047
11
0.3966917322834645
21
0.2927429527559055
0
LINE
8
BLACK
6
CONTINUOUS
10
0.3966917322834645
20
0.2927429527559055
11
0.3974409448818897
21
0.2889763779527559
0
LINE
8
BLACK
6
CONTINUOUS
10
0.3974409448818897
20
0.2889763779527559
11
0.3974409448818897
21
0.2692913385826772
0
LINE
8
BLACK
6
CONTINUOUS
10
0.3974409448818897
20
0.2692913385826772
11
0.3966917322834645
21
0.2655247637795276
0
LINE
8
BLACK
6
CONTINUOUS
10
0.3966917322834645
20
0.2655247637795276
11
0.3945581496062992
21
0.2623316141732284
0
LINE
8
BLACK
6
CONTINUOUS
10
0.3945581496062992
20
0.2623316141732284
11
0.391365
21
0.260198031496063
0
LINE
8
BLACK
6
CONTINUOUS
10
0.391365
20
0.260198031496063
11
0.3875984251968504
21
0.2594488188976378
0
LINE
8
BLACK
6
CONTINUOUS
10
0.3875984251968504
20
0.2594488188976378
11
0.3501968503937008
21
0.2594488188976378
0
LINE
8
BLACK
6
CONTINUOUS
10
0.3501968503937008
20
0.2594488188976378
11
0.3464302755905512
21
0.260198031496063
0
LINE
8
BLACK
6
CONTINUOUS
10
0.3464302755905512
20
0.260198031496063
11
0.3432371259842519
21
0.2623316141732284
0
LINE
8
BLACK
6
CONTINUOUS
10
0.3432371259842519
20
0.2623316141732284
11
0.3411035433070866
21
0.2655247637795276
0
LINE
8
BLACK
6
CONTINUOUS
10
0.3411035433070866
20
0.2655247637795276
11
0.3403543307086614
21
0.2692913385826772
0
LINE
8
BLACK
6
CONTINUOUS
10
0.3403543307086614
20
0.2692913385826772
11
0.3403543307086614
21
0.2889763779527559
0
LINE
8
BLACK
6
CONTINUOUS
10
0.3403543307086614
20
0.2889763779527559
11
0.3411035433070866
21
0.2927429527559055
0
LINE
8
BLACK
6
CONTINUOUS
10
0.3411035433070866
20
0.2927429527559055
11
0.3432371259842519
21
0.2959361023622047
0
LINE
8
BLACK
6
CONTINUOUS
10
0.3432371259842519
20
0.2959361023622047
11
0.3447208267716536
21
0.2969275196850394
0
LINE
8
BLACK
6
CONTINUOUS
10
0.3447208267716536
20
0.2969275196850394
11
0.3383438582677165
21
0.3033044881889764
0
LINE
8
BLACK
6
CONTINUOUS
10
0.3383438582677165
20
0.3033044881889764
11
0.3376094094488189
21
0.3041994094488189
0
LINE
8
BLACK
6
CONTINUOUS
10
0.3376094094488189
20
0.3041994094488189
11
0.3368853543307087
21
0.3059474803149606
0
LINE
8
BLACK
6
CONTINUOUS
10
0.3368853543307087
20
0.3059474803149606
11
0.3367276377952756
21
0.3063281889763779
0
LINE
8
BLACK
6
CONTINUOUS
10
0.3367276377952756
20
0.3063281889763779
11
0.3366141732283465
21
0.3074803149606299
0
LINE
8
BLACK
6
CONTINUOUS
10
0.3366141732283465
20
0.3074803149606299
11
0.3366141732283465
21
0.3852362204724409
0
LINE
8
BLACK
6
CONTINUOUS
10
0.3366141732283465
20
0.3852362204724409
11
0.3346456692913386
21
0.3852362204724409
0
LINE
8
BLACK
6
CONTINUOUS
10
0.3346456692913386
20
0.3852362204724409
11
0.3346456692913386
21
0.4639763779527559
0
LINE
8
BLACK
6
CONTINUOUS
10
0.3346456692913386
20
0.4639763779527559
11
0.3503937007874016
21
0.4639763779527559
0
LINE
8
BLACK
6
CONTINUOUS
10
0.3503937007874016
20
0.4639763779527559
11
0.3503937007874016
21
0.3852362204724409
0
LINE
8
BLACK
6
CONTINUOUS
10
0.0700165354330709
20
0.508248031496063
11
0.0915551181102362
21
0.508248031496063
0
LINE
8
BLACK
6
CONTINUOUS
10
0.0915551181102362
20
0.508248031496063
11
0.0941944488188976
21
0.5074730314960629
0
LINE
8
BLACK
6
CONTINUOUS
10
0.0941944488188976
20
0.5074730314960629
11
0.0959958267716535
21
0.5053941338582677
0
LINE
8
BLACK
6
CONTINUOUS
10
0.0959958267716535
20
0.5053941338582677
11
0.0964370078740157
21
0.5033661417322834
0
LINE
8
BLACK
6
CONTINUOUS
10
0.0964370078740157
20
0.5033661417322834
11
0.0964370078740157
21
0.4885629921259843
0
LINE
8
BLACK
6
CONTINUOUS
10
0.0964370078740157
20
0.4885629921259843
11
0.0956620078740157
21
0.4859236614173228
0
LINE
8
BLACK
6
CONTINUOUS
10
0.0956620078740157
20
0.4859236614173228
11
0.0935831102362205
21
0.4841222834645669
0
LINE
8
BLACK
6
CONTINUOUS
10
0.0935831102362205
20
0.4841222834645669
11
0.091555157480315
21
0.4836811023622047
0
LINE
8
BLACK
6
CONTINUOUS
10
0.091555157480315
20
0.4836811023622047
11
0.0847295275590551
21
0.4836811023622047
0
LINE
8
BLACK
6
CONTINUOUS
10
0.0847295275590551
20
0.4836811023622047
11
0.0847292519685039
21
0.483681062992126
0
LINE
8
BLACK
6
CONTINUOUS
10
0.0847292519685039
20
0.483681062992126
11
0.0823824803149606
21
0.483428779527559
0
LINE
8
BLACK
6
CONTINUOUS
10
0.0823824803149606
20
0.483428779527559
11
0.0820854724409449
21
0.4833585826771654
0
LINE
8
BLACK
6
CONTINUOUS
10
0.0820854724409449
20
0.4833585826771654
11
0.0820738188976378
21
0.4834079133858268
0
LINE
8
BLACK
6
CONTINUOUS
10
0.0820738188976378
20
0.4834079133858268
11
0.0796427559055118
21
0.4832340551181102
0
LINE
8
BLACK
6
CONTINUOUS
10
0.0796427559055118
20
0.4832340551181102
11
0.0791085433070866
21
0.4833909448818898
0
LINE
8
BLACK
6
CONTINUOUS
10
0.0791085433070866
20
0.4833909448818898
11
0.0790303937007874
21
0.4834094094488189
0
LINE
8
BLACK
6
CONTINUOUS
10
0.0790303937007874
20
0.4834094094488189
11
0.0766867716535433
21
0.4836614173228346
0
LINE
8
BLACK
6
CONTINUOUS
10
0.0766867716535433
20
0.4836614173228346
11
0.0748031102362205
21
0.4836614173228346
0
LINE
8
BLACK
6
CONTINUOUS
10
0.0748031102362205
20
0.4836614173228346
11
0.0740768897637795
21
0.4829351968503937
0
LINE
8
BLACK
6
CONTINUOUS
10
0.0740768897637795
20
0.4829351968503937
11
0.0732283464566929
21
0.4824718897637795
0
LINE
8
BLACK
6
CONTINUOUS
10
0.0732283464566929
20
0.4824718897637795
11
0.0732283464566929
21
0.4639763779527559
0
LINE
8
BLACK
6
CONTINUOUS
10
0.0732283464566929
20
0.4639763779527559
11
0.0748031496062992
21
0.4639763779527559
0
LINE
8
BLACK
6
CONTINUOUS
10
0.0748031496062992
20
0.4639763779527559
11
0.0748031496062992
21
0.3852362204724409
0
LINE
8
BLACK
6
CONTINUOUS
10
0.0748031496062992
20
0.3852362204724409
11
0.0732283464566929
21
0.3852362204724409
0
LINE
8
BLACK
6
CONTINUOUS
10
0.0732283464566929
20
0.3852362204724409
11
0.0732283464566929
21
0.3704184645669291
0
LINE
8
BLACK
6
CONTINUOUS
10
0.0732283464566929
20
0.3704184645669291
11
0.0744952755905512
21
0.3687261417322835
0
LINE
8
BLACK
6
CONTINUOUS
10
0.0744952755905512
20
0.3687261417322835
11
0.0748031496062992
21
0.3670199212598425
0
LINE
8
BLACK
6
CONTINUOUS
10
0.0748031496062992
20
0.3670199212598425
11
0.0748031496062992
21
0.3655511811023622
0
LINE
8
BLACK
6
CONTINUOUS
10
0.0748031496062992
20
0.3655511811023622
11
0.0766861417322835
21
0.3655511811023622
0
LINE
8
BLACK
6
CONTINUOUS
10
0.0766861417322835
20
0.3655511811023622
11
0.0766867716535433
21
0.3655512204724409
0
LINE
8
BLACK
6
CONTINUOUS
10
0.0766867716535433
20
0.3655512204724409
11
0.0790305118110236
21
0.3658032283464567
0
LINE
8
BLACK
6
CONTINUOUS
10
0.0790305118110236
20
0.3658032283464567
11
0.0793277952755905
21
0.3658734645669292
0
LINE
8
BLACK
6
CONTINUOUS
10
0.0793277952755905
20
0.3658734645669292
11
0.0793431102362205
21
0.3658085826771654
0
LINE
8
BLACK
6
CONTINUOUS
10
0.0793431102362205
20
0.3658085826771654
11
0.0817174803149606
21
0.3659787401574803
0
LINE
8
BLACK
6
CONTINUOUS
10
0.0817174803149606
20
0.3659787401574803
11
0.0823774409448819
21
0.3657850393700787
0
LINE
8
BLACK
6
CONTINUOUS
10
0.0823774409448819
20
0.3657850393700787
11
0.0823823228346457
21
0.365783937007874
0
LINE
8
BLACK
6
CONTINUOUS
10
0.0823823228346457
20
0.365783937007874
11
0.0823825590551181
21
0.3657838188976378
0
LINE
8
BLACK
6
CONTINUOUS
10
0.0823825590551181
20
0.3657838188976378
11
0.0847294094488189
21
0.3655314960629921
0
LINE
8
BLACK
6
CONTINUOUS
10
0.0847294094488189
20
0.3655314960629921
11
0.0915551181102362
21
0.3655315354330709
0
LINE
8
BLACK
6
CONTINUOUS
10
0.0915551181102362
20
0.3655315354330709
11
0.0941944488188976
21
0.3647565748031496
0
LINE
8
BLACK
6
CONTINUOUS
10
0.0941944488188976
20
0.3647565748031496
11
0.0959958267716535
21
0.3626776771653543
0
LINE
8
BLACK
6
CONTINUOUS
10
0.0959958267716535
20
0.3626776771653543
11
0.0964370078740157
21
0.3606496456692913
0
LINE
8
BLACK
6
CONTINUOUS
10
0.0964370078740157
20
0.3606496456692913
11
0.0964370078740157
21
0.320686968503937
0
LINE
8
BLACK
6
CONTINUOUS
10
0.0964370078740157
20
0.320686968503937
11
0.0956620078740157
21
0.3180476377952756
0
LINE
8
BLACK
6
CONTINUOUS
10
0.0956620078740157
20
0.3180476377952756
11
0.0935831102362205
21
0.3162462598425197
0
LINE
8
BLACK
6
CONTINUOUS
10
0.0935831102362205
20
0.3162462598425197
11
0.0930908267716535
21
0.3160529133858268
0
LINE
8
BLACK
6
CONTINUOUS
10
0.0930908267716535
20
0.3160529133858268
11
0.0927427952755906
21
0.3159375984251969
0
LINE
8
BLACK
6
CONTINUOUS
10
0.0927427952755906
20
0.3159375984251969
11
0.0868638582677165
21
0.3123114566929134
0
LINE
8
BLACK
6
CONTINUOUS
10
0.0868638582677165
20
0.3123114566929134
11
0.0819798818897638
21
0.3074274803149606
0
LINE
8
BLACK
6
CONTINUOUS
10
0.0819798818897638
20
0.3074274803149606
11
0.0785983070866142
21
0.301945
0
LINE
8
BLACK
6
CONTINUOUS
10
0.0785983070866142
20
0.301945
11
0.0765531102362205
21
0.3001054724409449
0
LINE
8
BLACK
6
CONTINUOUS
10
0.0765531102362205
20
0.3001054724409449
11
0.0744432283464567
21
0.2996259842519685
0
LINE
8
BLACK
6
CONTINUOUS
10
0.0744432283464567
20
0.2996259842519685
11
0.0384736220472441
21
0.2996259842519685
0
LINE
8
BLACK
6
CONTINUOUS
10
0.0384736220472441
20
0.2996259842519685
11
0.0358342913385827
21
0.3004009842519685
0
LINE
8
BLACK
6
CONTINUOUS
10
0.0358342913385827
20
0.3004009842519685
11
0.0354197637795276
21
0.300735
0
LINE
8
BLACK
6
CONTINUOUS
10
0.0354197637795276
20
0.300735
11
0.0354062598425197
21
0.300717874015748
0
LINE
8
BLACK
6
CONTINUOUS
10
0.0354062598425197
20
0.300717874015748
11
0.0351833858267717
21
0.300894094488189
0
LINE
8
BLACK
6
CONTINUOUS
10
0.0351833858267717
20
0.300894094488189
11
0.0351833070866142
21
0.3008941732283464
0
LINE
8
BLACK
6
CONTINUOUS
10
0.0351833070866142
20
0.3008941732283464
11
0.0293044881889764
21
0.3045202362204724
0
LINE
8
BLACK
6
CONTINUOUS
10
0.0293044881889764
20
0.3045202362204724
11
0.0227479133858268
21
0.306692874015748
0
LINE
8
BLACK
6
CONTINUOUS
10
0.0227479133858268
20
0.306692874015748
11
0.0227478346456693
21
0.3066929133858268
0
LINE
8
BLACK
6
CONTINUOUS
10
0.0227478346456693
20
0.3066929133858268
11
0.0187011811023622
21
0.3071062992125984
0
LINE
8
BLACK
6
CONTINUOUS
10
0.0187011811023622
20
0.3071062992125984
11
-0.0059055905511811
21
0.3071062992125984
0
LINE
8
BLACK
6
CONTINUOUS
10
-0.0059055905511811
20
0.3071062992125984
11
-0.0059062992125984
21
0.3071062598425197
0
LINE
8
BLACK
6
CONTINUOUS
10
-0.0059062992125984
20
0.3071062598425197
11
-0.0099526377952756
21
0.3066929133858268
0
LINE
8
BLACK
6
CONTINUOUS
10
-0.0099526377952756
20
0.3066929133858268
11
-0.0099527559055118
21
0.306692874015748
0
LINE
8
BLACK
6
CONTINUOUS
10
-0.0099527559055118
20
0.306692874015748
11
-0.0104003543307087
21
0.3065445275590551
0
LINE
8
BLACK
6
CONTINUOUS
10
-0.0104003543307087
20
0.3065445275590551
11
-0.0131495275590551
21
0.3064499606299212
0
LINE
8
BLACK
6
CONTINUOUS
10
-0.0131495275590551
20
0.3064499606299212
11
-0.0153879527559055
21
0.3077266141732283
0
LINE
8
BLACK
6
CONTINUOUS
10
-0.0153879527559055
20
0.3077266141732283
11
-0.0438260236220472
21
0.3361646850393701
0
LINE
8
BLACK
6
CONTINUOUS
10
-0.0438260236220472
20
0.3361646850393701
11
-0.0451443307086614
21
0.3385789763779528
0
LINE
8
BLACK
6
CONTINUOUS
10
-0.0451443307086614
20
0.3385789763779528
11
-0.045255905511811
21
0.3396166929133858
0
LINE
8
BLACK
6
CONTINUOUS
10
-0.045255905511811
20
0.3396166929133858
11
-0.045255905511811
21
0.3606496456692913
0
LINE
8
BLACK
6
CONTINUOUS
10
-0.045255905511811
20
0.3606496456692913
11
-0.044480905511811
21
0.3632889763779528
0
LINE
8
BLACK
6
CONTINUOUS
10
-0.044480905511811
20
0.3632889763779528
11
-0.0424020078740157
21
0.3650903543307086
0
LINE
8
BLACK
6
CONTINUOUS
10
-0.0424020078740157
20
0.3650903543307086
11
-0.0403740157480315
21
0.3655315354330709
0
LINE
8
BLACK
6
CONTINUOUS
10
-0.0403740157480315
20
0.3655315354330709
11
-0.0345317322834646
21
0.3655315354330709
0
LINE
8
BLACK
6
CONTINUOUS
10
-0.0345317322834646
20
0.3655315354330709
11
-0.0311848031496063
21
0.3667496850393701
0
LINE
8
BLACK
6
CONTINUOUS
10
-0.0311848031496063
20
0.3667496850393701
11
-0.0270829133858268
21
0.3667496850393701
0
LINE
8
BLACK
6
CONTINUOUS
10
-0.0270829133858268
20
0.3667496850393701
11
-0.0237359448818898
21
0.3655315354330709
0
LINE
8
BLACK
6
CONTINUOUS
10
-0.0237359448818898
20
0.3655315354330709
11
-0.0212342913385827
21
0.3655315354330709
0
LINE
8
BLACK
6
CONTINUOUS
10
-0.0212342913385827
20
0.3655315354330709
11
-0.0185949606299213
21
0.3647565748031496
0
LINE
8
BLACK
6
CONTINUOUS
10
-0.0185949606299213
20
0.3647565748031496
11
-0.0168357874015748
21
0.3627676771653543
0
LINE
8
BLACK
6
CONTINUOUS
10
-0.0168357874015748
20
0.3627676771653543
11
-0.0167633464566929
21
0.3626172047244094
0
LINE
8
BLACK
6
CONTINUOUS
10
-0.0167633464566929
20
0.3626172047244094
11
-0.0130608267716535
21
0.3567247244094488
0
LINE
8
BLACK
6
CONTINUOUS
10
-0.0130608267716535
20
0.3567247244094488
11
-0.0129848818897638
21
0.3566038582677165
0
LINE
8
BLACK
6
CONTINUOUS
10
-0.0129848818897638
20
0.3566038582677165
11
-0.0079630708661417
21
0.3515820472440945
0
LINE
8
BLACK
6
CONTINUOUS
10
-0.0079630708661417
20
0.3515820472440945
11
-0.0019496850393701
21
0.3478035826771653
0
LINE
8
BLACK
6
CONTINUOUS
10
-0.0019496850393701
20
0.3478035826771653
11
0.0047537401574803
21
0.3454579527559055
0
LINE
8
BLACK
6
CONTINUOUS
10
0.0047537401574803
20
0.3454579527559055
11
0.004753937007874
21
0.3454579133858268
0
LINE
8
BLACK
6
CONTINUOUS
10
0.004753937007874
20
0.3454579133858268
11
0.0118108661417323
21
0.3446627952755905
0
LINE
8
BLACK
6
CONTINUOUS
10
0.0118108661417323
20
0.3446627952755905
11
0.0118110236220472
21
0.3446627952755905
0
LINE
8
BLACK
6
CONTINUOUS
10
0.0118110236220472
20
0.3446627952755905
11
0.0118111811023622
21
0.3446627952755905
0
LINE
8
BLACK
6
CONTINUOUS
10
0.0118111811023622
20
0.3446627952755905
11
0.0188680708661417
21
0.3454579133858268
0
LINE
8
BLACK
6
CONTINUOUS
10
0.0188680708661417
20
0.3454579133858268
11
0.018868188976378
21
0.3454579527559055
0
LINE
8
BLACK
6
CONTINUOUS
10
0.018868188976378
20
0.3454579527559055
11
0.0188683070866142
21
0.3454579527559055
0
LINE
8
BLACK
6
CONTINUOUS
10
0.0188683070866142
20
0.3454579527559055
11
0.0255717322834646
21
0.3478035826771653
0
LINE
8
BLACK
6
CONTINUOUS
10
0.0255717322834646
20
0.3478035826771653
11
0.0315851181102362
21
0.3515820472440945
0
LINE
8
BLACK
6
CONTINUOUS
10
0.0315851181102362
20
0.3515820472440945
11
0.0366069291338583
21
0.3566038582677165
0
LINE
8
BLACK
6
CONTINUOUS
10
0.0366069291338583
20
0.3566038582677165
11
0.0403853937007874
21
0.3626172440944882
0
LINE
8
BLACK
6
CONTINUOUS
10
0.0403853937007874
20
0.3626172440944882
11
0.0403854724409449
21
0.3626175590551181
0
LINE
8
BLACK
6
CONTINUOUS
10
0.0403854724409449
20
0.3626175590551181
11
0.0404579133858268
21
0.3627678346456693
0
LINE
8
BLACK
6
CONTINUOUS
10
0.0404579133858268
20
0.3627678346456693
11
0.0405305511811024
21
0.3628483070866141
0
LINE
8
BLACK
6
CONTINUOUS
10
0.0405305511811024
20
0.3628483070866141
11
0.0405312598425197
21
0.3628494094488189
0
LINE
8
BLACK
6
CONTINUOUS
10
0.0405312598425197
20
0.3628494094488189
11
0.0405314173228346
21
0.3628492913385827
0
LINE
8
BLACK
6
CONTINUOUS
10
0.0405314173228346
20
0.3628492913385827
11
0.0423013385826772
21
0.3648095669291339
0
LINE
8
BLACK
6
CONTINUOUS
10
0.0423013385826772
20
0.3648095669291339
11
0.0448563385826772
21
0.3655315354330709
0
LINE
8
BLACK
6
CONTINUOUS
10
0.0448563385826772
20
0.3655315354330709
11
0.0491287795275591
21
0.3655315354330709
0
LINE
8
BLACK
6
CONTINUOUS
10
0.0491287795275591
20
0.3655315354330709
11
0.0491288188976378
21
0.3655315354330709
0
LINE
8
BLACK
6
CONTINUOUS
10
0.0491288188976378
20
0.3655315354330709
11
0.0514757086614173
21
0.3657838188976378
0
LINE
8
BLACK
6
CONTINUOUS
10
0.0514757086614173
20
0.3657838188976378
11
0.0514759448818898
21
0.365783937007874
0
LINE
8
BLACK
6
CONTINUOUS
10
0.0514759448818898
20
0.365783937007874
11
0.0517726377952756
21
0.3658540157480315
0
LINE
8
BLACK
6
CONTINUOUS
10
0.0517726377952756
20
0.3658540157480315
11
0.0517842913385827
21
0.3658046850393701
0
LINE
8
BLACK
6
CONTINUOUS
10
0.0517842913385827
20
0.3658046850393701
11
0.0542150787401575
21
0.3659786614173228
0
LINE
8
BLACK
6
CONTINUOUS
10
0.0542150787401575
20
0.3659786614173228
11
0.0547501968503937
21
0.3658215748031496
0
LINE
8
BLACK
6
CONTINUOUS
10
0.0547501968503937
20
0.3658215748031496
11
0.0548278346456693
21
0.3658032283464567
0
LINE
8
BLACK
6
CONTINUOUS
10
0.0548278346456693
20
0.3658032283464567
11
0.0571714566929134
21
0.3655512204724409
0
LINE
8
BLACK
6
CONTINUOUS
10
0.0571714566929134
20
0.3655512204724409
11
0.057172125984252
21
0.3655511811023622
0
LINE
8
BLACK
6
CONTINUOUS
10
0.057172125984252
20
0.3655511811023622
11
0.0590551181102362
21
0.3655511811023622
0
LINE
8
BLACK
6
CONTINUOUS
10
0.0590551181102362
20
0.3655511811023622
11
0.0590551181102362
21
0.3670199212598425
0
LINE
8
BLACK
6
CONTINUOUS
10
0.0590551181102362
20
0.3670199212598425
11
0.0598301181102362
21
0.3696592519685039
0
LINE
8
BLACK
6
CONTINUOUS
10
0.0598301181102362
20
0.3696592519685039
11
0.0610114173228346
21
0.3709281102362205
0
LINE
8
BLACK
6
CONTINUOUS
10
0.0610114173228346
20
0.3709281102362205
11
0.0613207086614173
21
0.3711596062992126
0
LINE
8
BLACK
6
CONTINUOUS
10
0.0613207086614173
20
0.3711596062992126
11
0.0613207086614173
21
0.3711596850393701
0
LINE
8
BLACK
6
CONTINUOUS
10
0.0613207086614173
20
0.3711596850393701
11
0.0613207874015748
21
0.3711596850393701
0
LINE
8
BLACK
6
CONTINUOUS
10
0.0613207874015748
20
0.3711596850393701
11
0.0614173228346457
21
0.3712886614173228
0
LINE
8
BLACK
6
CONTINUOUS
10
0.0614173228346457
20
0.3712886614173228
11
0.0614173228346457
21
0.3852362204724409
0
LINE
8
BLACK
6
CONTINUOUS
10
0.0614173228346457
20
0.3852362204724409
11
0.0590551181102362
21
0.3852362204724409
0
LINE
8
BLACK
6
CONTINUOUS
10
0.0590551181102362
20
0.3852362204724409
11
0.0590551181102362
21
0.4639763779527559
0
LINE
8
BLACK
6
CONTINUOUS
10
0.0590551181102362
20
0.4639763779527559
11
0.0614173228346457
21
0.4639763779527559
0
LINE
8
BLACK
6
CONTINUOUS
10
0.0614173228346457
20
0.4639763779527559
11
0.0614173228346457
21
0.4866217322834646
0
LINE
8
BLACK
6
CONTINUOUS
10
0.0614173228346457
20
0.4866217322834646
11
0.0582750787401575
21
0.4892584251968504
0
LINE
8
BLACK
6
CONTINUOUS
10
0.0582750787401575
20
0.4892584251968504
11
0.056224094488189
21
0.4928107874015748
0
LINE
8
BLACK
6
CONTINUOUS
10
0.056224094488189
20
0.4928107874015748
11
0.0559194094488189
21
0.4945387007874016
0
LINE
8
BLACK
6
CONTINUOUS
10
0.0559194094488189
20
0.4945387007874016
11
0.0534935433070866
21
0.4960629921259843
0
LINE
8
BLACK
6
CONTINUOUS
10
0.0534935433070866
20
0.4960629921259843
11
0.0252465748031496
21
0.4960629921259843
0
LINE
8
BLACK
6
CONTINUOUS
10
0.0252465748031496
20
0.4960629921259843
11
0.0195959448818898
21
0.4925124409448819
0
LINE
8
BLACK
6
CONTINUOUS
10
0.0195959448818898
20
0.4925124409448819
11
0.014574094488189
21
0.4874905905511811
0
LINE
8
BLACK
6
CONTINUOUS
10
0.014574094488189
20
0.4874905905511811
11
0.0145740551181102
21
0.4874905118110236
0
LINE
8
BLACK
6
CONTINUOUS
10
0.0145740551181102
20
0.4874905118110236
11
0.013615905511811
21
0.4859656299212599
0
LINE
8
BLACK
6
CONTINUOUS
10
0.013615905511811
20
0.4859656299212599
11
0.0115554724409449
21
0.4841431496062992
0
LINE
8
BLACK
6
CONTINUOUS
10
0.0115554724409449
20
0.4841431496062992
11
0.0094823622047244
21
0.4836811023622047
0
LINE
8
BLACK
6
CONTINUOUS
10
0.0094823622047244
20
0.4836811023622047
11
0.0020523622047244
21
0.4836811023622047
0
LINE
8
BLACK
6
CONTINUOUS
10
0.0020523622047244
20
0.4836811023622047
11
0.0020520866141732
21
0.483681062992126
0
LINE
8
BLACK
6
CONTINUOUS
10
0.0020520866141732
20
0.483681062992126
11
-0.0002944881889764
21
0.4834288188976378
0
LINE
8
BLACK
6
CONTINUOUS
10
-0.0002944881889764
20
0.4834288188976378
11
-0.0005915748031496
21
0.4833585826771654
0
LINE
8
BLACK
6
CONTINUOUS
10
-0.0005915748031496
20
0.4833585826771654
11
-0.0006051968503937
21
0.4834161417322835
0
LINE
8
BLACK
6
CONTINUOUS
10
-0.0006051968503937
20
0.4834161417322835
11
-0.0030070078740157
21
0.4832447244094488
0
LINE
8
BLACK
6
CONTINUOUS
10
-0.0030070078740157
20
0.4832447244094488
11
-0.0035984251968504
21
0.4834184251968504
0
LINE
8
BLACK
6
CONTINUOUS
10
-0.0035984251968504
20
0.4834184251968504
11
-0.0036424409448819
21
0.4834288188976378
0
LINE
8
BLACK
6
CONTINUOUS
10
-0.0036424409448819
20
0.4834288188976378
11
-0.0059888976377953
21
0.483681062992126
0
LINE
8
BLACK
6
CONTINUOUS
10
-0.0059888976377953
20
0.483681062992126
11
-0.0059892519685039
21
0.4836811023622047
0
LINE
8
BLACK
6
CONTINUOUS
10
-0.0059892519685039
20
0.4836811023622047
11
-0.0059896456692913
21
0.4836811023622047
0
LINE
8
BLACK
6
CONTINUOUS
10
-0.0059896456692913
20
0.4836811023622047
11
-0.0255067322834646
21
0.4836811023622047
0
LINE
8
BLACK
6
CONTINUOUS
10
-0.0255067322834646
20
0.4836811023622047
11
-0.025506968503937
21
0.483681062992126
0
LINE
8
BLACK
6
CONTINUOUS
10
-0.025506968503937
20
0.483681062992126
11
-0.0278535433070866
21
0.4834288188976378
0
LINE
8
BLACK
6
CONTINUOUS
10
-0.0278535433070866
20
0.4834288188976378
11
-0.0281506299212598
21
0.4833585826771654
0
LINE
8
BLACK
6
CONTINUOUS
10
-0.0281506299212598
20
0.4833585826771654
11
-0.0281642519685039
21
0.4834161417322835
0
LINE
8
BLACK
6
CONTINUOUS
10
-0.0281642519685039
20
0.4834161417322835
11
-0.030566062992126
21
0.4832447244094488
0
LINE
8
BLACK
6
CONTINUOUS
10
-0.030566062992126
20
0.4832447244094488
11
-0.0311574803149606
21
0.4834184251968504
0
LINE
8
BLACK
6
CONTINUOUS
10
-0.0311574803149606
20
0.4834184251968504
11
-0.0312014960629921
21
0.4834288188976378
0
LINE
8
BLACK
6
CONTINUOUS
10
-0.0312014960629921
20
0.4834288188976378
11
-0.0335479527559055
21
0.483681062992126
0
LINE
8
BLACK
6
CONTINUOUS
10
-0.0335479527559055
20
0.483681062992126
11
-0.0335483070866142
21
0.4836811023622047
0
LINE
8
BLACK
6
CONTINUOUS
10
-0.0335483070866142
20
0.4836811023622047
11
-0.0335487007874016
21
0.4836811023622047
0
LINE
8
BLACK
6
CONTINUOUS
10
-0.0335487007874016
20
0.4836811023622047
11
-0.0530657874015748
21
0.4836811023622047
0
LINE
8
BLACK
6
CONTINUOUS
10
-0.0530657874015748
20
0.4836811023622047
11
-0.0530660236220472
21
0.483681062992126
0
LINE
8
BLACK
6
CONTINUOUS
10
-0.0530660236220472
20
0.483681062992126
11
-0.0554125984251969
21
0.4834288188976378
0
LINE
8
BLACK
6
CONTINUOUS
10
-0.0554125984251969
20
0.4834288188976378
11
-0.0557096850393701
21
0.4833585826771654
0
LINE
8
BLACK
6
CONTINUOUS
10
-0.0557096850393701
20
0.4833585826771654
11
-0.0557233070866142
21
0.4834161417322835
0
LINE
8
BLACK
6
CONTINUOUS
10
-0.0557233070866142
20
0.4834161417322835
11
-0.0581251181102362
21
0.4832447244094488
0
LINE
8
BLACK
6
CONTINUOUS
10
-0.0581251181102362
20
0.4832447244094488
11
-0.0587165354330709
21
0.4834184251968504
0
LINE
8
BLACK
6
CONTINUOUS
10
-0.0587165354330709
20
0.4834184251968504
11
-0.0587605511811024
21
0.4834288188976378
0
LINE
8
BLACK
6
CONTINUOUS
10
-0.0587605511811024
20
0.4834288188976378
11
-0.0611070078740157
21
0.483681062992126
0
LINE
8
BLACK
6
CONTINUOUS
10
-0.0611070078740157
20
0.483681062992126
11
-0.0611073622047244
21
0.4836811023622047
0
LINE
8
BLACK
6
CONTINUOUS
10
-0.0611073622047244
20
0.4836811023622047
11
-0.0611077559055118
21
0.4836811023622047
0
LINE
8
BLACK
6
CONTINUOUS
10
-0.0611077559055118
20
0.4836811023622047
11
-0.080624842519685
21
0.4836811023622047
0
LINE
8
BLACK
6
CONTINUOUS
10
-0.080624842519685
20
0.4836811023622047
11
-0.0806250787401575
21
0.483681062992126
0
LINE
8
BLACK
6
CONTINUOUS
10
-0.0806250787401575
20
0.483681062992126
11
-0.0829716535433071
21
0.4834288188976378
0
LINE
8
BLACK
6
CONTINUOUS
10
-0.0829716535433071
20
0.4834288188976378
11
-0.0832687401574803
21
0.4833585826771654
0
LINE
8
BLACK
6
CONTINUOUS
10
-0.0832687401574803
20
0.4833585826771654
11
-0.0832823622047244
21
0.4834161417322835
0
LINE
8
BLACK
6
CONTINUOUS
10
-0.0832823622047244
20
0.4834161417322835
11
-0.0856841732283465
21
0.4832447244094488
0
LINE
8
BLACK
6
CONTINUOUS
10
-0.0856841732283465
20
0.4832447244094488
11
-0.0862755905511811
21
0.4834184251968504
0
LINE
8
BLACK
6
CONTINUOUS
10
-0.0862755905511811
20
0.4834184251968504
11
-0.0863196062992126
21
0.4834288188976378
0
LINE
8
BLACK
6
CONTINUOUS
10
-0.0863196062992126
20
0.4834288188976378
11
-0.088666062992126
21
0.483681062992126
0
LINE
8
BLACK
6
CONTINUOUS
10
-0.088666062992126
20
0.483681062992126
11
-0.0886664173228346
21
0.4836811023622047
0
LINE
8
BLACK
6
CONTINUOUS
10
-0.0886664173228346
20
0.4836811023622047
11
-0.088666811023622
21
0.4836811023622047
0
LINE
8
BLACK
6
CONTINUOUS
10
-0.088666811023622
20
0.4836811023622047
11
-0.1081838976377953
21
0.4836811023622047
0
LINE
8
BLACK
6
CONTINUOUS
10
-0.1081838976377953
20
0.4836811023622047
11
-0.1081841338582677
21
0.483681062992126
0
LINE
8
BLACK
6
CONTINUOUS
10
-0.1081841338582677
20
0.483681062992126
11
-0.1105307086614173
21
0.4834288188976378
0
LINE
8
BLACK
6
CONTINUOUS
10
-0.1105307086614173
20
0.4834288188976378
11
-0.1108277952755905
21
0.4833585826771654
0
LINE
8
BLACK
6
CONTINUOUS
10
-0.1108277952755905
20
0.4833585826771654
11
-0.1108414173228346
21
0.4834161417322835
0
LINE
8
BLACK
6
CONTINUOUS
10
-0.1108414173228346
20
0.4834161417322835
11
-0.1132432283464567
21
0.4832447244094488
0
LINE
8
BLACK
6
CONTINUOUS
10
-0.1132432283464567
20
0.4832447244094488
11
-0.1138346456692913
21
0.4834184251968504
0
LINE
8
BLACK
6
CONTINUOUS
10
-0.1138346456692913
20
0.4834184251968504
11
-0.1138786614173228
21
0.4834288188976378
0
LINE
8
BLACK
6
CONTINUOUS
10
-0.1138786614173228
20
0.4834288188976378
11
-0.1162251181102362
21
0.483681062992126
0
LINE
8
BLACK
6
CONTINUOUS
10
-0.1162251181102362
20
0.483681062992126
11
-0.1162254724409449
21
0.4836811023622047
0
LINE
8
BLACK
6
CONTINUOUS
10
-0.1162254724409449
20
0.4836811023622047
11
-0.1162258661417323
21
0.4836811023622047
0
LINE
8
BLACK
6
CONTINUOUS
10
-0.1162258661417323
20
0.4836811023622047
11
-0.1357429527559055
21
0.4836811023622047
0
LINE
8
BLACK
6
CONTINUOUS
10
-0.1357429527559055
20
0.4836811023622047
11
-0.1357431889763779
21
0.483681062992126
0
LINE
8
BLACK
6
CONTINUOUS
10
-0.1357431889763779
20
0.483681062992126
11
-0.1380897637795276
21
0.4834288188976378
0
LINE
8
BLACK
6
CONTINUOUS
10
-0.1380897637795276
20
0.4834288188976378
11
-0.1383868503937008
21
0.4833585826771654
0
LINE
8
BLACK
6
CONTINUOUS
10
-0.1383868503937008
20
0.4833585826771654
11
-0.1384004724409449
21
0.4834161417322835
0
LINE
8
BLACK
6
CONTINUOUS
10
-0.1384004724409449
20
0.4834161417322835
11
-0.1408022834645669
21
0.4832447244094488
0
LINE
8
BLACK
6
CONTINUOUS
10
-0.1408022834645669
20
0.4832447244094488
11
-0.1413937007874016
21
0.4834184251968504
0
LINE
8
BLACK
6
CONTINUOUS
10
-0.1413937007874016
20
0.4834184251968504
11
-0.1414377165354331
21
0.4834288188976378
0
LINE
8
BLACK
6
CONTINUOUS
10
-0.1414377165354331
20
0.4834288188976378
11
-0.1437841732283464
21
0.483681062992126
0
LINE
8
BLACK
6
CONTINUOUS
10
-0.1437841732283464
20
0.483681062992126
11
-0.1437845275590551
21
0.4836811023622047
0
LINE
8
BLACK
6
CONTINUOUS
10
-0.1437845275590551
20
0.4836811023622047
11
-0.1437849212598425
21
0.4836811023622047
0
LINE
8
BLACK
6
CONTINUOUS
10
-0.1437849212598425
20
0.4836811023622047
11
-0.1633020078740157
21
0.4836811023622047
0
LINE
8
BLACK
6
CONTINUOUS
10
-0.1633020078740157
20
0.4836811023622047
11
-0.1633022440944882
21
0.483681062992126
0
LINE
8
BLACK
6
CONTINUOUS
10
-0.1633022440944882
20
0.483681062992126
11
-0.1656488188976378
21
0.4834288188976378
0
LINE
8
BLACK
6
CONTINUOUS
10
-0.1656488188976378
20
0.4834288188976378
11
-0.165945905511811
21
0.4833585826771654
0
LINE
8
BLACK
6
CONTINUOUS
10
-0.165945905511811
20
0.4833585826771654
11
-0.1659595275590551
21
0.4834161417322835
0
LINE
8
BLACK
6
CONTINUOUS
10
-0.1659595275590551
20
0.4834161417322835
11
-0.1683613385826772
21
0.4832447244094488
0
LINE
8
BLACK
6
CONTINUOUS
10
-0.1683613385826772
20
0.4832447244094488
11
-0.1689527559055118
21
0.4834184251968504
0
LINE
8
BLACK
6
CONTINUOUS
10
-0.1689527559055118
20
0.4834184251968504
11
-0.1689967716535433
21
0.4834288188976378
0
LINE
8
BLACK
6
CONTINUOUS
10
-0.1689967716535433
20
0.4834288188976378
11
-0.1713432283464567
21
0.483681062992126
0
LINE
8
BLACK
6
CONTINUOUS
10
-0.1713432283464567
20
0.483681062992126
11
-0.1713435826771653
21
0.4836811023622047
0
LINE
8
BLACK
6
CONTINUOUS
10
-0.1713435826771653
20
0.4836811023622047
11
-0.1713439763779528
21
0.4836811023622047
0
LINE
8
BLACK
6
CONTINUOUS
10
-0.1713439763779528
20
0.4836811023622047
11
-0.190861062992126
21
0.4836811023622047
0
LINE
8
BLACK
6
CONTINUOUS
10
-0.190861062992126
20
0.4836811023622047
11
-0.1908612992125984
21
0.483681062992126
0
LINE
8
BLACK
6
CONTINUOUS
10
-0.1908612992125984
20
0.483681062992126
11
-0.193207874015748
21
0.4834288188976378
0
LINE
8
BLACK
6
CONTINUOUS
10
-0.193207874015748
20
0.4834288188976378
11
-0.1935049606299213
21
0.4833585826771654
0
LINE
8
BLACK
6
CONTINUOUS
10
-0.1935049606299213
20
0.4833585826771654
11
-0.1935185826771653
21
0.4834161417322835
0
LINE
8
BLACK
6
CONTINUOUS
10
-0.1935185826771653
20
0.4834161417322835
11
-0.1959203937007874
21
0.4832447244094488
0
LINE
8
BLACK
6
CONTINUOUS
10
-0.1959203937007874
20
0.4832447244094488
11
-0.196511811023622
21
0.4834184251968504
0
LINE
8
BLACK
6
CONTINUOUS
10
-0.196511811023622
20
0.4834184251968504
11
-0.1965558267716535
21
0.4834288188976378
0
LINE
8
BLACK
6
CONTINUOUS
10
-0.1965558267716535
20
0.4834288188976378
11
-0.1989022834645669
21
0.483681062992126
0
LINE
8
BLACK
6
CONTINUOUS
10
-0.1989022834645669
20
0.483681062992126
11
-0.1989026377952756
21
0.4836811023622047
0
LINE
8
BLACK
6
CONTINUOUS
10
-0.1989026377952756
20
0.4836811023622047
11
-0.198903031496063
21
0.4836811023622047
0
LINE
8
BLACK
6
CONTINUOUS
10
-0.198903031496063
20
0.4836811023622047
11
-0.2180252755905512
21
0.4836811023622047
0
LINE
8
BLACK
6
CONTINUOUS
10
-0.2180252755905512
20
0.4836811023622047
11
-0.2192088976377953
21
0.4832503149606299
0
LINE
8
BLACK
6
CONTINUOUS
10
-0.2192088976377953
20
0.4832503149606299
11
-0.2233107874015748
21
0.4832503149606299
0
LINE
8
BLACK
6
CONTINUOUS
10
-0.2233107874015748
20
0.4832503149606299
11
-0.2233256299212598
21
0.4832557086614173
0
LINE
8
BLACK
6
CONTINUOUS
10
-0.2233256299212598
20
0.4832557086614173
11
-0.2234794488188976
21
0.4832447244094488
0
LINE
8
BLACK
6
CONTINUOUS
10
-0.2234794488188976
20
0.4832447244094488
11
-0.2240708661417323
21
0.4834184251968504
0
LINE
8
BLACK
6
CONTINUOUS
10
-0.2240708661417323
20
0.4834184251968504
11
-0.2241148818897638
21
0.4834288188976378
0
LINE
8
BLACK
6
CONTINUOUS
10
-0.2241148818897638
20
0.4834288188976378
11
-0.2264613385826772
21
0.483681062992126
0
LINE
8
BLACK
6
CONTINUOUS
10
-0.2264613385826772
20
0.483681062992126
11
-0.2264616929133858
21
0.4836811023622047
0
LINE
8
BLACK
6
CONTINUOUS
10
-0.2264616929133858
20
0.4836811023622047
11
-0.2264620866141732
21
0.4836811023622047
0
LINE
8
BLACK
6
CONTINUOUS
10
-0.2264620866141732
20
0.4836811023622047
11
-0.2459791732283464
21
0.4836811023622047
0
LINE
8
BLACK
6
CONTINUOUS
10
-0.2459791732283464
20
0.4836811023622047
11
-0.2459794094488189
21
0.483681062992126
0
LINE
8
BLACK
6
CONTINUOUS
10
-0.2459794094488189
20
0.483681062992126
11
-0.2483259842519685
21
0.4834288188976378
0
LINE
8
BLACK
6
CONTINUOUS
10
-0.2483259842519685
20
0.4834288188976378
11
-0.2486230708661417
21
0.4833585826771654
0
LINE
8
BLACK
6
CONTINUOUS
10
-0.2486230708661417
20
0.4833585826771654
11
-0.2486366929133858
21
0.4834161417322835
0
LINE
8
BLACK
6
CONTINUOUS
10
-0.2486366929133858
20
0.4834161417322835
11
-0.2510385039370079
21
0.4832447244094488
0
LINE
8
BLACK
6
CONTINUOUS
10
-0.2510385039370079
20
0.4832447244094488
11
-0.2516299212598425
21
0.4834184251968504
0
LINE
8
BLACK
6
CONTINUOUS
10
-0.2516299212598425
20
0.4834184251968504
11
-0.251673937007874
21
0.4834288188976378
0
LINE
8
BLACK
6
CONTINUOUS
10
-0.251673937007874
20
0.4834288188976378
11
-0.2540203937007874
21
0.483681062992126
0
LINE
8
BLACK
6
CONTINUOUS
10
-0.2540203937007874
20
0.483681062992126
11
-0.254020748031496
21
0.4836811023622047
0
LINE
8
BLACK
6
CONTINUOUS
10
-0.254020748031496
20
0.4836811023622047
11
-0.2540211417322835
21
0.4836811023622047
0
LINE
8
BLACK
6
CONTINUOUS
10
-0.2540211417322835
20
0.4836811023622047
11
-0.2735382283464567
21
0.4836811023622047
0
LINE
8
BLACK
6
CONTINUOUS
10
-0.2735382283464567
20
0.4836811023622047
11
-0.2735384645669292
21
0.483681062992126
0
LINE
8
BLACK
6
CONTINUOUS
10
-0.2735384645669292
20
0.483681062992126
11
-0.2758850393700787
21
0.4834288188976378
0
LINE
8
BLACK
6
CONTINUOUS
10
-0.2758850393700787
20
0.4834288188976378
11
-0.276182125984252
21
0.4833585826771654
0
LINE
8
BLACK
6
CONTINUOUS
10
-0.276182125984252
20
0.4833585826771654
11
-0.276195748031496
21
0.4834161417322835
0
LINE
8
BLACK
6
CONTINUOUS
10
-0.276195748031496
20
0.4834161417322835
11
-0.2785975590551181
21
0.4832447244094488
0
LINE
8
BLACK
6
CONTINUOUS
10
-0.2785975590551181
20
0.4832447244094488
11
-0.2791889763779528
21
0.4834184251968504
0
LINE
8
BLACK
6
CONTINUOUS
10
-0.2791889763779528
20
0.4834184251968504
11
-0.2792329921259842
21
0.4834288188976378
0
LINE
8
BLACK
6
CONTINUOUS
10
-0.2792329921259842
20
0.4834288188976378
11
-0.2815794488188976
21
0.483681062992126
0
LINE
8
BLACK
6
CONTINUOUS
10
-0.2815794488188976
20
0.483681062992126
11
-0.2815798031496063
21
0.4836811023622047
0
LINE
8
BLACK
6
CONTINUOUS
10
-0.2815798031496063
20
0.4836811023622047
11
-0.2815801968503937
21
0.4836811023622047
0
LINE
8
BLACK
6
CONTINUOUS
10
-0.2815801968503937
20
0.4836811023622047
11
-0.3010972834645669
21
0.4836811023622047
0
LINE
8
BLACK
6
CONTINUOUS
10
-0.3010972834645669
20
0.4836811023622047
11
-0.3010975196850393
21
0.483681062992126
0
LINE
8
BLACK
6
CONTINUOUS
10
-0.3010975196850393
20
0.483681062992126
11
-0.303444094488189
21
0.4834288188976378
0
LINE
8
BLACK
6
CONTINUOUS
10
-0.303444094488189
20
0.4834288188976378
11
-0.3037411811023622
21
0.4833585826771654
0
LINE
8
BLACK
6
CONTINUOUS
10
-0.3037411811023622
20
0.4833585826771654
11
-0.3037548031496063
21
0.4834161417322835
0
LINE
8
BLACK
6
CONTINUOUS
10
-0.3037548031496063
20
0.4834161417322835
11
-0.3061566141732283
21
0.4832447244094488
0
LINE
8
BLACK
6
CONTINUOUS
10
-0.3061566141732283
20
0.4832447244094488
11
-0.306748031496063
21
0.4834184251968504
0
LINE
8
BLACK
6
CONTINUOUS
10
-0.306748031496063
20
0.4834184251968504
11
-0.3067920472440945
21
0.4834288188976378
0
LINE
8
BLACK
6
CONTINUOUS
10
-0.3067920472440945
20
0.4834288188976378
11
-0.3091384645669291
21
0.483681062992126
0
LINE
8
BLACK
6
CONTINUOUS
10
-0.3091384645669291
20
0.483681062992126
11
-0.3091385433070866
21
0.4836811023622047
0
LINE
8
BLACK
6
CONTINUOUS
10
-0.3091385433070866
20
0.4836811023622047
11
-0.3091388582677165
21
0.4836811023622047
0
LINE
8
BLACK
6
CONTINUOUS
10
-0.3091388582677165
20
0.4836811023622047
11
-0.3091391732283464
21
0.4836811023622047
0
LINE
8
BLACK
6
CONTINUOUS
10
-0.3091391732283464
20
0.4836811023622047
11
-0.3159645669291338
21
0.4836811023622047
0
LINE
8
BLACK
6
CONTINUOUS
10
-0.3159645669291338
20
0.4836811023622047
11
-0.3186038976377953
21
0.4844561023622047
0
LINE
8
BLACK
6
CONTINUOUS
10
-0.3186038976377953
20
0.4844561023622047
11
-0.3204052755905512
21
0.486535
0
LINE
8
BLACK
6
CONTINUOUS
10
-0.3204052755905512
20
0.486535
11
-0.3208464566929134
21
0.4885629921259843
0
LINE
8
BLACK
6
CONTINUOUS
10
-0.3208464566929134
20
0.4885629921259843
11
-0.3208464566929134
21
0.5033661417322834
0
LINE
8
BLACK
6
CONTINUOUS
10
-0.3208464566929134
20
0.5033661417322834
11
-0.3200714566929134
21
0.5060054724409448
0
LINE
8
BLACK
6
CONTINUOUS
10
-0.3200714566929134
20
0.5060054724409448
11
-0.3179925590551181
21
0.5078068503937008
0
LINE
8
BLACK
6
CONTINUOUS
10
-0.3179925590551181
20
0.5078068503937008
11
-0.3159645669291338
21
0.508248031496063
0
LINE
8
BLACK
6
CONTINUOUS
10
-0.3159645669291338
20
0.508248031496063
11
0.0310954724409449
21
0.508248031496063
0
LINE
8
BLACK
6
CONTINUOUS
10
0.0310954724409449
20
0.508248031496063
11
0.0323692125984252
21
0.5078740157480315
0
LINE
8
BLACK
6
CONTINUOUS
10
0.0323692125984252
20
0.5078740157480315
11
0.0463364960629921
21
0.5078740157480315
0
LINE
8
BLACK
6
CONTINUOUS
10
0.0463364960629921
20
0.5078740157480315
11
0.0473458661417323
21
0.5082388582677165
0
LINE
8
BLACK
6
CONTINUOUS
10
0.0473458661417323
20
0.5082388582677165
11
0.0476446850393701
21
0.508248031496063
0
LINE
8
BLACK
6
CONTINUOUS
10
0.0476446850393701
20
0.508248031496063
11
0.0646291338582677
21
0.508248031496063
0
LINE
8
BLACK
6
CONTINUOUS
10
0.0646291338582677
20
0.508248031496063
11
0.0652718897637795
21
0.508481968503937
0
LINE
8
BLACK
6
CONTINUOUS
10
0.0652718897637795
20
0.508481968503937
11
0.069373779527559
21
0.508481968503937
0
LINE
8
BLACK
6
CONTINUOUS
10
0.069373779527559
20
0.508481968503937
11
0.0700165354330709
21
0.508248031496063
0
LINE
8
BLACK
6
CONTINUOUS
10
0.2319897244094488
20
0.5074730314960629
11
0.2337911023622047
21
0.5053941338582677
0
LINE
8
BLACK
6
CONTINUOUS
10
0.2337911023622047
20
0.5053941338582677
11
0.2342322834645669
21
0.5033661417322834
0
LINE
8
BLACK
6
CONTINUOUS
10
0.2342322834645669
20
0.5033661417322834
11
0.2342322834645669
21
0.4885629921259843
0
LINE
8
BLACK
6
CONTINUOUS
10
0.2342322834645669
20
0.4885629921259843
11
0.2334572834645669
21
0.4859236614173228
0
LINE
8
BLACK
6
CONTINUOUS
10
0.2334572834645669
20
0.4859236614173228
11
0.2313783858267716
21
0.4841222834645669
0
LINE
8
BLACK
6
CONTINUOUS
10
0.2313783858267716
20
0.4841222834645669
11
0.2293504330708661
21
0.4836811023622047
0
LINE
8
BLACK
6
CONTINUOUS
10
0.2293504330708661
20
0.4836811023622047
11
0.2225248031496063
21
0.4836811023622047
0
LINE
8
BLACK
6
CONTINUOUS
10
0.2225248031496063
20
0.4836811023622047
11
0.2225245275590551
21
0.483681062992126
0
LINE
8
BLACK
6
CONTINUOUS
10
0.2225245275590551
20
0.483681062992126
11
0.2204269291338583
21
0.4834555905511811
0
LINE
8
BLACK
6
CONTINUOUS
10
0.2204269291338583
20
0.4834555905511811
11
0.216617874015748
21
0.4820692125984252
0
LINE
8
BLACK
6
CONTINUOUS
10
0.216617874015748
20
0.4820692125984252
11
0.2125621653543307
21
0.4820692125984252
0
LINE
8
BLACK
6
CONTINUOUS
10
0.2125621653543307
20
0.4820692125984252
11
0.2118234251968504
21
0.4795533858267716
0
LINE
8
BLACK
6
CONTINUOUS
10
0.2118234251968504
20
0.4795533858267716
11
0.2106423228346457
21
0.4782847244094488
0
LINE
8
BLACK
6
CONTINUOUS
10
0.2106423228346457
20
0.4782847244094488
11
0.2105832677165354
21
0.4782405118110236
0
LINE
8
BLACK
6
CONTINUOUS
10
0.2105832677165354
20
0.4782405118110236
11
0.2102362204724409
21
0.478111062992126
0
LINE
8
BLACK
6
CONTINUOUS
10
0.2102362204724409
20
0.478111062992126
11
0.2102362204724409
21
0.4639763779527559
0
LINE
8
BLACK
6
CONTINUOUS
10
0.2102362204724409
20
0.4639763779527559
11
0.2125984251968504
21
0.4639763779527559
0
LINE
8
BLACK
6
CONTINUOUS
10
0.2125984251968504
20
0.4639763779527559
11
0.2125984251968504
21
0.3852362204724409
0
LINE
8
BLACK
6
CONTINUOUS
10
0.2125984251968504
20
0.3852362204724409
11
0.2102362204724409
21
0.3852362204724409
0
LINE
8
BLACK
6
CONTINUOUS
10
0.2102362204724409
20
0.3852362204724409
11
0.2102362204724409
21
0.371115905511811
0
LINE
8
BLACK
6
CONTINUOUS
10
0.2102362204724409
20
0.371115905511811
11
0.2105832677165354
21
0.3709721259842519
0
LINE
8
BLACK
6
CONTINUOUS
10
0.2105832677165354
20
0.3709721259842519
11
0.2106423228346457
21
0.3709279133858268
0
LINE
8
BLACK
6
CONTINUOUS
10
0.2106423228346457
20
0.3709279133858268
11
0.2122907086614173
21
0.368725748031496
0
LINE
8
BLACK
6
CONTINUOUS
10
0.2122907086614173
20
0.368725748031496
11
0.2125984251968504
21
0.3670199212598425
0
LINE
8
BLACK
6
CONTINUOUS
10
0.2125984251968504
20
0.3670199212598425
11
0.2125984251968504
21
0.3655511811023622
0
LINE
8
BLACK
6
CONTINUOUS
10
0.2125984251968504
20
0.3655511811023622
11
0.2144814173228346
21
0.3655511811023622
0
LINE
8
BLACK
6
CONTINUOUS
10
0.2144814173228346
20
0.3655511811023622
11
0.2144820472440945
21
0.3655512204724409
0
LINE
8
BLACK
6
CONTINUOUS
10
0.2144820472440945
20
0.3655512204724409
11
0.2168257874015748
21
0.3658032283464567
0
LINE
8
BLACK
6
CONTINUOUS
10
0.2168257874015748
20
0.3658032283464567
11
0.2171230708661417
21
0.3658734645669292
0
LINE
8
BLACK
6
CONTINUOUS
10
0.2171230708661417
20
0.3658734645669292
11
0.2171383858267716
21
0.3658085826771654
0
LINE
8
BLACK
6
CONTINUOUS
10
0.2171383858267716
20
0.3658085826771654
11
0.2195127559055118
21
0.3659787401574803
0
LINE
8
BLACK
6
CONTINUOUS
10
0.2195127559055118
20
0.3659787401574803
11
0.2201727165354331
21
0.3657850393700787
0
LINE
8
BLACK
6
CONTINUOUS
10
0.2201727165354331
20
0.3657850393700787
11
0.2201775984251969
21
0.365783937007874
0
LINE
8
BLACK
6
CONTINUOUS
10
0.2201775984251969
20
0.365783937007874
11
0.2201778346456693
21
0.3657838188976378
0
LINE
8
BLACK
6
CONTINUOUS
10
0.2201778346456693
20
0.3657838188976378
11
0.2225246850393701
21
0.3655314960629921
0
LINE
8
BLACK
6
CONTINUOUS
10
0.2225246850393701
20
0.3655314960629921
11
0.2420422047244094
21
0.3655315354330709
0
LINE
8
BLACK
6
CONTINUOUS
10
0.2420422047244094
20
0.3655315354330709
11
0.244389094488189
21
0.3657838188976378
0
LINE
8
BLACK
6
CONTINUOUS
10
0.244389094488189
20
0.3657838188976378
11
0.2443891732283464
21
0.3657838582677165
0
LINE
8
BLACK
6
CONTINUOUS
10
0.2443891732283464
20
0.3657838582677165
11
0.2443892519685039
21
0.3657838582677165
0
LINE
8
BLACK
6
CONTINUOUS
10
0.2443892519685039
20
0.3657838582677165
11
0.2446862598425197
21
0.3658540157480315
0
LINE
8
BLACK
6
CONTINUOUS
10
0.2446862598425197
20
0.3658540157480315
11
0.2446998818897638
21
0.3657962598425197
0
LINE
8
BLACK
6
CONTINUOUS
10
0.2446998818897638
20
0.3657962598425197
11
0.2471000787401575
21
0.365968188976378
0
LINE
8
BLACK
6
CONTINUOUS
10
0.2471000787401575
20
0.365968188976378
11
0.2476920472440945
21
0.3657944094488189
0
LINE
8
BLACK
6
CONTINUOUS
10
0.2476920472440945
20
0.3657944094488189
11
0.2477366535433071
21
0.3657838976377953
0
LINE
8
BLACK
6
CONTINUOUS
10
0.2477366535433071
20
0.3657838976377953
11
0.2477368897637795
21
0.3657838188976378
0
LINE
8
BLACK
6
CONTINUOUS
10
0.2477368897637795
20
0.3657838188976378
11
0.2500837401574803
21
0.3655314960629921
0
LINE
8
BLACK
6
CONTINUOUS
10
0.2500837401574803
20
0.3655314960629921
11
0.2569094488188977
21
0.3655315354330709
0
LINE
8
BLACK
6
CONTINUOUS
10
0.2569094488188977
20
0.3655315354330709
11
0.2595487795275591
21
0.3647565748031496
0
LINE
8
BLACK
6
CONTINUOUS
10
0.2595487795275591
20
0.3647565748031496
11
0.261350157480315
21
0.3626776771653543
0
LINE
8
BLACK
6
CONTINUOUS
10
0.261350157480315
20
0.3626776771653543
11
0.2617913385826772
21
0.3606496456692913
0
LINE
8
BLACK
6
CONTINUOUS
10
0.2617913385826772
20
0.3606496456692913
11
0.2617913385826772
21
0.3559373228346457
0
LINE
8
BLACK
6
CONTINUOUS
10
0.2617913385826772
20
0.3559373228346457
11
0.2610163385826771
21
0.3532979921259842
0
LINE
8
BLACK
6
CONTINUOUS
10
0.2610163385826771
20
0.3532979921259842
11
0.2603614566929134
21
0.3524853149606299
0
LINE
8
BLACK
6
CONTINUOUS
10
0.2603614566929134
20
0.3524853149606299
11
0.2278296456692913
21
0.3199535039370079
0
LINE
8
BLACK
6
CONTINUOUS
10
0.2278296456692913
20
0.3199535039370079
11
0.2254153543307087
21
0.3186351968503937
0
LINE
8
BLACK
6
CONTINUOUS
10
0.2254153543307087
20
0.3186351968503937
11
0.2243776377952756
21
0.3185236220472441
0
LINE
8
BLACK
6
CONTINUOUS
10
0.2243776377952756
20
0.3185236220472441
11
0.2190224409448819
21
0.3185236220472441
0
LINE
8
BLACK
6
CONTINUOUS
10
0.2190224409448819
20
0.3185236220472441
11
0.2183220472440945
21
0.317935905511811
0
LINE
8
BLACK
6
CONTINUOUS
10
0.2183220472440945
20
0.317935905511811
11
0.2144674803149606
21
0.3165329921259842
0
LINE
8
BLACK
6
CONTINUOUS
10
0.2144674803149606
20
0.3165329921259842
11
0.2103655905511811
21
0.3165329921259842
0
LINE
8
BLACK
6
CONTINUOUS
10
0.2103655905511811
20
0.3165329921259842
11
0.2065110236220472
21
0.317935905511811
0
LINE
8
BLACK
6
CONTINUOUS
10
0.2065110236220472
20
0.317935905511811
11
0.2033687795275591
21
0.3205725984251969
0
LINE
8
BLACK
6
CONTINUOUS
10
0.2033687795275591
20
0.3205725984251969
11
0.2013177952755905
21
0.3241249606299212
0
LINE
8
BLACK
6
CONTINUOUS
10
0.2013177952755905
20
0.3241249606299212
11
0.2006055118110236
21
0.3281645669291339
0
LINE
8
BLACK
6
CONTINUOUS
10
0.2006055118110236
20
0.3281645669291339
11
0.2011240157480315
21
0.3311054330708662
0
LINE
8
BLACK
6
CONTINUOUS
10
0.2011240157480315
20
0.3311054330708662
11
0.2001548818897638
21
0.3320745669291338
0
LINE
8
BLACK
6
CONTINUOUS
10
0.2001548818897638
20
0.3320745669291338
11
0.1994204330708661
21
0.3329694881889764
0
LINE
8
BLACK
6
CONTINUOUS
10
0.1994204330708661
20
0.3329694881889764
11
0.1985386614173228
21
0.3350983070866141
0
LINE
8
BLACK
6
CONTINUOUS
10
0.1985386614173228
20
0.3350983070866141
11
0.1984251968503937
21
0.3362503937007874
0
LINE
8
BLACK
6
CONTINUOUS
10
0.1984251968503937
20
0.3362503937007874
11
0.1984251968503937
21
0.3852362204724409
0
LINE
8
BLACK
6
CONTINUOUS
10
0.1984251968503937
20
0.3852362204724409
11
0.1968503937007874
21
0.3852362204724409
0
LINE
8
BLACK
6
CONTINUOUS
10
0.1968503937007874
20
0.3852362204724409
11
0.1968503937007874
21
0.4639763779527559
0
LINE
8
BLACK
6
CONTINUOUS
10
0.1968503937007874
20
0.4639763779527559
11
0.1984251968503937
21
0.4639763779527559
0
LINE
8
BLACK
6
CONTINUOUS
10
0.1984251968503937
20
0.4639763779527559
11
0.1984251968503937
21
0.4988488582677165
0
LINE
8
BLACK
6
CONTINUOUS
10
0.1984251968503937
20
0.4988488582677165
11
0.1985386614173228
21
0.5000009842519685
0
LINE
8
BLACK
6
CONTINUOUS
10
0.1985386614173228
20
0.5000009842519685
11
0.1994204724409449
21
0.5021298031496063
0
LINE
8
BLACK
6
CONTINUOUS
10
0.1994204724409449
20
0.5021298031496063
11
0.2010497637795275
21
0.503759094488189
0
LINE
8
BLACK
6
CONTINUOUS
10
0.2010497637795275
20
0.503759094488189
11
0.203145905511811
21
0.5046274015748031
0
LINE
8
BLACK
6
CONTINUOUS
10
0.203145905511811
20
0.5046274015748031
11
0.2035505905511811
21
0.5060054724409448
0
LINE
8
BLACK
6
CONTINUOUS
10
0.2035505905511811
20
0.5060054724409448
11
0.2056294881889764
21
0.5078068503937008
0
LINE
8
BLACK
6
CONTINUOUS
10
0.2056294881889764
20
0.5078068503937008
11
0.2076574803149606
21
0.508248031496063
0
LINE
8
BLACK
6
CONTINUOUS
10
0.2076574803149606
20
0.508248031496063
11
0.2293503937007874
21
0.508248031496063
0
LINE
8
BLACK
6
CONTINUOUS
10
0.2293503937007874
20
0.508248031496063
11
0.2319897244094488
21
0.5074730314960629
0
LINE
8
BLACK
6
CONTINUOUS
10
0.0196850393700787
20
0.3852362204724409
11
0.0193496850393701
21
0.3852362204724409
0
LINE
8
BLACK
6
CONTINUOUS
10
0.0193496850393701
20
0.3852362204724409
11
0.0208587795275591
21
0.3839699212598425
0
LINE
8
BLACK
6
CONTINUOUS
10
0.0208587795275591
20
0.3839699212598425
11
0.0229097637795276
21
0.3804175590551181
0
LINE
8
BLACK
6
CONTINUOUS
10
0.0229097637795276
20
0.3804175590551181
11
0.0236220472440945
21
0.3763779527559055
0
LINE
8
BLACK
6
CONTINUOUS
10
0.0236220472440945
20
0.3763779527559055
11
0.0229097637795276
21
0.3723383464566929
0
LINE
8
BLACK
6
CONTINUOUS
10
0.0229097637795276
20
0.3723383464566929
11
0.0208587795275591
21
0.3687859842519685
0
LINE
8
BLACK
6
CONTINUOUS
10
0.0208587795275591
20
0.3687859842519685
11
0.0177165354330709
21
0.3661492913385826
0
LINE
8
BLACK
6
CONTINUOUS
10
0.0177165354330709
20
0.3661492913385826
11
0.013861968503937
21
0.3647463779527559
0
LINE
8
BLACK
6
CONTINUOUS
10
0.013861968503937
20
0.3647463779527559
11
0.0097600787401575
21
0.3647463779527559
0
LINE
8
BLACK
6
CONTINUOUS
10
0.0097600787401575
20
0.3647463779527559
11
0.0059055118110236
21
0.3661492913385826
0
LINE
8
BLACK
6
CONTINUOUS
10
0.0059055118110236
20
0.3661492913385826
11
0.0027632677165354
21
0.3687859842519685
0
LINE
8
BLACK
6
CONTINUOUS
10
0.0027632677165354
20
0.3687859842519685
11
0.0007122834645669
21
0.3723383464566929
0
LINE
8
BLACK
6
CONTINUOUS
10
0.0007122834645669
20
0.3723383464566929
11
0.
21
0.3763779527559055
0
LINE
8
BLACK
6
CONTINUOUS
10
0.
20
0.3763779527559055
11
0.0007122834645669
21
0.3804175590551181
0
LINE
8
BLACK
6
CONTINUOUS
10
0.0007122834645669
20
0.3804175590551181
11
0.0027632677165354
21
0.3839699212598425
0
LINE
8
BLACK
6
CONTINUOUS
10
0.0027632677165354
20
0.3839699212598425
11
0.0042723622047244
21
0.3852362204724409
0
LINE
8
BLACK
6
CONTINUOUS
10
0.0042723622047244
20
0.3852362204724409
11
0.0039370078740157
21
0.3852362204724409
0
LINE
8
BLACK
6
CONTINUOUS
10
0.0039370078740157
20
0.3852362204724409
11
0.0039370078740157
21
0.4639763779527559
0
LINE
8
BLACK
6
CONTINUOUS
10
0.0039370078740157
20
0.4639763779527559
11
0.0196850393700787
21
0.4639763779527559
0
LINE
8
BLACK
6
CONTINUOUS
10
0.0196850393700787
20
0.4639763779527559
11
0.0196850393700787
21
0.3852362204724409
0
LINE
8
BLACK
6
CONTINUOUS
10
-0.2559055118110236
20
0.3852362204724409
11
-0.2716535433070866
21
0.3852362204724409
0
LINE
8
BLACK
6
CONTINUOUS
10
-0.2716535433070866
20
0.3852362204724409
11
-0.2716535433070866
21
0.4639763779527559
0
LINE
8
BLACK
6
CONTINUOUS
10
-0.2716535433070866
20
0.4639763779527559
11
-0.2559055118110236
21
0.4639763779527559
0
LINE
8
BLACK
6
CONTINUOUS
10
-0.2559055118110236
20
0.4639763779527559
11
-0.2559055118110236
21
0.3852362204724409
0
LINE
8
BLACK
6
CONTINUOUS
10
-0.2283464566929134
20
0.3852362204724409
11
-0.2440944881889764
21
0.3852362204724409
0
LINE
8
BLACK
6
CONTINUOUS
10
-0.2440944881889764
20
0.3852362204724409
11
-0.2440944881889764
21
0.4639763779527559
0
LINE
8
BLACK
6
CONTINUOUS
10
-0.2440944881889764
20
0.4639763779527559
11
-0.2283464566929134
21
0.4639763779527559
0
LINE
8
BLACK
6
CONTINUOUS
10
-0.2283464566929134
20
0.4639763779527559
11
-0.2283464566929134
21
0.3852362204724409
0
LINE
8
BLACK
6
CONTINUOUS
10
-0.2007874015748032
20
0.3852362204724409
11
-0.2165354330708661
21
0.3852362204724409
0
LINE
8
BLACK
6
CONTINUOUS
10
-0.2165354330708661
20
0.3852362204724409
11
-0.2165354330708661
21
0.4639763779527559
0
LINE
8
BLACK
6
CONTINUOUS
10
-0.2165354330708661
20
0.4639763779527559
11
-0.2007874015748032
21
0.4639763779527559
0
LINE
8
BLACK
6
CONTINUOUS
10
-0.2007874015748032
20
0.4639763779527559
11
-0.2007874015748032
21
0.3852362204724409
0
LINE
8
BLACK
6
CONTINUOUS
10
-0.1732283464566929
20
0.3852362204724409
11
-0.1889763779527559
21
0.3852362204724409
0
LINE
8
BLACK
6
CONTINUOUS
10
-0.1889763779527559
20
0.3852362204724409
11
-0.1889763779527559
21
0.4639763779527559
0
LINE
8
BLACK
6
CONTINUOUS
10
-0.1889763779527559
20
0.4639763779527559
11
-0.1732283464566929
21
0.4639763779527559
0
LINE
8
BLACK
6
CONTINUOUS
10
-0.1732283464566929
20
0.4639763779527559
11
-0.1732283464566929
21
0.3852362204724409
0
LINE
8
BLACK
6
CONTINUOUS
10
-0.1456692913385827
20
0.3852362204724409
11
-0.1614173228346457
21
0.3852362204724409
0
LINE
8
BLACK
6
CONTINUOUS
10
-0.1614173228346457
20
0.3852362204724409
11
-0.1614173228346457
21
0.4639763779527559
0
LINE
8
BLACK
6
CONTINUOUS
10
-0.1614173228346457
20
0.4639763779527559
11
-0.1456692913385827
21
0.4639763779527559
0
LINE
8
BLACK
6
CONTINUOUS
10
-0.1456692913385827
20
0.4639763779527559
11
-0.1456692913385827
21
0.3852362204724409
0
LINE
8
BLACK
6
CONTINUOUS
10
-0.0354330708661417
20
0.3852362204724409
11
-0.0511811023622047
21
0.3852362204724409
0
LINE
8
BLACK
6
CONTINUOUS
10
-0.0511811023622047
20
0.3852362204724409
11
-0.0511811023622047
21
0.4639763779527559
0
LINE
8
BLACK
6
CONTINUOUS
10
-0.0511811023622047
20
0.4639763779527559
11
-0.0354330708661417
21
0.4639763779527559
0
LINE
8
BLACK
6
CONTINUOUS
10
-0.0354330708661417
20
0.4639763779527559
11
-0.0354330708661417
21
0.3852362204724409
0
LINE
8
BLACK
6
CONTINUOUS
10
-0.0078740157480315
20
0.3852362204724409
11
-0.0236220472440945
21
0.3852362204724409
0
LINE
8
BLACK
6
CONTINUOUS
10
-0.0236220472440945
20
0.3852362204724409
11
-0.0236220472440945
21
0.4639763779527559
0
LINE
8
BLACK
6
CONTINUOUS
10
-0.0236220472440945
20
0.4639763779527559
11
-0.0078740157480315
21
0.4639763779527559
0
LINE
8
BLACK
6
CONTINUOUS
10
-0.0078740157480315
20
0.4639763779527559
11
-0.0078740157480315
21
0.3852362204724409
0
LINE
8
BLACK
6
CONTINUOUS
10
0.0452755905511811
20
0.4779451968503937
11
0.0484178346456693
21
0.4753085039370079
0
LINE
8
BLACK
6
CONTINUOUS
10
0.0484178346456693
20
0.4753085039370079
11
0.0504688188976378
21
0.4717561417322835
0
LINE
8
BLACK
6
CONTINUOUS
10
0.0504688188976378
20
0.4717561417322835
11
0.0511811023622047
21
0.4677165354330708
0
LINE
8
BLACK
6
CONTINUOUS
10
0.0511811023622047
20
0.4677165354330708
11
0.0504688188976378
21
0.4636769291338583
0
LINE
8
BLACK
6
CONTINUOUS
10
0.0504688188976378
20
0.4636769291338583
11
0.0484178346456693
21
0.4601245669291338
0
LINE
8
BLACK
6
CONTINUOUS
10
0.0484178346456693
20
0.4601245669291338
11
0.047244094488189
21
0.4591396850393701
0
LINE
8
BLACK
6
CONTINUOUS
10
0.047244094488189
20
0.4591396850393701
11
0.047244094488189
21
0.3852362204724409
0
LINE
8
BLACK
6
CONTINUOUS
10
0.047244094488189
20
0.3852362204724409
11
0.031496062992126
21
0.3852362204724409
0
LINE
8
BLACK
6
CONTINUOUS
10
0.031496062992126
20
0.3852362204724409
11
0.031496062992126
21
0.4591396850393701
0
LINE
8
BLACK
6
CONTINUOUS
10
0.031496062992126
20
0.4591396850393701
11
0.0303223228346457
21
0.4601245669291338
0
LINE
8
BLACK
6
CONTINUOUS
10
0.0303223228346457
20
0.4601245669291338
11
0.0282713385826772
21
0.4636769291338583
0
LINE
8
BLACK
6
CONTINUOUS
10
0.0282713385826772
20
0.4636769291338583
11
0.0275590551181102
21
0.4677165354330708
0
LINE
8
BLACK
6
CONTINUOUS
10
0.0275590551181102
20
0.4677165354330708
11
0.0282713385826772
21
0.4717561417322835
0
LINE
8
BLACK
6
CONTINUOUS
10
0.0282713385826772
20
0.4717561417322835
11
0.0303223228346457
21
0.4753085039370079
0
LINE
8
BLACK
6
CONTINUOUS
10
0.0303223228346457
20
0.4753085039370079
11
0.0334645669291339
21
0.4779451968503937
0
LINE
8
BLACK
6
CONTINUOUS
10
0.0334645669291339
20
0.4779451968503937
11
0.0373191338582677
21
0.4793481102362205
0
LINE
8
BLACK
6
CONTINUOUS
10
0.0373191338582677
20
0.4793481102362205
11
0.0414210236220472
21
0.4793481102362205
0
LINE
8
BLACK
6
CONTINUOUS
10
0.0414210236220472
20
0.4793481102362205
11
0.0452755905511811
21
0.4779451968503937
0
LINE
8
BLACK
6
CONTINUOUS
10
0.1023622047244094
20
0.3852362204724409
11
0.0866141732283465
21
0.3852362204724409
0
LINE
8
BLACK
6
CONTINUOUS
10
0.0866141732283465
20
0.3852362204724409
11
0.0866141732283465
21
0.4639763779527559
0
LINE
8
BLACK
6
CONTINUOUS
10
0.0866141732283465
20
0.4639763779527559
11
0.1023622047244094
21
0.4639763779527559
0
LINE
8
BLACK
6
CONTINUOUS
10
0.1023622047244094
20
0.4639763779527559
11
0.1023622047244094
21
0.3852362204724409
0
LINE
8
BLACK
6
CONTINUOUS
10
0.2401574803149606
20
0.3852362204724409
11
0.2244094488188976
21
0.3852362204724409
0
LINE
8
BLACK
6
CONTINUOUS
10
0.2244094488188976
20
0.3852362204724409
11
0.2244094488188976
21
0.4639763779527559
0
LINE
8
BLACK
6
CONTINUOUS
10
0.2244094488188976
20
0.4639763779527559
11
0.2401574803149606
21
0.4639763779527559
0
LINE
8
BLACK
6
CONTINUOUS
10
0.2401574803149606
20
0.4639763779527559
11
0.2401574803149606
21
0.3852362204724409
0
CIRCLE
8
BLACK
10
0.3868110236220472
20
-0.5023622047244094
40
0.0068897637795276
0
CIRCLE
8
BLACK
10
0.2868110236220472
20
-0.5023622047244094
40
0.0068897637795276
0
CIRCLE
8
BLACK
10
0.1868110236220472
20
-0.5023622047244094
40
0.0068897637795276
0
CIRCLE
8
BLACK
10
0.5980314960629921
20
-0.3980314960629921
40
0.0068897637795276
0
CIRCLE
8
BLACK
10
-0.6019685039370078
20
-0.3980314960629921
40
0.0068897637795276
0
CIRCLE
8
BLACK
10
0.5980314960629921
20
0.8019685039370078
40
0.0068897637795276
0
CIRCLE
8
BLACK
10
0.0318897637795276
20
-0.408267716535433
40
0.0068897637795276
0
CIRCLE
8
BLACK
10
0.0318897637795276
20
-0.508267716535433
40
0.0068897637795276
0
CIRCLE
8
BLACK
10
-0.0681102362204724
20
-0.408267716535433
40
0.0068897637795276
0
CIRCLE
8
BLACK
10
-0.0681102362204724
20
-0.508267716535433
40
0.0068897637795276
0
CIRCLE
8
BLACK
10
-0.1681102362204724
20
-0.408267716535433
40
0.0068897637795276
0
CIRCLE
8
BLACK
10
-0.1681102362204724
20
-0.508267716535433
40
0.0068897637795276
0
CIRCLE
8
BLACK
10
-0.2681102362204724
20
-0.408267716535433
40
0.0068897637795276
0
CIRCLE
8
BLACK
10
-0.2681102362204724
20
-0.508267716535433
40
0.0068897637795276
0
CIRCLE
8
BLACK
10
-0.3681102362204725
20
-0.408267716535433
40
0.0068897637795276
0
CIRCLE
8
BLACK
10
-0.3681102362204725
20
-0.508267716535433
40
0.0068897637795276
0
CIRCLE
8
BLACK
10
-0.6019685039370078
20
0.8019685039370078
40
0.0068897637795276
0
CIRCLE
8
BLACK
10
-0.078740157480315
20
-0.0173228346456693
40
0.0059055118110236
0
CIRCLE
8
BLACK
10
0.5161417322834646
20
0.621259842519685
40
0.0059055118110236
0
CIRCLE
8
BLACK
10
-0.2578740157480315
20
0.0106299212598425
40
0.0059055118110236
0
CIRCLE
8
BLACK
10
0.0275590551181102
20
-0.2263779527559055
40
0.0059055118110236
0
CIRCLE
8
BLACK
10
-0.2590551181102362
20
0.1433070866141732
40
0.0059055118110236
0
CIRCLE
8
BLACK
10
0.052755905511811
20
0.018503937007874
40
0.0059055118110236
0
CIRCLE
8
BLACK
10
0.1480314960629921
20
0.508267716535433
40
0.0059055118110236
0
CIRCLE
8
BLACK
10
0.2350393700787402
20
-0.2326771653543307
40
0.0059055118110236
0
CIRCLE
8
BLACK
10
-0.3220472440944882
20
-0.2299212598425197
40
0.0059055118110236
0
CIRCLE
8
BLACK
10
0.0673228346456693
20
0.4968503937007874
40
0.0059055118110236
0
CIRCLE
8
BLACK
10
-0.4480314960629921
20
0.2007874015748032
40
0.0059055118110236
0
CIRCLE
8
BLACK
10
0.2145669291338583
20
0.4937007874015748
40
0.0059055118110236
0
CIRCLE
8
BLACK
10
0.2124165354330709
20
0.3281645669291339
40
0.0059055118110236
0
CIRCLE
8
BLACK
10
-0.3881889763779527
20
0.4960629921259843
40
0.0059055118110236
0
CIRCLE
8
BLACK
10
0.4755905511811023
20
0.431496062992126
40
0.0059055118110236
0
CIRCLE
8
BLACK
10
0.0539370078740157
20
-0.0968503937007874
40
0.0059055118110236
0
CIRCLE
8
BLACK
10
0.5519685039370079
20
0.4129921259842519
40
0.0059055118110236
0
CIRCLE
8
BLACK
10
0.1484251968503937
20
0.3236220472440945
40
0.0059055118110236
0
CIRCLE
8
BLACK
10
0.1059055118110236
20
-0.4594488188976378
40
0.0059055118110236
0
CIRCLE
8
BLACK
10
0.1291338582677165
20
0.152755905511811
40
0.0059055118110236
0
CIRCLE
8
BLACK
10
-0.1952755905511811
20
0.2988188976377953
40
0.0059055118110236
0
CIRCLE
8
BLACK
10
-0.2208661417322835
20
-0.2413385826771653
40
0.0059055118110236
0
CIRCLE
8
BLACK
10
0.2102362204724409
20
0.1484251968503937
40
0.0059055118110236
0
CIRCLE
8
BLACK
10
-0.2578740157480315
20
-0.0901574803149606
40
0.0059055118110236
0
CIRCLE
8
BLACK
10
-0.421259842519685
20
0.0106299212598425
40
0.0059055118110236
0
CIRCLE
8
BLACK
10
-0.4937007874015748
20
0.3429133858267717
40
0.0059055118110236
0
CIRCLE
8
BLACK
10
0.1893700787401575
20
-0.2318897637795276
40
0.0059055118110236
0
CIRCLE
8
BLACK
10
0.2586614173228347
20
0.5791338582677166
40
0.0059055118110236
0
CIRCLE
8
BLACK
10
0.6023622047244095
20
0.0145669291338583
40
0.0059055118110236
0
CIRCLE
8
BLACK
10
-0.3523622047244094
20
0.1409448818897638
40
0.0059055118110236
0
CIRCLE
8
BLACK
10
0.1173228346456693
20
-0.3944881889763779
40
0.0059055118110236
0
CIRCLE
8
BLACK
10
-0.021259842519685
20
0.4964566929133858
40
0.0059055118110236
0
CIRCLE
8
BLACK
10
0.1366141732283465
20
-0.2318897637795276
40
0.0059055118110236
0
CIRCLE
8
BLACK
10
-0.2090551181102362
20
0.3507874015748031
40
0.0059055118110236
0
CIRCLE
8
BLACK
10
-0.221259842519685
20
0.4948818897637795
40
0.0059055118110236
0
CIRCLE
8
BLACK
10
0.0181102362204724
20
0.321259842519685
40
0.0059055118110236
0
CIRCLE
8
BLACK
10
0.4854330708661417
20
0.0122047244094488
40
0.0059055118110236
0
CIRCLE
8
BLACK
10
-0.0291338582677165
20
0.3551181102362205
40
0.0059055118110236
0
CIRCLE
8
BLACK
10
-0.1098425196850394
20
-0.189763779527559
40
0.0059055118110236
0
CIRCLE
8
BLACK
10
0.6023622047244095
20
0.6106299212598425
40
0.0059055118110236
0
CIRCLE
8
BLACK
10
0.0807086614173228
20
0.3240157480314961
40
0.0059055118110236
0
CIRCLE
8
BLACK
10
-0.078740157480315
20
-0.1377952755905512
40
0.0059055118110236
0
CIRCLE
8
BLACK
10
0.1240157480314961
20
0.2803149606299212
40
0.0059055118110236
0
CIRCLE
8
BLACK
10
0.0118110236220472
20
0.3763779527559055
40
0.0059055118110236
0
CIRCLE
8
BLACK
10
0.2858267716535433
20
0.1456692913385827
40
0.0059055118110236
0
CIRCLE
8
BLACK
10
0.0393700787401575
20
0.4677165354330708
40
0.0059055118110236
0
CIRCLE
8
BLACK
10
0.4602362204724409
20
0.2802165354330708
40
0.0059055118110236
  0
ENDSEC
  0
EOF
