ISO-10303-21;
HEADER;
FILE_DESCRIPTION(('KiCad electronic assembly'),'2;1');
FILE_NAME('OLED02.step','2025-03-13T10:40:52',('Pcbnew'),('Kicad'),
  'Open CASCADE STEP processor 7.6','KiCad to STEP converter','Unknown'
  );
FILE_SCHEMA(('AUTOMOTIVE_DESIGN { 1 0 10303 214 1 1 1 1 }'));
ENDSEC;
DATA;
#1 = APPLICATION_PROTOCOL_DEFINITION('international standard',
  'automotive_design',2000,#2);
#2 = APPLICATION_CONTEXT(
  'core data for automotive mechanical design processes');
#3 = SHAPE_DEFINITION_REPRESENTATION(#4,#10);
#4 = PRODUCT_DEFINITION_SHAPE('','',#5);
#5 = PRODUCT_DEFINITION('design','',#6,#9);
#6 = PRODUCT_DEFINITION_FORMATION('','',#7);
#7 = PRODUCT('OLED02 1','OLED02 1','',(#8));
#8 = PRODUCT_CONTEXT('',#2,'mechanical');
#9 = PRODUCT_DEFINITION_CONTEXT('part definition',#2,'design');
#10 = SHAPE_REPRESENTATION('',(#11,#15,#19,#23,#27,#31,#35,#39,#43,#47,
    #51,#55,#59,#63,#67,#71,#75,#79,#83,#87),#91);
#11 = AXIS2_PLACEMENT_3D('',#12,#13,#14);
#12 = CARTESIAN_POINT('',(0.,0.,0.));
#13 = DIRECTION('',(0.,0.,1.));
#14 = DIRECTION('',(1.,0.,-0.));
#15 = AXIS2_PLACEMENT_3D('',#16,#17,#18);
#16 = CARTESIAN_POINT('',(0.86,-10.42,1.595));
#17 = DIRECTION('',(-0.,0.,1.));
#18 = DIRECTION('',(1.110223024625E-16,-1.,0.));
#19 = AXIS2_PLACEMENT_3D('',#20,#21,#22);
#20 = CARTESIAN_POINT('',(15.86,6.11,-8.5E-02));
#21 = DIRECTION('',(1.224646799147E-16,-1.359631073447E-32,-1.));
#22 = DIRECTION('',(1.110223024625E-16,1.,0.));
#23 = AXIS2_PLACEMENT_3D('',#24,#25,#26);
#24 = CARTESIAN_POINT('',(-8.69,6.09,-8.5E-02));
#25 = DIRECTION('',(-1.224646799147E-16,-1.359631073447E-32,-1.));
#26 = DIRECTION('',(1.110223024625E-16,-1.,0.));
#27 = AXIS2_PLACEMENT_3D('',#28,#29,#30);
#28 = CARTESIAN_POINT('',(-10.67,6.09,-8.5E-02));
#29 = DIRECTION('',(-1.224646799147E-16,-1.359631073447E-32,-1.));
#30 = DIRECTION('',(1.110223024625E-16,-1.,0.));
#31 = AXIS2_PLACEMENT_3D('',#32,#33,#34);
#32 = CARTESIAN_POINT('',(3.2,6.09,-8.5E-02));
#33 = DIRECTION('',(-1.224646799147E-16,-1.359631073447E-32,-1.));
#34 = DIRECTION('',(1.110223024625E-16,-1.,0.));
#35 = AXIS2_PLACEMENT_3D('',#36,#37,#38);
#36 = CARTESIAN_POINT('',(-6.75,6.1,-8.5E-02));
#37 = DIRECTION('',(-1.224646799147E-16,-1.359631073447E-32,-1.));
#38 = DIRECTION('',(1.110223024625E-16,-1.,0.));
#39 = AXIS2_PLACEMENT_3D('',#40,#41,#42);
#40 = CARTESIAN_POINT('',(-0.7,6.55,-8.5E-02));
#41 = DIRECTION('',(1.499759782662E-32,1.224646799147E-16,-1.));
#42 = DIRECTION('',(-1.,1.224646799147E-16,0.));
#43 = AXIS2_PLACEMENT_3D('',#44,#45,#46);
#44 = CARTESIAN_POINT('',(-13.73,14.04,-8.5E-02));
#45 = DIRECTION('',(1.499759782662E-32,1.224646799147E-16,-1.));
#46 = DIRECTION('',(-1.,1.224646799147E-16,0.));
#47 = AXIS2_PLACEMENT_3D('',#48,#49,#50);
#48 = CARTESIAN_POINT('',(11.81,6.09,-8.5E-02));
#49 = DIRECTION('',(-1.224646799147E-16,-1.359631073447E-32,-1.));
#50 = DIRECTION('',(1.110223024625E-16,-1.,0.));
#51 = AXIS2_PLACEMENT_3D('',#52,#53,#54);
#52 = CARTESIAN_POINT('',(13.8275,6.09,-8.5E-02));
#53 = DIRECTION('',(1.224646799147E-16,-1.359631073447E-32,-1.));
#54 = DIRECTION('',(1.110223024625E-16,1.,0.));
#55 = AXIS2_PLACEMENT_3D('',#56,#57,#58);
#56 = CARTESIAN_POINT('',(5.24,6.09,-8.5E-02));
#57 = DIRECTION('',(-1.224646799147E-16,-1.359631073447E-32,-1.));
#58 = DIRECTION('',(1.110223024625E-16,-1.,0.));
#59 = AXIS2_PLACEMENT_3D('',#60,#61,#62);
#60 = CARTESIAN_POINT('',(7.45,6.09,-8.5E-02));
#61 = DIRECTION('',(-1.224646799147E-16,-1.359631073447E-32,-1.));
#62 = DIRECTION('',(1.110223024625E-16,-1.,0.));
#63 = AXIS2_PLACEMENT_3D('',#64,#65,#66);
#64 = CARTESIAN_POINT('',(-0.7375,-4.35,-8.5E-02));
#65 = DIRECTION('',(0.,-1.224646799147E-16,-1.));
#66 = DIRECTION('',(1.,0.,0.));
#67 = AXIS2_PLACEMENT_3D('',#68,#69,#70);
#68 = CARTESIAN_POINT('',(-13.72,11.97,-8.5E-02));
#69 = DIRECTION('',(1.499759782662E-32,1.224646799147E-16,-1.));
#70 = DIRECTION('',(-1.,1.224646799147E-16,0.));
#71 = AXIS2_PLACEMENT_3D('',#72,#73,#74);
#72 = CARTESIAN_POINT('',(-0.71,4.5,-8.5E-02));
#73 = DIRECTION('',(1.499759782662E-32,1.224646799147E-16,-1.));
#74 = DIRECTION('',(-1.,1.224646799147E-16,0.));
#75 = AXIS2_PLACEMENT_3D('',#76,#77,#78);
#76 = CARTESIAN_POINT('',(7.44,2.56,-8.5E-02));
#77 = DIRECTION('',(1.224646799147E-16,-1.359631073447E-32,-1.));
#78 = DIRECTION('',(1.110223024625E-16,1.,0.));
#79 = AXIS2_PLACEMENT_3D('',#80,#81,#82);
#80 = CARTESIAN_POINT('',(9.42,6.09,-8.5E-02));
#81 = DIRECTION('',(1.224646799147E-16,-1.359631073447E-32,-1.));
#82 = DIRECTION('',(1.110223024625E-16,1.,0.));
#83 = AXIS2_PLACEMENT_3D('',#84,#85,#86);
#84 = CARTESIAN_POINT('',(6.45,-8.08,-8.5E-02));
#85 = DIRECTION('',(0.,-1.224646799147E-16,-1.));
#86 = DIRECTION('',(1.,0.,0.));
#87 = AXIS2_PLACEMENT_3D('',#88,#89,#90);
#88 = CARTESIAN_POINT('',(0.,0.,0.));
#89 = DIRECTION('',(0.,0.,1.));
#90 = DIRECTION('',(1.,0.,-0.));
#91 = ( GEOMETRIC_REPRESENTATION_CONTEXT(3) 
GLOBAL_UNCERTAINTY_ASSIGNED_CONTEXT((#95)) GLOBAL_UNIT_ASSIGNED_CONTEXT(
(#92,#93,#94)) REPRESENTATION_CONTEXT('Context #1',
  '3D Context with UNIT and UNCERTAINTY') );
#92 = ( LENGTH_UNIT() NAMED_UNIT(*) SI_UNIT(.MILLI.,.METRE.) );
#93 = ( NAMED_UNIT(*) PLANE_ANGLE_UNIT() SI_UNIT($,.RADIAN.) );
#94 = ( NAMED_UNIT(*) SI_UNIT($,.STERADIAN.) SOLID_ANGLE_UNIT() );
#95 = UNCERTAINTY_MEASURE_WITH_UNIT(LENGTH_MEASURE(2.E-07),#92,
  'distance_accuracy_value','confusion accuracy');
#96 = PRODUCT_RELATED_PRODUCT_CATEGORY('part',$,(#7));
#97 = SHAPE_DEFINITION_REPRESENTATION(#98,#104);
#98 = PRODUCT_DEFINITION_SHAPE('','',#99);
#99 = PRODUCT_DEFINITION('design','',#100,#103);
#100 = PRODUCT_DEFINITION_FORMATION('','',#101);
#101 = PRODUCT('PinHeader_2x05_P2.54mm_Vertical',
  'PinHeader_2x05_P2.54mm_Vertical','',(#102));
#102 = PRODUCT_CONTEXT('',#2,'mechanical');
#103 = PRODUCT_DEFINITION_CONTEXT('part definition',#2,'design');
#104 = ADVANCED_BREP_SHAPE_REPRESENTATION('',(#11,#105),#5939);
#105 = MANIFOLD_SOLID_BREP('',#106);
#106 = CLOSED_SHELL('',(#107,#147,#178,#209,#790,#1371,#1388,#1405,#1422
    ,#1439,#1456,#1473,#1490,#1507,#1524,#1541,#1558,#1575,#1592,#1609,
    #1626,#1643,#1660,#1677,#1694,#1711,#1728,#1745,#1762,#1779,#1796,
    #1813,#1830,#1847,#1859,#1890,#1914,#1938,#1955,#1986,#2010,#2034,
    #2051,#2082,#2106,#2130,#2147,#2178,#2202,#2226,#2243,#2274,#2298,
    #2322,#2339,#2370,#2394,#2418,#2435,#2466,#2490,#2514,#2531,#2562,
    #2586,#2610,#2627,#2658,#2682,#2706,#2723,#2754,#2778,#2802,#2819,
    #2850,#2874,#2898,#2915,#2946,#2970,#2994,#3011,#3042,#3066,#3090,
    #3107,#3138,#3162,#3186,#3203,#3234,#3258,#3282,#3299,#3330,#3354,
    #3378,#3395,#3426,#3450,#3474,#3491,#3522,#3546,#3570,#3587,#3618,
    #3642,#3666,#3683,#3714,#3738,#3762,#3779,#3810,#3834,#3858,#3875,
    #3906,#3930,#3954,#3971,#4002,#4026,#4050,#4067,#4098,#4122,#4146,
    #4163,#4194,#4218,#4242,#4259,#4290,#4314,#4338,#4355,#4386,#4410,
    #4434,#4451,#4482,#4506,#4530,#4547,#4578,#4602,#4626,#4643,#4674,
    #4698,#4722,#4739,#4770,#4794,#4818,#4835,#4866,#4890,#4914,#4931,
    #4962,#4986,#5010,#5027,#5058,#5082,#5106,#5123,#5154,#5178,#5202,
    #5219,#5250,#5274,#5298,#5315,#5346,#5370,#5394,#5411,#5442,#5466,
    #5490,#5507,#5538,#5562,#5586,#5603,#5634,#5658,#5682,#5699,#5711,
    #5723,#5735,#5747,#5759,#5771,#5783,#5795,#5807,#5819,#5831,#5843,
    #5855,#5867,#5879,#5891,#5903,#5915,#5927));
#107 = ADVANCED_FACE('',(#108),#142,.F.);
#108 = FACE_BOUND('',#109,.F.);
#109 = EDGE_LOOP('',(#110,#120,#128,#136));
#110 = ORIENTED_EDGE('',*,*,#111,.T.);
#111 = EDGE_CURVE('',#112,#114,#116,.T.);
#112 = VERTEX_POINT('',#113);
#113 = CARTESIAN_POINT('',(-1.016,1.27,0.));
#114 = VERTEX_POINT('',#115);
#115 = CARTESIAN_POINT('',(-1.016,1.27,2.54));
#116 = LINE('',#117,#118);
#117 = CARTESIAN_POINT('',(-1.016,1.27,0.));
#118 = VECTOR('',#119,1.);
#119 = DIRECTION('',(0.,0.,1.));
#120 = ORIENTED_EDGE('',*,*,#121,.T.);
#121 = EDGE_CURVE('',#114,#122,#124,.T.);
#122 = VERTEX_POINT('',#123);
#123 = CARTESIAN_POINT('',(-1.27,1.016,2.54));
#124 = LINE('',#125,#126);
#125 = CARTESIAN_POINT('',(-1.016,1.27,2.54));
#126 = VECTOR('',#127,1.);
#127 = DIRECTION('',(-0.707106781187,-0.707106781187,0.));
#128 = ORIENTED_EDGE('',*,*,#129,.F.);
#129 = EDGE_CURVE('',#130,#122,#132,.T.);
#130 = VERTEX_POINT('',#131);
#131 = CARTESIAN_POINT('',(-1.27,1.016,0.));
#132 = LINE('',#133,#134);
#133 = CARTESIAN_POINT('',(-1.27,1.016,0.));
#134 = VECTOR('',#135,1.);
#135 = DIRECTION('',(0.,0.,1.));
#136 = ORIENTED_EDGE('',*,*,#137,.F.);
#137 = EDGE_CURVE('',#112,#130,#138,.T.);
#138 = LINE('',#139,#140);
#139 = CARTESIAN_POINT('',(-1.016,1.27,0.));
#140 = VECTOR('',#141,1.);
#141 = DIRECTION('',(-0.707106781187,-0.707106781187,0.));
#142 = PLANE('',#143);
#143 = AXIS2_PLACEMENT_3D('',#144,#145,#146);
#144 = CARTESIAN_POINT('',(-1.016,1.27,0.));
#145 = DIRECTION('',(0.707106781187,-0.707106781187,0.));
#146 = DIRECTION('',(-0.707106781187,-0.707106781187,0.));
#147 = ADVANCED_FACE('',(#148),#173,.F.);
#148 = FACE_BOUND('',#149,.F.);
#149 = EDGE_LOOP('',(#150,#160,#166,#167));
#150 = ORIENTED_EDGE('',*,*,#151,.T.);
#151 = EDGE_CURVE('',#152,#154,#156,.T.);
#152 = VERTEX_POINT('',#153);
#153 = CARTESIAN_POINT('',(3.556,1.27,0.));
#154 = VERTEX_POINT('',#155);
#155 = CARTESIAN_POINT('',(3.556,1.27,2.54));
#156 = LINE('',#157,#158);
#157 = CARTESIAN_POINT('',(3.556,1.27,0.));
#158 = VECTOR('',#159,1.);
#159 = DIRECTION('',(0.,0.,1.));
#160 = ORIENTED_EDGE('',*,*,#161,.T.);
#161 = EDGE_CURVE('',#154,#114,#162,.T.);
#162 = LINE('',#163,#164);
#163 = CARTESIAN_POINT('',(3.556,1.27,2.54));
#164 = VECTOR('',#165,1.);
#165 = DIRECTION('',(-1.,0.,0.));
#166 = ORIENTED_EDGE('',*,*,#111,.F.);
#167 = ORIENTED_EDGE('',*,*,#168,.F.);
#168 = EDGE_CURVE('',#152,#112,#169,.T.);
#169 = LINE('',#170,#171);
#170 = CARTESIAN_POINT('',(3.556,1.27,0.));
#171 = VECTOR('',#172,1.);
#172 = DIRECTION('',(-1.,0.,0.));
#173 = PLANE('',#174);
#174 = AXIS2_PLACEMENT_3D('',#175,#176,#177);
#175 = CARTESIAN_POINT('',(3.556,1.27,0.));
#176 = DIRECTION('',(0.,-1.,0.));
#177 = DIRECTION('',(-1.,0.,0.));
#178 = ADVANCED_FACE('',(#179),#204,.F.);
#179 = FACE_BOUND('',#180,.F.);
#180 = EDGE_LOOP('',(#181,#182,#190,#198));
#181 = ORIENTED_EDGE('',*,*,#129,.T.);
#182 = ORIENTED_EDGE('',*,*,#183,.T.);
#183 = EDGE_CURVE('',#122,#184,#186,.T.);
#184 = VERTEX_POINT('',#185);
#185 = CARTESIAN_POINT('',(-1.27,-1.016,2.54));
#186 = LINE('',#187,#188);
#187 = CARTESIAN_POINT('',(-1.27,1.016,2.54));
#188 = VECTOR('',#189,1.);
#189 = DIRECTION('',(0.,-1.,0.));
#190 = ORIENTED_EDGE('',*,*,#191,.F.);
#191 = EDGE_CURVE('',#192,#184,#194,.T.);
#192 = VERTEX_POINT('',#193);
#193 = CARTESIAN_POINT('',(-1.27,-1.016,0.));
#194 = LINE('',#195,#196);
#195 = CARTESIAN_POINT('',(-1.27,-1.016,0.));
#196 = VECTOR('',#197,1.);
#197 = DIRECTION('',(0.,0.,1.));
#198 = ORIENTED_EDGE('',*,*,#199,.F.);
#199 = EDGE_CURVE('',#130,#192,#200,.T.);
#200 = LINE('',#201,#202);
#201 = CARTESIAN_POINT('',(-1.27,1.016,0.));
#202 = VECTOR('',#203,1.);
#203 = DIRECTION('',(0.,-1.,0.));
#204 = PLANE('',#205);
#205 = AXIS2_PLACEMENT_3D('',#206,#207,#208);
#206 = CARTESIAN_POINT('',(-1.27,1.016,0.));
#207 = DIRECTION('',(1.,0.,0.));
#208 = DIRECTION('',(0.,-1.,0.));
#209 = ADVANCED_FACE('',(#210,#445,#479,#513,#547,#581,#615,#649,#683,
    #717,#751),#785,.F.);
#210 = FACE_BOUND('',#211,.F.);
#211 = EDGE_LOOP('',(#212,#213,#214,#222,#230,#238,#246,#254,#262,#270,
    #278,#286,#294,#302,#310,#318,#326,#334,#342,#350,#358,#366,#374,
    #382,#390,#398,#406,#414,#422,#430,#438,#444));
#212 = ORIENTED_EDGE('',*,*,#137,.T.);
#213 = ORIENTED_EDGE('',*,*,#199,.T.);
#214 = ORIENTED_EDGE('',*,*,#215,.T.);
#215 = EDGE_CURVE('',#192,#216,#218,.T.);
#216 = VERTEX_POINT('',#217);
#217 = CARTESIAN_POINT('',(-1.016,-1.27,0.));
#218 = LINE('',#219,#220);
#219 = CARTESIAN_POINT('',(-1.27,-1.016,0.));
#220 = VECTOR('',#221,1.);
#221 = DIRECTION('',(0.707106781187,-0.707106781187,0.));
#222 = ORIENTED_EDGE('',*,*,#223,.T.);
#223 = EDGE_CURVE('',#216,#224,#226,.T.);
#224 = VERTEX_POINT('',#225);
#225 = CARTESIAN_POINT('',(-1.27,-1.524,0.));
#226 = LINE('',#227,#228);
#227 = CARTESIAN_POINT('',(-1.016,-1.27,0.));
#228 = VECTOR('',#229,1.);
#229 = DIRECTION('',(-0.707106781187,-0.707106781187,0.));
#230 = ORIENTED_EDGE('',*,*,#231,.T.);
#231 = EDGE_CURVE('',#224,#232,#234,.T.);
#232 = VERTEX_POINT('',#233);
#233 = CARTESIAN_POINT('',(-1.27,-3.556,0.));
#234 = LINE('',#235,#236);
#235 = CARTESIAN_POINT('',(-1.27,-1.524,0.));
#236 = VECTOR('',#237,1.);
#237 = DIRECTION('',(0.,-1.,0.));
#238 = ORIENTED_EDGE('',*,*,#239,.T.);
#239 = EDGE_CURVE('',#232,#240,#242,.T.);
#240 = VERTEX_POINT('',#241);
#241 = CARTESIAN_POINT('',(-1.016,-3.81,0.));
#242 = LINE('',#243,#244);
#243 = CARTESIAN_POINT('',(-1.27,-3.556,0.));
#244 = VECTOR('',#245,1.);
#245 = DIRECTION('',(0.707106781187,-0.707106781187,0.));
#246 = ORIENTED_EDGE('',*,*,#247,.T.);
#247 = EDGE_CURVE('',#240,#248,#250,.T.);
#248 = VERTEX_POINT('',#249);
#249 = CARTESIAN_POINT('',(-1.27,-4.064,0.));
#250 = LINE('',#251,#252);
#251 = CARTESIAN_POINT('',(-1.016,-3.81,0.));
#252 = VECTOR('',#253,1.);
#253 = DIRECTION('',(-0.707106781187,-0.707106781187,0.));
#254 = ORIENTED_EDGE('',*,*,#255,.T.);
#255 = EDGE_CURVE('',#248,#256,#258,.T.);
#256 = VERTEX_POINT('',#257);
#257 = CARTESIAN_POINT('',(-1.27,-6.096,0.));
#258 = LINE('',#259,#260);
#259 = CARTESIAN_POINT('',(-1.27,-4.064,0.));
#260 = VECTOR('',#261,1.);
#261 = DIRECTION('',(0.,-1.,0.));
#262 = ORIENTED_EDGE('',*,*,#263,.T.);
#263 = EDGE_CURVE('',#256,#264,#266,.T.);
#264 = VERTEX_POINT('',#265);
#265 = CARTESIAN_POINT('',(-1.016,-6.35,0.));
#266 = LINE('',#267,#268);
#267 = CARTESIAN_POINT('',(-1.27,-6.096,0.));
#268 = VECTOR('',#269,1.);
#269 = DIRECTION('',(0.707106781187,-0.707106781187,0.));
#270 = ORIENTED_EDGE('',*,*,#271,.T.);
#271 = EDGE_CURVE('',#264,#272,#274,.T.);
#272 = VERTEX_POINT('',#273);
#273 = CARTESIAN_POINT('',(-1.27,-6.604,0.));
#274 = LINE('',#275,#276);
#275 = CARTESIAN_POINT('',(-1.016,-6.35,0.));
#276 = VECTOR('',#277,1.);
#277 = DIRECTION('',(-0.707106781187,-0.707106781187,0.));
#278 = ORIENTED_EDGE('',*,*,#279,.T.);
#279 = EDGE_CURVE('',#272,#280,#282,.T.);
#280 = VERTEX_POINT('',#281);
#281 = CARTESIAN_POINT('',(-1.27,-8.636,0.));
#282 = LINE('',#283,#284);
#283 = CARTESIAN_POINT('',(-1.27,-6.604,0.));
#284 = VECTOR('',#285,1.);
#285 = DIRECTION('',(0.,-1.,0.));
#286 = ORIENTED_EDGE('',*,*,#287,.T.);
#287 = EDGE_CURVE('',#280,#288,#290,.T.);
#288 = VERTEX_POINT('',#289);
#289 = CARTESIAN_POINT('',(-1.016,-8.89,0.));
#290 = LINE('',#291,#292);
#291 = CARTESIAN_POINT('',(-1.27,-8.636,0.));
#292 = VECTOR('',#293,1.);
#293 = DIRECTION('',(0.707106781187,-0.707106781187,0.));
#294 = ORIENTED_EDGE('',*,*,#295,.T.);
#295 = EDGE_CURVE('',#288,#296,#298,.T.);
#296 = VERTEX_POINT('',#297);
#297 = CARTESIAN_POINT('',(-1.27,-9.144,0.));
#298 = LINE('',#299,#300);
#299 = CARTESIAN_POINT('',(-1.016,-8.89,0.));
#300 = VECTOR('',#301,1.);
#301 = DIRECTION('',(-0.707106781187,-0.707106781187,0.));
#302 = ORIENTED_EDGE('',*,*,#303,.T.);
#303 = EDGE_CURVE('',#296,#304,#306,.T.);
#304 = VERTEX_POINT('',#305);
#305 = CARTESIAN_POINT('',(-1.27,-11.176,0.));
#306 = LINE('',#307,#308);
#307 = CARTESIAN_POINT('',(-1.27,-9.144,0.));
#308 = VECTOR('',#309,1.);
#309 = DIRECTION('',(0.,-1.,0.));
#310 = ORIENTED_EDGE('',*,*,#311,.T.);
#311 = EDGE_CURVE('',#304,#312,#314,.T.);
#312 = VERTEX_POINT('',#313);
#313 = CARTESIAN_POINT('',(-1.016,-11.43,0.));
#314 = LINE('',#315,#316);
#315 = CARTESIAN_POINT('',(-1.27,-11.176,0.));
#316 = VECTOR('',#317,1.);
#317 = DIRECTION('',(0.707106781187,-0.707106781187,0.));
#318 = ORIENTED_EDGE('',*,*,#319,.T.);
#319 = EDGE_CURVE('',#312,#320,#322,.T.);
#320 = VERTEX_POINT('',#321);
#321 = CARTESIAN_POINT('',(3.556,-11.43,0.));
#322 = LINE('',#323,#324);
#323 = CARTESIAN_POINT('',(-1.016,-11.43,0.));
#324 = VECTOR('',#325,1.);
#325 = DIRECTION('',(1.,0.,0.));
#326 = ORIENTED_EDGE('',*,*,#327,.T.);
#327 = EDGE_CURVE('',#320,#328,#330,.T.);
#328 = VERTEX_POINT('',#329);
#329 = CARTESIAN_POINT('',(3.81,-11.176,0.));
#330 = LINE('',#331,#332);
#331 = CARTESIAN_POINT('',(3.556,-11.43,0.));
#332 = VECTOR('',#333,1.);
#333 = DIRECTION('',(0.707106781187,0.707106781187,0.));
#334 = ORIENTED_EDGE('',*,*,#335,.T.);
#335 = EDGE_CURVE('',#328,#336,#338,.T.);
#336 = VERTEX_POINT('',#337);
#337 = CARTESIAN_POINT('',(3.81,-9.144,0.));
#338 = LINE('',#339,#340);
#339 = CARTESIAN_POINT('',(3.81,-11.176,0.));
#340 = VECTOR('',#341,1.);
#341 = DIRECTION('',(0.,1.,0.));
#342 = ORIENTED_EDGE('',*,*,#343,.T.);
#343 = EDGE_CURVE('',#336,#344,#346,.T.);
#344 = VERTEX_POINT('',#345);
#345 = CARTESIAN_POINT('',(3.556,-8.89,0.));
#346 = LINE('',#347,#348);
#347 = CARTESIAN_POINT('',(3.81,-9.144,0.));
#348 = VECTOR('',#349,1.);
#349 = DIRECTION('',(-0.707106781187,0.707106781187,0.));
#350 = ORIENTED_EDGE('',*,*,#351,.T.);
#351 = EDGE_CURVE('',#344,#352,#354,.T.);
#352 = VERTEX_POINT('',#353);
#353 = CARTESIAN_POINT('',(3.81,-8.636,0.));
#354 = LINE('',#355,#356);
#355 = CARTESIAN_POINT('',(3.556,-8.89,0.));
#356 = VECTOR('',#357,1.);
#357 = DIRECTION('',(0.707106781187,0.707106781187,0.));
#358 = ORIENTED_EDGE('',*,*,#359,.T.);
#359 = EDGE_CURVE('',#352,#360,#362,.T.);
#360 = VERTEX_POINT('',#361);
#361 = CARTESIAN_POINT('',(3.81,-6.604,0.));
#362 = LINE('',#363,#364);
#363 = CARTESIAN_POINT('',(3.81,-8.636,0.));
#364 = VECTOR('',#365,1.);
#365 = DIRECTION('',(0.,1.,0.));
#366 = ORIENTED_EDGE('',*,*,#367,.T.);
#367 = EDGE_CURVE('',#360,#368,#370,.T.);
#368 = VERTEX_POINT('',#369);
#369 = CARTESIAN_POINT('',(3.556,-6.35,0.));
#370 = LINE('',#371,#372);
#371 = CARTESIAN_POINT('',(3.81,-6.604,0.));
#372 = VECTOR('',#373,1.);
#373 = DIRECTION('',(-0.707106781187,0.707106781187,0.));
#374 = ORIENTED_EDGE('',*,*,#375,.T.);
#375 = EDGE_CURVE('',#368,#376,#378,.T.);
#376 = VERTEX_POINT('',#377);
#377 = CARTESIAN_POINT('',(3.81,-6.096,0.));
#378 = LINE('',#379,#380);
#379 = CARTESIAN_POINT('',(3.556,-6.35,0.));
#380 = VECTOR('',#381,1.);
#381 = DIRECTION('',(0.707106781187,0.707106781187,0.));
#382 = ORIENTED_EDGE('',*,*,#383,.T.);
#383 = EDGE_CURVE('',#376,#384,#386,.T.);
#384 = VERTEX_POINT('',#385);
#385 = CARTESIAN_POINT('',(3.81,-4.064,0.));
#386 = LINE('',#387,#388);
#387 = CARTESIAN_POINT('',(3.81,-6.096,0.));
#388 = VECTOR('',#389,1.);
#389 = DIRECTION('',(0.,1.,0.));
#390 = ORIENTED_EDGE('',*,*,#391,.T.);
#391 = EDGE_CURVE('',#384,#392,#394,.T.);
#392 = VERTEX_POINT('',#393);
#393 = CARTESIAN_POINT('',(3.556,-3.81,0.));
#394 = LINE('',#395,#396);
#395 = CARTESIAN_POINT('',(3.81,-4.064,0.));
#396 = VECTOR('',#397,1.);
#397 = DIRECTION('',(-0.707106781187,0.707106781187,0.));
#398 = ORIENTED_EDGE('',*,*,#399,.T.);
#399 = EDGE_CURVE('',#392,#400,#402,.T.);
#400 = VERTEX_POINT('',#401);
#401 = CARTESIAN_POINT('',(3.81,-3.556,0.));
#402 = LINE('',#403,#404);
#403 = CARTESIAN_POINT('',(3.556,-3.81,0.));
#404 = VECTOR('',#405,1.);
#405 = DIRECTION('',(0.707106781187,0.707106781187,0.));
#406 = ORIENTED_EDGE('',*,*,#407,.T.);
#407 = EDGE_CURVE('',#400,#408,#410,.T.);
#408 = VERTEX_POINT('',#409);
#409 = CARTESIAN_POINT('',(3.81,-1.524,0.));
#410 = LINE('',#411,#412);
#411 = CARTESIAN_POINT('',(3.81,-3.556,0.));
#412 = VECTOR('',#413,1.);
#413 = DIRECTION('',(0.,1.,0.));
#414 = ORIENTED_EDGE('',*,*,#415,.T.);
#415 = EDGE_CURVE('',#408,#416,#418,.T.);
#416 = VERTEX_POINT('',#417);
#417 = CARTESIAN_POINT('',(3.556,-1.27,0.));
#418 = LINE('',#419,#420);
#419 = CARTESIAN_POINT('',(3.81,-1.524,0.));
#420 = VECTOR('',#421,1.);
#421 = DIRECTION('',(-0.707106781187,0.707106781187,0.));
#422 = ORIENTED_EDGE('',*,*,#423,.T.);
#423 = EDGE_CURVE('',#416,#424,#426,.T.);
#424 = VERTEX_POINT('',#425);
#425 = CARTESIAN_POINT('',(3.81,-1.016,0.));
#426 = LINE('',#427,#428);
#427 = CARTESIAN_POINT('',(3.556,-1.27,0.));
#428 = VECTOR('',#429,1.);
#429 = DIRECTION('',(0.707106781187,0.707106781187,0.));
#430 = ORIENTED_EDGE('',*,*,#431,.T.);
#431 = EDGE_CURVE('',#424,#432,#434,.T.);
#432 = VERTEX_POINT('',#433);
#433 = CARTESIAN_POINT('',(3.81,1.016,0.));
#434 = LINE('',#435,#436);
#435 = CARTESIAN_POINT('',(3.81,-1.016,0.));
#436 = VECTOR('',#437,1.);
#437 = DIRECTION('',(0.,1.,0.));
#438 = ORIENTED_EDGE('',*,*,#439,.T.);
#439 = EDGE_CURVE('',#432,#152,#440,.T.);
#440 = LINE('',#441,#442);
#441 = CARTESIAN_POINT('',(3.81,1.016,0.));
#442 = VECTOR('',#443,1.);
#443 = DIRECTION('',(-0.707106781187,0.707106781187,0.));
#444 = ORIENTED_EDGE('',*,*,#168,.T.);
#445 = FACE_BOUND('',#446,.F.);
#446 = EDGE_LOOP('',(#447,#457,#465,#473));
#447 = ORIENTED_EDGE('',*,*,#448,.T.);
#448 = EDGE_CURVE('',#449,#451,#453,.T.);
#449 = VERTEX_POINT('',#450);
#450 = CARTESIAN_POINT('',(2.86,-0.32,0.));
#451 = VERTEX_POINT('',#452);
#452 = CARTESIAN_POINT('',(2.22,-0.32,0.));
#453 = LINE('',#454,#455);
#454 = CARTESIAN_POINT('',(1.745,-0.32,0.));
#455 = VECTOR('',#456,1.);
#456 = DIRECTION('',(-1.,0.,0.));
#457 = ORIENTED_EDGE('',*,*,#458,.T.);
#458 = EDGE_CURVE('',#451,#459,#461,.T.);
#459 = VERTEX_POINT('',#460);
#460 = CARTESIAN_POINT('',(2.22,0.32,0.));
#461 = LINE('',#462,#463);
#462 = CARTESIAN_POINT('',(2.22,-2.7,0.));
#463 = VECTOR('',#464,1.);
#464 = DIRECTION('',(0.,1.,0.));
#465 = ORIENTED_EDGE('',*,*,#466,.F.);
#466 = EDGE_CURVE('',#467,#459,#469,.T.);
#467 = VERTEX_POINT('',#468);
#468 = CARTESIAN_POINT('',(2.86,0.32,0.));
#469 = LINE('',#470,#471);
#470 = CARTESIAN_POINT('',(1.745,0.32,0.));
#471 = VECTOR('',#472,1.);
#472 = DIRECTION('',(-1.,0.,0.));
#473 = ORIENTED_EDGE('',*,*,#474,.F.);
#474 = EDGE_CURVE('',#449,#467,#475,.T.);
#475 = LINE('',#476,#477);
#476 = CARTESIAN_POINT('',(2.86,-2.7,0.));
#477 = VECTOR('',#478,1.);
#478 = DIRECTION('',(0.,1.,0.));
#479 = FACE_BOUND('',#480,.F.);
#480 = EDGE_LOOP('',(#481,#491,#499,#507));
#481 = ORIENTED_EDGE('',*,*,#482,.T.);
#482 = EDGE_CURVE('',#483,#485,#487,.T.);
#483 = VERTEX_POINT('',#484);
#484 = CARTESIAN_POINT('',(0.32,-0.32,0.));
#485 = VERTEX_POINT('',#486);
#486 = CARTESIAN_POINT('',(-0.32,-0.32,0.));
#487 = LINE('',#488,#489);
#488 = CARTESIAN_POINT('',(0.475,-0.32,0.));
#489 = VECTOR('',#490,1.);
#490 = DIRECTION('',(-1.,0.,0.));
#491 = ORIENTED_EDGE('',*,*,#492,.T.);
#492 = EDGE_CURVE('',#485,#493,#495,.T.);
#493 = VERTEX_POINT('',#494);
#494 = CARTESIAN_POINT('',(-0.32,0.32,0.));
#495 = LINE('',#496,#497);
#496 = CARTESIAN_POINT('',(-0.32,-2.7,0.));
#497 = VECTOR('',#498,1.);
#498 = DIRECTION('',(0.,1.,0.));
#499 = ORIENTED_EDGE('',*,*,#500,.F.);
#500 = EDGE_CURVE('',#501,#493,#503,.T.);
#501 = VERTEX_POINT('',#502);
#502 = CARTESIAN_POINT('',(0.32,0.32,0.));
#503 = LINE('',#504,#505);
#504 = CARTESIAN_POINT('',(0.475,0.32,0.));
#505 = VECTOR('',#506,1.);
#506 = DIRECTION('',(-1.,0.,0.));
#507 = ORIENTED_EDGE('',*,*,#508,.F.);
#508 = EDGE_CURVE('',#483,#501,#509,.T.);
#509 = LINE('',#510,#511);
#510 = CARTESIAN_POINT('',(0.32,-2.7,0.));
#511 = VECTOR('',#512,1.);
#512 = DIRECTION('',(0.,1.,0.));
#513 = FACE_BOUND('',#514,.F.);
#514 = EDGE_LOOP('',(#515,#525,#533,#541));
#515 = ORIENTED_EDGE('',*,*,#516,.F.);
#516 = EDGE_CURVE('',#517,#519,#521,.T.);
#517 = VERTEX_POINT('',#518);
#518 = CARTESIAN_POINT('',(2.86,-2.86,0.));
#519 = VERTEX_POINT('',#520);
#520 = CARTESIAN_POINT('',(2.86,-2.22,0.));
#521 = LINE('',#522,#523);
#522 = CARTESIAN_POINT('',(2.86,-3.97,0.));
#523 = VECTOR('',#524,1.);
#524 = DIRECTION('',(0.,1.,0.));
#525 = ORIENTED_EDGE('',*,*,#526,.T.);
#526 = EDGE_CURVE('',#517,#527,#529,.T.);
#527 = VERTEX_POINT('',#528);
#528 = CARTESIAN_POINT('',(2.22,-2.86,0.));
#529 = LINE('',#530,#531);
#530 = CARTESIAN_POINT('',(1.745,-2.86,0.));
#531 = VECTOR('',#532,1.);
#532 = DIRECTION('',(-1.,0.,0.));
#533 = ORIENTED_EDGE('',*,*,#534,.T.);
#534 = EDGE_CURVE('',#527,#535,#537,.T.);
#535 = VERTEX_POINT('',#536);
#536 = CARTESIAN_POINT('',(2.22,-2.22,0.));
#537 = LINE('',#538,#539);
#538 = CARTESIAN_POINT('',(2.22,-3.97,0.));
#539 = VECTOR('',#540,1.);
#540 = DIRECTION('',(0.,1.,0.));
#541 = ORIENTED_EDGE('',*,*,#542,.F.);
#542 = EDGE_CURVE('',#519,#535,#543,.T.);
#543 = LINE('',#544,#545);
#544 = CARTESIAN_POINT('',(1.745,-2.22,0.));
#545 = VECTOR('',#546,1.);
#546 = DIRECTION('',(-1.,0.,0.));
#547 = FACE_BOUND('',#548,.F.);
#548 = EDGE_LOOP('',(#549,#559,#567,#575));
#549 = ORIENTED_EDGE('',*,*,#550,.F.);
#550 = EDGE_CURVE('',#551,#553,#555,.T.);
#551 = VERTEX_POINT('',#552);
#552 = CARTESIAN_POINT('',(0.32,-2.22,0.));
#553 = VERTEX_POINT('',#554);
#554 = CARTESIAN_POINT('',(-0.32,-2.22,0.));
#555 = LINE('',#556,#557);
#556 = CARTESIAN_POINT('',(0.475,-2.22,0.));
#557 = VECTOR('',#558,1.);
#558 = DIRECTION('',(-1.,0.,0.));
#559 = ORIENTED_EDGE('',*,*,#560,.F.);
#560 = EDGE_CURVE('',#561,#551,#563,.T.);
#561 = VERTEX_POINT('',#562);
#562 = CARTESIAN_POINT('',(0.32,-2.86,0.));
#563 = LINE('',#564,#565);
#564 = CARTESIAN_POINT('',(0.32,-3.97,0.));
#565 = VECTOR('',#566,1.);
#566 = DIRECTION('',(0.,1.,0.));
#567 = ORIENTED_EDGE('',*,*,#568,.T.);
#568 = EDGE_CURVE('',#561,#569,#571,.T.);
#569 = VERTEX_POINT('',#570);
#570 = CARTESIAN_POINT('',(-0.32,-2.86,0.));
#571 = LINE('',#572,#573);
#572 = CARTESIAN_POINT('',(0.475,-2.86,0.));
#573 = VECTOR('',#574,1.);
#574 = DIRECTION('',(-1.,0.,0.));
#575 = ORIENTED_EDGE('',*,*,#576,.T.);
#576 = EDGE_CURVE('',#569,#553,#577,.T.);
#577 = LINE('',#578,#579);
#578 = CARTESIAN_POINT('',(-0.32,-3.97,0.));
#579 = VECTOR('',#580,1.);
#580 = DIRECTION('',(0.,1.,0.));
#581 = FACE_BOUND('',#582,.F.);
#582 = EDGE_LOOP('',(#583,#593,#601,#609));
#583 = ORIENTED_EDGE('',*,*,#584,.T.);
#584 = EDGE_CURVE('',#585,#587,#589,.T.);
#585 = VERTEX_POINT('',#586);
#586 = CARTESIAN_POINT('',(0.32,-10.48,0.));
#587 = VERTEX_POINT('',#588);
#588 = CARTESIAN_POINT('',(-0.32,-10.48,0.));
#589 = LINE('',#590,#591);
#590 = CARTESIAN_POINT('',(0.475,-10.48,0.));
#591 = VECTOR('',#592,1.);
#592 = DIRECTION('',(-1.,0.,0.));
#593 = ORIENTED_EDGE('',*,*,#594,.T.);
#594 = EDGE_CURVE('',#587,#595,#597,.T.);
#595 = VERTEX_POINT('',#596);
#596 = CARTESIAN_POINT('',(-0.32,-9.84,0.));
#597 = LINE('',#598,#599);
#598 = CARTESIAN_POINT('',(-0.32,-7.78,0.));
#599 = VECTOR('',#600,1.);
#600 = DIRECTION('',(0.,1.,0.));
#601 = ORIENTED_EDGE('',*,*,#602,.F.);
#602 = EDGE_CURVE('',#603,#595,#605,.T.);
#603 = VERTEX_POINT('',#604);
#604 = CARTESIAN_POINT('',(0.32,-9.84,0.));
#605 = LINE('',#606,#607);
#606 = CARTESIAN_POINT('',(0.475,-9.84,0.));
#607 = VECTOR('',#608,1.);
#608 = DIRECTION('',(-1.,0.,0.));
#609 = ORIENTED_EDGE('',*,*,#610,.F.);
#610 = EDGE_CURVE('',#585,#603,#611,.T.);
#611 = LINE('',#612,#613);
#612 = CARTESIAN_POINT('',(0.32,-7.78,0.));
#613 = VECTOR('',#614,1.);
#614 = DIRECTION('',(0.,1.,0.));
#615 = FACE_BOUND('',#616,.F.);
#616 = EDGE_LOOP('',(#617,#627,#635,#643));
#617 = ORIENTED_EDGE('',*,*,#618,.T.);
#618 = EDGE_CURVE('',#619,#621,#623,.T.);
#619 = VERTEX_POINT('',#620);
#620 = CARTESIAN_POINT('',(0.32,-7.94,0.));
#621 = VERTEX_POINT('',#622);
#622 = CARTESIAN_POINT('',(-0.32,-7.94,0.));
#623 = LINE('',#624,#625);
#624 = CARTESIAN_POINT('',(0.475,-7.94,0.));
#625 = VECTOR('',#626,1.);
#626 = DIRECTION('',(-1.,0.,0.));
#627 = ORIENTED_EDGE('',*,*,#628,.T.);
#628 = EDGE_CURVE('',#621,#629,#631,.T.);
#629 = VERTEX_POINT('',#630);
#630 = CARTESIAN_POINT('',(-0.32,-7.3,0.));
#631 = LINE('',#632,#633);
#632 = CARTESIAN_POINT('',(-0.32,-6.51,0.));
#633 = VECTOR('',#634,1.);
#634 = DIRECTION('',(0.,1.,0.));
#635 = ORIENTED_EDGE('',*,*,#636,.F.);
#636 = EDGE_CURVE('',#637,#629,#639,.T.);
#637 = VERTEX_POINT('',#638);
#638 = CARTESIAN_POINT('',(0.32,-7.3,0.));
#639 = LINE('',#640,#641);
#640 = CARTESIAN_POINT('',(0.475,-7.3,0.));
#641 = VECTOR('',#642,1.);
#642 = DIRECTION('',(-1.,0.,0.));
#643 = ORIENTED_EDGE('',*,*,#644,.F.);
#644 = EDGE_CURVE('',#619,#637,#645,.T.);
#645 = LINE('',#646,#647);
#646 = CARTESIAN_POINT('',(0.32,-6.51,0.));
#647 = VECTOR('',#648,1.);
#648 = DIRECTION('',(0.,1.,0.));
#649 = FACE_BOUND('',#650,.F.);
#650 = EDGE_LOOP('',(#651,#661,#669,#677));
#651 = ORIENTED_EDGE('',*,*,#652,.T.);
#652 = EDGE_CURVE('',#653,#655,#657,.T.);
#653 = VERTEX_POINT('',#654);
#654 = CARTESIAN_POINT('',(0.32,-5.4,0.));
#655 = VERTEX_POINT('',#656);
#656 = CARTESIAN_POINT('',(-0.32,-5.4,0.));
#657 = LINE('',#658,#659);
#658 = CARTESIAN_POINT('',(0.475,-5.4,0.));
#659 = VECTOR('',#660,1.);
#660 = DIRECTION('',(-1.,0.,0.));
#661 = ORIENTED_EDGE('',*,*,#662,.T.);
#662 = EDGE_CURVE('',#655,#663,#665,.T.);
#663 = VERTEX_POINT('',#664);
#664 = CARTESIAN_POINT('',(-0.32,-4.76,0.));
#665 = LINE('',#666,#667);
#666 = CARTESIAN_POINT('',(-0.32,-5.24,0.));
#667 = VECTOR('',#668,1.);
#668 = DIRECTION('',(0.,1.,0.));
#669 = ORIENTED_EDGE('',*,*,#670,.F.);
#670 = EDGE_CURVE('',#671,#663,#673,.T.);
#671 = VERTEX_POINT('',#672);
#672 = CARTESIAN_POINT('',(0.32,-4.76,0.));
#673 = LINE('',#674,#675);
#674 = CARTESIAN_POINT('',(0.475,-4.76,0.));
#675 = VECTOR('',#676,1.);
#676 = DIRECTION('',(-1.,0.,0.));
#677 = ORIENTED_EDGE('',*,*,#678,.F.);
#678 = EDGE_CURVE('',#653,#671,#679,.T.);
#679 = LINE('',#680,#681);
#680 = CARTESIAN_POINT('',(0.32,-5.24,0.));
#681 = VECTOR('',#682,1.);
#682 = DIRECTION('',(0.,1.,0.));
#683 = FACE_BOUND('',#684,.F.);
#684 = EDGE_LOOP('',(#685,#695,#703,#711));
#685 = ORIENTED_EDGE('',*,*,#686,.F.);
#686 = EDGE_CURVE('',#687,#689,#691,.T.);
#687 = VERTEX_POINT('',#688);
#688 = CARTESIAN_POINT('',(2.86,-9.84,0.));
#689 = VERTEX_POINT('',#690);
#690 = CARTESIAN_POINT('',(2.22,-9.84,0.));
#691 = LINE('',#692,#693);
#692 = CARTESIAN_POINT('',(1.745,-9.84,0.));
#693 = VECTOR('',#694,1.);
#694 = DIRECTION('',(-1.,0.,0.));
#695 = ORIENTED_EDGE('',*,*,#696,.F.);
#696 = EDGE_CURVE('',#697,#687,#699,.T.);
#697 = VERTEX_POINT('',#698);
#698 = CARTESIAN_POINT('',(2.86,-10.48,0.));
#699 = LINE('',#700,#701);
#700 = CARTESIAN_POINT('',(2.86,-7.78,0.));
#701 = VECTOR('',#702,1.);
#702 = DIRECTION('',(0.,1.,0.));
#703 = ORIENTED_EDGE('',*,*,#704,.T.);
#704 = EDGE_CURVE('',#697,#705,#707,.T.);
#705 = VERTEX_POINT('',#706);
#706 = CARTESIAN_POINT('',(2.22,-10.48,0.));
#707 = LINE('',#708,#709);
#708 = CARTESIAN_POINT('',(1.745,-10.48,0.));
#709 = VECTOR('',#710,1.);
#710 = DIRECTION('',(-1.,0.,0.));
#711 = ORIENTED_EDGE('',*,*,#712,.T.);
#712 = EDGE_CURVE('',#705,#689,#713,.T.);
#713 = LINE('',#714,#715);
#714 = CARTESIAN_POINT('',(2.22,-7.78,0.));
#715 = VECTOR('',#716,1.);
#716 = DIRECTION('',(0.,1.,0.));
#717 = FACE_BOUND('',#718,.F.);
#718 = EDGE_LOOP('',(#719,#729,#737,#745));
#719 = ORIENTED_EDGE('',*,*,#720,.F.);
#720 = EDGE_CURVE('',#721,#723,#725,.T.);
#721 = VERTEX_POINT('',#722);
#722 = CARTESIAN_POINT('',(2.86,-7.3,0.));
#723 = VERTEX_POINT('',#724);
#724 = CARTESIAN_POINT('',(2.22,-7.3,0.));
#725 = LINE('',#726,#727);
#726 = CARTESIAN_POINT('',(1.745,-7.3,0.));
#727 = VECTOR('',#728,1.);
#728 = DIRECTION('',(-1.,0.,0.));
#729 = ORIENTED_EDGE('',*,*,#730,.F.);
#730 = EDGE_CURVE('',#731,#721,#733,.T.);
#731 = VERTEX_POINT('',#732);
#732 = CARTESIAN_POINT('',(2.86,-7.94,0.));
#733 = LINE('',#734,#735);
#734 = CARTESIAN_POINT('',(2.86,-6.51,0.));
#735 = VECTOR('',#736,1.);
#736 = DIRECTION('',(0.,1.,0.));
#737 = ORIENTED_EDGE('',*,*,#738,.T.);
#738 = EDGE_CURVE('',#731,#739,#741,.T.);
#739 = VERTEX_POINT('',#740);
#740 = CARTESIAN_POINT('',(2.22,-7.94,0.));
#741 = LINE('',#742,#743);
#742 = CARTESIAN_POINT('',(1.745,-7.94,0.));
#743 = VECTOR('',#744,1.);
#744 = DIRECTION('',(-1.,0.,0.));
#745 = ORIENTED_EDGE('',*,*,#746,.T.);
#746 = EDGE_CURVE('',#739,#723,#747,.T.);
#747 = LINE('',#748,#749);
#748 = CARTESIAN_POINT('',(2.22,-6.51,0.));
#749 = VECTOR('',#750,1.);
#750 = DIRECTION('',(0.,1.,0.));
#751 = FACE_BOUND('',#752,.F.);
#752 = EDGE_LOOP('',(#753,#763,#771,#779));
#753 = ORIENTED_EDGE('',*,*,#754,.F.);
#754 = EDGE_CURVE('',#755,#757,#759,.T.);
#755 = VERTEX_POINT('',#756);
#756 = CARTESIAN_POINT('',(2.86,-4.76,0.));
#757 = VERTEX_POINT('',#758);
#758 = CARTESIAN_POINT('',(2.22,-4.76,0.));
#759 = LINE('',#760,#761);
#760 = CARTESIAN_POINT('',(1.745,-4.76,0.));
#761 = VECTOR('',#762,1.);
#762 = DIRECTION('',(-1.,0.,0.));
#763 = ORIENTED_EDGE('',*,*,#764,.F.);
#764 = EDGE_CURVE('',#765,#755,#767,.T.);
#765 = VERTEX_POINT('',#766);
#766 = CARTESIAN_POINT('',(2.86,-5.4,0.));
#767 = LINE('',#768,#769);
#768 = CARTESIAN_POINT('',(2.86,-5.24,0.));
#769 = VECTOR('',#770,1.);
#770 = DIRECTION('',(0.,1.,0.));
#771 = ORIENTED_EDGE('',*,*,#772,.T.);
#772 = EDGE_CURVE('',#765,#773,#775,.T.);
#773 = VERTEX_POINT('',#774);
#774 = CARTESIAN_POINT('',(2.22,-5.4,0.));
#775 = LINE('',#776,#777);
#776 = CARTESIAN_POINT('',(1.745,-5.4,0.));
#777 = VECTOR('',#778,1.);
#778 = DIRECTION('',(-1.,0.,0.));
#779 = ORIENTED_EDGE('',*,*,#780,.T.);
#780 = EDGE_CURVE('',#773,#757,#781,.T.);
#781 = LINE('',#782,#783);
#782 = CARTESIAN_POINT('',(2.22,-5.24,0.));
#783 = VECTOR('',#784,1.);
#784 = DIRECTION('',(0.,1.,0.));
#785 = PLANE('',#786);
#786 = AXIS2_PLACEMENT_3D('',#787,#788,#789);
#787 = CARTESIAN_POINT('',(1.27,-5.08,0.));
#788 = DIRECTION('',(0.,0.,1.));
#789 = DIRECTION('',(1.,0.,-0.));
#790 = ADVANCED_FACE('',(#791,#1026,#1060,#1094,#1128,#1162,#1196,#1230,
    #1264,#1298,#1332),#1366,.T.);
#791 = FACE_BOUND('',#792,.T.);
#792 = EDGE_LOOP('',(#793,#794,#795,#803,#811,#819,#827,#835,#843,#851,
    #859,#867,#875,#883,#891,#899,#907,#915,#923,#931,#939,#947,#955,
    #963,#971,#979,#987,#995,#1003,#1011,#1019,#1025));
#793 = ORIENTED_EDGE('',*,*,#121,.T.);
#794 = ORIENTED_EDGE('',*,*,#183,.T.);
#795 = ORIENTED_EDGE('',*,*,#796,.T.);
#796 = EDGE_CURVE('',#184,#797,#799,.T.);
#797 = VERTEX_POINT('',#798);
#798 = CARTESIAN_POINT('',(-1.016,-1.27,2.54));
#799 = LINE('',#800,#801);
#800 = CARTESIAN_POINT('',(-1.27,-1.016,2.54));
#801 = VECTOR('',#802,1.);
#802 = DIRECTION('',(0.707106781187,-0.707106781187,0.));
#803 = ORIENTED_EDGE('',*,*,#804,.T.);
#804 = EDGE_CURVE('',#797,#805,#807,.T.);
#805 = VERTEX_POINT('',#806);
#806 = CARTESIAN_POINT('',(-1.27,-1.524,2.54));
#807 = LINE('',#808,#809);
#808 = CARTESIAN_POINT('',(-1.016,-1.27,2.54));
#809 = VECTOR('',#810,1.);
#810 = DIRECTION('',(-0.707106781187,-0.707106781187,0.));
#811 = ORIENTED_EDGE('',*,*,#812,.T.);
#812 = EDGE_CURVE('',#805,#813,#815,.T.);
#813 = VERTEX_POINT('',#814);
#814 = CARTESIAN_POINT('',(-1.27,-3.556,2.54));
#815 = LINE('',#816,#817);
#816 = CARTESIAN_POINT('',(-1.27,-1.524,2.54));
#817 = VECTOR('',#818,1.);
#818 = DIRECTION('',(0.,-1.,0.));
#819 = ORIENTED_EDGE('',*,*,#820,.T.);
#820 = EDGE_CURVE('',#813,#821,#823,.T.);
#821 = VERTEX_POINT('',#822);
#822 = CARTESIAN_POINT('',(-1.016,-3.81,2.54));
#823 = LINE('',#824,#825);
#824 = CARTESIAN_POINT('',(-1.27,-3.556,2.54));
#825 = VECTOR('',#826,1.);
#826 = DIRECTION('',(0.707106781187,-0.707106781187,0.));
#827 = ORIENTED_EDGE('',*,*,#828,.T.);
#828 = EDGE_CURVE('',#821,#829,#831,.T.);
#829 = VERTEX_POINT('',#830);
#830 = CARTESIAN_POINT('',(-1.27,-4.064,2.54));
#831 = LINE('',#832,#833);
#832 = CARTESIAN_POINT('',(-1.016,-3.81,2.54));
#833 = VECTOR('',#834,1.);
#834 = DIRECTION('',(-0.707106781187,-0.707106781187,0.));
#835 = ORIENTED_EDGE('',*,*,#836,.T.);
#836 = EDGE_CURVE('',#829,#837,#839,.T.);
#837 = VERTEX_POINT('',#838);
#838 = CARTESIAN_POINT('',(-1.27,-6.096,2.54));
#839 = LINE('',#840,#841);
#840 = CARTESIAN_POINT('',(-1.27,-4.064,2.54));
#841 = VECTOR('',#842,1.);
#842 = DIRECTION('',(0.,-1.,0.));
#843 = ORIENTED_EDGE('',*,*,#844,.T.);
#844 = EDGE_CURVE('',#837,#845,#847,.T.);
#845 = VERTEX_POINT('',#846);
#846 = CARTESIAN_POINT('',(-1.016,-6.35,2.54));
#847 = LINE('',#848,#849);
#848 = CARTESIAN_POINT('',(-1.27,-6.096,2.54));
#849 = VECTOR('',#850,1.);
#850 = DIRECTION('',(0.707106781187,-0.707106781187,0.));
#851 = ORIENTED_EDGE('',*,*,#852,.T.);
#852 = EDGE_CURVE('',#845,#853,#855,.T.);
#853 = VERTEX_POINT('',#854);
#854 = CARTESIAN_POINT('',(-1.27,-6.604,2.54));
#855 = LINE('',#856,#857);
#856 = CARTESIAN_POINT('',(-1.016,-6.35,2.54));
#857 = VECTOR('',#858,1.);
#858 = DIRECTION('',(-0.707106781187,-0.707106781187,0.));
#859 = ORIENTED_EDGE('',*,*,#860,.T.);
#860 = EDGE_CURVE('',#853,#861,#863,.T.);
#861 = VERTEX_POINT('',#862);
#862 = CARTESIAN_POINT('',(-1.27,-8.636,2.54));
#863 = LINE('',#864,#865);
#864 = CARTESIAN_POINT('',(-1.27,-6.604,2.54));
#865 = VECTOR('',#866,1.);
#866 = DIRECTION('',(0.,-1.,0.));
#867 = ORIENTED_EDGE('',*,*,#868,.T.);
#868 = EDGE_CURVE('',#861,#869,#871,.T.);
#869 = VERTEX_POINT('',#870);
#870 = CARTESIAN_POINT('',(-1.016,-8.89,2.54));
#871 = LINE('',#872,#873);
#872 = CARTESIAN_POINT('',(-1.27,-8.636,2.54));
#873 = VECTOR('',#874,1.);
#874 = DIRECTION('',(0.707106781187,-0.707106781187,0.));
#875 = ORIENTED_EDGE('',*,*,#876,.T.);
#876 = EDGE_CURVE('',#869,#877,#879,.T.);
#877 = VERTEX_POINT('',#878);
#878 = CARTESIAN_POINT('',(-1.27,-9.144,2.54));
#879 = LINE('',#880,#881);
#880 = CARTESIAN_POINT('',(-1.016,-8.89,2.54));
#881 = VECTOR('',#882,1.);
#882 = DIRECTION('',(-0.707106781187,-0.707106781187,0.));
#883 = ORIENTED_EDGE('',*,*,#884,.T.);
#884 = EDGE_CURVE('',#877,#885,#887,.T.);
#885 = VERTEX_POINT('',#886);
#886 = CARTESIAN_POINT('',(-1.27,-11.176,2.54));
#887 = LINE('',#888,#889);
#888 = CARTESIAN_POINT('',(-1.27,-9.144,2.54));
#889 = VECTOR('',#890,1.);
#890 = DIRECTION('',(0.,-1.,0.));
#891 = ORIENTED_EDGE('',*,*,#892,.T.);
#892 = EDGE_CURVE('',#885,#893,#895,.T.);
#893 = VERTEX_POINT('',#894);
#894 = CARTESIAN_POINT('',(-1.016,-11.43,2.54));
#895 = LINE('',#896,#897);
#896 = CARTESIAN_POINT('',(-1.27,-11.176,2.54));
#897 = VECTOR('',#898,1.);
#898 = DIRECTION('',(0.707106781187,-0.707106781187,0.));
#899 = ORIENTED_EDGE('',*,*,#900,.T.);
#900 = EDGE_CURVE('',#893,#901,#903,.T.);
#901 = VERTEX_POINT('',#902);
#902 = CARTESIAN_POINT('',(3.556,-11.43,2.54));
#903 = LINE('',#904,#905);
#904 = CARTESIAN_POINT('',(-1.016,-11.43,2.54));
#905 = VECTOR('',#906,1.);
#906 = DIRECTION('',(1.,0.,0.));
#907 = ORIENTED_EDGE('',*,*,#908,.T.);
#908 = EDGE_CURVE('',#901,#909,#911,.T.);
#909 = VERTEX_POINT('',#910);
#910 = CARTESIAN_POINT('',(3.81,-11.176,2.54));
#911 = LINE('',#912,#913);
#912 = CARTESIAN_POINT('',(3.556,-11.43,2.54));
#913 = VECTOR('',#914,1.);
#914 = DIRECTION('',(0.707106781187,0.707106781187,0.));
#915 = ORIENTED_EDGE('',*,*,#916,.T.);
#916 = EDGE_CURVE('',#909,#917,#919,.T.);
#917 = VERTEX_POINT('',#918);
#918 = CARTESIAN_POINT('',(3.81,-9.144,2.54));
#919 = LINE('',#920,#921);
#920 = CARTESIAN_POINT('',(3.81,-11.176,2.54));
#921 = VECTOR('',#922,1.);
#922 = DIRECTION('',(0.,1.,0.));
#923 = ORIENTED_EDGE('',*,*,#924,.T.);
#924 = EDGE_CURVE('',#917,#925,#927,.T.);
#925 = VERTEX_POINT('',#926);
#926 = CARTESIAN_POINT('',(3.556,-8.89,2.54));
#927 = LINE('',#928,#929);
#928 = CARTESIAN_POINT('',(3.81,-9.144,2.54));
#929 = VECTOR('',#930,1.);
#930 = DIRECTION('',(-0.707106781187,0.707106781187,0.));
#931 = ORIENTED_EDGE('',*,*,#932,.T.);
#932 = EDGE_CURVE('',#925,#933,#935,.T.);
#933 = VERTEX_POINT('',#934);
#934 = CARTESIAN_POINT('',(3.81,-8.636,2.54));
#935 = LINE('',#936,#937);
#936 = CARTESIAN_POINT('',(3.556,-8.89,2.54));
#937 = VECTOR('',#938,1.);
#938 = DIRECTION('',(0.707106781187,0.707106781187,0.));
#939 = ORIENTED_EDGE('',*,*,#940,.T.);
#940 = EDGE_CURVE('',#933,#941,#943,.T.);
#941 = VERTEX_POINT('',#942);
#942 = CARTESIAN_POINT('',(3.81,-6.604,2.54));
#943 = LINE('',#944,#945);
#944 = CARTESIAN_POINT('',(3.81,-8.636,2.54));
#945 = VECTOR('',#946,1.);
#946 = DIRECTION('',(0.,1.,0.));
#947 = ORIENTED_EDGE('',*,*,#948,.T.);
#948 = EDGE_CURVE('',#941,#949,#951,.T.);
#949 = VERTEX_POINT('',#950);
#950 = CARTESIAN_POINT('',(3.556,-6.35,2.54));
#951 = LINE('',#952,#953);
#952 = CARTESIAN_POINT('',(3.81,-6.604,2.54));
#953 = VECTOR('',#954,1.);
#954 = DIRECTION('',(-0.707106781187,0.707106781187,0.));
#955 = ORIENTED_EDGE('',*,*,#956,.T.);
#956 = EDGE_CURVE('',#949,#957,#959,.T.);
#957 = VERTEX_POINT('',#958);
#958 = CARTESIAN_POINT('',(3.81,-6.096,2.54));
#959 = LINE('',#960,#961);
#960 = CARTESIAN_POINT('',(3.556,-6.35,2.54));
#961 = VECTOR('',#962,1.);
#962 = DIRECTION('',(0.707106781187,0.707106781187,0.));
#963 = ORIENTED_EDGE('',*,*,#964,.T.);
#964 = EDGE_CURVE('',#957,#965,#967,.T.);
#965 = VERTEX_POINT('',#966);
#966 = CARTESIAN_POINT('',(3.81,-4.064,2.54));
#967 = LINE('',#968,#969);
#968 = CARTESIAN_POINT('',(3.81,-6.096,2.54));
#969 = VECTOR('',#970,1.);
#970 = DIRECTION('',(0.,1.,0.));
#971 = ORIENTED_EDGE('',*,*,#972,.T.);
#972 = EDGE_CURVE('',#965,#973,#975,.T.);
#973 = VERTEX_POINT('',#974);
#974 = CARTESIAN_POINT('',(3.556,-3.81,2.54));
#975 = LINE('',#976,#977);
#976 = CARTESIAN_POINT('',(3.81,-4.064,2.54));
#977 = VECTOR('',#978,1.);
#978 = DIRECTION('',(-0.707106781187,0.707106781187,0.));
#979 = ORIENTED_EDGE('',*,*,#980,.T.);
#980 = EDGE_CURVE('',#973,#981,#983,.T.);
#981 = VERTEX_POINT('',#982);
#982 = CARTESIAN_POINT('',(3.81,-3.556,2.54));
#983 = LINE('',#984,#985);
#984 = CARTESIAN_POINT('',(3.556,-3.81,2.54));
#985 = VECTOR('',#986,1.);
#986 = DIRECTION('',(0.707106781187,0.707106781187,0.));
#987 = ORIENTED_EDGE('',*,*,#988,.T.);
#988 = EDGE_CURVE('',#981,#989,#991,.T.);
#989 = VERTEX_POINT('',#990);
#990 = CARTESIAN_POINT('',(3.81,-1.524,2.54));
#991 = LINE('',#992,#993);
#992 = CARTESIAN_POINT('',(3.81,-3.556,2.54));
#993 = VECTOR('',#994,1.);
#994 = DIRECTION('',(0.,1.,0.));
#995 = ORIENTED_EDGE('',*,*,#996,.T.);
#996 = EDGE_CURVE('',#989,#997,#999,.T.);
#997 = VERTEX_POINT('',#998);
#998 = CARTESIAN_POINT('',(3.556,-1.27,2.54));
#999 = LINE('',#1000,#1001);
#1000 = CARTESIAN_POINT('',(3.81,-1.524,2.54));
#1001 = VECTOR('',#1002,1.);
#1002 = DIRECTION('',(-0.707106781187,0.707106781187,0.));
#1003 = ORIENTED_EDGE('',*,*,#1004,.T.);
#1004 = EDGE_CURVE('',#997,#1005,#1007,.T.);
#1005 = VERTEX_POINT('',#1006);
#1006 = CARTESIAN_POINT('',(3.81,-1.016,2.54));
#1007 = LINE('',#1008,#1009);
#1008 = CARTESIAN_POINT('',(3.556,-1.27,2.54));
#1009 = VECTOR('',#1010,1.);
#1010 = DIRECTION('',(0.707106781187,0.707106781187,0.));
#1011 = ORIENTED_EDGE('',*,*,#1012,.T.);
#1012 = EDGE_CURVE('',#1005,#1013,#1015,.T.);
#1013 = VERTEX_POINT('',#1014);
#1014 = CARTESIAN_POINT('',(3.81,1.016,2.54));
#1015 = LINE('',#1016,#1017);
#1016 = CARTESIAN_POINT('',(3.81,-1.016,2.54));
#1017 = VECTOR('',#1018,1.);
#1018 = DIRECTION('',(0.,1.,0.));
#1019 = ORIENTED_EDGE('',*,*,#1020,.T.);
#1020 = EDGE_CURVE('',#1013,#154,#1021,.T.);
#1021 = LINE('',#1022,#1023);
#1022 = CARTESIAN_POINT('',(3.81,1.016,2.54));
#1023 = VECTOR('',#1024,1.);
#1024 = DIRECTION('',(-0.707106781187,0.707106781187,0.));
#1025 = ORIENTED_EDGE('',*,*,#161,.T.);
#1026 = FACE_BOUND('',#1027,.T.);
#1027 = EDGE_LOOP('',(#1028,#1038,#1046,#1054));
#1028 = ORIENTED_EDGE('',*,*,#1029,.T.);
#1029 = EDGE_CURVE('',#1030,#1032,#1034,.T.);
#1030 = VERTEX_POINT('',#1031);
#1031 = CARTESIAN_POINT('',(2.86,-0.32,2.54));
#1032 = VERTEX_POINT('',#1033);
#1033 = CARTESIAN_POINT('',(2.22,-0.32,2.54));
#1034 = LINE('',#1035,#1036);
#1035 = CARTESIAN_POINT('',(1.745,-0.32,2.54));
#1036 = VECTOR('',#1037,1.);
#1037 = DIRECTION('',(-1.,0.,0.));
#1038 = ORIENTED_EDGE('',*,*,#1039,.T.);
#1039 = EDGE_CURVE('',#1032,#1040,#1042,.T.);
#1040 = VERTEX_POINT('',#1041);
#1041 = CARTESIAN_POINT('',(2.22,0.32,2.54));
#1042 = LINE('',#1043,#1044);
#1043 = CARTESIAN_POINT('',(2.22,-2.7,2.54));
#1044 = VECTOR('',#1045,1.);
#1045 = DIRECTION('',(0.,1.,0.));
#1046 = ORIENTED_EDGE('',*,*,#1047,.F.);
#1047 = EDGE_CURVE('',#1048,#1040,#1050,.T.);
#1048 = VERTEX_POINT('',#1049);
#1049 = CARTESIAN_POINT('',(2.86,0.32,2.54));
#1050 = LINE('',#1051,#1052);
#1051 = CARTESIAN_POINT('',(1.745,0.32,2.54));
#1052 = VECTOR('',#1053,1.);
#1053 = DIRECTION('',(-1.,0.,0.));
#1054 = ORIENTED_EDGE('',*,*,#1055,.F.);
#1055 = EDGE_CURVE('',#1030,#1048,#1056,.T.);
#1056 = LINE('',#1057,#1058);
#1057 = CARTESIAN_POINT('',(2.86,-2.7,2.54));
#1058 = VECTOR('',#1059,1.);
#1059 = DIRECTION('',(0.,1.,0.));
#1060 = FACE_BOUND('',#1061,.T.);
#1061 = EDGE_LOOP('',(#1062,#1072,#1080,#1088));
#1062 = ORIENTED_EDGE('',*,*,#1063,.T.);
#1063 = EDGE_CURVE('',#1064,#1066,#1068,.T.);
#1064 = VERTEX_POINT('',#1065);
#1065 = CARTESIAN_POINT('',(0.32,-0.32,2.54));
#1066 = VERTEX_POINT('',#1067);
#1067 = CARTESIAN_POINT('',(-0.32,-0.32,2.54));
#1068 = LINE('',#1069,#1070);
#1069 = CARTESIAN_POINT('',(0.475,-0.32,2.54));
#1070 = VECTOR('',#1071,1.);
#1071 = DIRECTION('',(-1.,0.,0.));
#1072 = ORIENTED_EDGE('',*,*,#1073,.T.);
#1073 = EDGE_CURVE('',#1066,#1074,#1076,.T.);
#1074 = VERTEX_POINT('',#1075);
#1075 = CARTESIAN_POINT('',(-0.32,0.32,2.54));
#1076 = LINE('',#1077,#1078);
#1077 = CARTESIAN_POINT('',(-0.32,-2.7,2.54));
#1078 = VECTOR('',#1079,1.);
#1079 = DIRECTION('',(0.,1.,0.));
#1080 = ORIENTED_EDGE('',*,*,#1081,.F.);
#1081 = EDGE_CURVE('',#1082,#1074,#1084,.T.);
#1082 = VERTEX_POINT('',#1083);
#1083 = CARTESIAN_POINT('',(0.32,0.32,2.54));
#1084 = LINE('',#1085,#1086);
#1085 = CARTESIAN_POINT('',(0.475,0.32,2.54));
#1086 = VECTOR('',#1087,1.);
#1087 = DIRECTION('',(-1.,0.,0.));
#1088 = ORIENTED_EDGE('',*,*,#1089,.F.);
#1089 = EDGE_CURVE('',#1064,#1082,#1090,.T.);
#1090 = LINE('',#1091,#1092);
#1091 = CARTESIAN_POINT('',(0.32,-2.7,2.54));
#1092 = VECTOR('',#1093,1.);
#1093 = DIRECTION('',(0.,1.,0.));
#1094 = FACE_BOUND('',#1095,.T.);
#1095 = EDGE_LOOP('',(#1096,#1106,#1114,#1122));
#1096 = ORIENTED_EDGE('',*,*,#1097,.F.);
#1097 = EDGE_CURVE('',#1098,#1100,#1102,.T.);
#1098 = VERTEX_POINT('',#1099);
#1099 = CARTESIAN_POINT('',(2.86,-2.86,2.54));
#1100 = VERTEX_POINT('',#1101);
#1101 = CARTESIAN_POINT('',(2.86,-2.22,2.54));
#1102 = LINE('',#1103,#1104);
#1103 = CARTESIAN_POINT('',(2.86,-3.97,2.54));
#1104 = VECTOR('',#1105,1.);
#1105 = DIRECTION('',(0.,1.,0.));
#1106 = ORIENTED_EDGE('',*,*,#1107,.T.);
#1107 = EDGE_CURVE('',#1098,#1108,#1110,.T.);
#1108 = VERTEX_POINT('',#1109);
#1109 = CARTESIAN_POINT('',(2.22,-2.86,2.54));
#1110 = LINE('',#1111,#1112);
#1111 = CARTESIAN_POINT('',(1.745,-2.86,2.54));
#1112 = VECTOR('',#1113,1.);
#1113 = DIRECTION('',(-1.,0.,0.));
#1114 = ORIENTED_EDGE('',*,*,#1115,.T.);
#1115 = EDGE_CURVE('',#1108,#1116,#1118,.T.);
#1116 = VERTEX_POINT('',#1117);
#1117 = CARTESIAN_POINT('',(2.22,-2.22,2.54));
#1118 = LINE('',#1119,#1120);
#1119 = CARTESIAN_POINT('',(2.22,-3.97,2.54));
#1120 = VECTOR('',#1121,1.);
#1121 = DIRECTION('',(0.,1.,0.));
#1122 = ORIENTED_EDGE('',*,*,#1123,.F.);
#1123 = EDGE_CURVE('',#1100,#1116,#1124,.T.);
#1124 = LINE('',#1125,#1126);
#1125 = CARTESIAN_POINT('',(1.745,-2.22,2.54));
#1126 = VECTOR('',#1127,1.);
#1127 = DIRECTION('',(-1.,0.,0.));
#1128 = FACE_BOUND('',#1129,.T.);
#1129 = EDGE_LOOP('',(#1130,#1140,#1148,#1156));
#1130 = ORIENTED_EDGE('',*,*,#1131,.F.);
#1131 = EDGE_CURVE('',#1132,#1134,#1136,.T.);
#1132 = VERTEX_POINT('',#1133);
#1133 = CARTESIAN_POINT('',(0.32,-2.22,2.54));
#1134 = VERTEX_POINT('',#1135);
#1135 = CARTESIAN_POINT('',(-0.32,-2.22,2.54));
#1136 = LINE('',#1137,#1138);
#1137 = CARTESIAN_POINT('',(0.475,-2.22,2.54));
#1138 = VECTOR('',#1139,1.);
#1139 = DIRECTION('',(-1.,0.,0.));
#1140 = ORIENTED_EDGE('',*,*,#1141,.F.);
#1141 = EDGE_CURVE('',#1142,#1132,#1144,.T.);
#1142 = VERTEX_POINT('',#1143);
#1143 = CARTESIAN_POINT('',(0.32,-2.86,2.54));
#1144 = LINE('',#1145,#1146);
#1145 = CARTESIAN_POINT('',(0.32,-3.97,2.54));
#1146 = VECTOR('',#1147,1.);
#1147 = DIRECTION('',(0.,1.,0.));
#1148 = ORIENTED_EDGE('',*,*,#1149,.T.);
#1149 = EDGE_CURVE('',#1142,#1150,#1152,.T.);
#1150 = VERTEX_POINT('',#1151);
#1151 = CARTESIAN_POINT('',(-0.32,-2.86,2.54));
#1152 = LINE('',#1153,#1154);
#1153 = CARTESIAN_POINT('',(0.475,-2.86,2.54));
#1154 = VECTOR('',#1155,1.);
#1155 = DIRECTION('',(-1.,0.,0.));
#1156 = ORIENTED_EDGE('',*,*,#1157,.T.);
#1157 = EDGE_CURVE('',#1150,#1134,#1158,.T.);
#1158 = LINE('',#1159,#1160);
#1159 = CARTESIAN_POINT('',(-0.32,-3.97,2.54));
#1160 = VECTOR('',#1161,1.);
#1161 = DIRECTION('',(0.,1.,0.));
#1162 = FACE_BOUND('',#1163,.T.);
#1163 = EDGE_LOOP('',(#1164,#1174,#1182,#1190));
#1164 = ORIENTED_EDGE('',*,*,#1165,.T.);
#1165 = EDGE_CURVE('',#1166,#1168,#1170,.T.);
#1166 = VERTEX_POINT('',#1167);
#1167 = CARTESIAN_POINT('',(0.32,-10.48,2.54));
#1168 = VERTEX_POINT('',#1169);
#1169 = CARTESIAN_POINT('',(-0.32,-10.48,2.54));
#1170 = LINE('',#1171,#1172);
#1171 = CARTESIAN_POINT('',(0.475,-10.48,2.54));
#1172 = VECTOR('',#1173,1.);
#1173 = DIRECTION('',(-1.,0.,0.));
#1174 = ORIENTED_EDGE('',*,*,#1175,.T.);
#1175 = EDGE_CURVE('',#1168,#1176,#1178,.T.);
#1176 = VERTEX_POINT('',#1177);
#1177 = CARTESIAN_POINT('',(-0.32,-9.84,2.54));
#1178 = LINE('',#1179,#1180);
#1179 = CARTESIAN_POINT('',(-0.32,-7.78,2.54));
#1180 = VECTOR('',#1181,1.);
#1181 = DIRECTION('',(0.,1.,0.));
#1182 = ORIENTED_EDGE('',*,*,#1183,.F.);
#1183 = EDGE_CURVE('',#1184,#1176,#1186,.T.);
#1184 = VERTEX_POINT('',#1185);
#1185 = CARTESIAN_POINT('',(0.32,-9.84,2.54));
#1186 = LINE('',#1187,#1188);
#1187 = CARTESIAN_POINT('',(0.475,-9.84,2.54));
#1188 = VECTOR('',#1189,1.);
#1189 = DIRECTION('',(-1.,0.,0.));
#1190 = ORIENTED_EDGE('',*,*,#1191,.F.);
#1191 = EDGE_CURVE('',#1166,#1184,#1192,.T.);
#1192 = LINE('',#1193,#1194);
#1193 = CARTESIAN_POINT('',(0.32,-7.78,2.54));
#1194 = VECTOR('',#1195,1.);
#1195 = DIRECTION('',(0.,1.,0.));
#1196 = FACE_BOUND('',#1197,.T.);
#1197 = EDGE_LOOP('',(#1198,#1208,#1216,#1224));
#1198 = ORIENTED_EDGE('',*,*,#1199,.T.);
#1199 = EDGE_CURVE('',#1200,#1202,#1204,.T.);
#1200 = VERTEX_POINT('',#1201);
#1201 = CARTESIAN_POINT('',(0.32,-7.94,2.54));
#1202 = VERTEX_POINT('',#1203);
#1203 = CARTESIAN_POINT('',(-0.32,-7.94,2.54));
#1204 = LINE('',#1205,#1206);
#1205 = CARTESIAN_POINT('',(0.475,-7.94,2.54));
#1206 = VECTOR('',#1207,1.);
#1207 = DIRECTION('',(-1.,0.,0.));
#1208 = ORIENTED_EDGE('',*,*,#1209,.T.);
#1209 = EDGE_CURVE('',#1202,#1210,#1212,.T.);
#1210 = VERTEX_POINT('',#1211);
#1211 = CARTESIAN_POINT('',(-0.32,-7.3,2.54));
#1212 = LINE('',#1213,#1214);
#1213 = CARTESIAN_POINT('',(-0.32,-6.51,2.54));
#1214 = VECTOR('',#1215,1.);
#1215 = DIRECTION('',(0.,1.,0.));
#1216 = ORIENTED_EDGE('',*,*,#1217,.F.);
#1217 = EDGE_CURVE('',#1218,#1210,#1220,.T.);
#1218 = VERTEX_POINT('',#1219);
#1219 = CARTESIAN_POINT('',(0.32,-7.3,2.54));
#1220 = LINE('',#1221,#1222);
#1221 = CARTESIAN_POINT('',(0.475,-7.3,2.54));
#1222 = VECTOR('',#1223,1.);
#1223 = DIRECTION('',(-1.,0.,0.));
#1224 = ORIENTED_EDGE('',*,*,#1225,.F.);
#1225 = EDGE_CURVE('',#1200,#1218,#1226,.T.);
#1226 = LINE('',#1227,#1228);
#1227 = CARTESIAN_POINT('',(0.32,-6.51,2.54));
#1228 = VECTOR('',#1229,1.);
#1229 = DIRECTION('',(0.,1.,0.));
#1230 = FACE_BOUND('',#1231,.T.);
#1231 = EDGE_LOOP('',(#1232,#1242,#1250,#1258));
#1232 = ORIENTED_EDGE('',*,*,#1233,.T.);
#1233 = EDGE_CURVE('',#1234,#1236,#1238,.T.);
#1234 = VERTEX_POINT('',#1235);
#1235 = CARTESIAN_POINT('',(0.32,-5.4,2.54));
#1236 = VERTEX_POINT('',#1237);
#1237 = CARTESIAN_POINT('',(-0.32,-5.4,2.54));
#1238 = LINE('',#1239,#1240);
#1239 = CARTESIAN_POINT('',(0.475,-5.4,2.54));
#1240 = VECTOR('',#1241,1.);
#1241 = DIRECTION('',(-1.,0.,0.));
#1242 = ORIENTED_EDGE('',*,*,#1243,.T.);
#1243 = EDGE_CURVE('',#1236,#1244,#1246,.T.);
#1244 = VERTEX_POINT('',#1245);
#1245 = CARTESIAN_POINT('',(-0.32,-4.76,2.54));
#1246 = LINE('',#1247,#1248);
#1247 = CARTESIAN_POINT('',(-0.32,-5.24,2.54));
#1248 = VECTOR('',#1249,1.);
#1249 = DIRECTION('',(0.,1.,0.));
#1250 = ORIENTED_EDGE('',*,*,#1251,.F.);
#1251 = EDGE_CURVE('',#1252,#1244,#1254,.T.);
#1252 = VERTEX_POINT('',#1253);
#1253 = CARTESIAN_POINT('',(0.32,-4.76,2.54));
#1254 = LINE('',#1255,#1256);
#1255 = CARTESIAN_POINT('',(0.475,-4.76,2.54));
#1256 = VECTOR('',#1257,1.);
#1257 = DIRECTION('',(-1.,0.,0.));
#1258 = ORIENTED_EDGE('',*,*,#1259,.F.);
#1259 = EDGE_CURVE('',#1234,#1252,#1260,.T.);
#1260 = LINE('',#1261,#1262);
#1261 = CARTESIAN_POINT('',(0.32,-5.24,2.54));
#1262 = VECTOR('',#1263,1.);
#1263 = DIRECTION('',(0.,1.,0.));
#1264 = FACE_BOUND('',#1265,.T.);
#1265 = EDGE_LOOP('',(#1266,#1276,#1284,#1292));
#1266 = ORIENTED_EDGE('',*,*,#1267,.F.);
#1267 = EDGE_CURVE('',#1268,#1270,#1272,.T.);
#1268 = VERTEX_POINT('',#1269);
#1269 = CARTESIAN_POINT('',(2.86,-9.84,2.54));
#1270 = VERTEX_POINT('',#1271);
#1271 = CARTESIAN_POINT('',(2.22,-9.84,2.54));
#1272 = LINE('',#1273,#1274);
#1273 = CARTESIAN_POINT('',(1.745,-9.84,2.54));
#1274 = VECTOR('',#1275,1.);
#1275 = DIRECTION('',(-1.,0.,0.));
#1276 = ORIENTED_EDGE('',*,*,#1277,.F.);
#1277 = EDGE_CURVE('',#1278,#1268,#1280,.T.);
#1278 = VERTEX_POINT('',#1279);
#1279 = CARTESIAN_POINT('',(2.86,-10.48,2.54));
#1280 = LINE('',#1281,#1282);
#1281 = CARTESIAN_POINT('',(2.86,-7.78,2.54));
#1282 = VECTOR('',#1283,1.);
#1283 = DIRECTION('',(0.,1.,0.));
#1284 = ORIENTED_EDGE('',*,*,#1285,.T.);
#1285 = EDGE_CURVE('',#1278,#1286,#1288,.T.);
#1286 = VERTEX_POINT('',#1287);
#1287 = CARTESIAN_POINT('',(2.22,-10.48,2.54));
#1288 = LINE('',#1289,#1290);
#1289 = CARTESIAN_POINT('',(1.745,-10.48,2.54));
#1290 = VECTOR('',#1291,1.);
#1291 = DIRECTION('',(-1.,0.,0.));
#1292 = ORIENTED_EDGE('',*,*,#1293,.T.);
#1293 = EDGE_CURVE('',#1286,#1270,#1294,.T.);
#1294 = LINE('',#1295,#1296);
#1295 = CARTESIAN_POINT('',(2.22,-7.78,2.54));
#1296 = VECTOR('',#1297,1.);
#1297 = DIRECTION('',(0.,1.,0.));
#1298 = FACE_BOUND('',#1299,.T.);
#1299 = EDGE_LOOP('',(#1300,#1310,#1318,#1326));
#1300 = ORIENTED_EDGE('',*,*,#1301,.F.);
#1301 = EDGE_CURVE('',#1302,#1304,#1306,.T.);
#1302 = VERTEX_POINT('',#1303);
#1303 = CARTESIAN_POINT('',(2.86,-7.3,2.54));
#1304 = VERTEX_POINT('',#1305);
#1305 = CARTESIAN_POINT('',(2.22,-7.3,2.54));
#1306 = LINE('',#1307,#1308);
#1307 = CARTESIAN_POINT('',(1.745,-7.3,2.54));
#1308 = VECTOR('',#1309,1.);
#1309 = DIRECTION('',(-1.,0.,0.));
#1310 = ORIENTED_EDGE('',*,*,#1311,.F.);
#1311 = EDGE_CURVE('',#1312,#1302,#1314,.T.);
#1312 = VERTEX_POINT('',#1313);
#1313 = CARTESIAN_POINT('',(2.86,-7.94,2.54));
#1314 = LINE('',#1315,#1316);
#1315 = CARTESIAN_POINT('',(2.86,-6.51,2.54));
#1316 = VECTOR('',#1317,1.);
#1317 = DIRECTION('',(0.,1.,0.));
#1318 = ORIENTED_EDGE('',*,*,#1319,.T.);
#1319 = EDGE_CURVE('',#1312,#1320,#1322,.T.);
#1320 = VERTEX_POINT('',#1321);
#1321 = CARTESIAN_POINT('',(2.22,-7.94,2.54));
#1322 = LINE('',#1323,#1324);
#1323 = CARTESIAN_POINT('',(1.745,-7.94,2.54));
#1324 = VECTOR('',#1325,1.);
#1325 = DIRECTION('',(-1.,0.,0.));
#1326 = ORIENTED_EDGE('',*,*,#1327,.T.);
#1327 = EDGE_CURVE('',#1320,#1304,#1328,.T.);
#1328 = LINE('',#1329,#1330);
#1329 = CARTESIAN_POINT('',(2.22,-6.51,2.54));
#1330 = VECTOR('',#1331,1.);
#1331 = DIRECTION('',(0.,1.,0.));
#1332 = FACE_BOUND('',#1333,.T.);
#1333 = EDGE_LOOP('',(#1334,#1344,#1352,#1360));
#1334 = ORIENTED_EDGE('',*,*,#1335,.F.);
#1335 = EDGE_CURVE('',#1336,#1338,#1340,.T.);
#1336 = VERTEX_POINT('',#1337);
#1337 = CARTESIAN_POINT('',(2.86,-4.76,2.54));
#1338 = VERTEX_POINT('',#1339);
#1339 = CARTESIAN_POINT('',(2.22,-4.76,2.54));
#1340 = LINE('',#1341,#1342);
#1341 = CARTESIAN_POINT('',(1.745,-4.76,2.54));
#1342 = VECTOR('',#1343,1.);
#1343 = DIRECTION('',(-1.,0.,0.));
#1344 = ORIENTED_EDGE('',*,*,#1345,.F.);
#1345 = EDGE_CURVE('',#1346,#1336,#1348,.T.);
#1346 = VERTEX_POINT('',#1347);
#1347 = CARTESIAN_POINT('',(2.86,-5.4,2.54));
#1348 = LINE('',#1349,#1350);
#1349 = CARTESIAN_POINT('',(2.86,-5.24,2.54));
#1350 = VECTOR('',#1351,1.);
#1351 = DIRECTION('',(0.,1.,0.));
#1352 = ORIENTED_EDGE('',*,*,#1353,.T.);
#1353 = EDGE_CURVE('',#1346,#1354,#1356,.T.);
#1354 = VERTEX_POINT('',#1355);
#1355 = CARTESIAN_POINT('',(2.22,-5.4,2.54));
#1356 = LINE('',#1357,#1358);
#1357 = CARTESIAN_POINT('',(1.745,-5.4,2.54));
#1358 = VECTOR('',#1359,1.);
#1359 = DIRECTION('',(-1.,0.,0.));
#1360 = ORIENTED_EDGE('',*,*,#1361,.T.);
#1361 = EDGE_CURVE('',#1354,#1338,#1362,.T.);
#1362 = LINE('',#1363,#1364);
#1363 = CARTESIAN_POINT('',(2.22,-5.24,2.54));
#1364 = VECTOR('',#1365,1.);
#1365 = DIRECTION('',(0.,1.,0.));
#1366 = PLANE('',#1367);
#1367 = AXIS2_PLACEMENT_3D('',#1368,#1369,#1370);
#1368 = CARTESIAN_POINT('',(1.27,-5.08,2.54));
#1369 = DIRECTION('',(0.,0.,1.));
#1370 = DIRECTION('',(1.,0.,-0.));
#1371 = ADVANCED_FACE('',(#1372),#1383,.F.);
#1372 = FACE_BOUND('',#1373,.F.);
#1373 = EDGE_LOOP('',(#1374,#1380,#1381,#1382));
#1374 = ORIENTED_EDGE('',*,*,#1375,.T.);
#1375 = EDGE_CURVE('',#432,#1013,#1376,.T.);
#1376 = LINE('',#1377,#1378);
#1377 = CARTESIAN_POINT('',(3.81,1.016,0.));
#1378 = VECTOR('',#1379,1.);
#1379 = DIRECTION('',(0.,0.,1.));
#1380 = ORIENTED_EDGE('',*,*,#1020,.T.);
#1381 = ORIENTED_EDGE('',*,*,#151,.F.);
#1382 = ORIENTED_EDGE('',*,*,#439,.F.);
#1383 = PLANE('',#1384);
#1384 = AXIS2_PLACEMENT_3D('',#1385,#1386,#1387);
#1385 = CARTESIAN_POINT('',(3.81,1.016,0.));
#1386 = DIRECTION('',(-0.707106781187,-0.707106781187,0.));
#1387 = DIRECTION('',(-0.707106781187,0.707106781187,0.));
#1388 = ADVANCED_FACE('',(#1389),#1400,.F.);
#1389 = FACE_BOUND('',#1390,.F.);
#1390 = EDGE_LOOP('',(#1391,#1392,#1393,#1399));
#1391 = ORIENTED_EDGE('',*,*,#191,.T.);
#1392 = ORIENTED_EDGE('',*,*,#796,.T.);
#1393 = ORIENTED_EDGE('',*,*,#1394,.F.);
#1394 = EDGE_CURVE('',#216,#797,#1395,.T.);
#1395 = LINE('',#1396,#1397);
#1396 = CARTESIAN_POINT('',(-1.016,-1.27,0.));
#1397 = VECTOR('',#1398,1.);
#1398 = DIRECTION('',(0.,0.,1.));
#1399 = ORIENTED_EDGE('',*,*,#215,.F.);
#1400 = PLANE('',#1401);
#1401 = AXIS2_PLACEMENT_3D('',#1402,#1403,#1404);
#1402 = CARTESIAN_POINT('',(-1.27,-1.016,0.));
#1403 = DIRECTION('',(0.707106781187,0.707106781187,0.));
#1404 = DIRECTION('',(0.707106781187,-0.707106781187,0.));
#1405 = ADVANCED_FACE('',(#1406),#1417,.F.);
#1406 = FACE_BOUND('',#1407,.F.);
#1407 = EDGE_LOOP('',(#1408,#1414,#1415,#1416));
#1408 = ORIENTED_EDGE('',*,*,#1409,.T.);
#1409 = EDGE_CURVE('',#424,#1005,#1410,.T.);
#1410 = LINE('',#1411,#1412);
#1411 = CARTESIAN_POINT('',(3.81,-1.016,0.));
#1412 = VECTOR('',#1413,1.);
#1413 = DIRECTION('',(0.,0.,1.));
#1414 = ORIENTED_EDGE('',*,*,#1012,.T.);
#1415 = ORIENTED_EDGE('',*,*,#1375,.F.);
#1416 = ORIENTED_EDGE('',*,*,#431,.F.);
#1417 = PLANE('',#1418);
#1418 = AXIS2_PLACEMENT_3D('',#1419,#1420,#1421);
#1419 = CARTESIAN_POINT('',(3.81,-1.016,0.));
#1420 = DIRECTION('',(-1.,0.,0.));
#1421 = DIRECTION('',(0.,1.,0.));
#1422 = ADVANCED_FACE('',(#1423),#1434,.F.);
#1423 = FACE_BOUND('',#1424,.F.);
#1424 = EDGE_LOOP('',(#1425,#1426,#1427,#1433));
#1425 = ORIENTED_EDGE('',*,*,#1394,.T.);
#1426 = ORIENTED_EDGE('',*,*,#804,.T.);
#1427 = ORIENTED_EDGE('',*,*,#1428,.F.);
#1428 = EDGE_CURVE('',#224,#805,#1429,.T.);
#1429 = LINE('',#1430,#1431);
#1430 = CARTESIAN_POINT('',(-1.27,-1.524,0.));
#1431 = VECTOR('',#1432,1.);
#1432 = DIRECTION('',(0.,0.,1.));
#1433 = ORIENTED_EDGE('',*,*,#223,.F.);
#1434 = PLANE('',#1435);
#1435 = AXIS2_PLACEMENT_3D('',#1436,#1437,#1438);
#1436 = CARTESIAN_POINT('',(-1.016,-1.27,0.));
#1437 = DIRECTION('',(0.707106781187,-0.707106781187,0.));
#1438 = DIRECTION('',(-0.707106781187,-0.707106781187,0.));
#1439 = ADVANCED_FACE('',(#1440),#1451,.F.);
#1440 = FACE_BOUND('',#1441,.F.);
#1441 = EDGE_LOOP('',(#1442,#1448,#1449,#1450));
#1442 = ORIENTED_EDGE('',*,*,#1443,.T.);
#1443 = EDGE_CURVE('',#416,#997,#1444,.T.);
#1444 = LINE('',#1445,#1446);
#1445 = CARTESIAN_POINT('',(3.556,-1.27,0.));
#1446 = VECTOR('',#1447,1.);
#1447 = DIRECTION('',(0.,0.,1.));
#1448 = ORIENTED_EDGE('',*,*,#1004,.T.);
#1449 = ORIENTED_EDGE('',*,*,#1409,.F.);
#1450 = ORIENTED_EDGE('',*,*,#423,.F.);
#1451 = PLANE('',#1452);
#1452 = AXIS2_PLACEMENT_3D('',#1453,#1454,#1455);
#1453 = CARTESIAN_POINT('',(3.556,-1.27,0.));
#1454 = DIRECTION('',(-0.707106781187,0.707106781187,0.));
#1455 = DIRECTION('',(0.707106781187,0.707106781187,0.));
#1456 = ADVANCED_FACE('',(#1457),#1468,.F.);
#1457 = FACE_BOUND('',#1458,.F.);
#1458 = EDGE_LOOP('',(#1459,#1460,#1461,#1467));
#1459 = ORIENTED_EDGE('',*,*,#1428,.T.);
#1460 = ORIENTED_EDGE('',*,*,#812,.T.);
#1461 = ORIENTED_EDGE('',*,*,#1462,.F.);
#1462 = EDGE_CURVE('',#232,#813,#1463,.T.);
#1463 = LINE('',#1464,#1465);
#1464 = CARTESIAN_POINT('',(-1.27,-3.556,0.));
#1465 = VECTOR('',#1466,1.);
#1466 = DIRECTION('',(0.,0.,1.));
#1467 = ORIENTED_EDGE('',*,*,#231,.F.);
#1468 = PLANE('',#1469);
#1469 = AXIS2_PLACEMENT_3D('',#1470,#1471,#1472);
#1470 = CARTESIAN_POINT('',(-1.27,-1.524,0.));
#1471 = DIRECTION('',(1.,0.,0.));
#1472 = DIRECTION('',(0.,-1.,0.));
#1473 = ADVANCED_FACE('',(#1474),#1485,.F.);
#1474 = FACE_BOUND('',#1475,.F.);
#1475 = EDGE_LOOP('',(#1476,#1482,#1483,#1484));
#1476 = ORIENTED_EDGE('',*,*,#1477,.T.);
#1477 = EDGE_CURVE('',#408,#989,#1478,.T.);
#1478 = LINE('',#1479,#1480);
#1479 = CARTESIAN_POINT('',(3.81,-1.524,0.));
#1480 = VECTOR('',#1481,1.);
#1481 = DIRECTION('',(0.,0.,1.));
#1482 = ORIENTED_EDGE('',*,*,#996,.T.);
#1483 = ORIENTED_EDGE('',*,*,#1443,.F.);
#1484 = ORIENTED_EDGE('',*,*,#415,.F.);
#1485 = PLANE('',#1486);
#1486 = AXIS2_PLACEMENT_3D('',#1487,#1488,#1489);
#1487 = CARTESIAN_POINT('',(3.81,-1.524,0.));
#1488 = DIRECTION('',(-0.707106781187,-0.707106781187,0.));
#1489 = DIRECTION('',(-0.707106781187,0.707106781187,0.));
#1490 = ADVANCED_FACE('',(#1491),#1502,.F.);
#1491 = FACE_BOUND('',#1492,.F.);
#1492 = EDGE_LOOP('',(#1493,#1494,#1495,#1501));
#1493 = ORIENTED_EDGE('',*,*,#1462,.T.);
#1494 = ORIENTED_EDGE('',*,*,#820,.T.);
#1495 = ORIENTED_EDGE('',*,*,#1496,.F.);
#1496 = EDGE_CURVE('',#240,#821,#1497,.T.);
#1497 = LINE('',#1498,#1499);
#1498 = CARTESIAN_POINT('',(-1.016,-3.81,0.));
#1499 = VECTOR('',#1500,1.);
#1500 = DIRECTION('',(0.,0.,1.));
#1501 = ORIENTED_EDGE('',*,*,#239,.F.);
#1502 = PLANE('',#1503);
#1503 = AXIS2_PLACEMENT_3D('',#1504,#1505,#1506);
#1504 = CARTESIAN_POINT('',(-1.27,-3.556,0.));
#1505 = DIRECTION('',(0.707106781187,0.707106781187,0.));
#1506 = DIRECTION('',(0.707106781187,-0.707106781187,0.));
#1507 = ADVANCED_FACE('',(#1508),#1519,.F.);
#1508 = FACE_BOUND('',#1509,.F.);
#1509 = EDGE_LOOP('',(#1510,#1516,#1517,#1518));
#1510 = ORIENTED_EDGE('',*,*,#1511,.T.);
#1511 = EDGE_CURVE('',#400,#981,#1512,.T.);
#1512 = LINE('',#1513,#1514);
#1513 = CARTESIAN_POINT('',(3.81,-3.556,0.));
#1514 = VECTOR('',#1515,1.);
#1515 = DIRECTION('',(0.,0.,1.));
#1516 = ORIENTED_EDGE('',*,*,#988,.T.);
#1517 = ORIENTED_EDGE('',*,*,#1477,.F.);
#1518 = ORIENTED_EDGE('',*,*,#407,.F.);
#1519 = PLANE('',#1520);
#1520 = AXIS2_PLACEMENT_3D('',#1521,#1522,#1523);
#1521 = CARTESIAN_POINT('',(3.81,-3.556,0.));
#1522 = DIRECTION('',(-1.,0.,0.));
#1523 = DIRECTION('',(0.,1.,0.));
#1524 = ADVANCED_FACE('',(#1525),#1536,.F.);
#1525 = FACE_BOUND('',#1526,.F.);
#1526 = EDGE_LOOP('',(#1527,#1528,#1529,#1535));
#1527 = ORIENTED_EDGE('',*,*,#1496,.T.);
#1528 = ORIENTED_EDGE('',*,*,#828,.T.);
#1529 = ORIENTED_EDGE('',*,*,#1530,.F.);
#1530 = EDGE_CURVE('',#248,#829,#1531,.T.);
#1531 = LINE('',#1532,#1533);
#1532 = CARTESIAN_POINT('',(-1.27,-4.064,0.));
#1533 = VECTOR('',#1534,1.);
#1534 = DIRECTION('',(0.,0.,1.));
#1535 = ORIENTED_EDGE('',*,*,#247,.F.);
#1536 = PLANE('',#1537);
#1537 = AXIS2_PLACEMENT_3D('',#1538,#1539,#1540);
#1538 = CARTESIAN_POINT('',(-1.016,-3.81,0.));
#1539 = DIRECTION('',(0.707106781187,-0.707106781187,0.));
#1540 = DIRECTION('',(-0.707106781187,-0.707106781187,0.));
#1541 = ADVANCED_FACE('',(#1542),#1553,.F.);
#1542 = FACE_BOUND('',#1543,.F.);
#1543 = EDGE_LOOP('',(#1544,#1550,#1551,#1552));
#1544 = ORIENTED_EDGE('',*,*,#1545,.T.);
#1545 = EDGE_CURVE('',#392,#973,#1546,.T.);
#1546 = LINE('',#1547,#1548);
#1547 = CARTESIAN_POINT('',(3.556,-3.81,0.));
#1548 = VECTOR('',#1549,1.);
#1549 = DIRECTION('',(0.,0.,1.));
#1550 = ORIENTED_EDGE('',*,*,#980,.T.);
#1551 = ORIENTED_EDGE('',*,*,#1511,.F.);
#1552 = ORIENTED_EDGE('',*,*,#399,.F.);
#1553 = PLANE('',#1554);
#1554 = AXIS2_PLACEMENT_3D('',#1555,#1556,#1557);
#1555 = CARTESIAN_POINT('',(3.556,-3.81,0.));
#1556 = DIRECTION('',(-0.707106781187,0.707106781187,0.));
#1557 = DIRECTION('',(0.707106781187,0.707106781187,0.));
#1558 = ADVANCED_FACE('',(#1559),#1570,.F.);
#1559 = FACE_BOUND('',#1560,.F.);
#1560 = EDGE_LOOP('',(#1561,#1562,#1563,#1569));
#1561 = ORIENTED_EDGE('',*,*,#1530,.T.);
#1562 = ORIENTED_EDGE('',*,*,#836,.T.);
#1563 = ORIENTED_EDGE('',*,*,#1564,.F.);
#1564 = EDGE_CURVE('',#256,#837,#1565,.T.);
#1565 = LINE('',#1566,#1567);
#1566 = CARTESIAN_POINT('',(-1.27,-6.096,0.));
#1567 = VECTOR('',#1568,1.);
#1568 = DIRECTION('',(0.,0.,1.));
#1569 = ORIENTED_EDGE('',*,*,#255,.F.);
#1570 = PLANE('',#1571);
#1571 = AXIS2_PLACEMENT_3D('',#1572,#1573,#1574);
#1572 = CARTESIAN_POINT('',(-1.27,-4.064,0.));
#1573 = DIRECTION('',(1.,0.,0.));
#1574 = DIRECTION('',(0.,-1.,0.));
#1575 = ADVANCED_FACE('',(#1576),#1587,.F.);
#1576 = FACE_BOUND('',#1577,.F.);
#1577 = EDGE_LOOP('',(#1578,#1584,#1585,#1586));
#1578 = ORIENTED_EDGE('',*,*,#1579,.T.);
#1579 = EDGE_CURVE('',#384,#965,#1580,.T.);
#1580 = LINE('',#1581,#1582);
#1581 = CARTESIAN_POINT('',(3.81,-4.064,0.));
#1582 = VECTOR('',#1583,1.);
#1583 = DIRECTION('',(0.,0.,1.));
#1584 = ORIENTED_EDGE('',*,*,#972,.T.);
#1585 = ORIENTED_EDGE('',*,*,#1545,.F.);
#1586 = ORIENTED_EDGE('',*,*,#391,.F.);
#1587 = PLANE('',#1588);
#1588 = AXIS2_PLACEMENT_3D('',#1589,#1590,#1591);
#1589 = CARTESIAN_POINT('',(3.81,-4.064,0.));
#1590 = DIRECTION('',(-0.707106781187,-0.707106781187,0.));
#1591 = DIRECTION('',(-0.707106781187,0.707106781187,0.));
#1592 = ADVANCED_FACE('',(#1593),#1604,.F.);
#1593 = FACE_BOUND('',#1594,.F.);
#1594 = EDGE_LOOP('',(#1595,#1596,#1597,#1603));
#1595 = ORIENTED_EDGE('',*,*,#1564,.T.);
#1596 = ORIENTED_EDGE('',*,*,#844,.T.);
#1597 = ORIENTED_EDGE('',*,*,#1598,.F.);
#1598 = EDGE_CURVE('',#264,#845,#1599,.T.);
#1599 = LINE('',#1600,#1601);
#1600 = CARTESIAN_POINT('',(-1.016,-6.35,0.));
#1601 = VECTOR('',#1602,1.);
#1602 = DIRECTION('',(0.,0.,1.));
#1603 = ORIENTED_EDGE('',*,*,#263,.F.);
#1604 = PLANE('',#1605);
#1605 = AXIS2_PLACEMENT_3D('',#1606,#1607,#1608);
#1606 = CARTESIAN_POINT('',(-1.27,-6.096,0.));
#1607 = DIRECTION('',(0.707106781187,0.707106781187,0.));
#1608 = DIRECTION('',(0.707106781187,-0.707106781187,0.));
#1609 = ADVANCED_FACE('',(#1610),#1621,.F.);
#1610 = FACE_BOUND('',#1611,.F.);
#1611 = EDGE_LOOP('',(#1612,#1618,#1619,#1620));
#1612 = ORIENTED_EDGE('',*,*,#1613,.T.);
#1613 = EDGE_CURVE('',#376,#957,#1614,.T.);
#1614 = LINE('',#1615,#1616);
#1615 = CARTESIAN_POINT('',(3.81,-6.096,0.));
#1616 = VECTOR('',#1617,1.);
#1617 = DIRECTION('',(0.,0.,1.));
#1618 = ORIENTED_EDGE('',*,*,#964,.T.);
#1619 = ORIENTED_EDGE('',*,*,#1579,.F.);
#1620 = ORIENTED_EDGE('',*,*,#383,.F.);
#1621 = PLANE('',#1622);
#1622 = AXIS2_PLACEMENT_3D('',#1623,#1624,#1625);
#1623 = CARTESIAN_POINT('',(3.81,-6.096,0.));
#1624 = DIRECTION('',(-1.,0.,0.));
#1625 = DIRECTION('',(0.,1.,0.));
#1626 = ADVANCED_FACE('',(#1627),#1638,.F.);
#1627 = FACE_BOUND('',#1628,.F.);
#1628 = EDGE_LOOP('',(#1629,#1630,#1631,#1637));
#1629 = ORIENTED_EDGE('',*,*,#1598,.T.);
#1630 = ORIENTED_EDGE('',*,*,#852,.T.);
#1631 = ORIENTED_EDGE('',*,*,#1632,.F.);
#1632 = EDGE_CURVE('',#272,#853,#1633,.T.);
#1633 = LINE('',#1634,#1635);
#1634 = CARTESIAN_POINT('',(-1.27,-6.604,0.));
#1635 = VECTOR('',#1636,1.);
#1636 = DIRECTION('',(0.,0.,1.));
#1637 = ORIENTED_EDGE('',*,*,#271,.F.);
#1638 = PLANE('',#1639);
#1639 = AXIS2_PLACEMENT_3D('',#1640,#1641,#1642);
#1640 = CARTESIAN_POINT('',(-1.016,-6.35,0.));
#1641 = DIRECTION('',(0.707106781187,-0.707106781187,0.));
#1642 = DIRECTION('',(-0.707106781187,-0.707106781187,0.));
#1643 = ADVANCED_FACE('',(#1644),#1655,.F.);
#1644 = FACE_BOUND('',#1645,.F.);
#1645 = EDGE_LOOP('',(#1646,#1652,#1653,#1654));
#1646 = ORIENTED_EDGE('',*,*,#1647,.T.);
#1647 = EDGE_CURVE('',#368,#949,#1648,.T.);
#1648 = LINE('',#1649,#1650);
#1649 = CARTESIAN_POINT('',(3.556,-6.35,0.));
#1650 = VECTOR('',#1651,1.);
#1651 = DIRECTION('',(0.,0.,1.));
#1652 = ORIENTED_EDGE('',*,*,#956,.T.);
#1653 = ORIENTED_EDGE('',*,*,#1613,.F.);
#1654 = ORIENTED_EDGE('',*,*,#375,.F.);
#1655 = PLANE('',#1656);
#1656 = AXIS2_PLACEMENT_3D('',#1657,#1658,#1659);
#1657 = CARTESIAN_POINT('',(3.556,-6.35,0.));
#1658 = DIRECTION('',(-0.707106781187,0.707106781187,0.));
#1659 = DIRECTION('',(0.707106781187,0.707106781187,0.));
#1660 = ADVANCED_FACE('',(#1661),#1672,.F.);
#1661 = FACE_BOUND('',#1662,.F.);
#1662 = EDGE_LOOP('',(#1663,#1664,#1665,#1671));
#1663 = ORIENTED_EDGE('',*,*,#1632,.T.);
#1664 = ORIENTED_EDGE('',*,*,#860,.T.);
#1665 = ORIENTED_EDGE('',*,*,#1666,.F.);
#1666 = EDGE_CURVE('',#280,#861,#1667,.T.);
#1667 = LINE('',#1668,#1669);
#1668 = CARTESIAN_POINT('',(-1.27,-8.636,0.));
#1669 = VECTOR('',#1670,1.);
#1670 = DIRECTION('',(0.,0.,1.));
#1671 = ORIENTED_EDGE('',*,*,#279,.F.);
#1672 = PLANE('',#1673);
#1673 = AXIS2_PLACEMENT_3D('',#1674,#1675,#1676);
#1674 = CARTESIAN_POINT('',(-1.27,-6.604,0.));
#1675 = DIRECTION('',(1.,0.,0.));
#1676 = DIRECTION('',(0.,-1.,0.));
#1677 = ADVANCED_FACE('',(#1678),#1689,.F.);
#1678 = FACE_BOUND('',#1679,.F.);
#1679 = EDGE_LOOP('',(#1680,#1686,#1687,#1688));
#1680 = ORIENTED_EDGE('',*,*,#1681,.T.);
#1681 = EDGE_CURVE('',#360,#941,#1682,.T.);
#1682 = LINE('',#1683,#1684);
#1683 = CARTESIAN_POINT('',(3.81,-6.604,0.));
#1684 = VECTOR('',#1685,1.);
#1685 = DIRECTION('',(0.,0.,1.));
#1686 = ORIENTED_EDGE('',*,*,#948,.T.);
#1687 = ORIENTED_EDGE('',*,*,#1647,.F.);
#1688 = ORIENTED_EDGE('',*,*,#367,.F.);
#1689 = PLANE('',#1690);
#1690 = AXIS2_PLACEMENT_3D('',#1691,#1692,#1693);
#1691 = CARTESIAN_POINT('',(3.81,-6.604,0.));
#1692 = DIRECTION('',(-0.707106781187,-0.707106781187,0.));
#1693 = DIRECTION('',(-0.707106781187,0.707106781187,0.));
#1694 = ADVANCED_FACE('',(#1695),#1706,.F.);
#1695 = FACE_BOUND('',#1696,.F.);
#1696 = EDGE_LOOP('',(#1697,#1698,#1699,#1705));
#1697 = ORIENTED_EDGE('',*,*,#1666,.T.);
#1698 = ORIENTED_EDGE('',*,*,#868,.T.);
#1699 = ORIENTED_EDGE('',*,*,#1700,.F.);
#1700 = EDGE_CURVE('',#288,#869,#1701,.T.);
#1701 = LINE('',#1702,#1703);
#1702 = CARTESIAN_POINT('',(-1.016,-8.89,0.));
#1703 = VECTOR('',#1704,1.);
#1704 = DIRECTION('',(0.,0.,1.));
#1705 = ORIENTED_EDGE('',*,*,#287,.F.);
#1706 = PLANE('',#1707);
#1707 = AXIS2_PLACEMENT_3D('',#1708,#1709,#1710);
#1708 = CARTESIAN_POINT('',(-1.27,-8.636,0.));
#1709 = DIRECTION('',(0.707106781187,0.707106781187,0.));
#1710 = DIRECTION('',(0.707106781187,-0.707106781187,0.));
#1711 = ADVANCED_FACE('',(#1712),#1723,.F.);
#1712 = FACE_BOUND('',#1713,.F.);
#1713 = EDGE_LOOP('',(#1714,#1720,#1721,#1722));
#1714 = ORIENTED_EDGE('',*,*,#1715,.T.);
#1715 = EDGE_CURVE('',#352,#933,#1716,.T.);
#1716 = LINE('',#1717,#1718);
#1717 = CARTESIAN_POINT('',(3.81,-8.636,0.));
#1718 = VECTOR('',#1719,1.);
#1719 = DIRECTION('',(0.,0.,1.));
#1720 = ORIENTED_EDGE('',*,*,#940,.T.);
#1721 = ORIENTED_EDGE('',*,*,#1681,.F.);
#1722 = ORIENTED_EDGE('',*,*,#359,.F.);
#1723 = PLANE('',#1724);
#1724 = AXIS2_PLACEMENT_3D('',#1725,#1726,#1727);
#1725 = CARTESIAN_POINT('',(3.81,-8.636,0.));
#1726 = DIRECTION('',(-1.,0.,0.));
#1727 = DIRECTION('',(0.,1.,0.));
#1728 = ADVANCED_FACE('',(#1729),#1740,.F.);
#1729 = FACE_BOUND('',#1730,.F.);
#1730 = EDGE_LOOP('',(#1731,#1732,#1733,#1739));
#1731 = ORIENTED_EDGE('',*,*,#1700,.T.);
#1732 = ORIENTED_EDGE('',*,*,#876,.T.);
#1733 = ORIENTED_EDGE('',*,*,#1734,.F.);
#1734 = EDGE_CURVE('',#296,#877,#1735,.T.);
#1735 = LINE('',#1736,#1737);
#1736 = CARTESIAN_POINT('',(-1.27,-9.144,0.));
#1737 = VECTOR('',#1738,1.);
#1738 = DIRECTION('',(0.,0.,1.));
#1739 = ORIENTED_EDGE('',*,*,#295,.F.);
#1740 = PLANE('',#1741);
#1741 = AXIS2_PLACEMENT_3D('',#1742,#1743,#1744);
#1742 = CARTESIAN_POINT('',(-1.016,-8.89,0.));
#1743 = DIRECTION('',(0.707106781187,-0.707106781187,0.));
#1744 = DIRECTION('',(-0.707106781187,-0.707106781187,0.));
#1745 = ADVANCED_FACE('',(#1746),#1757,.F.);
#1746 = FACE_BOUND('',#1747,.F.);
#1747 = EDGE_LOOP('',(#1748,#1754,#1755,#1756));
#1748 = ORIENTED_EDGE('',*,*,#1749,.T.);
#1749 = EDGE_CURVE('',#344,#925,#1750,.T.);
#1750 = LINE('',#1751,#1752);
#1751 = CARTESIAN_POINT('',(3.556,-8.89,0.));
#1752 = VECTOR('',#1753,1.);
#1753 = DIRECTION('',(0.,0.,1.));
#1754 = ORIENTED_EDGE('',*,*,#932,.T.);
#1755 = ORIENTED_EDGE('',*,*,#1715,.F.);
#1756 = ORIENTED_EDGE('',*,*,#351,.F.);
#1757 = PLANE('',#1758);
#1758 = AXIS2_PLACEMENT_3D('',#1759,#1760,#1761);
#1759 = CARTESIAN_POINT('',(3.556,-8.89,0.));
#1760 = DIRECTION('',(-0.707106781187,0.707106781187,0.));
#1761 = DIRECTION('',(0.707106781187,0.707106781187,0.));
#1762 = ADVANCED_FACE('',(#1763),#1774,.F.);
#1763 = FACE_BOUND('',#1764,.F.);
#1764 = EDGE_LOOP('',(#1765,#1766,#1767,#1773));
#1765 = ORIENTED_EDGE('',*,*,#1734,.T.);
#1766 = ORIENTED_EDGE('',*,*,#884,.T.);
#1767 = ORIENTED_EDGE('',*,*,#1768,.F.);
#1768 = EDGE_CURVE('',#304,#885,#1769,.T.);
#1769 = LINE('',#1770,#1771);
#1770 = CARTESIAN_POINT('',(-1.27,-11.176,0.));
#1771 = VECTOR('',#1772,1.);
#1772 = DIRECTION('',(0.,0.,1.));
#1773 = ORIENTED_EDGE('',*,*,#303,.F.);
#1774 = PLANE('',#1775);
#1775 = AXIS2_PLACEMENT_3D('',#1776,#1777,#1778);
#1776 = CARTESIAN_POINT('',(-1.27,-9.144,0.));
#1777 = DIRECTION('',(1.,0.,0.));
#1778 = DIRECTION('',(0.,-1.,0.));
#1779 = ADVANCED_FACE('',(#1780),#1791,.F.);
#1780 = FACE_BOUND('',#1781,.F.);
#1781 = EDGE_LOOP('',(#1782,#1788,#1789,#1790));
#1782 = ORIENTED_EDGE('',*,*,#1783,.T.);
#1783 = EDGE_CURVE('',#336,#917,#1784,.T.);
#1784 = LINE('',#1785,#1786);
#1785 = CARTESIAN_POINT('',(3.81,-9.144,0.));
#1786 = VECTOR('',#1787,1.);
#1787 = DIRECTION('',(0.,0.,1.));
#1788 = ORIENTED_EDGE('',*,*,#924,.T.);
#1789 = ORIENTED_EDGE('',*,*,#1749,.F.);
#1790 = ORIENTED_EDGE('',*,*,#343,.F.);
#1791 = PLANE('',#1792);
#1792 = AXIS2_PLACEMENT_3D('',#1793,#1794,#1795);
#1793 = CARTESIAN_POINT('',(3.81,-9.144,0.));
#1794 = DIRECTION('',(-0.707106781187,-0.707106781187,0.));
#1795 = DIRECTION('',(-0.707106781187,0.707106781187,0.));
#1796 = ADVANCED_FACE('',(#1797),#1808,.F.);
#1797 = FACE_BOUND('',#1798,.F.);
#1798 = EDGE_LOOP('',(#1799,#1800,#1801,#1807));
#1799 = ORIENTED_EDGE('',*,*,#1768,.T.);
#1800 = ORIENTED_EDGE('',*,*,#892,.T.);
#1801 = ORIENTED_EDGE('',*,*,#1802,.F.);
#1802 = EDGE_CURVE('',#312,#893,#1803,.T.);
#1803 = LINE('',#1804,#1805);
#1804 = CARTESIAN_POINT('',(-1.016,-11.43,0.));
#1805 = VECTOR('',#1806,1.);
#1806 = DIRECTION('',(0.,0.,1.));
#1807 = ORIENTED_EDGE('',*,*,#311,.F.);
#1808 = PLANE('',#1809);
#1809 = AXIS2_PLACEMENT_3D('',#1810,#1811,#1812);
#1810 = CARTESIAN_POINT('',(-1.27,-11.176,0.));
#1811 = DIRECTION('',(0.707106781187,0.707106781187,0.));
#1812 = DIRECTION('',(0.707106781187,-0.707106781187,0.));
#1813 = ADVANCED_FACE('',(#1814),#1825,.F.);
#1814 = FACE_BOUND('',#1815,.F.);
#1815 = EDGE_LOOP('',(#1816,#1822,#1823,#1824));
#1816 = ORIENTED_EDGE('',*,*,#1817,.T.);
#1817 = EDGE_CURVE('',#328,#909,#1818,.T.);
#1818 = LINE('',#1819,#1820);
#1819 = CARTESIAN_POINT('',(3.81,-11.176,0.));
#1820 = VECTOR('',#1821,1.);
#1821 = DIRECTION('',(0.,0.,1.));
#1822 = ORIENTED_EDGE('',*,*,#916,.T.);
#1823 = ORIENTED_EDGE('',*,*,#1783,.F.);
#1824 = ORIENTED_EDGE('',*,*,#335,.F.);
#1825 = PLANE('',#1826);
#1826 = AXIS2_PLACEMENT_3D('',#1827,#1828,#1829);
#1827 = CARTESIAN_POINT('',(3.81,-11.176,0.));
#1828 = DIRECTION('',(-1.,0.,0.));
#1829 = DIRECTION('',(0.,1.,0.));
#1830 = ADVANCED_FACE('',(#1831),#1842,.F.);
#1831 = FACE_BOUND('',#1832,.F.);
#1832 = EDGE_LOOP('',(#1833,#1834,#1835,#1841));
#1833 = ORIENTED_EDGE('',*,*,#1802,.T.);
#1834 = ORIENTED_EDGE('',*,*,#900,.T.);
#1835 = ORIENTED_EDGE('',*,*,#1836,.F.);
#1836 = EDGE_CURVE('',#320,#901,#1837,.T.);
#1837 = LINE('',#1838,#1839);
#1838 = CARTESIAN_POINT('',(3.556,-11.43,0.));
#1839 = VECTOR('',#1840,1.);
#1840 = DIRECTION('',(0.,0.,1.));
#1841 = ORIENTED_EDGE('',*,*,#319,.F.);
#1842 = PLANE('',#1843);
#1843 = AXIS2_PLACEMENT_3D('',#1844,#1845,#1846);
#1844 = CARTESIAN_POINT('',(-1.016,-11.43,0.));
#1845 = DIRECTION('',(0.,1.,0.));
#1846 = DIRECTION('',(1.,0.,0.));
#1847 = ADVANCED_FACE('',(#1848),#1854,.F.);
#1848 = FACE_BOUND('',#1849,.F.);
#1849 = EDGE_LOOP('',(#1850,#1851,#1852,#1853));
#1850 = ORIENTED_EDGE('',*,*,#1836,.T.);
#1851 = ORIENTED_EDGE('',*,*,#908,.T.);
#1852 = ORIENTED_EDGE('',*,*,#1817,.F.);
#1853 = ORIENTED_EDGE('',*,*,#327,.F.);
#1854 = PLANE('',#1855);
#1855 = AXIS2_PLACEMENT_3D('',#1856,#1857,#1858);
#1856 = CARTESIAN_POINT('',(3.556,-11.43,0.));
#1857 = DIRECTION('',(-0.707106781187,0.707106781187,0.));
#1858 = DIRECTION('',(0.707106781187,0.707106781187,0.));
#1859 = ADVANCED_FACE('',(#1860),#1885,.F.);
#1860 = FACE_BOUND('',#1861,.F.);
#1861 = EDGE_LOOP('',(#1862,#1870,#1878,#1884));
#1862 = ORIENTED_EDGE('',*,*,#1863,.F.);
#1863 = EDGE_CURVE('',#1864,#449,#1866,.T.);
#1864 = VERTEX_POINT('',#1865);
#1865 = CARTESIAN_POINT('',(2.86,-0.32,-2.84));
#1866 = LINE('',#1867,#1868);
#1867 = CARTESIAN_POINT('',(2.86,-0.32,-3.));
#1868 = VECTOR('',#1869,1.);
#1869 = DIRECTION('',(0.,0.,1.));
#1870 = ORIENTED_EDGE('',*,*,#1871,.F.);
#1871 = EDGE_CURVE('',#1872,#1864,#1874,.T.);
#1872 = VERTEX_POINT('',#1873);
#1873 = CARTESIAN_POINT('',(2.22,-0.32,-2.84));
#1874 = LINE('',#1875,#1876);
#1875 = CARTESIAN_POINT('',(2.22,-0.32,-2.84));
#1876 = VECTOR('',#1877,1.);
#1877 = DIRECTION('',(1.,0.,0.));
#1878 = ORIENTED_EDGE('',*,*,#1879,.T.);
#1879 = EDGE_CURVE('',#1872,#451,#1880,.T.);
#1880 = LINE('',#1881,#1882);
#1881 = CARTESIAN_POINT('',(2.22,-0.32,-3.));
#1882 = VECTOR('',#1883,1.);
#1883 = DIRECTION('',(0.,0.,1.));
#1884 = ORIENTED_EDGE('',*,*,#448,.F.);
#1885 = PLANE('',#1886);
#1886 = AXIS2_PLACEMENT_3D('',#1887,#1888,#1889);
#1887 = CARTESIAN_POINT('',(2.22,-0.32,-3.));
#1888 = DIRECTION('',(0.,1.,0.));
#1889 = DIRECTION('',(0.,-0.,1.));
#1890 = ADVANCED_FACE('',(#1891),#1909,.T.);
#1891 = FACE_BOUND('',#1892,.T.);
#1892 = EDGE_LOOP('',(#1893,#1894,#1902,#1908));
#1893 = ORIENTED_EDGE('',*,*,#1863,.F.);
#1894 = ORIENTED_EDGE('',*,*,#1895,.T.);
#1895 = EDGE_CURVE('',#1864,#1896,#1898,.T.);
#1896 = VERTEX_POINT('',#1897);
#1897 = CARTESIAN_POINT('',(2.86,0.32,-2.84));
#1898 = LINE('',#1899,#1900);
#1899 = CARTESIAN_POINT('',(2.86,-0.32,-2.84));
#1900 = VECTOR('',#1901,1.);
#1901 = DIRECTION('',(0.,1.,0.));
#1902 = ORIENTED_EDGE('',*,*,#1903,.T.);
#1903 = EDGE_CURVE('',#1896,#467,#1904,.T.);
#1904 = LINE('',#1905,#1906);
#1905 = CARTESIAN_POINT('',(2.86,0.32,-3.));
#1906 = VECTOR('',#1907,1.);
#1907 = DIRECTION('',(0.,0.,1.));
#1908 = ORIENTED_EDGE('',*,*,#474,.F.);
#1909 = PLANE('',#1910);
#1910 = AXIS2_PLACEMENT_3D('',#1911,#1912,#1913);
#1911 = CARTESIAN_POINT('',(2.86,-0.32,-3.));
#1912 = DIRECTION('',(1.,0.,0.));
#1913 = DIRECTION('',(0.,0.,1.));
#1914 = ADVANCED_FACE('',(#1915),#1933,.T.);
#1915 = FACE_BOUND('',#1916,.T.);
#1916 = EDGE_LOOP('',(#1917,#1918,#1926,#1932));
#1917 = ORIENTED_EDGE('',*,*,#1903,.F.);
#1918 = ORIENTED_EDGE('',*,*,#1919,.F.);
#1919 = EDGE_CURVE('',#1920,#1896,#1922,.T.);
#1920 = VERTEX_POINT('',#1921);
#1921 = CARTESIAN_POINT('',(2.22,0.32,-2.84));
#1922 = LINE('',#1923,#1924);
#1923 = CARTESIAN_POINT('',(2.22,0.32,-2.84));
#1924 = VECTOR('',#1925,1.);
#1925 = DIRECTION('',(1.,0.,0.));
#1926 = ORIENTED_EDGE('',*,*,#1927,.T.);
#1927 = EDGE_CURVE('',#1920,#459,#1928,.T.);
#1928 = LINE('',#1929,#1930);
#1929 = CARTESIAN_POINT('',(2.22,0.32,-3.));
#1930 = VECTOR('',#1931,1.);
#1931 = DIRECTION('',(0.,0.,1.));
#1932 = ORIENTED_EDGE('',*,*,#466,.F.);
#1933 = PLANE('',#1934);
#1934 = AXIS2_PLACEMENT_3D('',#1935,#1936,#1937);
#1935 = CARTESIAN_POINT('',(2.22,0.32,-3.));
#1936 = DIRECTION('',(0.,1.,0.));
#1937 = DIRECTION('',(0.,-0.,1.));
#1938 = ADVANCED_FACE('',(#1939),#1950,.F.);
#1939 = FACE_BOUND('',#1940,.F.);
#1940 = EDGE_LOOP('',(#1941,#1942,#1948,#1949));
#1941 = ORIENTED_EDGE('',*,*,#1879,.F.);
#1942 = ORIENTED_EDGE('',*,*,#1943,.T.);
#1943 = EDGE_CURVE('',#1872,#1920,#1944,.T.);
#1944 = LINE('',#1945,#1946);
#1945 = CARTESIAN_POINT('',(2.22,-0.32,-2.84));
#1946 = VECTOR('',#1947,1.);
#1947 = DIRECTION('',(0.,1.,0.));
#1948 = ORIENTED_EDGE('',*,*,#1927,.T.);
#1949 = ORIENTED_EDGE('',*,*,#458,.F.);
#1950 = PLANE('',#1951);
#1951 = AXIS2_PLACEMENT_3D('',#1952,#1953,#1954);
#1952 = CARTESIAN_POINT('',(2.22,-0.32,-3.));
#1953 = DIRECTION('',(1.,0.,0.));
#1954 = DIRECTION('',(0.,0.,1.));
#1955 = ADVANCED_FACE('',(#1956),#1981,.F.);
#1956 = FACE_BOUND('',#1957,.F.);
#1957 = EDGE_LOOP('',(#1958,#1966,#1974,#1980));
#1958 = ORIENTED_EDGE('',*,*,#1959,.F.);
#1959 = EDGE_CURVE('',#1960,#483,#1962,.T.);
#1960 = VERTEX_POINT('',#1961);
#1961 = CARTESIAN_POINT('',(0.32,-0.32,-2.84));
#1962 = LINE('',#1963,#1964);
#1963 = CARTESIAN_POINT('',(0.32,-0.32,-3.));
#1964 = VECTOR('',#1965,1.);
#1965 = DIRECTION('',(0.,0.,1.));
#1966 = ORIENTED_EDGE('',*,*,#1967,.F.);
#1967 = EDGE_CURVE('',#1968,#1960,#1970,.T.);
#1968 = VERTEX_POINT('',#1969);
#1969 = CARTESIAN_POINT('',(-0.32,-0.32,-2.84));
#1970 = LINE('',#1971,#1972);
#1971 = CARTESIAN_POINT('',(-0.32,-0.32,-2.84));
#1972 = VECTOR('',#1973,1.);
#1973 = DIRECTION('',(1.,0.,0.));
#1974 = ORIENTED_EDGE('',*,*,#1975,.T.);
#1975 = EDGE_CURVE('',#1968,#485,#1976,.T.);
#1976 = LINE('',#1977,#1978);
#1977 = CARTESIAN_POINT('',(-0.32,-0.32,-3.));
#1978 = VECTOR('',#1979,1.);
#1979 = DIRECTION('',(0.,0.,1.));
#1980 = ORIENTED_EDGE('',*,*,#482,.F.);
#1981 = PLANE('',#1982);
#1982 = AXIS2_PLACEMENT_3D('',#1983,#1984,#1985);
#1983 = CARTESIAN_POINT('',(-0.32,-0.32,-3.));
#1984 = DIRECTION('',(0.,1.,0.));
#1985 = DIRECTION('',(0.,-0.,1.));
#1986 = ADVANCED_FACE('',(#1987),#2005,.T.);
#1987 = FACE_BOUND('',#1988,.T.);
#1988 = EDGE_LOOP('',(#1989,#1990,#1998,#2004));
#1989 = ORIENTED_EDGE('',*,*,#1959,.F.);
#1990 = ORIENTED_EDGE('',*,*,#1991,.T.);
#1991 = EDGE_CURVE('',#1960,#1992,#1994,.T.);
#1992 = VERTEX_POINT('',#1993);
#1993 = CARTESIAN_POINT('',(0.32,0.32,-2.84));
#1994 = LINE('',#1995,#1996);
#1995 = CARTESIAN_POINT('',(0.32,-0.32,-2.84));
#1996 = VECTOR('',#1997,1.);
#1997 = DIRECTION('',(0.,1.,0.));
#1998 = ORIENTED_EDGE('',*,*,#1999,.T.);
#1999 = EDGE_CURVE('',#1992,#501,#2000,.T.);
#2000 = LINE('',#2001,#2002);
#2001 = CARTESIAN_POINT('',(0.32,0.32,-3.));
#2002 = VECTOR('',#2003,1.);
#2003 = DIRECTION('',(0.,0.,1.));
#2004 = ORIENTED_EDGE('',*,*,#508,.F.);
#2005 = PLANE('',#2006);
#2006 = AXIS2_PLACEMENT_3D('',#2007,#2008,#2009);
#2007 = CARTESIAN_POINT('',(0.32,-0.32,-3.));
#2008 = DIRECTION('',(1.,0.,0.));
#2009 = DIRECTION('',(0.,0.,1.));
#2010 = ADVANCED_FACE('',(#2011),#2029,.T.);
#2011 = FACE_BOUND('',#2012,.T.);
#2012 = EDGE_LOOP('',(#2013,#2014,#2022,#2028));
#2013 = ORIENTED_EDGE('',*,*,#1999,.F.);
#2014 = ORIENTED_EDGE('',*,*,#2015,.F.);
#2015 = EDGE_CURVE('',#2016,#1992,#2018,.T.);
#2016 = VERTEX_POINT('',#2017);
#2017 = CARTESIAN_POINT('',(-0.32,0.32,-2.84));
#2018 = LINE('',#2019,#2020);
#2019 = CARTESIAN_POINT('',(-0.32,0.32,-2.84));
#2020 = VECTOR('',#2021,1.);
#2021 = DIRECTION('',(1.,0.,0.));
#2022 = ORIENTED_EDGE('',*,*,#2023,.T.);
#2023 = EDGE_CURVE('',#2016,#493,#2024,.T.);
#2024 = LINE('',#2025,#2026);
#2025 = CARTESIAN_POINT('',(-0.32,0.32,-3.));
#2026 = VECTOR('',#2027,1.);
#2027 = DIRECTION('',(0.,0.,1.));
#2028 = ORIENTED_EDGE('',*,*,#500,.F.);
#2029 = PLANE('',#2030);
#2030 = AXIS2_PLACEMENT_3D('',#2031,#2032,#2033);
#2031 = CARTESIAN_POINT('',(-0.32,0.32,-3.));
#2032 = DIRECTION('',(0.,1.,0.));
#2033 = DIRECTION('',(0.,-0.,1.));
#2034 = ADVANCED_FACE('',(#2035),#2046,.F.);
#2035 = FACE_BOUND('',#2036,.F.);
#2036 = EDGE_LOOP('',(#2037,#2038,#2044,#2045));
#2037 = ORIENTED_EDGE('',*,*,#1975,.F.);
#2038 = ORIENTED_EDGE('',*,*,#2039,.T.);
#2039 = EDGE_CURVE('',#1968,#2016,#2040,.T.);
#2040 = LINE('',#2041,#2042);
#2041 = CARTESIAN_POINT('',(-0.32,-0.32,-2.84));
#2042 = VECTOR('',#2043,1.);
#2043 = DIRECTION('',(0.,1.,0.));
#2044 = ORIENTED_EDGE('',*,*,#2023,.T.);
#2045 = ORIENTED_EDGE('',*,*,#492,.F.);
#2046 = PLANE('',#2047);
#2047 = AXIS2_PLACEMENT_3D('',#2048,#2049,#2050);
#2048 = CARTESIAN_POINT('',(-0.32,-0.32,-3.));
#2049 = DIRECTION('',(1.,0.,0.));
#2050 = DIRECTION('',(0.,0.,1.));
#2051 = ADVANCED_FACE('',(#2052),#2077,.T.);
#2052 = FACE_BOUND('',#2053,.T.);
#2053 = EDGE_LOOP('',(#2054,#2062,#2070,#2076));
#2054 = ORIENTED_EDGE('',*,*,#2055,.F.);
#2055 = EDGE_CURVE('',#2056,#517,#2058,.T.);
#2056 = VERTEX_POINT('',#2057);
#2057 = CARTESIAN_POINT('',(2.86,-2.86,-2.84));
#2058 = LINE('',#2059,#2060);
#2059 = CARTESIAN_POINT('',(2.86,-2.86,-3.));
#2060 = VECTOR('',#2061,1.);
#2061 = DIRECTION('',(0.,0.,1.));
#2062 = ORIENTED_EDGE('',*,*,#2063,.T.);
#2063 = EDGE_CURVE('',#2056,#2064,#2066,.T.);
#2064 = VERTEX_POINT('',#2065);
#2065 = CARTESIAN_POINT('',(2.86,-2.22,-2.84));
#2066 = LINE('',#2067,#2068);
#2067 = CARTESIAN_POINT('',(2.86,-2.86,-2.84));
#2068 = VECTOR('',#2069,1.);
#2069 = DIRECTION('',(0.,1.,0.));
#2070 = ORIENTED_EDGE('',*,*,#2071,.T.);
#2071 = EDGE_CURVE('',#2064,#519,#2072,.T.);
#2072 = LINE('',#2073,#2074);
#2073 = CARTESIAN_POINT('',(2.86,-2.22,-3.));
#2074 = VECTOR('',#2075,1.);
#2075 = DIRECTION('',(0.,0.,1.));
#2076 = ORIENTED_EDGE('',*,*,#516,.F.);
#2077 = PLANE('',#2078);
#2078 = AXIS2_PLACEMENT_3D('',#2079,#2080,#2081);
#2079 = CARTESIAN_POINT('',(2.86,-2.86,-3.));
#2080 = DIRECTION('',(1.,0.,0.));
#2081 = DIRECTION('',(0.,0.,1.));
#2082 = ADVANCED_FACE('',(#2083),#2101,.T.);
#2083 = FACE_BOUND('',#2084,.T.);
#2084 = EDGE_LOOP('',(#2085,#2086,#2094,#2100));
#2085 = ORIENTED_EDGE('',*,*,#2071,.F.);
#2086 = ORIENTED_EDGE('',*,*,#2087,.F.);
#2087 = EDGE_CURVE('',#2088,#2064,#2090,.T.);
#2088 = VERTEX_POINT('',#2089);
#2089 = CARTESIAN_POINT('',(2.22,-2.22,-2.84));
#2090 = LINE('',#2091,#2092);
#2091 = CARTESIAN_POINT('',(2.22,-2.22,-2.84));
#2092 = VECTOR('',#2093,1.);
#2093 = DIRECTION('',(1.,0.,0.));
#2094 = ORIENTED_EDGE('',*,*,#2095,.T.);
#2095 = EDGE_CURVE('',#2088,#535,#2096,.T.);
#2096 = LINE('',#2097,#2098);
#2097 = CARTESIAN_POINT('',(2.22,-2.22,-3.));
#2098 = VECTOR('',#2099,1.);
#2099 = DIRECTION('',(0.,0.,1.));
#2100 = ORIENTED_EDGE('',*,*,#542,.F.);
#2101 = PLANE('',#2102);
#2102 = AXIS2_PLACEMENT_3D('',#2103,#2104,#2105);
#2103 = CARTESIAN_POINT('',(2.22,-2.22,-3.));
#2104 = DIRECTION('',(0.,1.,0.));
#2105 = DIRECTION('',(0.,-0.,1.));
#2106 = ADVANCED_FACE('',(#2107),#2125,.F.);
#2107 = FACE_BOUND('',#2108,.F.);
#2108 = EDGE_LOOP('',(#2109,#2117,#2123,#2124));
#2109 = ORIENTED_EDGE('',*,*,#2110,.F.);
#2110 = EDGE_CURVE('',#2111,#527,#2113,.T.);
#2111 = VERTEX_POINT('',#2112);
#2112 = CARTESIAN_POINT('',(2.22,-2.86,-2.84));
#2113 = LINE('',#2114,#2115);
#2114 = CARTESIAN_POINT('',(2.22,-2.86,-3.));
#2115 = VECTOR('',#2116,1.);
#2116 = DIRECTION('',(0.,0.,1.));
#2117 = ORIENTED_EDGE('',*,*,#2118,.T.);
#2118 = EDGE_CURVE('',#2111,#2088,#2119,.T.);
#2119 = LINE('',#2120,#2121);
#2120 = CARTESIAN_POINT('',(2.22,-2.86,-2.84));
#2121 = VECTOR('',#2122,1.);
#2122 = DIRECTION('',(0.,1.,0.));
#2123 = ORIENTED_EDGE('',*,*,#2095,.T.);
#2124 = ORIENTED_EDGE('',*,*,#534,.F.);
#2125 = PLANE('',#2126);
#2126 = AXIS2_PLACEMENT_3D('',#2127,#2128,#2129);
#2127 = CARTESIAN_POINT('',(2.22,-2.86,-3.));
#2128 = DIRECTION('',(1.,0.,0.));
#2129 = DIRECTION('',(0.,0.,1.));
#2130 = ADVANCED_FACE('',(#2131),#2142,.F.);
#2131 = FACE_BOUND('',#2132,.F.);
#2132 = EDGE_LOOP('',(#2133,#2134,#2140,#2141));
#2133 = ORIENTED_EDGE('',*,*,#2055,.F.);
#2134 = ORIENTED_EDGE('',*,*,#2135,.F.);
#2135 = EDGE_CURVE('',#2111,#2056,#2136,.T.);
#2136 = LINE('',#2137,#2138);
#2137 = CARTESIAN_POINT('',(2.22,-2.86,-2.84));
#2138 = VECTOR('',#2139,1.);
#2139 = DIRECTION('',(1.,0.,0.));
#2140 = ORIENTED_EDGE('',*,*,#2110,.T.);
#2141 = ORIENTED_EDGE('',*,*,#526,.F.);
#2142 = PLANE('',#2143);
#2143 = AXIS2_PLACEMENT_3D('',#2144,#2145,#2146);
#2144 = CARTESIAN_POINT('',(2.22,-2.86,-3.));
#2145 = DIRECTION('',(0.,1.,0.));
#2146 = DIRECTION('',(0.,-0.,1.));
#2147 = ADVANCED_FACE('',(#2148),#2173,.T.);
#2148 = FACE_BOUND('',#2149,.T.);
#2149 = EDGE_LOOP('',(#2150,#2158,#2166,#2172));
#2150 = ORIENTED_EDGE('',*,*,#2151,.F.);
#2151 = EDGE_CURVE('',#2152,#551,#2154,.T.);
#2152 = VERTEX_POINT('',#2153);
#2153 = CARTESIAN_POINT('',(0.32,-2.22,-2.84));
#2154 = LINE('',#2155,#2156);
#2155 = CARTESIAN_POINT('',(0.32,-2.22,-3.));
#2156 = VECTOR('',#2157,1.);
#2157 = DIRECTION('',(0.,0.,1.));
#2158 = ORIENTED_EDGE('',*,*,#2159,.F.);
#2159 = EDGE_CURVE('',#2160,#2152,#2162,.T.);
#2160 = VERTEX_POINT('',#2161);
#2161 = CARTESIAN_POINT('',(-0.32,-2.22,-2.84));
#2162 = LINE('',#2163,#2164);
#2163 = CARTESIAN_POINT('',(-0.32,-2.22,-2.84));
#2164 = VECTOR('',#2165,1.);
#2165 = DIRECTION('',(1.,0.,0.));
#2166 = ORIENTED_EDGE('',*,*,#2167,.T.);
#2167 = EDGE_CURVE('',#2160,#553,#2168,.T.);
#2168 = LINE('',#2169,#2170);
#2169 = CARTESIAN_POINT('',(-0.32,-2.22,-3.));
#2170 = VECTOR('',#2171,1.);
#2171 = DIRECTION('',(0.,0.,1.));
#2172 = ORIENTED_EDGE('',*,*,#550,.F.);
#2173 = PLANE('',#2174);
#2174 = AXIS2_PLACEMENT_3D('',#2175,#2176,#2177);
#2175 = CARTESIAN_POINT('',(-0.32,-2.22,-3.));
#2176 = DIRECTION('',(0.,1.,0.));
#2177 = DIRECTION('',(0.,-0.,1.));
#2178 = ADVANCED_FACE('',(#2179),#2197,.F.);
#2179 = FACE_BOUND('',#2180,.F.);
#2180 = EDGE_LOOP('',(#2181,#2189,#2195,#2196));
#2181 = ORIENTED_EDGE('',*,*,#2182,.F.);
#2182 = EDGE_CURVE('',#2183,#569,#2185,.T.);
#2183 = VERTEX_POINT('',#2184);
#2184 = CARTESIAN_POINT('',(-0.32,-2.86,-2.84));
#2185 = LINE('',#2186,#2187);
#2186 = CARTESIAN_POINT('',(-0.32,-2.86,-3.));
#2187 = VECTOR('',#2188,1.);
#2188 = DIRECTION('',(0.,0.,1.));
#2189 = ORIENTED_EDGE('',*,*,#2190,.T.);
#2190 = EDGE_CURVE('',#2183,#2160,#2191,.T.);
#2191 = LINE('',#2192,#2193);
#2192 = CARTESIAN_POINT('',(-0.32,-2.86,-2.84));
#2193 = VECTOR('',#2194,1.);
#2194 = DIRECTION('',(0.,1.,0.));
#2195 = ORIENTED_EDGE('',*,*,#2167,.T.);
#2196 = ORIENTED_EDGE('',*,*,#576,.F.);
#2197 = PLANE('',#2198);
#2198 = AXIS2_PLACEMENT_3D('',#2199,#2200,#2201);
#2199 = CARTESIAN_POINT('',(-0.32,-2.86,-3.));
#2200 = DIRECTION('',(1.,0.,0.));
#2201 = DIRECTION('',(0.,0.,1.));
#2202 = ADVANCED_FACE('',(#2203),#2221,.F.);
#2203 = FACE_BOUND('',#2204,.F.);
#2204 = EDGE_LOOP('',(#2205,#2213,#2219,#2220));
#2205 = ORIENTED_EDGE('',*,*,#2206,.F.);
#2206 = EDGE_CURVE('',#2207,#561,#2209,.T.);
#2207 = VERTEX_POINT('',#2208);
#2208 = CARTESIAN_POINT('',(0.32,-2.86,-2.84));
#2209 = LINE('',#2210,#2211);
#2210 = CARTESIAN_POINT('',(0.32,-2.86,-3.));
#2211 = VECTOR('',#2212,1.);
#2212 = DIRECTION('',(0.,0.,1.));
#2213 = ORIENTED_EDGE('',*,*,#2214,.F.);
#2214 = EDGE_CURVE('',#2183,#2207,#2215,.T.);
#2215 = LINE('',#2216,#2217);
#2216 = CARTESIAN_POINT('',(-0.32,-2.86,-2.84));
#2217 = VECTOR('',#2218,1.);
#2218 = DIRECTION('',(1.,0.,0.));
#2219 = ORIENTED_EDGE('',*,*,#2182,.T.);
#2220 = ORIENTED_EDGE('',*,*,#568,.F.);
#2221 = PLANE('',#2222);
#2222 = AXIS2_PLACEMENT_3D('',#2223,#2224,#2225);
#2223 = CARTESIAN_POINT('',(-0.32,-2.86,-3.));
#2224 = DIRECTION('',(0.,1.,0.));
#2225 = DIRECTION('',(0.,-0.,1.));
#2226 = ADVANCED_FACE('',(#2227),#2238,.T.);
#2227 = FACE_BOUND('',#2228,.T.);
#2228 = EDGE_LOOP('',(#2229,#2230,#2236,#2237));
#2229 = ORIENTED_EDGE('',*,*,#2206,.F.);
#2230 = ORIENTED_EDGE('',*,*,#2231,.T.);
#2231 = EDGE_CURVE('',#2207,#2152,#2232,.T.);
#2232 = LINE('',#2233,#2234);
#2233 = CARTESIAN_POINT('',(0.32,-2.86,-2.84));
#2234 = VECTOR('',#2235,1.);
#2235 = DIRECTION('',(0.,1.,0.));
#2236 = ORIENTED_EDGE('',*,*,#2151,.T.);
#2237 = ORIENTED_EDGE('',*,*,#560,.F.);
#2238 = PLANE('',#2239);
#2239 = AXIS2_PLACEMENT_3D('',#2240,#2241,#2242);
#2240 = CARTESIAN_POINT('',(0.32,-2.86,-3.));
#2241 = DIRECTION('',(1.,0.,0.));
#2242 = DIRECTION('',(0.,0.,1.));
#2243 = ADVANCED_FACE('',(#2244),#2269,.F.);
#2244 = FACE_BOUND('',#2245,.F.);
#2245 = EDGE_LOOP('',(#2246,#2254,#2262,#2268));
#2246 = ORIENTED_EDGE('',*,*,#2247,.F.);
#2247 = EDGE_CURVE('',#2248,#585,#2250,.T.);
#2248 = VERTEX_POINT('',#2249);
#2249 = CARTESIAN_POINT('',(0.32,-10.48,-2.84));
#2250 = LINE('',#2251,#2252);
#2251 = CARTESIAN_POINT('',(0.32,-10.48,-3.));
#2252 = VECTOR('',#2253,1.);
#2253 = DIRECTION('',(0.,0.,1.));
#2254 = ORIENTED_EDGE('',*,*,#2255,.F.);
#2255 = EDGE_CURVE('',#2256,#2248,#2258,.T.);
#2256 = VERTEX_POINT('',#2257);
#2257 = CARTESIAN_POINT('',(-0.32,-10.48,-2.84));
#2258 = LINE('',#2259,#2260);
#2259 = CARTESIAN_POINT('',(-0.32,-10.48,-2.84));
#2260 = VECTOR('',#2261,1.);
#2261 = DIRECTION('',(1.,0.,0.));
#2262 = ORIENTED_EDGE('',*,*,#2263,.T.);
#2263 = EDGE_CURVE('',#2256,#587,#2264,.T.);
#2264 = LINE('',#2265,#2266);
#2265 = CARTESIAN_POINT('',(-0.32,-10.48,-3.));
#2266 = VECTOR('',#2267,1.);
#2267 = DIRECTION('',(0.,0.,1.));
#2268 = ORIENTED_EDGE('',*,*,#584,.F.);
#2269 = PLANE('',#2270);
#2270 = AXIS2_PLACEMENT_3D('',#2271,#2272,#2273);
#2271 = CARTESIAN_POINT('',(-0.32,-10.48,-3.));
#2272 = DIRECTION('',(0.,1.,0.));
#2273 = DIRECTION('',(0.,-0.,1.));
#2274 = ADVANCED_FACE('',(#2275),#2293,.T.);
#2275 = FACE_BOUND('',#2276,.T.);
#2276 = EDGE_LOOP('',(#2277,#2278,#2286,#2292));
#2277 = ORIENTED_EDGE('',*,*,#2247,.F.);
#2278 = ORIENTED_EDGE('',*,*,#2279,.T.);
#2279 = EDGE_CURVE('',#2248,#2280,#2282,.T.);
#2280 = VERTEX_POINT('',#2281);
#2281 = CARTESIAN_POINT('',(0.32,-9.84,-2.84));
#2282 = LINE('',#2283,#2284);
#2283 = CARTESIAN_POINT('',(0.32,-10.48,-2.84));
#2284 = VECTOR('',#2285,1.);
#2285 = DIRECTION('',(0.,1.,0.));
#2286 = ORIENTED_EDGE('',*,*,#2287,.T.);
#2287 = EDGE_CURVE('',#2280,#603,#2288,.T.);
#2288 = LINE('',#2289,#2290);
#2289 = CARTESIAN_POINT('',(0.32,-9.84,-3.));
#2290 = VECTOR('',#2291,1.);
#2291 = DIRECTION('',(0.,0.,1.));
#2292 = ORIENTED_EDGE('',*,*,#610,.F.);
#2293 = PLANE('',#2294);
#2294 = AXIS2_PLACEMENT_3D('',#2295,#2296,#2297);
#2295 = CARTESIAN_POINT('',(0.32,-10.48,-3.));
#2296 = DIRECTION('',(1.,0.,0.));
#2297 = DIRECTION('',(0.,0.,1.));
#2298 = ADVANCED_FACE('',(#2299),#2317,.T.);
#2299 = FACE_BOUND('',#2300,.T.);
#2300 = EDGE_LOOP('',(#2301,#2302,#2310,#2316));
#2301 = ORIENTED_EDGE('',*,*,#2287,.F.);
#2302 = ORIENTED_EDGE('',*,*,#2303,.F.);
#2303 = EDGE_CURVE('',#2304,#2280,#2306,.T.);
#2304 = VERTEX_POINT('',#2305);
#2305 = CARTESIAN_POINT('',(-0.32,-9.84,-2.84));
#2306 = LINE('',#2307,#2308);
#2307 = CARTESIAN_POINT('',(-0.32,-9.84,-2.84));
#2308 = VECTOR('',#2309,1.);
#2309 = DIRECTION('',(1.,0.,0.));
#2310 = ORIENTED_EDGE('',*,*,#2311,.T.);
#2311 = EDGE_CURVE('',#2304,#595,#2312,.T.);
#2312 = LINE('',#2313,#2314);
#2313 = CARTESIAN_POINT('',(-0.32,-9.84,-3.));
#2314 = VECTOR('',#2315,1.);
#2315 = DIRECTION('',(0.,0.,1.));
#2316 = ORIENTED_EDGE('',*,*,#602,.F.);
#2317 = PLANE('',#2318);
#2318 = AXIS2_PLACEMENT_3D('',#2319,#2320,#2321);
#2319 = CARTESIAN_POINT('',(-0.32,-9.84,-3.));
#2320 = DIRECTION('',(0.,1.,0.));
#2321 = DIRECTION('',(0.,-0.,1.));
#2322 = ADVANCED_FACE('',(#2323),#2334,.F.);
#2323 = FACE_BOUND('',#2324,.F.);
#2324 = EDGE_LOOP('',(#2325,#2326,#2332,#2333));
#2325 = ORIENTED_EDGE('',*,*,#2263,.F.);
#2326 = ORIENTED_EDGE('',*,*,#2327,.T.);
#2327 = EDGE_CURVE('',#2256,#2304,#2328,.T.);
#2328 = LINE('',#2329,#2330);
#2329 = CARTESIAN_POINT('',(-0.32,-10.48,-2.84));
#2330 = VECTOR('',#2331,1.);
#2331 = DIRECTION('',(0.,1.,0.));
#2332 = ORIENTED_EDGE('',*,*,#2311,.T.);
#2333 = ORIENTED_EDGE('',*,*,#594,.F.);
#2334 = PLANE('',#2335);
#2335 = AXIS2_PLACEMENT_3D('',#2336,#2337,#2338);
#2336 = CARTESIAN_POINT('',(-0.32,-10.48,-3.));
#2337 = DIRECTION('',(1.,0.,0.));
#2338 = DIRECTION('',(0.,0.,1.));
#2339 = ADVANCED_FACE('',(#2340),#2365,.F.);
#2340 = FACE_BOUND('',#2341,.F.);
#2341 = EDGE_LOOP('',(#2342,#2350,#2358,#2364));
#2342 = ORIENTED_EDGE('',*,*,#2343,.F.);
#2343 = EDGE_CURVE('',#2344,#619,#2346,.T.);
#2344 = VERTEX_POINT('',#2345);
#2345 = CARTESIAN_POINT('',(0.32,-7.94,-2.84));
#2346 = LINE('',#2347,#2348);
#2347 = CARTESIAN_POINT('',(0.32,-7.94,-3.));
#2348 = VECTOR('',#2349,1.);
#2349 = DIRECTION('',(0.,0.,1.));
#2350 = ORIENTED_EDGE('',*,*,#2351,.F.);
#2351 = EDGE_CURVE('',#2352,#2344,#2354,.T.);
#2352 = VERTEX_POINT('',#2353);
#2353 = CARTESIAN_POINT('',(-0.32,-7.94,-2.84));
#2354 = LINE('',#2355,#2356);
#2355 = CARTESIAN_POINT('',(-0.32,-7.94,-2.84));
#2356 = VECTOR('',#2357,1.);
#2357 = DIRECTION('',(1.,0.,0.));
#2358 = ORIENTED_EDGE('',*,*,#2359,.T.);
#2359 = EDGE_CURVE('',#2352,#621,#2360,.T.);
#2360 = LINE('',#2361,#2362);
#2361 = CARTESIAN_POINT('',(-0.32,-7.94,-3.));
#2362 = VECTOR('',#2363,1.);
#2363 = DIRECTION('',(0.,0.,1.));
#2364 = ORIENTED_EDGE('',*,*,#618,.F.);
#2365 = PLANE('',#2366);
#2366 = AXIS2_PLACEMENT_3D('',#2367,#2368,#2369);
#2367 = CARTESIAN_POINT('',(-0.32,-7.94,-3.));
#2368 = DIRECTION('',(0.,1.,0.));
#2369 = DIRECTION('',(0.,-0.,1.));
#2370 = ADVANCED_FACE('',(#2371),#2389,.T.);
#2371 = FACE_BOUND('',#2372,.T.);
#2372 = EDGE_LOOP('',(#2373,#2374,#2382,#2388));
#2373 = ORIENTED_EDGE('',*,*,#2343,.F.);
#2374 = ORIENTED_EDGE('',*,*,#2375,.T.);
#2375 = EDGE_CURVE('',#2344,#2376,#2378,.T.);
#2376 = VERTEX_POINT('',#2377);
#2377 = CARTESIAN_POINT('',(0.32,-7.3,-2.84));
#2378 = LINE('',#2379,#2380);
#2379 = CARTESIAN_POINT('',(0.32,-7.94,-2.84));
#2380 = VECTOR('',#2381,1.);
#2381 = DIRECTION('',(0.,1.,0.));
#2382 = ORIENTED_EDGE('',*,*,#2383,.T.);
#2383 = EDGE_CURVE('',#2376,#637,#2384,.T.);
#2384 = LINE('',#2385,#2386);
#2385 = CARTESIAN_POINT('',(0.32,-7.3,-3.));
#2386 = VECTOR('',#2387,1.);
#2387 = DIRECTION('',(0.,0.,1.));
#2388 = ORIENTED_EDGE('',*,*,#644,.F.);
#2389 = PLANE('',#2390);
#2390 = AXIS2_PLACEMENT_3D('',#2391,#2392,#2393);
#2391 = CARTESIAN_POINT('',(0.32,-7.94,-3.));
#2392 = DIRECTION('',(1.,0.,0.));
#2393 = DIRECTION('',(0.,0.,1.));
#2394 = ADVANCED_FACE('',(#2395),#2413,.T.);
#2395 = FACE_BOUND('',#2396,.T.);
#2396 = EDGE_LOOP('',(#2397,#2398,#2406,#2412));
#2397 = ORIENTED_EDGE('',*,*,#2383,.F.);
#2398 = ORIENTED_EDGE('',*,*,#2399,.F.);
#2399 = EDGE_CURVE('',#2400,#2376,#2402,.T.);
#2400 = VERTEX_POINT('',#2401);
#2401 = CARTESIAN_POINT('',(-0.32,-7.3,-2.84));
#2402 = LINE('',#2403,#2404);
#2403 = CARTESIAN_POINT('',(-0.32,-7.3,-2.84));
#2404 = VECTOR('',#2405,1.);
#2405 = DIRECTION('',(1.,0.,0.));
#2406 = ORIENTED_EDGE('',*,*,#2407,.T.);
#2407 = EDGE_CURVE('',#2400,#629,#2408,.T.);
#2408 = LINE('',#2409,#2410);
#2409 = CARTESIAN_POINT('',(-0.32,-7.3,-3.));
#2410 = VECTOR('',#2411,1.);
#2411 = DIRECTION('',(0.,0.,1.));
#2412 = ORIENTED_EDGE('',*,*,#636,.F.);
#2413 = PLANE('',#2414);
#2414 = AXIS2_PLACEMENT_3D('',#2415,#2416,#2417);
#2415 = CARTESIAN_POINT('',(-0.32,-7.3,-3.));
#2416 = DIRECTION('',(0.,1.,0.));
#2417 = DIRECTION('',(0.,-0.,1.));
#2418 = ADVANCED_FACE('',(#2419),#2430,.F.);
#2419 = FACE_BOUND('',#2420,.F.);
#2420 = EDGE_LOOP('',(#2421,#2422,#2428,#2429));
#2421 = ORIENTED_EDGE('',*,*,#2359,.F.);
#2422 = ORIENTED_EDGE('',*,*,#2423,.T.);
#2423 = EDGE_CURVE('',#2352,#2400,#2424,.T.);
#2424 = LINE('',#2425,#2426);
#2425 = CARTESIAN_POINT('',(-0.32,-7.94,-2.84));
#2426 = VECTOR('',#2427,1.);
#2427 = DIRECTION('',(0.,1.,0.));
#2428 = ORIENTED_EDGE('',*,*,#2407,.T.);
#2429 = ORIENTED_EDGE('',*,*,#628,.F.);
#2430 = PLANE('',#2431);
#2431 = AXIS2_PLACEMENT_3D('',#2432,#2433,#2434);
#2432 = CARTESIAN_POINT('',(-0.32,-7.94,-3.));
#2433 = DIRECTION('',(1.,0.,0.));
#2434 = DIRECTION('',(0.,0.,1.));
#2435 = ADVANCED_FACE('',(#2436),#2461,.F.);
#2436 = FACE_BOUND('',#2437,.F.);
#2437 = EDGE_LOOP('',(#2438,#2446,#2454,#2460));
#2438 = ORIENTED_EDGE('',*,*,#2439,.F.);
#2439 = EDGE_CURVE('',#2440,#653,#2442,.T.);
#2440 = VERTEX_POINT('',#2441);
#2441 = CARTESIAN_POINT('',(0.32,-5.4,-2.84));
#2442 = LINE('',#2443,#2444);
#2443 = CARTESIAN_POINT('',(0.32,-5.4,-3.));
#2444 = VECTOR('',#2445,1.);
#2445 = DIRECTION('',(0.,0.,1.));
#2446 = ORIENTED_EDGE('',*,*,#2447,.F.);
#2447 = EDGE_CURVE('',#2448,#2440,#2450,.T.);
#2448 = VERTEX_POINT('',#2449);
#2449 = CARTESIAN_POINT('',(-0.32,-5.4,-2.84));
#2450 = LINE('',#2451,#2452);
#2451 = CARTESIAN_POINT('',(-0.32,-5.4,-2.84));
#2452 = VECTOR('',#2453,1.);
#2453 = DIRECTION('',(1.,0.,0.));
#2454 = ORIENTED_EDGE('',*,*,#2455,.T.);
#2455 = EDGE_CURVE('',#2448,#655,#2456,.T.);
#2456 = LINE('',#2457,#2458);
#2457 = CARTESIAN_POINT('',(-0.32,-5.4,-3.));
#2458 = VECTOR('',#2459,1.);
#2459 = DIRECTION('',(0.,0.,1.));
#2460 = ORIENTED_EDGE('',*,*,#652,.F.);
#2461 = PLANE('',#2462);
#2462 = AXIS2_PLACEMENT_3D('',#2463,#2464,#2465);
#2463 = CARTESIAN_POINT('',(-0.32,-5.4,-3.));
#2464 = DIRECTION('',(0.,1.,0.));
#2465 = DIRECTION('',(0.,-0.,1.));
#2466 = ADVANCED_FACE('',(#2467),#2485,.T.);
#2467 = FACE_BOUND('',#2468,.T.);
#2468 = EDGE_LOOP('',(#2469,#2470,#2478,#2484));
#2469 = ORIENTED_EDGE('',*,*,#2439,.F.);
#2470 = ORIENTED_EDGE('',*,*,#2471,.T.);
#2471 = EDGE_CURVE('',#2440,#2472,#2474,.T.);
#2472 = VERTEX_POINT('',#2473);
#2473 = CARTESIAN_POINT('',(0.32,-4.76,-2.84));
#2474 = LINE('',#2475,#2476);
#2475 = CARTESIAN_POINT('',(0.32,-5.4,-2.84));
#2476 = VECTOR('',#2477,1.);
#2477 = DIRECTION('',(0.,1.,0.));
#2478 = ORIENTED_EDGE('',*,*,#2479,.T.);
#2479 = EDGE_CURVE('',#2472,#671,#2480,.T.);
#2480 = LINE('',#2481,#2482);
#2481 = CARTESIAN_POINT('',(0.32,-4.76,-3.));
#2482 = VECTOR('',#2483,1.);
#2483 = DIRECTION('',(0.,0.,1.));
#2484 = ORIENTED_EDGE('',*,*,#678,.F.);
#2485 = PLANE('',#2486);
#2486 = AXIS2_PLACEMENT_3D('',#2487,#2488,#2489);
#2487 = CARTESIAN_POINT('',(0.32,-5.4,-3.));
#2488 = DIRECTION('',(1.,0.,0.));
#2489 = DIRECTION('',(0.,0.,1.));
#2490 = ADVANCED_FACE('',(#2491),#2509,.T.);
#2491 = FACE_BOUND('',#2492,.T.);
#2492 = EDGE_LOOP('',(#2493,#2494,#2502,#2508));
#2493 = ORIENTED_EDGE('',*,*,#2479,.F.);
#2494 = ORIENTED_EDGE('',*,*,#2495,.F.);
#2495 = EDGE_CURVE('',#2496,#2472,#2498,.T.);
#2496 = VERTEX_POINT('',#2497);
#2497 = CARTESIAN_POINT('',(-0.32,-4.76,-2.84));
#2498 = LINE('',#2499,#2500);
#2499 = CARTESIAN_POINT('',(-0.32,-4.76,-2.84));
#2500 = VECTOR('',#2501,1.);
#2501 = DIRECTION('',(1.,0.,0.));
#2502 = ORIENTED_EDGE('',*,*,#2503,.T.);
#2503 = EDGE_CURVE('',#2496,#663,#2504,.T.);
#2504 = LINE('',#2505,#2506);
#2505 = CARTESIAN_POINT('',(-0.32,-4.76,-3.));
#2506 = VECTOR('',#2507,1.);
#2507 = DIRECTION('',(0.,0.,1.));
#2508 = ORIENTED_EDGE('',*,*,#670,.F.);
#2509 = PLANE('',#2510);
#2510 = AXIS2_PLACEMENT_3D('',#2511,#2512,#2513);
#2511 = CARTESIAN_POINT('',(-0.32,-4.76,-3.));
#2512 = DIRECTION('',(0.,1.,0.));
#2513 = DIRECTION('',(0.,-0.,1.));
#2514 = ADVANCED_FACE('',(#2515),#2526,.F.);
#2515 = FACE_BOUND('',#2516,.F.);
#2516 = EDGE_LOOP('',(#2517,#2518,#2524,#2525));
#2517 = ORIENTED_EDGE('',*,*,#2455,.F.);
#2518 = ORIENTED_EDGE('',*,*,#2519,.T.);
#2519 = EDGE_CURVE('',#2448,#2496,#2520,.T.);
#2520 = LINE('',#2521,#2522);
#2521 = CARTESIAN_POINT('',(-0.32,-5.4,-2.84));
#2522 = VECTOR('',#2523,1.);
#2523 = DIRECTION('',(0.,1.,0.));
#2524 = ORIENTED_EDGE('',*,*,#2503,.T.);
#2525 = ORIENTED_EDGE('',*,*,#662,.F.);
#2526 = PLANE('',#2527);
#2527 = AXIS2_PLACEMENT_3D('',#2528,#2529,#2530);
#2528 = CARTESIAN_POINT('',(-0.32,-5.4,-3.));
#2529 = DIRECTION('',(1.,0.,0.));
#2530 = DIRECTION('',(0.,0.,1.));
#2531 = ADVANCED_FACE('',(#2532),#2557,.T.);
#2532 = FACE_BOUND('',#2533,.T.);
#2533 = EDGE_LOOP('',(#2534,#2542,#2550,#2556));
#2534 = ORIENTED_EDGE('',*,*,#2535,.F.);
#2535 = EDGE_CURVE('',#2536,#687,#2538,.T.);
#2536 = VERTEX_POINT('',#2537);
#2537 = CARTESIAN_POINT('',(2.86,-9.84,-2.84));
#2538 = LINE('',#2539,#2540);
#2539 = CARTESIAN_POINT('',(2.86,-9.84,-3.));
#2540 = VECTOR('',#2541,1.);
#2541 = DIRECTION('',(0.,0.,1.));
#2542 = ORIENTED_EDGE('',*,*,#2543,.F.);
#2543 = EDGE_CURVE('',#2544,#2536,#2546,.T.);
#2544 = VERTEX_POINT('',#2545);
#2545 = CARTESIAN_POINT('',(2.22,-9.84,-2.84));
#2546 = LINE('',#2547,#2548);
#2547 = CARTESIAN_POINT('',(2.22,-9.84,-2.84));
#2548 = VECTOR('',#2549,1.);
#2549 = DIRECTION('',(1.,0.,0.));
#2550 = ORIENTED_EDGE('',*,*,#2551,.T.);
#2551 = EDGE_CURVE('',#2544,#689,#2552,.T.);
#2552 = LINE('',#2553,#2554);
#2553 = CARTESIAN_POINT('',(2.22,-9.84,-3.));
#2554 = VECTOR('',#2555,1.);
#2555 = DIRECTION('',(0.,0.,1.));
#2556 = ORIENTED_EDGE('',*,*,#686,.F.);
#2557 = PLANE('',#2558);
#2558 = AXIS2_PLACEMENT_3D('',#2559,#2560,#2561);
#2559 = CARTESIAN_POINT('',(2.22,-9.84,-3.));
#2560 = DIRECTION('',(0.,1.,0.));
#2561 = DIRECTION('',(0.,-0.,1.));
#2562 = ADVANCED_FACE('',(#2563),#2581,.F.);
#2563 = FACE_BOUND('',#2564,.F.);
#2564 = EDGE_LOOP('',(#2565,#2573,#2579,#2580));
#2565 = ORIENTED_EDGE('',*,*,#2566,.F.);
#2566 = EDGE_CURVE('',#2567,#705,#2569,.T.);
#2567 = VERTEX_POINT('',#2568);
#2568 = CARTESIAN_POINT('',(2.22,-10.48,-2.84));
#2569 = LINE('',#2570,#2571);
#2570 = CARTESIAN_POINT('',(2.22,-10.48,-3.));
#2571 = VECTOR('',#2572,1.);
#2572 = DIRECTION('',(0.,0.,1.));
#2573 = ORIENTED_EDGE('',*,*,#2574,.T.);
#2574 = EDGE_CURVE('',#2567,#2544,#2575,.T.);
#2575 = LINE('',#2576,#2577);
#2576 = CARTESIAN_POINT('',(2.22,-10.48,-2.84));
#2577 = VECTOR('',#2578,1.);
#2578 = DIRECTION('',(0.,1.,0.));
#2579 = ORIENTED_EDGE('',*,*,#2551,.T.);
#2580 = ORIENTED_EDGE('',*,*,#712,.F.);
#2581 = PLANE('',#2582);
#2582 = AXIS2_PLACEMENT_3D('',#2583,#2584,#2585);
#2583 = CARTESIAN_POINT('',(2.22,-10.48,-3.));
#2584 = DIRECTION('',(1.,0.,0.));
#2585 = DIRECTION('',(0.,0.,1.));
#2586 = ADVANCED_FACE('',(#2587),#2605,.F.);
#2587 = FACE_BOUND('',#2588,.F.);
#2588 = EDGE_LOOP('',(#2589,#2597,#2603,#2604));
#2589 = ORIENTED_EDGE('',*,*,#2590,.F.);
#2590 = EDGE_CURVE('',#2591,#697,#2593,.T.);
#2591 = VERTEX_POINT('',#2592);
#2592 = CARTESIAN_POINT('',(2.86,-10.48,-2.84));
#2593 = LINE('',#2594,#2595);
#2594 = CARTESIAN_POINT('',(2.86,-10.48,-3.));
#2595 = VECTOR('',#2596,1.);
#2596 = DIRECTION('',(0.,0.,1.));
#2597 = ORIENTED_EDGE('',*,*,#2598,.F.);
#2598 = EDGE_CURVE('',#2567,#2591,#2599,.T.);
#2599 = LINE('',#2600,#2601);
#2600 = CARTESIAN_POINT('',(2.22,-10.48,-2.84));
#2601 = VECTOR('',#2602,1.);
#2602 = DIRECTION('',(1.,0.,0.));
#2603 = ORIENTED_EDGE('',*,*,#2566,.T.);
#2604 = ORIENTED_EDGE('',*,*,#704,.F.);
#2605 = PLANE('',#2606);
#2606 = AXIS2_PLACEMENT_3D('',#2607,#2608,#2609);
#2607 = CARTESIAN_POINT('',(2.22,-10.48,-3.));
#2608 = DIRECTION('',(0.,1.,0.));
#2609 = DIRECTION('',(0.,-0.,1.));
#2610 = ADVANCED_FACE('',(#2611),#2622,.T.);
#2611 = FACE_BOUND('',#2612,.T.);
#2612 = EDGE_LOOP('',(#2613,#2614,#2620,#2621));
#2613 = ORIENTED_EDGE('',*,*,#2590,.F.);
#2614 = ORIENTED_EDGE('',*,*,#2615,.T.);
#2615 = EDGE_CURVE('',#2591,#2536,#2616,.T.);
#2616 = LINE('',#2617,#2618);
#2617 = CARTESIAN_POINT('',(2.86,-10.48,-2.84));
#2618 = VECTOR('',#2619,1.);
#2619 = DIRECTION('',(0.,1.,0.));
#2620 = ORIENTED_EDGE('',*,*,#2535,.T.);
#2621 = ORIENTED_EDGE('',*,*,#696,.F.);
#2622 = PLANE('',#2623);
#2623 = AXIS2_PLACEMENT_3D('',#2624,#2625,#2626);
#2624 = CARTESIAN_POINT('',(2.86,-10.48,-3.));
#2625 = DIRECTION('',(1.,0.,0.));
#2626 = DIRECTION('',(0.,0.,1.));
#2627 = ADVANCED_FACE('',(#2628),#2653,.T.);
#2628 = FACE_BOUND('',#2629,.T.);
#2629 = EDGE_LOOP('',(#2630,#2638,#2646,#2652));
#2630 = ORIENTED_EDGE('',*,*,#2631,.F.);
#2631 = EDGE_CURVE('',#2632,#721,#2634,.T.);
#2632 = VERTEX_POINT('',#2633);
#2633 = CARTESIAN_POINT('',(2.86,-7.3,-2.84));
#2634 = LINE('',#2635,#2636);
#2635 = CARTESIAN_POINT('',(2.86,-7.3,-3.));
#2636 = VECTOR('',#2637,1.);
#2637 = DIRECTION('',(0.,0.,1.));
#2638 = ORIENTED_EDGE('',*,*,#2639,.F.);
#2639 = EDGE_CURVE('',#2640,#2632,#2642,.T.);
#2640 = VERTEX_POINT('',#2641);
#2641 = CARTESIAN_POINT('',(2.22,-7.3,-2.84));
#2642 = LINE('',#2643,#2644);
#2643 = CARTESIAN_POINT('',(2.22,-7.3,-2.84));
#2644 = VECTOR('',#2645,1.);
#2645 = DIRECTION('',(1.,0.,0.));
#2646 = ORIENTED_EDGE('',*,*,#2647,.T.);
#2647 = EDGE_CURVE('',#2640,#723,#2648,.T.);
#2648 = LINE('',#2649,#2650);
#2649 = CARTESIAN_POINT('',(2.22,-7.3,-3.));
#2650 = VECTOR('',#2651,1.);
#2651 = DIRECTION('',(0.,0.,1.));
#2652 = ORIENTED_EDGE('',*,*,#720,.F.);
#2653 = PLANE('',#2654);
#2654 = AXIS2_PLACEMENT_3D('',#2655,#2656,#2657);
#2655 = CARTESIAN_POINT('',(2.22,-7.3,-3.));
#2656 = DIRECTION('',(0.,1.,0.));
#2657 = DIRECTION('',(0.,-0.,1.));
#2658 = ADVANCED_FACE('',(#2659),#2677,.F.);
#2659 = FACE_BOUND('',#2660,.F.);
#2660 = EDGE_LOOP('',(#2661,#2669,#2675,#2676));
#2661 = ORIENTED_EDGE('',*,*,#2662,.F.);
#2662 = EDGE_CURVE('',#2663,#739,#2665,.T.);
#2663 = VERTEX_POINT('',#2664);
#2664 = CARTESIAN_POINT('',(2.22,-7.94,-2.84));
#2665 = LINE('',#2666,#2667);
#2666 = CARTESIAN_POINT('',(2.22,-7.94,-3.));
#2667 = VECTOR('',#2668,1.);
#2668 = DIRECTION('',(0.,0.,1.));
#2669 = ORIENTED_EDGE('',*,*,#2670,.T.);
#2670 = EDGE_CURVE('',#2663,#2640,#2671,.T.);
#2671 = LINE('',#2672,#2673);
#2672 = CARTESIAN_POINT('',(2.22,-7.94,-2.84));
#2673 = VECTOR('',#2674,1.);
#2674 = DIRECTION('',(0.,1.,0.));
#2675 = ORIENTED_EDGE('',*,*,#2647,.T.);
#2676 = ORIENTED_EDGE('',*,*,#746,.F.);
#2677 = PLANE('',#2678);
#2678 = AXIS2_PLACEMENT_3D('',#2679,#2680,#2681);
#2679 = CARTESIAN_POINT('',(2.22,-7.94,-3.));
#2680 = DIRECTION('',(1.,0.,0.));
#2681 = DIRECTION('',(0.,0.,1.));
#2682 = ADVANCED_FACE('',(#2683),#2701,.F.);
#2683 = FACE_BOUND('',#2684,.F.);
#2684 = EDGE_LOOP('',(#2685,#2693,#2699,#2700));
#2685 = ORIENTED_EDGE('',*,*,#2686,.F.);
#2686 = EDGE_CURVE('',#2687,#731,#2689,.T.);
#2687 = VERTEX_POINT('',#2688);
#2688 = CARTESIAN_POINT('',(2.86,-7.94,-2.84));
#2689 = LINE('',#2690,#2691);
#2690 = CARTESIAN_POINT('',(2.86,-7.94,-3.));
#2691 = VECTOR('',#2692,1.);
#2692 = DIRECTION('',(0.,0.,1.));
#2693 = ORIENTED_EDGE('',*,*,#2694,.F.);
#2694 = EDGE_CURVE('',#2663,#2687,#2695,.T.);
#2695 = LINE('',#2696,#2697);
#2696 = CARTESIAN_POINT('',(2.22,-7.94,-2.84));
#2697 = VECTOR('',#2698,1.);
#2698 = DIRECTION('',(1.,0.,0.));
#2699 = ORIENTED_EDGE('',*,*,#2662,.T.);
#2700 = ORIENTED_EDGE('',*,*,#738,.F.);
#2701 = PLANE('',#2702);
#2702 = AXIS2_PLACEMENT_3D('',#2703,#2704,#2705);
#2703 = CARTESIAN_POINT('',(2.22,-7.94,-3.));
#2704 = DIRECTION('',(0.,1.,0.));
#2705 = DIRECTION('',(0.,-0.,1.));
#2706 = ADVANCED_FACE('',(#2707),#2718,.T.);
#2707 = FACE_BOUND('',#2708,.T.);
#2708 = EDGE_LOOP('',(#2709,#2710,#2716,#2717));
#2709 = ORIENTED_EDGE('',*,*,#2686,.F.);
#2710 = ORIENTED_EDGE('',*,*,#2711,.T.);
#2711 = EDGE_CURVE('',#2687,#2632,#2712,.T.);
#2712 = LINE('',#2713,#2714);
#2713 = CARTESIAN_POINT('',(2.86,-7.94,-2.84));
#2714 = VECTOR('',#2715,1.);
#2715 = DIRECTION('',(0.,1.,0.));
#2716 = ORIENTED_EDGE('',*,*,#2631,.T.);
#2717 = ORIENTED_EDGE('',*,*,#730,.F.);
#2718 = PLANE('',#2719);
#2719 = AXIS2_PLACEMENT_3D('',#2720,#2721,#2722);
#2720 = CARTESIAN_POINT('',(2.86,-7.94,-3.));
#2721 = DIRECTION('',(1.,0.,0.));
#2722 = DIRECTION('',(0.,0.,1.));
#2723 = ADVANCED_FACE('',(#2724),#2749,.T.);
#2724 = FACE_BOUND('',#2725,.T.);
#2725 = EDGE_LOOP('',(#2726,#2734,#2742,#2748));
#2726 = ORIENTED_EDGE('',*,*,#2727,.F.);
#2727 = EDGE_CURVE('',#2728,#755,#2730,.T.);
#2728 = VERTEX_POINT('',#2729);
#2729 = CARTESIAN_POINT('',(2.86,-4.76,-2.84));
#2730 = LINE('',#2731,#2732);
#2731 = CARTESIAN_POINT('',(2.86,-4.76,-3.));
#2732 = VECTOR('',#2733,1.);
#2733 = DIRECTION('',(0.,0.,1.));
#2734 = ORIENTED_EDGE('',*,*,#2735,.F.);
#2735 = EDGE_CURVE('',#2736,#2728,#2738,.T.);
#2736 = VERTEX_POINT('',#2737);
#2737 = CARTESIAN_POINT('',(2.22,-4.76,-2.84));
#2738 = LINE('',#2739,#2740);
#2739 = CARTESIAN_POINT('',(2.22,-4.76,-2.84));
#2740 = VECTOR('',#2741,1.);
#2741 = DIRECTION('',(1.,0.,0.));
#2742 = ORIENTED_EDGE('',*,*,#2743,.T.);
#2743 = EDGE_CURVE('',#2736,#757,#2744,.T.);
#2744 = LINE('',#2745,#2746);
#2745 = CARTESIAN_POINT('',(2.22,-4.76,-3.));
#2746 = VECTOR('',#2747,1.);
#2747 = DIRECTION('',(0.,0.,1.));
#2748 = ORIENTED_EDGE('',*,*,#754,.F.);
#2749 = PLANE('',#2750);
#2750 = AXIS2_PLACEMENT_3D('',#2751,#2752,#2753);
#2751 = CARTESIAN_POINT('',(2.22,-4.76,-3.));
#2752 = DIRECTION('',(0.,1.,0.));
#2753 = DIRECTION('',(0.,-0.,1.));
#2754 = ADVANCED_FACE('',(#2755),#2773,.F.);
#2755 = FACE_BOUND('',#2756,.F.);
#2756 = EDGE_LOOP('',(#2757,#2765,#2771,#2772));
#2757 = ORIENTED_EDGE('',*,*,#2758,.F.);
#2758 = EDGE_CURVE('',#2759,#773,#2761,.T.);
#2759 = VERTEX_POINT('',#2760);
#2760 = CARTESIAN_POINT('',(2.22,-5.4,-2.84));
#2761 = LINE('',#2762,#2763);
#2762 = CARTESIAN_POINT('',(2.22,-5.4,-3.));
#2763 = VECTOR('',#2764,1.);
#2764 = DIRECTION('',(0.,0.,1.));
#2765 = ORIENTED_EDGE('',*,*,#2766,.T.);
#2766 = EDGE_CURVE('',#2759,#2736,#2767,.T.);
#2767 = LINE('',#2768,#2769);
#2768 = CARTESIAN_POINT('',(2.22,-5.4,-2.84));
#2769 = VECTOR('',#2770,1.);
#2770 = DIRECTION('',(0.,1.,0.));
#2771 = ORIENTED_EDGE('',*,*,#2743,.T.);
#2772 = ORIENTED_EDGE('',*,*,#780,.F.);
#2773 = PLANE('',#2774);
#2774 = AXIS2_PLACEMENT_3D('',#2775,#2776,#2777);
#2775 = CARTESIAN_POINT('',(2.22,-5.4,-3.));
#2776 = DIRECTION('',(1.,0.,0.));
#2777 = DIRECTION('',(0.,0.,1.));
#2778 = ADVANCED_FACE('',(#2779),#2797,.F.);
#2779 = FACE_BOUND('',#2780,.F.);
#2780 = EDGE_LOOP('',(#2781,#2789,#2795,#2796));
#2781 = ORIENTED_EDGE('',*,*,#2782,.F.);
#2782 = EDGE_CURVE('',#2783,#765,#2785,.T.);
#2783 = VERTEX_POINT('',#2784);
#2784 = CARTESIAN_POINT('',(2.86,-5.4,-2.84));
#2785 = LINE('',#2786,#2787);
#2786 = CARTESIAN_POINT('',(2.86,-5.4,-3.));
#2787 = VECTOR('',#2788,1.);
#2788 = DIRECTION('',(0.,0.,1.));
#2789 = ORIENTED_EDGE('',*,*,#2790,.F.);
#2790 = EDGE_CURVE('',#2759,#2783,#2791,.T.);
#2791 = LINE('',#2792,#2793);
#2792 = CARTESIAN_POINT('',(2.22,-5.4,-2.84));
#2793 = VECTOR('',#2794,1.);
#2794 = DIRECTION('',(1.,0.,0.));
#2795 = ORIENTED_EDGE('',*,*,#2758,.T.);
#2796 = ORIENTED_EDGE('',*,*,#772,.F.);
#2797 = PLANE('',#2798);
#2798 = AXIS2_PLACEMENT_3D('',#2799,#2800,#2801);
#2799 = CARTESIAN_POINT('',(2.22,-5.4,-3.));
#2800 = DIRECTION('',(0.,1.,0.));
#2801 = DIRECTION('',(0.,-0.,1.));
#2802 = ADVANCED_FACE('',(#2803),#2814,.T.);
#2803 = FACE_BOUND('',#2804,.T.);
#2804 = EDGE_LOOP('',(#2805,#2806,#2812,#2813));
#2805 = ORIENTED_EDGE('',*,*,#2782,.F.);
#2806 = ORIENTED_EDGE('',*,*,#2807,.T.);
#2807 = EDGE_CURVE('',#2783,#2728,#2808,.T.);
#2808 = LINE('',#2809,#2810);
#2809 = CARTESIAN_POINT('',(2.86,-5.4,-2.84));
#2810 = VECTOR('',#2811,1.);
#2811 = DIRECTION('',(0.,1.,0.));
#2812 = ORIENTED_EDGE('',*,*,#2727,.T.);
#2813 = ORIENTED_EDGE('',*,*,#764,.F.);
#2814 = PLANE('',#2815);
#2815 = AXIS2_PLACEMENT_3D('',#2816,#2817,#2818);
#2816 = CARTESIAN_POINT('',(2.86,-5.4,-3.));
#2817 = DIRECTION('',(1.,0.,0.));
#2818 = DIRECTION('',(0.,0.,1.));
#2819 = ADVANCED_FACE('',(#2820),#2845,.F.);
#2820 = FACE_BOUND('',#2821,.F.);
#2821 = EDGE_LOOP('',(#2822,#2830,#2831,#2839));
#2822 = ORIENTED_EDGE('',*,*,#2823,.F.);
#2823 = EDGE_CURVE('',#1030,#2824,#2826,.T.);
#2824 = VERTEX_POINT('',#2825);
#2825 = CARTESIAN_POINT('',(2.86,-0.32,8.38));
#2826 = LINE('',#2827,#2828);
#2827 = CARTESIAN_POINT('',(2.86,-0.32,-3.));
#2828 = VECTOR('',#2829,1.);
#2829 = DIRECTION('',(0.,0.,1.));
#2830 = ORIENTED_EDGE('',*,*,#1029,.T.);
#2831 = ORIENTED_EDGE('',*,*,#2832,.T.);
#2832 = EDGE_CURVE('',#1032,#2833,#2835,.T.);
#2833 = VERTEX_POINT('',#2834);
#2834 = CARTESIAN_POINT('',(2.22,-0.32,8.38));
#2835 = LINE('',#2836,#2837);
#2836 = CARTESIAN_POINT('',(2.22,-0.32,-3.));
#2837 = VECTOR('',#2838,1.);
#2838 = DIRECTION('',(0.,0.,1.));
#2839 = ORIENTED_EDGE('',*,*,#2840,.T.);
#2840 = EDGE_CURVE('',#2833,#2824,#2841,.T.);
#2841 = LINE('',#2842,#2843);
#2842 = CARTESIAN_POINT('',(2.22,-0.32,8.38));
#2843 = VECTOR('',#2844,1.);
#2844 = DIRECTION('',(1.,0.,0.));
#2845 = PLANE('',#2846);
#2846 = AXIS2_PLACEMENT_3D('',#2847,#2848,#2849);
#2847 = CARTESIAN_POINT('',(2.22,-0.32,-3.));
#2848 = DIRECTION('',(0.,1.,0.));
#2849 = DIRECTION('',(0.,-0.,1.));
#2850 = ADVANCED_FACE('',(#2851),#2869,.T.);
#2851 = FACE_BOUND('',#2852,.T.);
#2852 = EDGE_LOOP('',(#2853,#2854,#2855,#2863));
#2853 = ORIENTED_EDGE('',*,*,#2823,.F.);
#2854 = ORIENTED_EDGE('',*,*,#1055,.T.);
#2855 = ORIENTED_EDGE('',*,*,#2856,.T.);
#2856 = EDGE_CURVE('',#1048,#2857,#2859,.T.);
#2857 = VERTEX_POINT('',#2858);
#2858 = CARTESIAN_POINT('',(2.86,0.32,8.38));
#2859 = LINE('',#2860,#2861);
#2860 = CARTESIAN_POINT('',(2.86,0.32,-3.));
#2861 = VECTOR('',#2862,1.);
#2862 = DIRECTION('',(0.,0.,1.));
#2863 = ORIENTED_EDGE('',*,*,#2864,.F.);
#2864 = EDGE_CURVE('',#2824,#2857,#2865,.T.);
#2865 = LINE('',#2866,#2867);
#2866 = CARTESIAN_POINT('',(2.86,-0.32,8.38));
#2867 = VECTOR('',#2868,1.);
#2868 = DIRECTION('',(0.,1.,0.));
#2869 = PLANE('',#2870);
#2870 = AXIS2_PLACEMENT_3D('',#2871,#2872,#2873);
#2871 = CARTESIAN_POINT('',(2.86,-0.32,-3.));
#2872 = DIRECTION('',(1.,0.,0.));
#2873 = DIRECTION('',(0.,0.,1.));
#2874 = ADVANCED_FACE('',(#2875),#2893,.T.);
#2875 = FACE_BOUND('',#2876,.T.);
#2876 = EDGE_LOOP('',(#2877,#2878,#2879,#2887));
#2877 = ORIENTED_EDGE('',*,*,#2856,.F.);
#2878 = ORIENTED_EDGE('',*,*,#1047,.T.);
#2879 = ORIENTED_EDGE('',*,*,#2880,.T.);
#2880 = EDGE_CURVE('',#1040,#2881,#2883,.T.);
#2881 = VERTEX_POINT('',#2882);
#2882 = CARTESIAN_POINT('',(2.22,0.32,8.38));
#2883 = LINE('',#2884,#2885);
#2884 = CARTESIAN_POINT('',(2.22,0.32,-3.));
#2885 = VECTOR('',#2886,1.);
#2886 = DIRECTION('',(0.,0.,1.));
#2887 = ORIENTED_EDGE('',*,*,#2888,.T.);
#2888 = EDGE_CURVE('',#2881,#2857,#2889,.T.);
#2889 = LINE('',#2890,#2891);
#2890 = CARTESIAN_POINT('',(2.22,0.32,8.38));
#2891 = VECTOR('',#2892,1.);
#2892 = DIRECTION('',(1.,0.,0.));
#2893 = PLANE('',#2894);
#2894 = AXIS2_PLACEMENT_3D('',#2895,#2896,#2897);
#2895 = CARTESIAN_POINT('',(2.22,0.32,-3.));
#2896 = DIRECTION('',(0.,1.,0.));
#2897 = DIRECTION('',(0.,-0.,1.));
#2898 = ADVANCED_FACE('',(#2899),#2910,.F.);
#2899 = FACE_BOUND('',#2900,.F.);
#2900 = EDGE_LOOP('',(#2901,#2902,#2903,#2904));
#2901 = ORIENTED_EDGE('',*,*,#2832,.F.);
#2902 = ORIENTED_EDGE('',*,*,#1039,.T.);
#2903 = ORIENTED_EDGE('',*,*,#2880,.T.);
#2904 = ORIENTED_EDGE('',*,*,#2905,.F.);
#2905 = EDGE_CURVE('',#2833,#2881,#2906,.T.);
#2906 = LINE('',#2907,#2908);
#2907 = CARTESIAN_POINT('',(2.22,-0.32,8.38));
#2908 = VECTOR('',#2909,1.);
#2909 = DIRECTION('',(0.,1.,0.));
#2910 = PLANE('',#2911);
#2911 = AXIS2_PLACEMENT_3D('',#2912,#2913,#2914);
#2912 = CARTESIAN_POINT('',(2.22,-0.32,-3.));
#2913 = DIRECTION('',(1.,0.,0.));
#2914 = DIRECTION('',(0.,0.,1.));
#2915 = ADVANCED_FACE('',(#2916),#2941,.F.);
#2916 = FACE_BOUND('',#2917,.F.);
#2917 = EDGE_LOOP('',(#2918,#2926,#2927,#2935));
#2918 = ORIENTED_EDGE('',*,*,#2919,.F.);
#2919 = EDGE_CURVE('',#1064,#2920,#2922,.T.);
#2920 = VERTEX_POINT('',#2921);
#2921 = CARTESIAN_POINT('',(0.32,-0.32,8.38));
#2922 = LINE('',#2923,#2924);
#2923 = CARTESIAN_POINT('',(0.32,-0.32,-3.));
#2924 = VECTOR('',#2925,1.);
#2925 = DIRECTION('',(0.,0.,1.));
#2926 = ORIENTED_EDGE('',*,*,#1063,.T.);
#2927 = ORIENTED_EDGE('',*,*,#2928,.T.);
#2928 = EDGE_CURVE('',#1066,#2929,#2931,.T.);
#2929 = VERTEX_POINT('',#2930);
#2930 = CARTESIAN_POINT('',(-0.32,-0.32,8.38));
#2931 = LINE('',#2932,#2933);
#2932 = CARTESIAN_POINT('',(-0.32,-0.32,-3.));
#2933 = VECTOR('',#2934,1.);
#2934 = DIRECTION('',(0.,0.,1.));
#2935 = ORIENTED_EDGE('',*,*,#2936,.T.);
#2936 = EDGE_CURVE('',#2929,#2920,#2937,.T.);
#2937 = LINE('',#2938,#2939);
#2938 = CARTESIAN_POINT('',(-0.32,-0.32,8.38));
#2939 = VECTOR('',#2940,1.);
#2940 = DIRECTION('',(1.,0.,0.));
#2941 = PLANE('',#2942);
#2942 = AXIS2_PLACEMENT_3D('',#2943,#2944,#2945);
#2943 = CARTESIAN_POINT('',(-0.32,-0.32,-3.));
#2944 = DIRECTION('',(0.,1.,0.));
#2945 = DIRECTION('',(0.,-0.,1.));
#2946 = ADVANCED_FACE('',(#2947),#2965,.T.);
#2947 = FACE_BOUND('',#2948,.T.);
#2948 = EDGE_LOOP('',(#2949,#2950,#2951,#2959));
#2949 = ORIENTED_EDGE('',*,*,#2919,.F.);
#2950 = ORIENTED_EDGE('',*,*,#1089,.T.);
#2951 = ORIENTED_EDGE('',*,*,#2952,.T.);
#2952 = EDGE_CURVE('',#1082,#2953,#2955,.T.);
#2953 = VERTEX_POINT('',#2954);
#2954 = CARTESIAN_POINT('',(0.32,0.32,8.38));
#2955 = LINE('',#2956,#2957);
#2956 = CARTESIAN_POINT('',(0.32,0.32,-3.));
#2957 = VECTOR('',#2958,1.);
#2958 = DIRECTION('',(0.,0.,1.));
#2959 = ORIENTED_EDGE('',*,*,#2960,.F.);
#2960 = EDGE_CURVE('',#2920,#2953,#2961,.T.);
#2961 = LINE('',#2962,#2963);
#2962 = CARTESIAN_POINT('',(0.32,-0.32,8.38));
#2963 = VECTOR('',#2964,1.);
#2964 = DIRECTION('',(0.,1.,0.));
#2965 = PLANE('',#2966);
#2966 = AXIS2_PLACEMENT_3D('',#2967,#2968,#2969);
#2967 = CARTESIAN_POINT('',(0.32,-0.32,-3.));
#2968 = DIRECTION('',(1.,0.,0.));
#2969 = DIRECTION('',(0.,0.,1.));
#2970 = ADVANCED_FACE('',(#2971),#2989,.T.);
#2971 = FACE_BOUND('',#2972,.T.);
#2972 = EDGE_LOOP('',(#2973,#2974,#2975,#2983));
#2973 = ORIENTED_EDGE('',*,*,#2952,.F.);
#2974 = ORIENTED_EDGE('',*,*,#1081,.T.);
#2975 = ORIENTED_EDGE('',*,*,#2976,.T.);
#2976 = EDGE_CURVE('',#1074,#2977,#2979,.T.);
#2977 = VERTEX_POINT('',#2978);
#2978 = CARTESIAN_POINT('',(-0.32,0.32,8.38));
#2979 = LINE('',#2980,#2981);
#2980 = CARTESIAN_POINT('',(-0.32,0.32,-3.));
#2981 = VECTOR('',#2982,1.);
#2982 = DIRECTION('',(0.,0.,1.));
#2983 = ORIENTED_EDGE('',*,*,#2984,.T.);
#2984 = EDGE_CURVE('',#2977,#2953,#2985,.T.);
#2985 = LINE('',#2986,#2987);
#2986 = CARTESIAN_POINT('',(-0.32,0.32,8.38));
#2987 = VECTOR('',#2988,1.);
#2988 = DIRECTION('',(1.,0.,0.));
#2989 = PLANE('',#2990);
#2990 = AXIS2_PLACEMENT_3D('',#2991,#2992,#2993);
#2991 = CARTESIAN_POINT('',(-0.32,0.32,-3.));
#2992 = DIRECTION('',(0.,1.,0.));
#2993 = DIRECTION('',(0.,-0.,1.));
#2994 = ADVANCED_FACE('',(#2995),#3006,.F.);
#2995 = FACE_BOUND('',#2996,.F.);
#2996 = EDGE_LOOP('',(#2997,#2998,#2999,#3000));
#2997 = ORIENTED_EDGE('',*,*,#2928,.F.);
#2998 = ORIENTED_EDGE('',*,*,#1073,.T.);
#2999 = ORIENTED_EDGE('',*,*,#2976,.T.);
#3000 = ORIENTED_EDGE('',*,*,#3001,.F.);
#3001 = EDGE_CURVE('',#2929,#2977,#3002,.T.);
#3002 = LINE('',#3003,#3004);
#3003 = CARTESIAN_POINT('',(-0.32,-0.32,8.38));
#3004 = VECTOR('',#3005,1.);
#3005 = DIRECTION('',(0.,1.,0.));
#3006 = PLANE('',#3007);
#3007 = AXIS2_PLACEMENT_3D('',#3008,#3009,#3010);
#3008 = CARTESIAN_POINT('',(-0.32,-0.32,-3.));
#3009 = DIRECTION('',(1.,0.,0.));
#3010 = DIRECTION('',(0.,0.,1.));
#3011 = ADVANCED_FACE('',(#3012),#3037,.T.);
#3012 = FACE_BOUND('',#3013,.T.);
#3013 = EDGE_LOOP('',(#3014,#3022,#3023,#3031));
#3014 = ORIENTED_EDGE('',*,*,#3015,.F.);
#3015 = EDGE_CURVE('',#1098,#3016,#3018,.T.);
#3016 = VERTEX_POINT('',#3017);
#3017 = CARTESIAN_POINT('',(2.86,-2.86,8.38));
#3018 = LINE('',#3019,#3020);
#3019 = CARTESIAN_POINT('',(2.86,-2.86,-3.));
#3020 = VECTOR('',#3021,1.);
#3021 = DIRECTION('',(0.,0.,1.));
#3022 = ORIENTED_EDGE('',*,*,#1097,.T.);
#3023 = ORIENTED_EDGE('',*,*,#3024,.T.);
#3024 = EDGE_CURVE('',#1100,#3025,#3027,.T.);
#3025 = VERTEX_POINT('',#3026);
#3026 = CARTESIAN_POINT('',(2.86,-2.22,8.38));
#3027 = LINE('',#3028,#3029);
#3028 = CARTESIAN_POINT('',(2.86,-2.22,-3.));
#3029 = VECTOR('',#3030,1.);
#3030 = DIRECTION('',(0.,0.,1.));
#3031 = ORIENTED_EDGE('',*,*,#3032,.F.);
#3032 = EDGE_CURVE('',#3016,#3025,#3033,.T.);
#3033 = LINE('',#3034,#3035);
#3034 = CARTESIAN_POINT('',(2.86,-2.86,8.38));
#3035 = VECTOR('',#3036,1.);
#3036 = DIRECTION('',(0.,1.,0.));
#3037 = PLANE('',#3038);
#3038 = AXIS2_PLACEMENT_3D('',#3039,#3040,#3041);
#3039 = CARTESIAN_POINT('',(2.86,-2.86,-3.));
#3040 = DIRECTION('',(1.,0.,0.));
#3041 = DIRECTION('',(0.,0.,1.));
#3042 = ADVANCED_FACE('',(#3043),#3061,.T.);
#3043 = FACE_BOUND('',#3044,.T.);
#3044 = EDGE_LOOP('',(#3045,#3046,#3047,#3055));
#3045 = ORIENTED_EDGE('',*,*,#3024,.F.);
#3046 = ORIENTED_EDGE('',*,*,#1123,.T.);
#3047 = ORIENTED_EDGE('',*,*,#3048,.T.);
#3048 = EDGE_CURVE('',#1116,#3049,#3051,.T.);
#3049 = VERTEX_POINT('',#3050);
#3050 = CARTESIAN_POINT('',(2.22,-2.22,8.38));
#3051 = LINE('',#3052,#3053);
#3052 = CARTESIAN_POINT('',(2.22,-2.22,-3.));
#3053 = VECTOR('',#3054,1.);
#3054 = DIRECTION('',(0.,0.,1.));
#3055 = ORIENTED_EDGE('',*,*,#3056,.T.);
#3056 = EDGE_CURVE('',#3049,#3025,#3057,.T.);
#3057 = LINE('',#3058,#3059);
#3058 = CARTESIAN_POINT('',(2.22,-2.22,8.38));
#3059 = VECTOR('',#3060,1.);
#3060 = DIRECTION('',(1.,0.,0.));
#3061 = PLANE('',#3062);
#3062 = AXIS2_PLACEMENT_3D('',#3063,#3064,#3065);
#3063 = CARTESIAN_POINT('',(2.22,-2.22,-3.));
#3064 = DIRECTION('',(0.,1.,0.));
#3065 = DIRECTION('',(0.,-0.,1.));
#3066 = ADVANCED_FACE('',(#3067),#3085,.F.);
#3067 = FACE_BOUND('',#3068,.F.);
#3068 = EDGE_LOOP('',(#3069,#3077,#3078,#3079));
#3069 = ORIENTED_EDGE('',*,*,#3070,.F.);
#3070 = EDGE_CURVE('',#1108,#3071,#3073,.T.);
#3071 = VERTEX_POINT('',#3072);
#3072 = CARTESIAN_POINT('',(2.22,-2.86,8.38));
#3073 = LINE('',#3074,#3075);
#3074 = CARTESIAN_POINT('',(2.22,-2.86,-3.));
#3075 = VECTOR('',#3076,1.);
#3076 = DIRECTION('',(0.,0.,1.));
#3077 = ORIENTED_EDGE('',*,*,#1115,.T.);
#3078 = ORIENTED_EDGE('',*,*,#3048,.T.);
#3079 = ORIENTED_EDGE('',*,*,#3080,.F.);
#3080 = EDGE_CURVE('',#3071,#3049,#3081,.T.);
#3081 = LINE('',#3082,#3083);
#3082 = CARTESIAN_POINT('',(2.22,-2.86,8.38));
#3083 = VECTOR('',#3084,1.);
#3084 = DIRECTION('',(0.,1.,0.));
#3085 = PLANE('',#3086);
#3086 = AXIS2_PLACEMENT_3D('',#3087,#3088,#3089);
#3087 = CARTESIAN_POINT('',(2.22,-2.86,-3.));
#3088 = DIRECTION('',(1.,0.,0.));
#3089 = DIRECTION('',(0.,0.,1.));
#3090 = ADVANCED_FACE('',(#3091),#3102,.F.);
#3091 = FACE_BOUND('',#3092,.F.);
#3092 = EDGE_LOOP('',(#3093,#3094,#3095,#3096));
#3093 = ORIENTED_EDGE('',*,*,#3015,.F.);
#3094 = ORIENTED_EDGE('',*,*,#1107,.T.);
#3095 = ORIENTED_EDGE('',*,*,#3070,.T.);
#3096 = ORIENTED_EDGE('',*,*,#3097,.T.);
#3097 = EDGE_CURVE('',#3071,#3016,#3098,.T.);
#3098 = LINE('',#3099,#3100);
#3099 = CARTESIAN_POINT('',(2.22,-2.86,8.38));
#3100 = VECTOR('',#3101,1.);
#3101 = DIRECTION('',(1.,0.,0.));
#3102 = PLANE('',#3103);
#3103 = AXIS2_PLACEMENT_3D('',#3104,#3105,#3106);
#3104 = CARTESIAN_POINT('',(2.22,-2.86,-3.));
#3105 = DIRECTION('',(0.,1.,0.));
#3106 = DIRECTION('',(0.,-0.,1.));
#3107 = ADVANCED_FACE('',(#3108),#3133,.T.);
#3108 = FACE_BOUND('',#3109,.T.);
#3109 = EDGE_LOOP('',(#3110,#3118,#3119,#3127));
#3110 = ORIENTED_EDGE('',*,*,#3111,.F.);
#3111 = EDGE_CURVE('',#1132,#3112,#3114,.T.);
#3112 = VERTEX_POINT('',#3113);
#3113 = CARTESIAN_POINT('',(0.32,-2.22,8.38));
#3114 = LINE('',#3115,#3116);
#3115 = CARTESIAN_POINT('',(0.32,-2.22,-3.));
#3116 = VECTOR('',#3117,1.);
#3117 = DIRECTION('',(0.,0.,1.));
#3118 = ORIENTED_EDGE('',*,*,#1131,.T.);
#3119 = ORIENTED_EDGE('',*,*,#3120,.T.);
#3120 = EDGE_CURVE('',#1134,#3121,#3123,.T.);
#3121 = VERTEX_POINT('',#3122);
#3122 = CARTESIAN_POINT('',(-0.32,-2.22,8.38));
#3123 = LINE('',#3124,#3125);
#3124 = CARTESIAN_POINT('',(-0.32,-2.22,-3.));
#3125 = VECTOR('',#3126,1.);
#3126 = DIRECTION('',(0.,0.,1.));
#3127 = ORIENTED_EDGE('',*,*,#3128,.T.);
#3128 = EDGE_CURVE('',#3121,#3112,#3129,.T.);
#3129 = LINE('',#3130,#3131);
#3130 = CARTESIAN_POINT('',(-0.32,-2.22,8.38));
#3131 = VECTOR('',#3132,1.);
#3132 = DIRECTION('',(1.,0.,0.));
#3133 = PLANE('',#3134);
#3134 = AXIS2_PLACEMENT_3D('',#3135,#3136,#3137);
#3135 = CARTESIAN_POINT('',(-0.32,-2.22,-3.));
#3136 = DIRECTION('',(0.,1.,0.));
#3137 = DIRECTION('',(0.,-0.,1.));
#3138 = ADVANCED_FACE('',(#3139),#3157,.F.);
#3139 = FACE_BOUND('',#3140,.F.);
#3140 = EDGE_LOOP('',(#3141,#3149,#3150,#3151));
#3141 = ORIENTED_EDGE('',*,*,#3142,.F.);
#3142 = EDGE_CURVE('',#1150,#3143,#3145,.T.);
#3143 = VERTEX_POINT('',#3144);
#3144 = CARTESIAN_POINT('',(-0.32,-2.86,8.38));
#3145 = LINE('',#3146,#3147);
#3146 = CARTESIAN_POINT('',(-0.32,-2.86,-3.));
#3147 = VECTOR('',#3148,1.);
#3148 = DIRECTION('',(0.,0.,1.));
#3149 = ORIENTED_EDGE('',*,*,#1157,.T.);
#3150 = ORIENTED_EDGE('',*,*,#3120,.T.);
#3151 = ORIENTED_EDGE('',*,*,#3152,.F.);
#3152 = EDGE_CURVE('',#3143,#3121,#3153,.T.);
#3153 = LINE('',#3154,#3155);
#3154 = CARTESIAN_POINT('',(-0.32,-2.86,8.38));
#3155 = VECTOR('',#3156,1.);
#3156 = DIRECTION('',(0.,1.,0.));
#3157 = PLANE('',#3158);
#3158 = AXIS2_PLACEMENT_3D('',#3159,#3160,#3161);
#3159 = CARTESIAN_POINT('',(-0.32,-2.86,-3.));
#3160 = DIRECTION('',(1.,0.,0.));
#3161 = DIRECTION('',(0.,0.,1.));
#3162 = ADVANCED_FACE('',(#3163),#3181,.F.);
#3163 = FACE_BOUND('',#3164,.F.);
#3164 = EDGE_LOOP('',(#3165,#3173,#3174,#3175));
#3165 = ORIENTED_EDGE('',*,*,#3166,.F.);
#3166 = EDGE_CURVE('',#1142,#3167,#3169,.T.);
#3167 = VERTEX_POINT('',#3168);
#3168 = CARTESIAN_POINT('',(0.32,-2.86,8.38));
#3169 = LINE('',#3170,#3171);
#3170 = CARTESIAN_POINT('',(0.32,-2.86,-3.));
#3171 = VECTOR('',#3172,1.);
#3172 = DIRECTION('',(0.,0.,1.));
#3173 = ORIENTED_EDGE('',*,*,#1149,.T.);
#3174 = ORIENTED_EDGE('',*,*,#3142,.T.);
#3175 = ORIENTED_EDGE('',*,*,#3176,.T.);
#3176 = EDGE_CURVE('',#3143,#3167,#3177,.T.);
#3177 = LINE('',#3178,#3179);
#3178 = CARTESIAN_POINT('',(-0.32,-2.86,8.38));
#3179 = VECTOR('',#3180,1.);
#3180 = DIRECTION('',(1.,0.,0.));
#3181 = PLANE('',#3182);
#3182 = AXIS2_PLACEMENT_3D('',#3183,#3184,#3185);
#3183 = CARTESIAN_POINT('',(-0.32,-2.86,-3.));
#3184 = DIRECTION('',(0.,1.,0.));
#3185 = DIRECTION('',(0.,-0.,1.));
#3186 = ADVANCED_FACE('',(#3187),#3198,.T.);
#3187 = FACE_BOUND('',#3188,.T.);
#3188 = EDGE_LOOP('',(#3189,#3190,#3191,#3192));
#3189 = ORIENTED_EDGE('',*,*,#3166,.F.);
#3190 = ORIENTED_EDGE('',*,*,#1141,.T.);
#3191 = ORIENTED_EDGE('',*,*,#3111,.T.);
#3192 = ORIENTED_EDGE('',*,*,#3193,.F.);
#3193 = EDGE_CURVE('',#3167,#3112,#3194,.T.);
#3194 = LINE('',#3195,#3196);
#3195 = CARTESIAN_POINT('',(0.32,-2.86,8.38));
#3196 = VECTOR('',#3197,1.);
#3197 = DIRECTION('',(0.,1.,0.));
#3198 = PLANE('',#3199);
#3199 = AXIS2_PLACEMENT_3D('',#3200,#3201,#3202);
#3200 = CARTESIAN_POINT('',(0.32,-2.86,-3.));
#3201 = DIRECTION('',(1.,0.,0.));
#3202 = DIRECTION('',(0.,0.,1.));
#3203 = ADVANCED_FACE('',(#3204),#3229,.F.);
#3204 = FACE_BOUND('',#3205,.F.);
#3205 = EDGE_LOOP('',(#3206,#3214,#3215,#3223));
#3206 = ORIENTED_EDGE('',*,*,#3207,.F.);
#3207 = EDGE_CURVE('',#1166,#3208,#3210,.T.);
#3208 = VERTEX_POINT('',#3209);
#3209 = CARTESIAN_POINT('',(0.32,-10.48,8.38));
#3210 = LINE('',#3211,#3212);
#3211 = CARTESIAN_POINT('',(0.32,-10.48,-3.));
#3212 = VECTOR('',#3213,1.);
#3213 = DIRECTION('',(0.,0.,1.));
#3214 = ORIENTED_EDGE('',*,*,#1165,.T.);
#3215 = ORIENTED_EDGE('',*,*,#3216,.T.);
#3216 = EDGE_CURVE('',#1168,#3217,#3219,.T.);
#3217 = VERTEX_POINT('',#3218);
#3218 = CARTESIAN_POINT('',(-0.32,-10.48,8.38));
#3219 = LINE('',#3220,#3221);
#3220 = CARTESIAN_POINT('',(-0.32,-10.48,-3.));
#3221 = VECTOR('',#3222,1.);
#3222 = DIRECTION('',(0.,0.,1.));
#3223 = ORIENTED_EDGE('',*,*,#3224,.T.);
#3224 = EDGE_CURVE('',#3217,#3208,#3225,.T.);
#3225 = LINE('',#3226,#3227);
#3226 = CARTESIAN_POINT('',(-0.32,-10.48,8.38));
#3227 = VECTOR('',#3228,1.);
#3228 = DIRECTION('',(1.,0.,0.));
#3229 = PLANE('',#3230);
#3230 = AXIS2_PLACEMENT_3D('',#3231,#3232,#3233);
#3231 = CARTESIAN_POINT('',(-0.32,-10.48,-3.));
#3232 = DIRECTION('',(0.,1.,0.));
#3233 = DIRECTION('',(0.,-0.,1.));
#3234 = ADVANCED_FACE('',(#3235),#3253,.T.);
#3235 = FACE_BOUND('',#3236,.T.);
#3236 = EDGE_LOOP('',(#3237,#3238,#3239,#3247));
#3237 = ORIENTED_EDGE('',*,*,#3207,.F.);
#3238 = ORIENTED_EDGE('',*,*,#1191,.T.);
#3239 = ORIENTED_EDGE('',*,*,#3240,.T.);
#3240 = EDGE_CURVE('',#1184,#3241,#3243,.T.);
#3241 = VERTEX_POINT('',#3242);
#3242 = CARTESIAN_POINT('',(0.32,-9.84,8.38));
#3243 = LINE('',#3244,#3245);
#3244 = CARTESIAN_POINT('',(0.32,-9.84,-3.));
#3245 = VECTOR('',#3246,1.);
#3246 = DIRECTION('',(0.,0.,1.));
#3247 = ORIENTED_EDGE('',*,*,#3248,.F.);
#3248 = EDGE_CURVE('',#3208,#3241,#3249,.T.);
#3249 = LINE('',#3250,#3251);
#3250 = CARTESIAN_POINT('',(0.32,-10.48,8.38));
#3251 = VECTOR('',#3252,1.);
#3252 = DIRECTION('',(0.,1.,0.));
#3253 = PLANE('',#3254);
#3254 = AXIS2_PLACEMENT_3D('',#3255,#3256,#3257);
#3255 = CARTESIAN_POINT('',(0.32,-10.48,-3.));
#3256 = DIRECTION('',(1.,0.,0.));
#3257 = DIRECTION('',(0.,0.,1.));
#3258 = ADVANCED_FACE('',(#3259),#3277,.T.);
#3259 = FACE_BOUND('',#3260,.T.);
#3260 = EDGE_LOOP('',(#3261,#3262,#3263,#3271));
#3261 = ORIENTED_EDGE('',*,*,#3240,.F.);
#3262 = ORIENTED_EDGE('',*,*,#1183,.T.);
#3263 = ORIENTED_EDGE('',*,*,#3264,.T.);
#3264 = EDGE_CURVE('',#1176,#3265,#3267,.T.);
#3265 = VERTEX_POINT('',#3266);
#3266 = CARTESIAN_POINT('',(-0.32,-9.84,8.38));
#3267 = LINE('',#3268,#3269);
#3268 = CARTESIAN_POINT('',(-0.32,-9.84,-3.));
#3269 = VECTOR('',#3270,1.);
#3270 = DIRECTION('',(0.,0.,1.));
#3271 = ORIENTED_EDGE('',*,*,#3272,.T.);
#3272 = EDGE_CURVE('',#3265,#3241,#3273,.T.);
#3273 = LINE('',#3274,#3275);
#3274 = CARTESIAN_POINT('',(-0.32,-9.84,8.38));
#3275 = VECTOR('',#3276,1.);
#3276 = DIRECTION('',(1.,0.,0.));
#3277 = PLANE('',#3278);
#3278 = AXIS2_PLACEMENT_3D('',#3279,#3280,#3281);
#3279 = CARTESIAN_POINT('',(-0.32,-9.84,-3.));
#3280 = DIRECTION('',(0.,1.,0.));
#3281 = DIRECTION('',(0.,-0.,1.));
#3282 = ADVANCED_FACE('',(#3283),#3294,.F.);
#3283 = FACE_BOUND('',#3284,.F.);
#3284 = EDGE_LOOP('',(#3285,#3286,#3287,#3288));
#3285 = ORIENTED_EDGE('',*,*,#3216,.F.);
#3286 = ORIENTED_EDGE('',*,*,#1175,.T.);
#3287 = ORIENTED_EDGE('',*,*,#3264,.T.);
#3288 = ORIENTED_EDGE('',*,*,#3289,.F.);
#3289 = EDGE_CURVE('',#3217,#3265,#3290,.T.);
#3290 = LINE('',#3291,#3292);
#3291 = CARTESIAN_POINT('',(-0.32,-10.48,8.38));
#3292 = VECTOR('',#3293,1.);
#3293 = DIRECTION('',(0.,1.,0.));
#3294 = PLANE('',#3295);
#3295 = AXIS2_PLACEMENT_3D('',#3296,#3297,#3298);
#3296 = CARTESIAN_POINT('',(-0.32,-10.48,-3.));
#3297 = DIRECTION('',(1.,0.,0.));
#3298 = DIRECTION('',(0.,0.,1.));
#3299 = ADVANCED_FACE('',(#3300),#3325,.F.);
#3300 = FACE_BOUND('',#3301,.F.);
#3301 = EDGE_LOOP('',(#3302,#3310,#3311,#3319));
#3302 = ORIENTED_EDGE('',*,*,#3303,.F.);
#3303 = EDGE_CURVE('',#1200,#3304,#3306,.T.);
#3304 = VERTEX_POINT('',#3305);
#3305 = CARTESIAN_POINT('',(0.32,-7.94,8.38));
#3306 = LINE('',#3307,#3308);
#3307 = CARTESIAN_POINT('',(0.32,-7.94,-3.));
#3308 = VECTOR('',#3309,1.);
#3309 = DIRECTION('',(0.,0.,1.));
#3310 = ORIENTED_EDGE('',*,*,#1199,.T.);
#3311 = ORIENTED_EDGE('',*,*,#3312,.T.);
#3312 = EDGE_CURVE('',#1202,#3313,#3315,.T.);
#3313 = VERTEX_POINT('',#3314);
#3314 = CARTESIAN_POINT('',(-0.32,-7.94,8.38));
#3315 = LINE('',#3316,#3317);
#3316 = CARTESIAN_POINT('',(-0.32,-7.94,-3.));
#3317 = VECTOR('',#3318,1.);
#3318 = DIRECTION('',(0.,0.,1.));
#3319 = ORIENTED_EDGE('',*,*,#3320,.T.);
#3320 = EDGE_CURVE('',#3313,#3304,#3321,.T.);
#3321 = LINE('',#3322,#3323);
#3322 = CARTESIAN_POINT('',(-0.32,-7.94,8.38));
#3323 = VECTOR('',#3324,1.);
#3324 = DIRECTION('',(1.,0.,0.));
#3325 = PLANE('',#3326);
#3326 = AXIS2_PLACEMENT_3D('',#3327,#3328,#3329);
#3327 = CARTESIAN_POINT('',(-0.32,-7.94,-3.));
#3328 = DIRECTION('',(0.,1.,0.));
#3329 = DIRECTION('',(0.,-0.,1.));
#3330 = ADVANCED_FACE('',(#3331),#3349,.T.);
#3331 = FACE_BOUND('',#3332,.T.);
#3332 = EDGE_LOOP('',(#3333,#3334,#3335,#3343));
#3333 = ORIENTED_EDGE('',*,*,#3303,.F.);
#3334 = ORIENTED_EDGE('',*,*,#1225,.T.);
#3335 = ORIENTED_EDGE('',*,*,#3336,.T.);
#3336 = EDGE_CURVE('',#1218,#3337,#3339,.T.);
#3337 = VERTEX_POINT('',#3338);
#3338 = CARTESIAN_POINT('',(0.32,-7.3,8.38));
#3339 = LINE('',#3340,#3341);
#3340 = CARTESIAN_POINT('',(0.32,-7.3,-3.));
#3341 = VECTOR('',#3342,1.);
#3342 = DIRECTION('',(0.,0.,1.));
#3343 = ORIENTED_EDGE('',*,*,#3344,.F.);
#3344 = EDGE_CURVE('',#3304,#3337,#3345,.T.);
#3345 = LINE('',#3346,#3347);
#3346 = CARTESIAN_POINT('',(0.32,-7.94,8.38));
#3347 = VECTOR('',#3348,1.);
#3348 = DIRECTION('',(0.,1.,0.));
#3349 = PLANE('',#3350);
#3350 = AXIS2_PLACEMENT_3D('',#3351,#3352,#3353);
#3351 = CARTESIAN_POINT('',(0.32,-7.94,-3.));
#3352 = DIRECTION('',(1.,0.,0.));
#3353 = DIRECTION('',(0.,0.,1.));
#3354 = ADVANCED_FACE('',(#3355),#3373,.T.);
#3355 = FACE_BOUND('',#3356,.T.);
#3356 = EDGE_LOOP('',(#3357,#3358,#3359,#3367));
#3357 = ORIENTED_EDGE('',*,*,#3336,.F.);
#3358 = ORIENTED_EDGE('',*,*,#1217,.T.);
#3359 = ORIENTED_EDGE('',*,*,#3360,.T.);
#3360 = EDGE_CURVE('',#1210,#3361,#3363,.T.);
#3361 = VERTEX_POINT('',#3362);
#3362 = CARTESIAN_POINT('',(-0.32,-7.3,8.38));
#3363 = LINE('',#3364,#3365);
#3364 = CARTESIAN_POINT('',(-0.32,-7.3,-3.));
#3365 = VECTOR('',#3366,1.);
#3366 = DIRECTION('',(0.,0.,1.));
#3367 = ORIENTED_EDGE('',*,*,#3368,.T.);
#3368 = EDGE_CURVE('',#3361,#3337,#3369,.T.);
#3369 = LINE('',#3370,#3371);
#3370 = CARTESIAN_POINT('',(-0.32,-7.3,8.38));
#3371 = VECTOR('',#3372,1.);
#3372 = DIRECTION('',(1.,0.,0.));
#3373 = PLANE('',#3374);
#3374 = AXIS2_PLACEMENT_3D('',#3375,#3376,#3377);
#3375 = CARTESIAN_POINT('',(-0.32,-7.3,-3.));
#3376 = DIRECTION('',(0.,1.,0.));
#3377 = DIRECTION('',(0.,-0.,1.));
#3378 = ADVANCED_FACE('',(#3379),#3390,.F.);
#3379 = FACE_BOUND('',#3380,.F.);
#3380 = EDGE_LOOP('',(#3381,#3382,#3383,#3384));
#3381 = ORIENTED_EDGE('',*,*,#3312,.F.);
#3382 = ORIENTED_EDGE('',*,*,#1209,.T.);
#3383 = ORIENTED_EDGE('',*,*,#3360,.T.);
#3384 = ORIENTED_EDGE('',*,*,#3385,.F.);
#3385 = EDGE_CURVE('',#3313,#3361,#3386,.T.);
#3386 = LINE('',#3387,#3388);
#3387 = CARTESIAN_POINT('',(-0.32,-7.94,8.38));
#3388 = VECTOR('',#3389,1.);
#3389 = DIRECTION('',(0.,1.,0.));
#3390 = PLANE('',#3391);
#3391 = AXIS2_PLACEMENT_3D('',#3392,#3393,#3394);
#3392 = CARTESIAN_POINT('',(-0.32,-7.94,-3.));
#3393 = DIRECTION('',(1.,0.,0.));
#3394 = DIRECTION('',(0.,0.,1.));
#3395 = ADVANCED_FACE('',(#3396),#3421,.F.);
#3396 = FACE_BOUND('',#3397,.F.);
#3397 = EDGE_LOOP('',(#3398,#3406,#3407,#3415));
#3398 = ORIENTED_EDGE('',*,*,#3399,.F.);
#3399 = EDGE_CURVE('',#1234,#3400,#3402,.T.);
#3400 = VERTEX_POINT('',#3401);
#3401 = CARTESIAN_POINT('',(0.32,-5.4,8.38));
#3402 = LINE('',#3403,#3404);
#3403 = CARTESIAN_POINT('',(0.32,-5.4,-3.));
#3404 = VECTOR('',#3405,1.);
#3405 = DIRECTION('',(0.,0.,1.));
#3406 = ORIENTED_EDGE('',*,*,#1233,.T.);
#3407 = ORIENTED_EDGE('',*,*,#3408,.T.);
#3408 = EDGE_CURVE('',#1236,#3409,#3411,.T.);
#3409 = VERTEX_POINT('',#3410);
#3410 = CARTESIAN_POINT('',(-0.32,-5.4,8.38));
#3411 = LINE('',#3412,#3413);
#3412 = CARTESIAN_POINT('',(-0.32,-5.4,-3.));
#3413 = VECTOR('',#3414,1.);
#3414 = DIRECTION('',(0.,0.,1.));
#3415 = ORIENTED_EDGE('',*,*,#3416,.T.);
#3416 = EDGE_CURVE('',#3409,#3400,#3417,.T.);
#3417 = LINE('',#3418,#3419);
#3418 = CARTESIAN_POINT('',(-0.32,-5.4,8.38));
#3419 = VECTOR('',#3420,1.);
#3420 = DIRECTION('',(1.,0.,0.));
#3421 = PLANE('',#3422);
#3422 = AXIS2_PLACEMENT_3D('',#3423,#3424,#3425);
#3423 = CARTESIAN_POINT('',(-0.32,-5.4,-3.));
#3424 = DIRECTION('',(0.,1.,0.));
#3425 = DIRECTION('',(0.,-0.,1.));
#3426 = ADVANCED_FACE('',(#3427),#3445,.T.);
#3427 = FACE_BOUND('',#3428,.T.);
#3428 = EDGE_LOOP('',(#3429,#3430,#3431,#3439));
#3429 = ORIENTED_EDGE('',*,*,#3399,.F.);
#3430 = ORIENTED_EDGE('',*,*,#1259,.T.);
#3431 = ORIENTED_EDGE('',*,*,#3432,.T.);
#3432 = EDGE_CURVE('',#1252,#3433,#3435,.T.);
#3433 = VERTEX_POINT('',#3434);
#3434 = CARTESIAN_POINT('',(0.32,-4.76,8.38));
#3435 = LINE('',#3436,#3437);
#3436 = CARTESIAN_POINT('',(0.32,-4.76,-3.));
#3437 = VECTOR('',#3438,1.);
#3438 = DIRECTION('',(0.,0.,1.));
#3439 = ORIENTED_EDGE('',*,*,#3440,.F.);
#3440 = EDGE_CURVE('',#3400,#3433,#3441,.T.);
#3441 = LINE('',#3442,#3443);
#3442 = CARTESIAN_POINT('',(0.32,-5.4,8.38));
#3443 = VECTOR('',#3444,1.);
#3444 = DIRECTION('',(0.,1.,0.));
#3445 = PLANE('',#3446);
#3446 = AXIS2_PLACEMENT_3D('',#3447,#3448,#3449);
#3447 = CARTESIAN_POINT('',(0.32,-5.4,-3.));
#3448 = DIRECTION('',(1.,0.,0.));
#3449 = DIRECTION('',(0.,0.,1.));
#3450 = ADVANCED_FACE('',(#3451),#3469,.T.);
#3451 = FACE_BOUND('',#3452,.T.);
#3452 = EDGE_LOOP('',(#3453,#3454,#3455,#3463));
#3453 = ORIENTED_EDGE('',*,*,#3432,.F.);
#3454 = ORIENTED_EDGE('',*,*,#1251,.T.);
#3455 = ORIENTED_EDGE('',*,*,#3456,.T.);
#3456 = EDGE_CURVE('',#1244,#3457,#3459,.T.);
#3457 = VERTEX_POINT('',#3458);
#3458 = CARTESIAN_POINT('',(-0.32,-4.76,8.38));
#3459 = LINE('',#3460,#3461);
#3460 = CARTESIAN_POINT('',(-0.32,-4.76,-3.));
#3461 = VECTOR('',#3462,1.);
#3462 = DIRECTION('',(0.,0.,1.));
#3463 = ORIENTED_EDGE('',*,*,#3464,.T.);
#3464 = EDGE_CURVE('',#3457,#3433,#3465,.T.);
#3465 = LINE('',#3466,#3467);
#3466 = CARTESIAN_POINT('',(-0.32,-4.76,8.38));
#3467 = VECTOR('',#3468,1.);
#3468 = DIRECTION('',(1.,0.,0.));
#3469 = PLANE('',#3470);
#3470 = AXIS2_PLACEMENT_3D('',#3471,#3472,#3473);
#3471 = CARTESIAN_POINT('',(-0.32,-4.76,-3.));
#3472 = DIRECTION('',(0.,1.,0.));
#3473 = DIRECTION('',(0.,-0.,1.));
#3474 = ADVANCED_FACE('',(#3475),#3486,.F.);
#3475 = FACE_BOUND('',#3476,.F.);
#3476 = EDGE_LOOP('',(#3477,#3478,#3479,#3480));
#3477 = ORIENTED_EDGE('',*,*,#3408,.F.);
#3478 = ORIENTED_EDGE('',*,*,#1243,.T.);
#3479 = ORIENTED_EDGE('',*,*,#3456,.T.);
#3480 = ORIENTED_EDGE('',*,*,#3481,.F.);
#3481 = EDGE_CURVE('',#3409,#3457,#3482,.T.);
#3482 = LINE('',#3483,#3484);
#3483 = CARTESIAN_POINT('',(-0.32,-5.4,8.38));
#3484 = VECTOR('',#3485,1.);
#3485 = DIRECTION('',(0.,1.,0.));
#3486 = PLANE('',#3487);
#3487 = AXIS2_PLACEMENT_3D('',#3488,#3489,#3490);
#3488 = CARTESIAN_POINT('',(-0.32,-5.4,-3.));
#3489 = DIRECTION('',(1.,0.,0.));
#3490 = DIRECTION('',(0.,0.,1.));
#3491 = ADVANCED_FACE('',(#3492),#3517,.T.);
#3492 = FACE_BOUND('',#3493,.T.);
#3493 = EDGE_LOOP('',(#3494,#3502,#3503,#3511));
#3494 = ORIENTED_EDGE('',*,*,#3495,.F.);
#3495 = EDGE_CURVE('',#1268,#3496,#3498,.T.);
#3496 = VERTEX_POINT('',#3497);
#3497 = CARTESIAN_POINT('',(2.86,-9.84,8.38));
#3498 = LINE('',#3499,#3500);
#3499 = CARTESIAN_POINT('',(2.86,-9.84,-3.));
#3500 = VECTOR('',#3501,1.);
#3501 = DIRECTION('',(0.,0.,1.));
#3502 = ORIENTED_EDGE('',*,*,#1267,.T.);
#3503 = ORIENTED_EDGE('',*,*,#3504,.T.);
#3504 = EDGE_CURVE('',#1270,#3505,#3507,.T.);
#3505 = VERTEX_POINT('',#3506);
#3506 = CARTESIAN_POINT('',(2.22,-9.84,8.38));
#3507 = LINE('',#3508,#3509);
#3508 = CARTESIAN_POINT('',(2.22,-9.84,-3.));
#3509 = VECTOR('',#3510,1.);
#3510 = DIRECTION('',(0.,0.,1.));
#3511 = ORIENTED_EDGE('',*,*,#3512,.T.);
#3512 = EDGE_CURVE('',#3505,#3496,#3513,.T.);
#3513 = LINE('',#3514,#3515);
#3514 = CARTESIAN_POINT('',(2.22,-9.84,8.38));
#3515 = VECTOR('',#3516,1.);
#3516 = DIRECTION('',(1.,0.,0.));
#3517 = PLANE('',#3518);
#3518 = AXIS2_PLACEMENT_3D('',#3519,#3520,#3521);
#3519 = CARTESIAN_POINT('',(2.22,-9.84,-3.));
#3520 = DIRECTION('',(0.,1.,0.));
#3521 = DIRECTION('',(0.,-0.,1.));
#3522 = ADVANCED_FACE('',(#3523),#3541,.F.);
#3523 = FACE_BOUND('',#3524,.F.);
#3524 = EDGE_LOOP('',(#3525,#3533,#3534,#3535));
#3525 = ORIENTED_EDGE('',*,*,#3526,.F.);
#3526 = EDGE_CURVE('',#1286,#3527,#3529,.T.);
#3527 = VERTEX_POINT('',#3528);
#3528 = CARTESIAN_POINT('',(2.22,-10.48,8.38));
#3529 = LINE('',#3530,#3531);
#3530 = CARTESIAN_POINT('',(2.22,-10.48,-3.));
#3531 = VECTOR('',#3532,1.);
#3532 = DIRECTION('',(0.,0.,1.));
#3533 = ORIENTED_EDGE('',*,*,#1293,.T.);
#3534 = ORIENTED_EDGE('',*,*,#3504,.T.);
#3535 = ORIENTED_EDGE('',*,*,#3536,.F.);
#3536 = EDGE_CURVE('',#3527,#3505,#3537,.T.);
#3537 = LINE('',#3538,#3539);
#3538 = CARTESIAN_POINT('',(2.22,-10.48,8.38));
#3539 = VECTOR('',#3540,1.);
#3540 = DIRECTION('',(0.,1.,0.));
#3541 = PLANE('',#3542);
#3542 = AXIS2_PLACEMENT_3D('',#3543,#3544,#3545);
#3543 = CARTESIAN_POINT('',(2.22,-10.48,-3.));
#3544 = DIRECTION('',(1.,0.,0.));
#3545 = DIRECTION('',(0.,0.,1.));
#3546 = ADVANCED_FACE('',(#3547),#3565,.F.);
#3547 = FACE_BOUND('',#3548,.F.);
#3548 = EDGE_LOOP('',(#3549,#3557,#3558,#3559));
#3549 = ORIENTED_EDGE('',*,*,#3550,.F.);
#3550 = EDGE_CURVE('',#1278,#3551,#3553,.T.);
#3551 = VERTEX_POINT('',#3552);
#3552 = CARTESIAN_POINT('',(2.86,-10.48,8.38));
#3553 = LINE('',#3554,#3555);
#3554 = CARTESIAN_POINT('',(2.86,-10.48,-3.));
#3555 = VECTOR('',#3556,1.);
#3556 = DIRECTION('',(0.,0.,1.));
#3557 = ORIENTED_EDGE('',*,*,#1285,.T.);
#3558 = ORIENTED_EDGE('',*,*,#3526,.T.);
#3559 = ORIENTED_EDGE('',*,*,#3560,.T.);
#3560 = EDGE_CURVE('',#3527,#3551,#3561,.T.);
#3561 = LINE('',#3562,#3563);
#3562 = CARTESIAN_POINT('',(2.22,-10.48,8.38));
#3563 = VECTOR('',#3564,1.);
#3564 = DIRECTION('',(1.,0.,0.));
#3565 = PLANE('',#3566);
#3566 = AXIS2_PLACEMENT_3D('',#3567,#3568,#3569);
#3567 = CARTESIAN_POINT('',(2.22,-10.48,-3.));
#3568 = DIRECTION('',(0.,1.,0.));
#3569 = DIRECTION('',(0.,-0.,1.));
#3570 = ADVANCED_FACE('',(#3571),#3582,.T.);
#3571 = FACE_BOUND('',#3572,.T.);
#3572 = EDGE_LOOP('',(#3573,#3574,#3575,#3576));
#3573 = ORIENTED_EDGE('',*,*,#3550,.F.);
#3574 = ORIENTED_EDGE('',*,*,#1277,.T.);
#3575 = ORIENTED_EDGE('',*,*,#3495,.T.);
#3576 = ORIENTED_EDGE('',*,*,#3577,.F.);
#3577 = EDGE_CURVE('',#3551,#3496,#3578,.T.);
#3578 = LINE('',#3579,#3580);
#3579 = CARTESIAN_POINT('',(2.86,-10.48,8.38));
#3580 = VECTOR('',#3581,1.);
#3581 = DIRECTION('',(0.,1.,0.));
#3582 = PLANE('',#3583);
#3583 = AXIS2_PLACEMENT_3D('',#3584,#3585,#3586);
#3584 = CARTESIAN_POINT('',(2.86,-10.48,-3.));
#3585 = DIRECTION('',(1.,0.,0.));
#3586 = DIRECTION('',(0.,0.,1.));
#3587 = ADVANCED_FACE('',(#3588),#3613,.T.);
#3588 = FACE_BOUND('',#3589,.T.);
#3589 = EDGE_LOOP('',(#3590,#3598,#3599,#3607));
#3590 = ORIENTED_EDGE('',*,*,#3591,.F.);
#3591 = EDGE_CURVE('',#1302,#3592,#3594,.T.);
#3592 = VERTEX_POINT('',#3593);
#3593 = CARTESIAN_POINT('',(2.86,-7.3,8.38));
#3594 = LINE('',#3595,#3596);
#3595 = CARTESIAN_POINT('',(2.86,-7.3,-3.));
#3596 = VECTOR('',#3597,1.);
#3597 = DIRECTION('',(0.,0.,1.));
#3598 = ORIENTED_EDGE('',*,*,#1301,.T.);
#3599 = ORIENTED_EDGE('',*,*,#3600,.T.);
#3600 = EDGE_CURVE('',#1304,#3601,#3603,.T.);
#3601 = VERTEX_POINT('',#3602);
#3602 = CARTESIAN_POINT('',(2.22,-7.3,8.38));
#3603 = LINE('',#3604,#3605);
#3604 = CARTESIAN_POINT('',(2.22,-7.3,-3.));
#3605 = VECTOR('',#3606,1.);
#3606 = DIRECTION('',(0.,0.,1.));
#3607 = ORIENTED_EDGE('',*,*,#3608,.T.);
#3608 = EDGE_CURVE('',#3601,#3592,#3609,.T.);
#3609 = LINE('',#3610,#3611);
#3610 = CARTESIAN_POINT('',(2.22,-7.3,8.38));
#3611 = VECTOR('',#3612,1.);
#3612 = DIRECTION('',(1.,0.,0.));
#3613 = PLANE('',#3614);
#3614 = AXIS2_PLACEMENT_3D('',#3615,#3616,#3617);
#3615 = CARTESIAN_POINT('',(2.22,-7.3,-3.));
#3616 = DIRECTION('',(0.,1.,0.));
#3617 = DIRECTION('',(0.,-0.,1.));
#3618 = ADVANCED_FACE('',(#3619),#3637,.F.);
#3619 = FACE_BOUND('',#3620,.F.);
#3620 = EDGE_LOOP('',(#3621,#3629,#3630,#3631));
#3621 = ORIENTED_EDGE('',*,*,#3622,.F.);
#3622 = EDGE_CURVE('',#1320,#3623,#3625,.T.);
#3623 = VERTEX_POINT('',#3624);
#3624 = CARTESIAN_POINT('',(2.22,-7.94,8.38));
#3625 = LINE('',#3626,#3627);
#3626 = CARTESIAN_POINT('',(2.22,-7.94,-3.));
#3627 = VECTOR('',#3628,1.);
#3628 = DIRECTION('',(0.,0.,1.));
#3629 = ORIENTED_EDGE('',*,*,#1327,.T.);
#3630 = ORIENTED_EDGE('',*,*,#3600,.T.);
#3631 = ORIENTED_EDGE('',*,*,#3632,.F.);
#3632 = EDGE_CURVE('',#3623,#3601,#3633,.T.);
#3633 = LINE('',#3634,#3635);
#3634 = CARTESIAN_POINT('',(2.22,-7.94,8.38));
#3635 = VECTOR('',#3636,1.);
#3636 = DIRECTION('',(0.,1.,0.));
#3637 = PLANE('',#3638);
#3638 = AXIS2_PLACEMENT_3D('',#3639,#3640,#3641);
#3639 = CARTESIAN_POINT('',(2.22,-7.94,-3.));
#3640 = DIRECTION('',(1.,0.,0.));
#3641 = DIRECTION('',(0.,0.,1.));
#3642 = ADVANCED_FACE('',(#3643),#3661,.F.);
#3643 = FACE_BOUND('',#3644,.F.);
#3644 = EDGE_LOOP('',(#3645,#3653,#3654,#3655));
#3645 = ORIENTED_EDGE('',*,*,#3646,.F.);
#3646 = EDGE_CURVE('',#1312,#3647,#3649,.T.);
#3647 = VERTEX_POINT('',#3648);
#3648 = CARTESIAN_POINT('',(2.86,-7.94,8.38));
#3649 = LINE('',#3650,#3651);
#3650 = CARTESIAN_POINT('',(2.86,-7.94,-3.));
#3651 = VECTOR('',#3652,1.);
#3652 = DIRECTION('',(0.,0.,1.));
#3653 = ORIENTED_EDGE('',*,*,#1319,.T.);
#3654 = ORIENTED_EDGE('',*,*,#3622,.T.);
#3655 = ORIENTED_EDGE('',*,*,#3656,.T.);
#3656 = EDGE_CURVE('',#3623,#3647,#3657,.T.);
#3657 = LINE('',#3658,#3659);
#3658 = CARTESIAN_POINT('',(2.22,-7.94,8.38));
#3659 = VECTOR('',#3660,1.);
#3660 = DIRECTION('',(1.,0.,0.));
#3661 = PLANE('',#3662);
#3662 = AXIS2_PLACEMENT_3D('',#3663,#3664,#3665);
#3663 = CARTESIAN_POINT('',(2.22,-7.94,-3.));
#3664 = DIRECTION('',(0.,1.,0.));
#3665 = DIRECTION('',(0.,-0.,1.));
#3666 = ADVANCED_FACE('',(#3667),#3678,.T.);
#3667 = FACE_BOUND('',#3668,.T.);
#3668 = EDGE_LOOP('',(#3669,#3670,#3671,#3672));
#3669 = ORIENTED_EDGE('',*,*,#3646,.F.);
#3670 = ORIENTED_EDGE('',*,*,#1311,.T.);
#3671 = ORIENTED_EDGE('',*,*,#3591,.T.);
#3672 = ORIENTED_EDGE('',*,*,#3673,.F.);
#3673 = EDGE_CURVE('',#3647,#3592,#3674,.T.);
#3674 = LINE('',#3675,#3676);
#3675 = CARTESIAN_POINT('',(2.86,-7.94,8.38));
#3676 = VECTOR('',#3677,1.);
#3677 = DIRECTION('',(0.,1.,0.));
#3678 = PLANE('',#3679);
#3679 = AXIS2_PLACEMENT_3D('',#3680,#3681,#3682);
#3680 = CARTESIAN_POINT('',(2.86,-7.94,-3.));
#3681 = DIRECTION('',(1.,0.,0.));
#3682 = DIRECTION('',(0.,0.,1.));
#3683 = ADVANCED_FACE('',(#3684),#3709,.T.);
#3684 = FACE_BOUND('',#3685,.T.);
#3685 = EDGE_LOOP('',(#3686,#3694,#3695,#3703));
#3686 = ORIENTED_EDGE('',*,*,#3687,.F.);
#3687 = EDGE_CURVE('',#1336,#3688,#3690,.T.);
#3688 = VERTEX_POINT('',#3689);
#3689 = CARTESIAN_POINT('',(2.86,-4.76,8.38));
#3690 = LINE('',#3691,#3692);
#3691 = CARTESIAN_POINT('',(2.86,-4.76,-3.));
#3692 = VECTOR('',#3693,1.);
#3693 = DIRECTION('',(0.,0.,1.));
#3694 = ORIENTED_EDGE('',*,*,#1335,.T.);
#3695 = ORIENTED_EDGE('',*,*,#3696,.T.);
#3696 = EDGE_CURVE('',#1338,#3697,#3699,.T.);
#3697 = VERTEX_POINT('',#3698);
#3698 = CARTESIAN_POINT('',(2.22,-4.76,8.38));
#3699 = LINE('',#3700,#3701);
#3700 = CARTESIAN_POINT('',(2.22,-4.76,-3.));
#3701 = VECTOR('',#3702,1.);
#3702 = DIRECTION('',(0.,0.,1.));
#3703 = ORIENTED_EDGE('',*,*,#3704,.T.);
#3704 = EDGE_CURVE('',#3697,#3688,#3705,.T.);
#3705 = LINE('',#3706,#3707);
#3706 = CARTESIAN_POINT('',(2.22,-4.76,8.38));
#3707 = VECTOR('',#3708,1.);
#3708 = DIRECTION('',(1.,0.,0.));
#3709 = PLANE('',#3710);
#3710 = AXIS2_PLACEMENT_3D('',#3711,#3712,#3713);
#3711 = CARTESIAN_POINT('',(2.22,-4.76,-3.));
#3712 = DIRECTION('',(0.,1.,0.));
#3713 = DIRECTION('',(0.,-0.,1.));
#3714 = ADVANCED_FACE('',(#3715),#3733,.F.);
#3715 = FACE_BOUND('',#3716,.F.);
#3716 = EDGE_LOOP('',(#3717,#3725,#3726,#3727));
#3717 = ORIENTED_EDGE('',*,*,#3718,.F.);
#3718 = EDGE_CURVE('',#1354,#3719,#3721,.T.);
#3719 = VERTEX_POINT('',#3720);
#3720 = CARTESIAN_POINT('',(2.22,-5.4,8.38));
#3721 = LINE('',#3722,#3723);
#3722 = CARTESIAN_POINT('',(2.22,-5.4,-3.));
#3723 = VECTOR('',#3724,1.);
#3724 = DIRECTION('',(0.,0.,1.));
#3725 = ORIENTED_EDGE('',*,*,#1361,.T.);
#3726 = ORIENTED_EDGE('',*,*,#3696,.T.);
#3727 = ORIENTED_EDGE('',*,*,#3728,.F.);
#3728 = EDGE_CURVE('',#3719,#3697,#3729,.T.);
#3729 = LINE('',#3730,#3731);
#3730 = CARTESIAN_POINT('',(2.22,-5.4,8.38));
#3731 = VECTOR('',#3732,1.);
#3732 = DIRECTION('',(0.,1.,0.));
#3733 = PLANE('',#3734);
#3734 = AXIS2_PLACEMENT_3D('',#3735,#3736,#3737);
#3735 = CARTESIAN_POINT('',(2.22,-5.4,-3.));
#3736 = DIRECTION('',(1.,0.,0.));
#3737 = DIRECTION('',(0.,0.,1.));
#3738 = ADVANCED_FACE('',(#3739),#3757,.F.);
#3739 = FACE_BOUND('',#3740,.F.);
#3740 = EDGE_LOOP('',(#3741,#3749,#3750,#3751));
#3741 = ORIENTED_EDGE('',*,*,#3742,.F.);
#3742 = EDGE_CURVE('',#1346,#3743,#3745,.T.);
#3743 = VERTEX_POINT('',#3744);
#3744 = CARTESIAN_POINT('',(2.86,-5.4,8.38));
#3745 = LINE('',#3746,#3747);
#3746 = CARTESIAN_POINT('',(2.86,-5.4,-3.));
#3747 = VECTOR('',#3748,1.);
#3748 = DIRECTION('',(0.,0.,1.));
#3749 = ORIENTED_EDGE('',*,*,#1353,.T.);
#3750 = ORIENTED_EDGE('',*,*,#3718,.T.);
#3751 = ORIENTED_EDGE('',*,*,#3752,.T.);
#3752 = EDGE_CURVE('',#3719,#3743,#3753,.T.);
#3753 = LINE('',#3754,#3755);
#3754 = CARTESIAN_POINT('',(2.22,-5.4,8.38));
#3755 = VECTOR('',#3756,1.);
#3756 = DIRECTION('',(1.,0.,0.));
#3757 = PLANE('',#3758);
#3758 = AXIS2_PLACEMENT_3D('',#3759,#3760,#3761);
#3759 = CARTESIAN_POINT('',(2.22,-5.4,-3.));
#3760 = DIRECTION('',(0.,1.,0.));
#3761 = DIRECTION('',(0.,-0.,1.));
#3762 = ADVANCED_FACE('',(#3763),#3774,.T.);
#3763 = FACE_BOUND('',#3764,.T.);
#3764 = EDGE_LOOP('',(#3765,#3766,#3767,#3768));
#3765 = ORIENTED_EDGE('',*,*,#3742,.F.);
#3766 = ORIENTED_EDGE('',*,*,#1345,.T.);
#3767 = ORIENTED_EDGE('',*,*,#3687,.T.);
#3768 = ORIENTED_EDGE('',*,*,#3769,.F.);
#3769 = EDGE_CURVE('',#3743,#3688,#3770,.T.);
#3770 = LINE('',#3771,#3772);
#3771 = CARTESIAN_POINT('',(2.86,-5.4,8.38));
#3772 = VECTOR('',#3773,1.);
#3773 = DIRECTION('',(0.,1.,0.));
#3774 = PLANE('',#3775);
#3775 = AXIS2_PLACEMENT_3D('',#3776,#3777,#3778);
#3776 = CARTESIAN_POINT('',(2.86,-5.4,-3.));
#3777 = DIRECTION('',(1.,0.,0.));
#3778 = DIRECTION('',(0.,0.,1.));
#3779 = ADVANCED_FACE('',(#3780),#3805,.T.);
#3780 = FACE_BOUND('',#3781,.F.);
#3781 = EDGE_LOOP('',(#3782,#3790,#3791,#3799));
#3782 = ORIENTED_EDGE('',*,*,#3783,.F.);
#3783 = EDGE_CURVE('',#1872,#3784,#3786,.T.);
#3784 = VERTEX_POINT('',#3785);
#3785 = CARTESIAN_POINT('',(2.38,-0.16,-3.));
#3786 = LINE('',#3787,#3788);
#3787 = CARTESIAN_POINT('',(2.273333333333,-0.266666666667,
    -2.893333333333));
#3788 = VECTOR('',#3789,1.);
#3789 = DIRECTION('',(0.57735026919,0.57735026919,-0.57735026919));
#3790 = ORIENTED_EDGE('',*,*,#1871,.T.);
#3791 = ORIENTED_EDGE('',*,*,#3792,.T.);
#3792 = EDGE_CURVE('',#1864,#3793,#3795,.T.);
#3793 = VERTEX_POINT('',#3794);
#3794 = CARTESIAN_POINT('',(2.7,-0.16,-3.));
#3795 = LINE('',#3796,#3797);
#3796 = CARTESIAN_POINT('',(2.7,-0.16,-3.));
#3797 = VECTOR('',#3798,1.);
#3798 = DIRECTION('',(-0.57735026919,0.57735026919,-0.57735026919));
#3799 = ORIENTED_EDGE('',*,*,#3800,.F.);
#3800 = EDGE_CURVE('',#3784,#3793,#3801,.T.);
#3801 = LINE('',#3802,#3803);
#3802 = CARTESIAN_POINT('',(2.22,-0.16,-3.));
#3803 = VECTOR('',#3804,1.);
#3804 = DIRECTION('',(1.,0.,0.));
#3805 = PLANE('',#3806);
#3806 = AXIS2_PLACEMENT_3D('',#3807,#3808,#3809);
#3807 = CARTESIAN_POINT('',(2.22,-0.24,-2.92));
#3808 = DIRECTION('',(1.735167508357E-18,-0.707106781187,-0.707106781187
    ));
#3809 = DIRECTION('',(-1.,-1.226948711654E-18,-1.226948711654E-18));
#3810 = ADVANCED_FACE('',(#3811),#3829,.F.);
#3811 = FACE_BOUND('',#3812,.F.);
#3812 = EDGE_LOOP('',(#3813,#3814,#3815,#3823));
#3813 = ORIENTED_EDGE('',*,*,#3792,.F.);
#3814 = ORIENTED_EDGE('',*,*,#1895,.T.);
#3815 = ORIENTED_EDGE('',*,*,#3816,.T.);
#3816 = EDGE_CURVE('',#1896,#3817,#3819,.T.);
#3817 = VERTEX_POINT('',#3818);
#3818 = CARTESIAN_POINT('',(2.7,0.16,-3.));
#3819 = LINE('',#3820,#3821);
#3820 = CARTESIAN_POINT('',(2.593333333333,5.333333333333E-02,
    -3.106666666667));
#3821 = VECTOR('',#3822,1.);
#3822 = DIRECTION('',(-0.57735026919,-0.57735026919,-0.57735026919));
#3823 = ORIENTED_EDGE('',*,*,#3824,.F.);
#3824 = EDGE_CURVE('',#3793,#3817,#3825,.T.);
#3825 = LINE('',#3826,#3827);
#3826 = CARTESIAN_POINT('',(2.7,-0.32,-3.));
#3827 = VECTOR('',#3828,1.);
#3828 = DIRECTION('',(0.,1.,0.));
#3829 = PLANE('',#3830);
#3830 = AXIS2_PLACEMENT_3D('',#3831,#3832,#3833);
#3831 = CARTESIAN_POINT('',(2.78,-0.32,-2.92));
#3832 = DIRECTION('',(-0.707106781187,1.735167508357E-18,0.707106781187)
  );
#3833 = DIRECTION('',(1.226948711654E-18,1.,-1.226948711654E-18));
#3834 = ADVANCED_FACE('',(#3835),#3853,.F.);
#3835 = FACE_BOUND('',#3836,.T.);
#3836 = EDGE_LOOP('',(#3837,#3845,#3846,#3847));
#3837 = ORIENTED_EDGE('',*,*,#3838,.F.);
#3838 = EDGE_CURVE('',#1920,#3839,#3841,.T.);
#3839 = VERTEX_POINT('',#3840);
#3840 = CARTESIAN_POINT('',(2.38,0.16,-3.));
#3841 = LINE('',#3842,#3843);
#3842 = CARTESIAN_POINT('',(2.38,0.16,-3.));
#3843 = VECTOR('',#3844,1.);
#3844 = DIRECTION('',(0.57735026919,-0.57735026919,-0.57735026919));
#3845 = ORIENTED_EDGE('',*,*,#1919,.T.);
#3846 = ORIENTED_EDGE('',*,*,#3816,.T.);
#3847 = ORIENTED_EDGE('',*,*,#3848,.F.);
#3848 = EDGE_CURVE('',#3839,#3817,#3849,.T.);
#3849 = LINE('',#3850,#3851);
#3850 = CARTESIAN_POINT('',(2.22,0.16,-3.));
#3851 = VECTOR('',#3852,1.);
#3852 = DIRECTION('',(1.,0.,0.));
#3853 = PLANE('',#3854);
#3854 = AXIS2_PLACEMENT_3D('',#3855,#3856,#3857);
#3855 = CARTESIAN_POINT('',(2.22,0.24,-2.92));
#3856 = DIRECTION('',(-1.735167508357E-18,-0.707106781187,0.707106781187
    ));
#3857 = DIRECTION('',(-1.,1.226948711654E-18,-1.226948711654E-18));
#3858 = ADVANCED_FACE('',(#3859),#3870,.T.);
#3859 = FACE_BOUND('',#3860,.T.);
#3860 = EDGE_LOOP('',(#3861,#3862,#3863,#3864));
#3861 = ORIENTED_EDGE('',*,*,#3783,.F.);
#3862 = ORIENTED_EDGE('',*,*,#1943,.T.);
#3863 = ORIENTED_EDGE('',*,*,#3838,.T.);
#3864 = ORIENTED_EDGE('',*,*,#3865,.F.);
#3865 = EDGE_CURVE('',#3784,#3839,#3866,.T.);
#3866 = LINE('',#3867,#3868);
#3867 = CARTESIAN_POINT('',(2.38,-0.32,-3.));
#3868 = VECTOR('',#3869,1.);
#3869 = DIRECTION('',(0.,1.,0.));
#3870 = PLANE('',#3871);
#3871 = AXIS2_PLACEMENT_3D('',#3872,#3873,#3874);
#3872 = CARTESIAN_POINT('',(2.3,-0.32,-2.92));
#3873 = DIRECTION('',(-0.707106781187,-1.735167508357E-18,
    -0.707106781187));
#3874 = DIRECTION('',(-1.226948711654E-18,1.,-1.226948711654E-18));
#3875 = ADVANCED_FACE('',(#3876),#3901,.T.);
#3876 = FACE_BOUND('',#3877,.F.);
#3877 = EDGE_LOOP('',(#3878,#3886,#3887,#3895));
#3878 = ORIENTED_EDGE('',*,*,#3879,.F.);
#3879 = EDGE_CURVE('',#1968,#3880,#3882,.T.);
#3880 = VERTEX_POINT('',#3881);
#3881 = CARTESIAN_POINT('',(-0.16,-0.16,-3.));
#3882 = LINE('',#3883,#3884);
#3883 = CARTESIAN_POINT('',(-0.266666666667,-0.266666666667,
    -2.893333333333));
#3884 = VECTOR('',#3885,1.);
#3885 = DIRECTION('',(0.57735026919,0.57735026919,-0.57735026919));
#3886 = ORIENTED_EDGE('',*,*,#1967,.T.);
#3887 = ORIENTED_EDGE('',*,*,#3888,.T.);
#3888 = EDGE_CURVE('',#1960,#3889,#3891,.T.);
#3889 = VERTEX_POINT('',#3890);
#3890 = CARTESIAN_POINT('',(0.16,-0.16,-3.));
#3891 = LINE('',#3892,#3893);
#3892 = CARTESIAN_POINT('',(0.16,-0.16,-3.));
#3893 = VECTOR('',#3894,1.);
#3894 = DIRECTION('',(-0.57735026919,0.57735026919,-0.57735026919));
#3895 = ORIENTED_EDGE('',*,*,#3896,.F.);
#3896 = EDGE_CURVE('',#3880,#3889,#3897,.T.);
#3897 = LINE('',#3898,#3899);
#3898 = CARTESIAN_POINT('',(-0.32,-0.16,-3.));
#3899 = VECTOR('',#3900,1.);
#3900 = DIRECTION('',(1.,0.,0.));
#3901 = PLANE('',#3902);
#3902 = AXIS2_PLACEMENT_3D('',#3903,#3904,#3905);
#3903 = CARTESIAN_POINT('',(-0.32,-0.24,-2.92));
#3904 = DIRECTION('',(1.735167508357E-18,-0.707106781187,-0.707106781187
    ));
#3905 = DIRECTION('',(-1.,-1.226948711654E-18,-1.226948711654E-18));
#3906 = ADVANCED_FACE('',(#3907),#3925,.F.);
#3907 = FACE_BOUND('',#3908,.F.);
#3908 = EDGE_LOOP('',(#3909,#3910,#3911,#3919));
#3909 = ORIENTED_EDGE('',*,*,#3888,.F.);
#3910 = ORIENTED_EDGE('',*,*,#1991,.T.);
#3911 = ORIENTED_EDGE('',*,*,#3912,.T.);
#3912 = EDGE_CURVE('',#1992,#3913,#3915,.T.);
#3913 = VERTEX_POINT('',#3914);
#3914 = CARTESIAN_POINT('',(0.16,0.16,-3.));
#3915 = LINE('',#3916,#3917);
#3916 = CARTESIAN_POINT('',(5.333333333333E-02,5.333333333333E-02,
    -3.106666666667));
#3917 = VECTOR('',#3918,1.);
#3918 = DIRECTION('',(-0.57735026919,-0.57735026919,-0.57735026919));
#3919 = ORIENTED_EDGE('',*,*,#3920,.F.);
#3920 = EDGE_CURVE('',#3889,#3913,#3921,.T.);
#3921 = LINE('',#3922,#3923);
#3922 = CARTESIAN_POINT('',(0.16,-0.32,-3.));
#3923 = VECTOR('',#3924,1.);
#3924 = DIRECTION('',(0.,1.,0.));
#3925 = PLANE('',#3926);
#3926 = AXIS2_PLACEMENT_3D('',#3927,#3928,#3929);
#3927 = CARTESIAN_POINT('',(0.24,-0.32,-2.92));
#3928 = DIRECTION('',(-0.707106781187,1.735167508357E-18,0.707106781187)
  );
#3929 = DIRECTION('',(1.226948711654E-18,1.,-1.226948711654E-18));
#3930 = ADVANCED_FACE('',(#3931),#3949,.F.);
#3931 = FACE_BOUND('',#3932,.T.);
#3932 = EDGE_LOOP('',(#3933,#3941,#3942,#3943));
#3933 = ORIENTED_EDGE('',*,*,#3934,.F.);
#3934 = EDGE_CURVE('',#2016,#3935,#3937,.T.);
#3935 = VERTEX_POINT('',#3936);
#3936 = CARTESIAN_POINT('',(-0.16,0.16,-3.));
#3937 = LINE('',#3938,#3939);
#3938 = CARTESIAN_POINT('',(-0.16,0.16,-3.));
#3939 = VECTOR('',#3940,1.);
#3940 = DIRECTION('',(0.57735026919,-0.57735026919,-0.57735026919));
#3941 = ORIENTED_EDGE('',*,*,#2015,.T.);
#3942 = ORIENTED_EDGE('',*,*,#3912,.T.);
#3943 = ORIENTED_EDGE('',*,*,#3944,.F.);
#3944 = EDGE_CURVE('',#3935,#3913,#3945,.T.);
#3945 = LINE('',#3946,#3947);
#3946 = CARTESIAN_POINT('',(-0.32,0.16,-3.));
#3947 = VECTOR('',#3948,1.);
#3948 = DIRECTION('',(1.,0.,0.));
#3949 = PLANE('',#3950);
#3950 = AXIS2_PLACEMENT_3D('',#3951,#3952,#3953);
#3951 = CARTESIAN_POINT('',(-0.32,0.24,-2.92));
#3952 = DIRECTION('',(-1.735167508357E-18,-0.707106781187,0.707106781187
    ));
#3953 = DIRECTION('',(-1.,1.226948711654E-18,-1.226948711654E-18));
#3954 = ADVANCED_FACE('',(#3955),#3966,.T.);
#3955 = FACE_BOUND('',#3956,.T.);
#3956 = EDGE_LOOP('',(#3957,#3958,#3959,#3960));
#3957 = ORIENTED_EDGE('',*,*,#3879,.F.);
#3958 = ORIENTED_EDGE('',*,*,#2039,.T.);
#3959 = ORIENTED_EDGE('',*,*,#3934,.T.);
#3960 = ORIENTED_EDGE('',*,*,#3961,.F.);
#3961 = EDGE_CURVE('',#3880,#3935,#3962,.T.);
#3962 = LINE('',#3963,#3964);
#3963 = CARTESIAN_POINT('',(-0.16,-0.32,-3.));
#3964 = VECTOR('',#3965,1.);
#3965 = DIRECTION('',(0.,1.,0.));
#3966 = PLANE('',#3967);
#3967 = AXIS2_PLACEMENT_3D('',#3968,#3969,#3970);
#3968 = CARTESIAN_POINT('',(-0.24,-0.32,-2.92));
#3969 = DIRECTION('',(-0.707106781187,-1.735167508357E-18,
    -0.707106781187));
#3970 = DIRECTION('',(-1.226948711654E-18,1.,-1.226948711654E-18));
#3971 = ADVANCED_FACE('',(#3972),#3997,.F.);
#3972 = FACE_BOUND('',#3973,.F.);
#3973 = EDGE_LOOP('',(#3974,#3982,#3983,#3991));
#3974 = ORIENTED_EDGE('',*,*,#3975,.F.);
#3975 = EDGE_CURVE('',#2056,#3976,#3978,.T.);
#3976 = VERTEX_POINT('',#3977);
#3977 = CARTESIAN_POINT('',(2.7,-2.7,-3.));
#3978 = LINE('',#3979,#3980);
#3979 = CARTESIAN_POINT('',(2.7,-2.7,-3.));
#3980 = VECTOR('',#3981,1.);
#3981 = DIRECTION('',(-0.57735026919,0.57735026919,-0.57735026919));
#3982 = ORIENTED_EDGE('',*,*,#2063,.T.);
#3983 = ORIENTED_EDGE('',*,*,#3984,.T.);
#3984 = EDGE_CURVE('',#2064,#3985,#3987,.T.);
#3985 = VERTEX_POINT('',#3986);
#3986 = CARTESIAN_POINT('',(2.7,-2.38,-3.));
#3987 = LINE('',#3988,#3989);
#3988 = CARTESIAN_POINT('',(2.593333333333,-2.486666666667,
    -3.106666666667));
#3989 = VECTOR('',#3990,1.);
#3990 = DIRECTION('',(-0.57735026919,-0.57735026919,-0.57735026919));
#3991 = ORIENTED_EDGE('',*,*,#3992,.F.);
#3992 = EDGE_CURVE('',#3976,#3985,#3993,.T.);
#3993 = LINE('',#3994,#3995);
#3994 = CARTESIAN_POINT('',(2.7,-2.86,-3.));
#3995 = VECTOR('',#3996,1.);
#3996 = DIRECTION('',(0.,1.,0.));
#3997 = PLANE('',#3998);
#3998 = AXIS2_PLACEMENT_3D('',#3999,#4000,#4001);
#3999 = CARTESIAN_POINT('',(2.78,-2.86,-2.92));
#4000 = DIRECTION('',(-0.707106781187,1.735167508357E-18,0.707106781187)
  );
#4001 = DIRECTION('',(1.226948711654E-18,1.,-1.226948711654E-18));
#4002 = ADVANCED_FACE('',(#4003),#4021,.F.);
#4003 = FACE_BOUND('',#4004,.T.);
#4004 = EDGE_LOOP('',(#4005,#4013,#4014,#4015));
#4005 = ORIENTED_EDGE('',*,*,#4006,.F.);
#4006 = EDGE_CURVE('',#2088,#4007,#4009,.T.);
#4007 = VERTEX_POINT('',#4008);
#4008 = CARTESIAN_POINT('',(2.38,-2.38,-3.));
#4009 = LINE('',#4010,#4011);
#4010 = CARTESIAN_POINT('',(2.38,-2.38,-3.));
#4011 = VECTOR('',#4012,1.);
#4012 = DIRECTION('',(0.57735026919,-0.57735026919,-0.57735026919));
#4013 = ORIENTED_EDGE('',*,*,#2087,.T.);
#4014 = ORIENTED_EDGE('',*,*,#3984,.T.);
#4015 = ORIENTED_EDGE('',*,*,#4016,.F.);
#4016 = EDGE_CURVE('',#4007,#3985,#4017,.T.);
#4017 = LINE('',#4018,#4019);
#4018 = CARTESIAN_POINT('',(2.22,-2.38,-3.));
#4019 = VECTOR('',#4020,1.);
#4020 = DIRECTION('',(1.,0.,0.));
#4021 = PLANE('',#4022);
#4022 = AXIS2_PLACEMENT_3D('',#4023,#4024,#4025);
#4023 = CARTESIAN_POINT('',(2.22,-2.3,-2.92));
#4024 = DIRECTION('',(-1.735167508357E-18,-0.707106781187,0.707106781187
    ));
#4025 = DIRECTION('',(-1.,1.226948711654E-18,-1.226948711654E-18));
#4026 = ADVANCED_FACE('',(#4027),#4045,.T.);
#4027 = FACE_BOUND('',#4028,.T.);
#4028 = EDGE_LOOP('',(#4029,#4037,#4038,#4039));
#4029 = ORIENTED_EDGE('',*,*,#4030,.F.);
#4030 = EDGE_CURVE('',#2111,#4031,#4033,.T.);
#4031 = VERTEX_POINT('',#4032);
#4032 = CARTESIAN_POINT('',(2.38,-2.7,-3.));
#4033 = LINE('',#4034,#4035);
#4034 = CARTESIAN_POINT('',(2.273333333333,-2.806666666667,
    -2.893333333333));
#4035 = VECTOR('',#4036,1.);
#4036 = DIRECTION('',(0.57735026919,0.57735026919,-0.57735026919));
#4037 = ORIENTED_EDGE('',*,*,#2118,.T.);
#4038 = ORIENTED_EDGE('',*,*,#4006,.T.);
#4039 = ORIENTED_EDGE('',*,*,#4040,.F.);
#4040 = EDGE_CURVE('',#4031,#4007,#4041,.T.);
#4041 = LINE('',#4042,#4043);
#4042 = CARTESIAN_POINT('',(2.38,-2.86,-3.));
#4043 = VECTOR('',#4044,1.);
#4044 = DIRECTION('',(0.,1.,0.));
#4045 = PLANE('',#4046);
#4046 = AXIS2_PLACEMENT_3D('',#4047,#4048,#4049);
#4047 = CARTESIAN_POINT('',(2.3,-2.86,-2.92));
#4048 = DIRECTION('',(-0.707106781187,-1.735167508357E-18,
    -0.707106781187));
#4049 = DIRECTION('',(-1.226948711654E-18,1.,-1.226948711654E-18));
#4050 = ADVANCED_FACE('',(#4051),#4062,.T.);
#4051 = FACE_BOUND('',#4052,.F.);
#4052 = EDGE_LOOP('',(#4053,#4054,#4055,#4056));
#4053 = ORIENTED_EDGE('',*,*,#4030,.F.);
#4054 = ORIENTED_EDGE('',*,*,#2135,.T.);
#4055 = ORIENTED_EDGE('',*,*,#3975,.T.);
#4056 = ORIENTED_EDGE('',*,*,#4057,.F.);
#4057 = EDGE_CURVE('',#4031,#3976,#4058,.T.);
#4058 = LINE('',#4059,#4060);
#4059 = CARTESIAN_POINT('',(2.22,-2.7,-3.));
#4060 = VECTOR('',#4061,1.);
#4061 = DIRECTION('',(1.,0.,0.));
#4062 = PLANE('',#4063);
#4063 = AXIS2_PLACEMENT_3D('',#4064,#4065,#4066);
#4064 = CARTESIAN_POINT('',(2.22,-2.78,-2.92));
#4065 = DIRECTION('',(1.735167508357E-18,-0.707106781187,-0.707106781187
    ));
#4066 = DIRECTION('',(-1.,-1.226948711654E-18,-1.226948711654E-18));
#4067 = ADVANCED_FACE('',(#4068),#4093,.F.);
#4068 = FACE_BOUND('',#4069,.T.);
#4069 = EDGE_LOOP('',(#4070,#4078,#4079,#4087));
#4070 = ORIENTED_EDGE('',*,*,#4071,.F.);
#4071 = EDGE_CURVE('',#2160,#4072,#4074,.T.);
#4072 = VERTEX_POINT('',#4073);
#4073 = CARTESIAN_POINT('',(-0.16,-2.38,-3.));
#4074 = LINE('',#4075,#4076);
#4075 = CARTESIAN_POINT('',(-0.16,-2.38,-3.));
#4076 = VECTOR('',#4077,1.);
#4077 = DIRECTION('',(0.57735026919,-0.57735026919,-0.57735026919));
#4078 = ORIENTED_EDGE('',*,*,#2159,.T.);
#4079 = ORIENTED_EDGE('',*,*,#4080,.T.);
#4080 = EDGE_CURVE('',#2152,#4081,#4083,.T.);
#4081 = VERTEX_POINT('',#4082);
#4082 = CARTESIAN_POINT('',(0.16,-2.38,-3.));
#4083 = LINE('',#4084,#4085);
#4084 = CARTESIAN_POINT('',(5.333333333333E-02,-2.486666666667,
    -3.106666666667));
#4085 = VECTOR('',#4086,1.);
#4086 = DIRECTION('',(-0.57735026919,-0.57735026919,-0.57735026919));
#4087 = ORIENTED_EDGE('',*,*,#4088,.F.);
#4088 = EDGE_CURVE('',#4072,#4081,#4089,.T.);
#4089 = LINE('',#4090,#4091);
#4090 = CARTESIAN_POINT('',(-0.32,-2.38,-3.));
#4091 = VECTOR('',#4092,1.);
#4092 = DIRECTION('',(1.,0.,0.));
#4093 = PLANE('',#4094);
#4094 = AXIS2_PLACEMENT_3D('',#4095,#4096,#4097);
#4095 = CARTESIAN_POINT('',(-0.32,-2.3,-2.92));
#4096 = DIRECTION('',(-1.735167508357E-18,-0.707106781187,0.707106781187
    ));
#4097 = DIRECTION('',(-1.,1.226948711654E-18,-1.226948711654E-18));
#4098 = ADVANCED_FACE('',(#4099),#4117,.T.);
#4099 = FACE_BOUND('',#4100,.T.);
#4100 = EDGE_LOOP('',(#4101,#4109,#4110,#4111));
#4101 = ORIENTED_EDGE('',*,*,#4102,.F.);
#4102 = EDGE_CURVE('',#2183,#4103,#4105,.T.);
#4103 = VERTEX_POINT('',#4104);
#4104 = CARTESIAN_POINT('',(-0.16,-2.7,-3.));
#4105 = LINE('',#4106,#4107);
#4106 = CARTESIAN_POINT('',(-0.266666666667,-2.806666666667,
    -2.893333333333));
#4107 = VECTOR('',#4108,1.);
#4108 = DIRECTION('',(0.57735026919,0.57735026919,-0.57735026919));
#4109 = ORIENTED_EDGE('',*,*,#2190,.T.);
#4110 = ORIENTED_EDGE('',*,*,#4071,.T.);
#4111 = ORIENTED_EDGE('',*,*,#4112,.F.);
#4112 = EDGE_CURVE('',#4103,#4072,#4113,.T.);
#4113 = LINE('',#4114,#4115);
#4114 = CARTESIAN_POINT('',(-0.16,-2.86,-3.));
#4115 = VECTOR('',#4116,1.);
#4116 = DIRECTION('',(0.,1.,0.));
#4117 = PLANE('',#4118);
#4118 = AXIS2_PLACEMENT_3D('',#4119,#4120,#4121);
#4119 = CARTESIAN_POINT('',(-0.24,-2.86,-2.92));
#4120 = DIRECTION('',(-0.707106781187,-1.735167508357E-18,
    -0.707106781187));
#4121 = DIRECTION('',(-1.226948711654E-18,1.,-1.226948711654E-18));
#4122 = ADVANCED_FACE('',(#4123),#4141,.T.);
#4123 = FACE_BOUND('',#4124,.F.);
#4124 = EDGE_LOOP('',(#4125,#4126,#4127,#4135));
#4125 = ORIENTED_EDGE('',*,*,#4102,.F.);
#4126 = ORIENTED_EDGE('',*,*,#2214,.T.);
#4127 = ORIENTED_EDGE('',*,*,#4128,.T.);
#4128 = EDGE_CURVE('',#2207,#4129,#4131,.T.);
#4129 = VERTEX_POINT('',#4130);
#4130 = CARTESIAN_POINT('',(0.16,-2.7,-3.));
#4131 = LINE('',#4132,#4133);
#4132 = CARTESIAN_POINT('',(0.16,-2.7,-3.));
#4133 = VECTOR('',#4134,1.);
#4134 = DIRECTION('',(-0.57735026919,0.57735026919,-0.57735026919));
#4135 = ORIENTED_EDGE('',*,*,#4136,.F.);
#4136 = EDGE_CURVE('',#4103,#4129,#4137,.T.);
#4137 = LINE('',#4138,#4139);
#4138 = CARTESIAN_POINT('',(-0.32,-2.7,-3.));
#4139 = VECTOR('',#4140,1.);
#4140 = DIRECTION('',(1.,0.,0.));
#4141 = PLANE('',#4142);
#4142 = AXIS2_PLACEMENT_3D('',#4143,#4144,#4145);
#4143 = CARTESIAN_POINT('',(-0.32,-2.78,-2.92));
#4144 = DIRECTION('',(1.735167508357E-18,-0.707106781187,-0.707106781187
    ));
#4145 = DIRECTION('',(-1.,-1.226948711654E-18,-1.226948711654E-18));
#4146 = ADVANCED_FACE('',(#4147),#4158,.F.);
#4147 = FACE_BOUND('',#4148,.F.);
#4148 = EDGE_LOOP('',(#4149,#4150,#4151,#4152));
#4149 = ORIENTED_EDGE('',*,*,#4128,.F.);
#4150 = ORIENTED_EDGE('',*,*,#2231,.T.);
#4151 = ORIENTED_EDGE('',*,*,#4080,.T.);
#4152 = ORIENTED_EDGE('',*,*,#4153,.F.);
#4153 = EDGE_CURVE('',#4129,#4081,#4154,.T.);
#4154 = LINE('',#4155,#4156);
#4155 = CARTESIAN_POINT('',(0.16,-2.86,-3.));
#4156 = VECTOR('',#4157,1.);
#4157 = DIRECTION('',(0.,1.,0.));
#4158 = PLANE('',#4159);
#4159 = AXIS2_PLACEMENT_3D('',#4160,#4161,#4162);
#4160 = CARTESIAN_POINT('',(0.24,-2.86,-2.92));
#4161 = DIRECTION('',(-0.707106781187,1.735167508357E-18,0.707106781187)
  );
#4162 = DIRECTION('',(1.226948711654E-18,1.,-1.226948711654E-18));
#4163 = ADVANCED_FACE('',(#4164),#4189,.T.);
#4164 = FACE_BOUND('',#4165,.F.);
#4165 = EDGE_LOOP('',(#4166,#4174,#4175,#4183));
#4166 = ORIENTED_EDGE('',*,*,#4167,.F.);
#4167 = EDGE_CURVE('',#2256,#4168,#4170,.T.);
#4168 = VERTEX_POINT('',#4169);
#4169 = CARTESIAN_POINT('',(-0.16,-10.32,-3.));
#4170 = LINE('',#4171,#4172);
#4171 = CARTESIAN_POINT('',(-0.266666666667,-10.42666666666,
    -2.893333333333));
#4172 = VECTOR('',#4173,1.);
#4173 = DIRECTION('',(0.57735026919,0.57735026919,-0.57735026919));
#4174 = ORIENTED_EDGE('',*,*,#2255,.T.);
#4175 = ORIENTED_EDGE('',*,*,#4176,.T.);
#4176 = EDGE_CURVE('',#2248,#4177,#4179,.T.);
#4177 = VERTEX_POINT('',#4178);
#4178 = CARTESIAN_POINT('',(0.16,-10.32,-3.));
#4179 = LINE('',#4180,#4181);
#4180 = CARTESIAN_POINT('',(0.16,-10.32,-3.));
#4181 = VECTOR('',#4182,1.);
#4182 = DIRECTION('',(-0.57735026919,0.57735026919,-0.57735026919));
#4183 = ORIENTED_EDGE('',*,*,#4184,.F.);
#4184 = EDGE_CURVE('',#4168,#4177,#4185,.T.);
#4185 = LINE('',#4186,#4187);
#4186 = CARTESIAN_POINT('',(-0.32,-10.32,-3.));
#4187 = VECTOR('',#4188,1.);
#4188 = DIRECTION('',(1.,0.,0.));
#4189 = PLANE('',#4190);
#4190 = AXIS2_PLACEMENT_3D('',#4191,#4192,#4193);
#4191 = CARTESIAN_POINT('',(-0.32,-10.4,-2.92));
#4192 = DIRECTION('',(1.735167508357E-18,-0.707106781187,-0.707106781187
    ));
#4193 = DIRECTION('',(-1.,-1.226948711654E-18,-1.226948711654E-18));
#4194 = ADVANCED_FACE('',(#4195),#4213,.F.);
#4195 = FACE_BOUND('',#4196,.F.);
#4196 = EDGE_LOOP('',(#4197,#4198,#4199,#4207));
#4197 = ORIENTED_EDGE('',*,*,#4176,.F.);
#4198 = ORIENTED_EDGE('',*,*,#2279,.T.);
#4199 = ORIENTED_EDGE('',*,*,#4200,.T.);
#4200 = EDGE_CURVE('',#2280,#4201,#4203,.T.);
#4201 = VERTEX_POINT('',#4202);
#4202 = CARTESIAN_POINT('',(0.16,-10.,-3.));
#4203 = LINE('',#4204,#4205);
#4204 = CARTESIAN_POINT('',(5.333333333333E-02,-10.10666666666,
    -3.106666666667));
#4205 = VECTOR('',#4206,1.);
#4206 = DIRECTION('',(-0.57735026919,-0.57735026919,-0.57735026919));
#4207 = ORIENTED_EDGE('',*,*,#4208,.F.);
#4208 = EDGE_CURVE('',#4177,#4201,#4209,.T.);
#4209 = LINE('',#4210,#4211);
#4210 = CARTESIAN_POINT('',(0.16,-10.48,-3.));
#4211 = VECTOR('',#4212,1.);
#4212 = DIRECTION('',(0.,1.,0.));
#4213 = PLANE('',#4214);
#4214 = AXIS2_PLACEMENT_3D('',#4215,#4216,#4217);
#4215 = CARTESIAN_POINT('',(0.24,-10.48,-2.92));
#4216 = DIRECTION('',(-0.707106781187,1.735167508357E-18,0.707106781187)
  );
#4217 = DIRECTION('',(1.226948711654E-18,1.,-1.226948711654E-18));
#4218 = ADVANCED_FACE('',(#4219),#4237,.F.);
#4219 = FACE_BOUND('',#4220,.T.);
#4220 = EDGE_LOOP('',(#4221,#4229,#4230,#4231));
#4221 = ORIENTED_EDGE('',*,*,#4222,.F.);
#4222 = EDGE_CURVE('',#2304,#4223,#4225,.T.);
#4223 = VERTEX_POINT('',#4224);
#4224 = CARTESIAN_POINT('',(-0.16,-10.,-3.));
#4225 = LINE('',#4226,#4227);
#4226 = CARTESIAN_POINT('',(-0.16,-10.,-3.));
#4227 = VECTOR('',#4228,1.);
#4228 = DIRECTION('',(0.57735026919,-0.57735026919,-0.57735026919));
#4229 = ORIENTED_EDGE('',*,*,#2303,.T.);
#4230 = ORIENTED_EDGE('',*,*,#4200,.T.);
#4231 = ORIENTED_EDGE('',*,*,#4232,.F.);
#4232 = EDGE_CURVE('',#4223,#4201,#4233,.T.);
#4233 = LINE('',#4234,#4235);
#4234 = CARTESIAN_POINT('',(-0.32,-10.,-3.));
#4235 = VECTOR('',#4236,1.);
#4236 = DIRECTION('',(1.,0.,0.));
#4237 = PLANE('',#4238);
#4238 = AXIS2_PLACEMENT_3D('',#4239,#4240,#4241);
#4239 = CARTESIAN_POINT('',(-0.32,-9.92,-2.92));
#4240 = DIRECTION('',(-1.735167508357E-18,-0.707106781187,0.707106781187
    ));
#4241 = DIRECTION('',(-1.,1.226948711654E-18,-1.226948711654E-18));
#4242 = ADVANCED_FACE('',(#4243),#4254,.T.);
#4243 = FACE_BOUND('',#4244,.T.);
#4244 = EDGE_LOOP('',(#4245,#4246,#4247,#4248));
#4245 = ORIENTED_EDGE('',*,*,#4167,.F.);
#4246 = ORIENTED_EDGE('',*,*,#2327,.T.);
#4247 = ORIENTED_EDGE('',*,*,#4222,.T.);
#4248 = ORIENTED_EDGE('',*,*,#4249,.F.);
#4249 = EDGE_CURVE('',#4168,#4223,#4250,.T.);
#4250 = LINE('',#4251,#4252);
#4251 = CARTESIAN_POINT('',(-0.16,-10.48,-3.));
#4252 = VECTOR('',#4253,1.);
#4253 = DIRECTION('',(0.,1.,0.));
#4254 = PLANE('',#4255);
#4255 = AXIS2_PLACEMENT_3D('',#4256,#4257,#4258);
#4256 = CARTESIAN_POINT('',(-0.24,-10.48,-2.92));
#4257 = DIRECTION('',(-0.707106781187,-1.735167508357E-18,
    -0.707106781187));
#4258 = DIRECTION('',(-1.226948711654E-18,1.,-1.226948711654E-18));
#4259 = ADVANCED_FACE('',(#4260),#4285,.T.);
#4260 = FACE_BOUND('',#4261,.F.);
#4261 = EDGE_LOOP('',(#4262,#4270,#4271,#4279));
#4262 = ORIENTED_EDGE('',*,*,#4263,.F.);
#4263 = EDGE_CURVE('',#2352,#4264,#4266,.T.);
#4264 = VERTEX_POINT('',#4265);
#4265 = CARTESIAN_POINT('',(-0.16,-7.78,-3.));
#4266 = LINE('',#4267,#4268);
#4267 = CARTESIAN_POINT('',(-0.266666666667,-7.886666666667,
    -2.893333333333));
#4268 = VECTOR('',#4269,1.);
#4269 = DIRECTION('',(0.57735026919,0.57735026919,-0.57735026919));
#4270 = ORIENTED_EDGE('',*,*,#2351,.T.);
#4271 = ORIENTED_EDGE('',*,*,#4272,.T.);
#4272 = EDGE_CURVE('',#2344,#4273,#4275,.T.);
#4273 = VERTEX_POINT('',#4274);
#4274 = CARTESIAN_POINT('',(0.16,-7.78,-3.));
#4275 = LINE('',#4276,#4277);
#4276 = CARTESIAN_POINT('',(0.16,-7.78,-3.));
#4277 = VECTOR('',#4278,1.);
#4278 = DIRECTION('',(-0.57735026919,0.57735026919,-0.57735026919));
#4279 = ORIENTED_EDGE('',*,*,#4280,.F.);
#4280 = EDGE_CURVE('',#4264,#4273,#4281,.T.);
#4281 = LINE('',#4282,#4283);
#4282 = CARTESIAN_POINT('',(-0.32,-7.78,-3.));
#4283 = VECTOR('',#4284,1.);
#4284 = DIRECTION('',(1.,0.,0.));
#4285 = PLANE('',#4286);
#4286 = AXIS2_PLACEMENT_3D('',#4287,#4288,#4289);
#4287 = CARTESIAN_POINT('',(-0.32,-7.86,-2.92));
#4288 = DIRECTION('',(1.735167508357E-18,-0.707106781187,-0.707106781187
    ));
#4289 = DIRECTION('',(-1.,-1.226948711654E-18,-1.226948711654E-18));
#4290 = ADVANCED_FACE('',(#4291),#4309,.F.);
#4291 = FACE_BOUND('',#4292,.F.);
#4292 = EDGE_LOOP('',(#4293,#4294,#4295,#4303));
#4293 = ORIENTED_EDGE('',*,*,#4272,.F.);
#4294 = ORIENTED_EDGE('',*,*,#2375,.T.);
#4295 = ORIENTED_EDGE('',*,*,#4296,.T.);
#4296 = EDGE_CURVE('',#2376,#4297,#4299,.T.);
#4297 = VERTEX_POINT('',#4298);
#4298 = CARTESIAN_POINT('',(0.16,-7.46,-3.));
#4299 = LINE('',#4300,#4301);
#4300 = CARTESIAN_POINT('',(5.333333333333E-02,-7.566666666667,
    -3.106666666667));
#4301 = VECTOR('',#4302,1.);
#4302 = DIRECTION('',(-0.57735026919,-0.57735026919,-0.57735026919));
#4303 = ORIENTED_EDGE('',*,*,#4304,.F.);
#4304 = EDGE_CURVE('',#4273,#4297,#4305,.T.);
#4305 = LINE('',#4306,#4307);
#4306 = CARTESIAN_POINT('',(0.16,-7.94,-3.));
#4307 = VECTOR('',#4308,1.);
#4308 = DIRECTION('',(0.,1.,0.));
#4309 = PLANE('',#4310);
#4310 = AXIS2_PLACEMENT_3D('',#4311,#4312,#4313);
#4311 = CARTESIAN_POINT('',(0.24,-7.94,-2.92));
#4312 = DIRECTION('',(-0.707106781187,1.735167508357E-18,0.707106781187)
  );
#4313 = DIRECTION('',(1.226948711654E-18,1.,-1.226948711654E-18));
#4314 = ADVANCED_FACE('',(#4315),#4333,.F.);
#4315 = FACE_BOUND('',#4316,.T.);
#4316 = EDGE_LOOP('',(#4317,#4325,#4326,#4327));
#4317 = ORIENTED_EDGE('',*,*,#4318,.F.);
#4318 = EDGE_CURVE('',#2400,#4319,#4321,.T.);
#4319 = VERTEX_POINT('',#4320);
#4320 = CARTESIAN_POINT('',(-0.16,-7.46,-3.));
#4321 = LINE('',#4322,#4323);
#4322 = CARTESIAN_POINT('',(-0.16,-7.46,-3.));
#4323 = VECTOR('',#4324,1.);
#4324 = DIRECTION('',(0.57735026919,-0.57735026919,-0.57735026919));
#4325 = ORIENTED_EDGE('',*,*,#2399,.T.);
#4326 = ORIENTED_EDGE('',*,*,#4296,.T.);
#4327 = ORIENTED_EDGE('',*,*,#4328,.F.);
#4328 = EDGE_CURVE('',#4319,#4297,#4329,.T.);
#4329 = LINE('',#4330,#4331);
#4330 = CARTESIAN_POINT('',(-0.32,-7.46,-3.));
#4331 = VECTOR('',#4332,1.);
#4332 = DIRECTION('',(1.,0.,0.));
#4333 = PLANE('',#4334);
#4334 = AXIS2_PLACEMENT_3D('',#4335,#4336,#4337);
#4335 = CARTESIAN_POINT('',(-0.32,-7.38,-2.92));
#4336 = DIRECTION('',(-1.735167508357E-18,-0.707106781187,0.707106781187
    ));
#4337 = DIRECTION('',(-1.,1.226948711654E-18,-1.226948711654E-18));
#4338 = ADVANCED_FACE('',(#4339),#4350,.T.);
#4339 = FACE_BOUND('',#4340,.T.);
#4340 = EDGE_LOOP('',(#4341,#4342,#4343,#4344));
#4341 = ORIENTED_EDGE('',*,*,#4263,.F.);
#4342 = ORIENTED_EDGE('',*,*,#2423,.T.);
#4343 = ORIENTED_EDGE('',*,*,#4318,.T.);
#4344 = ORIENTED_EDGE('',*,*,#4345,.F.);
#4345 = EDGE_CURVE('',#4264,#4319,#4346,.T.);
#4346 = LINE('',#4347,#4348);
#4347 = CARTESIAN_POINT('',(-0.16,-7.94,-3.));
#4348 = VECTOR('',#4349,1.);
#4349 = DIRECTION('',(0.,1.,0.));
#4350 = PLANE('',#4351);
#4351 = AXIS2_PLACEMENT_3D('',#4352,#4353,#4354);
#4352 = CARTESIAN_POINT('',(-0.24,-7.94,-2.92));
#4353 = DIRECTION('',(-0.707106781187,-1.735167508357E-18,
    -0.707106781187));
#4354 = DIRECTION('',(-1.226948711654E-18,1.,-1.226948711654E-18));
#4355 = ADVANCED_FACE('',(#4356),#4381,.T.);
#4356 = FACE_BOUND('',#4357,.F.);
#4357 = EDGE_LOOP('',(#4358,#4366,#4367,#4375));
#4358 = ORIENTED_EDGE('',*,*,#4359,.F.);
#4359 = EDGE_CURVE('',#2448,#4360,#4362,.T.);
#4360 = VERTEX_POINT('',#4361);
#4361 = CARTESIAN_POINT('',(-0.16,-5.24,-3.));
#4362 = LINE('',#4363,#4364);
#4363 = CARTESIAN_POINT('',(-0.266666666667,-5.346666666667,
    -2.893333333333));
#4364 = VECTOR('',#4365,1.);
#4365 = DIRECTION('',(0.57735026919,0.57735026919,-0.57735026919));
#4366 = ORIENTED_EDGE('',*,*,#2447,.T.);
#4367 = ORIENTED_EDGE('',*,*,#4368,.T.);
#4368 = EDGE_CURVE('',#2440,#4369,#4371,.T.);
#4369 = VERTEX_POINT('',#4370);
#4370 = CARTESIAN_POINT('',(0.16,-5.24,-3.));
#4371 = LINE('',#4372,#4373);
#4372 = CARTESIAN_POINT('',(0.16,-5.24,-3.));
#4373 = VECTOR('',#4374,1.);
#4374 = DIRECTION('',(-0.57735026919,0.57735026919,-0.57735026919));
#4375 = ORIENTED_EDGE('',*,*,#4376,.F.);
#4376 = EDGE_CURVE('',#4360,#4369,#4377,.T.);
#4377 = LINE('',#4378,#4379);
#4378 = CARTESIAN_POINT('',(-0.32,-5.24,-3.));
#4379 = VECTOR('',#4380,1.);
#4380 = DIRECTION('',(1.,0.,0.));
#4381 = PLANE('',#4382);
#4382 = AXIS2_PLACEMENT_3D('',#4383,#4384,#4385);
#4383 = CARTESIAN_POINT('',(-0.32,-5.32,-2.92));
#4384 = DIRECTION('',(1.735167508357E-18,-0.707106781187,-0.707106781187
    ));
#4385 = DIRECTION('',(-1.,-1.226948711654E-18,-1.226948711654E-18));
#4386 = ADVANCED_FACE('',(#4387),#4405,.F.);
#4387 = FACE_BOUND('',#4388,.F.);
#4388 = EDGE_LOOP('',(#4389,#4390,#4391,#4399));
#4389 = ORIENTED_EDGE('',*,*,#4368,.F.);
#4390 = ORIENTED_EDGE('',*,*,#2471,.T.);
#4391 = ORIENTED_EDGE('',*,*,#4392,.T.);
#4392 = EDGE_CURVE('',#2472,#4393,#4395,.T.);
#4393 = VERTEX_POINT('',#4394);
#4394 = CARTESIAN_POINT('',(0.16,-4.92,-3.));
#4395 = LINE('',#4396,#4397);
#4396 = CARTESIAN_POINT('',(5.333333333333E-02,-5.026666666667,
    -3.106666666667));
#4397 = VECTOR('',#4398,1.);
#4398 = DIRECTION('',(-0.57735026919,-0.57735026919,-0.57735026919));
#4399 = ORIENTED_EDGE('',*,*,#4400,.F.);
#4400 = EDGE_CURVE('',#4369,#4393,#4401,.T.);
#4401 = LINE('',#4402,#4403);
#4402 = CARTESIAN_POINT('',(0.16,-5.4,-3.));
#4403 = VECTOR('',#4404,1.);
#4404 = DIRECTION('',(0.,1.,0.));
#4405 = PLANE('',#4406);
#4406 = AXIS2_PLACEMENT_3D('',#4407,#4408,#4409);
#4407 = CARTESIAN_POINT('',(0.24,-5.4,-2.92));
#4408 = DIRECTION('',(-0.707106781187,1.735167508357E-18,0.707106781187)
  );
#4409 = DIRECTION('',(1.226948711654E-18,1.,-1.226948711654E-18));
#4410 = ADVANCED_FACE('',(#4411),#4429,.F.);
#4411 = FACE_BOUND('',#4412,.T.);
#4412 = EDGE_LOOP('',(#4413,#4421,#4422,#4423));
#4413 = ORIENTED_EDGE('',*,*,#4414,.F.);
#4414 = EDGE_CURVE('',#2496,#4415,#4417,.T.);
#4415 = VERTEX_POINT('',#4416);
#4416 = CARTESIAN_POINT('',(-0.16,-4.92,-3.));
#4417 = LINE('',#4418,#4419);
#4418 = CARTESIAN_POINT('',(-0.16,-4.92,-3.));
#4419 = VECTOR('',#4420,1.);
#4420 = DIRECTION('',(0.57735026919,-0.57735026919,-0.57735026919));
#4421 = ORIENTED_EDGE('',*,*,#2495,.T.);
#4422 = ORIENTED_EDGE('',*,*,#4392,.T.);
#4423 = ORIENTED_EDGE('',*,*,#4424,.F.);
#4424 = EDGE_CURVE('',#4415,#4393,#4425,.T.);
#4425 = LINE('',#4426,#4427);
#4426 = CARTESIAN_POINT('',(-0.32,-4.92,-3.));
#4427 = VECTOR('',#4428,1.);
#4428 = DIRECTION('',(1.,0.,0.));
#4429 = PLANE('',#4430);
#4430 = AXIS2_PLACEMENT_3D('',#4431,#4432,#4433);
#4431 = CARTESIAN_POINT('',(-0.32,-4.84,-2.92));
#4432 = DIRECTION('',(-1.735167508357E-18,-0.707106781187,0.707106781187
    ));
#4433 = DIRECTION('',(-1.,1.226948711654E-18,-1.226948711654E-18));
#4434 = ADVANCED_FACE('',(#4435),#4446,.T.);
#4435 = FACE_BOUND('',#4436,.T.);
#4436 = EDGE_LOOP('',(#4437,#4438,#4439,#4440));
#4437 = ORIENTED_EDGE('',*,*,#4359,.F.);
#4438 = ORIENTED_EDGE('',*,*,#2519,.T.);
#4439 = ORIENTED_EDGE('',*,*,#4414,.T.);
#4440 = ORIENTED_EDGE('',*,*,#4441,.F.);
#4441 = EDGE_CURVE('',#4360,#4415,#4442,.T.);
#4442 = LINE('',#4443,#4444);
#4443 = CARTESIAN_POINT('',(-0.16,-5.4,-3.));
#4444 = VECTOR('',#4445,1.);
#4445 = DIRECTION('',(0.,1.,0.));
#4446 = PLANE('',#4447);
#4447 = AXIS2_PLACEMENT_3D('',#4448,#4449,#4450);
#4448 = CARTESIAN_POINT('',(-0.24,-5.4,-2.92));
#4449 = DIRECTION('',(-0.707106781187,-1.735167508357E-18,
    -0.707106781187));
#4450 = DIRECTION('',(-1.226948711654E-18,1.,-1.226948711654E-18));
#4451 = ADVANCED_FACE('',(#4452),#4477,.F.);
#4452 = FACE_BOUND('',#4453,.T.);
#4453 = EDGE_LOOP('',(#4454,#4462,#4463,#4471));
#4454 = ORIENTED_EDGE('',*,*,#4455,.F.);
#4455 = EDGE_CURVE('',#2544,#4456,#4458,.T.);
#4456 = VERTEX_POINT('',#4457);
#4457 = CARTESIAN_POINT('',(2.38,-10.,-3.));
#4458 = LINE('',#4459,#4460);
#4459 = CARTESIAN_POINT('',(2.38,-10.,-3.));
#4460 = VECTOR('',#4461,1.);
#4461 = DIRECTION('',(0.57735026919,-0.57735026919,-0.57735026919));
#4462 = ORIENTED_EDGE('',*,*,#2543,.T.);
#4463 = ORIENTED_EDGE('',*,*,#4464,.T.);
#4464 = EDGE_CURVE('',#2536,#4465,#4467,.T.);
#4465 = VERTEX_POINT('',#4466);
#4466 = CARTESIAN_POINT('',(2.7,-10.,-3.));
#4467 = LINE('',#4468,#4469);
#4468 = CARTESIAN_POINT('',(2.593333333333,-10.10666666666,
    -3.106666666667));
#4469 = VECTOR('',#4470,1.);
#4470 = DIRECTION('',(-0.57735026919,-0.57735026919,-0.57735026919));
#4471 = ORIENTED_EDGE('',*,*,#4472,.F.);
#4472 = EDGE_CURVE('',#4456,#4465,#4473,.T.);
#4473 = LINE('',#4474,#4475);
#4474 = CARTESIAN_POINT('',(2.22,-10.,-3.));
#4475 = VECTOR('',#4476,1.);
#4476 = DIRECTION('',(1.,0.,0.));
#4477 = PLANE('',#4478);
#4478 = AXIS2_PLACEMENT_3D('',#4479,#4480,#4481);
#4479 = CARTESIAN_POINT('',(2.22,-9.92,-2.92));
#4480 = DIRECTION('',(-1.735167508357E-18,-0.707106781187,0.707106781187
    ));
#4481 = DIRECTION('',(-1.,1.226948711654E-18,-1.226948711654E-18));
#4482 = ADVANCED_FACE('',(#4483),#4501,.T.);
#4483 = FACE_BOUND('',#4484,.T.);
#4484 = EDGE_LOOP('',(#4485,#4493,#4494,#4495));
#4485 = ORIENTED_EDGE('',*,*,#4486,.F.);
#4486 = EDGE_CURVE('',#2567,#4487,#4489,.T.);
#4487 = VERTEX_POINT('',#4488);
#4488 = CARTESIAN_POINT('',(2.38,-10.32,-3.));
#4489 = LINE('',#4490,#4491);
#4490 = CARTESIAN_POINT('',(2.273333333333,-10.42666666666,
    -2.893333333333));
#4491 = VECTOR('',#4492,1.);
#4492 = DIRECTION('',(0.57735026919,0.57735026919,-0.57735026919));
#4493 = ORIENTED_EDGE('',*,*,#2574,.T.);
#4494 = ORIENTED_EDGE('',*,*,#4455,.T.);
#4495 = ORIENTED_EDGE('',*,*,#4496,.F.);
#4496 = EDGE_CURVE('',#4487,#4456,#4497,.T.);
#4497 = LINE('',#4498,#4499);
#4498 = CARTESIAN_POINT('',(2.38,-10.48,-3.));
#4499 = VECTOR('',#4500,1.);
#4500 = DIRECTION('',(0.,1.,0.));
#4501 = PLANE('',#4502);
#4502 = AXIS2_PLACEMENT_3D('',#4503,#4504,#4505);
#4503 = CARTESIAN_POINT('',(2.3,-10.48,-2.92));
#4504 = DIRECTION('',(-0.707106781187,-1.735167508357E-18,
    -0.707106781187));
#4505 = DIRECTION('',(-1.226948711654E-18,1.,-1.226948711654E-18));
#4506 = ADVANCED_FACE('',(#4507),#4525,.T.);
#4507 = FACE_BOUND('',#4508,.F.);
#4508 = EDGE_LOOP('',(#4509,#4510,#4511,#4519));
#4509 = ORIENTED_EDGE('',*,*,#4486,.F.);
#4510 = ORIENTED_EDGE('',*,*,#2598,.T.);
#4511 = ORIENTED_EDGE('',*,*,#4512,.T.);
#4512 = EDGE_CURVE('',#2591,#4513,#4515,.T.);
#4513 = VERTEX_POINT('',#4514);
#4514 = CARTESIAN_POINT('',(2.7,-10.32,-3.));
#4515 = LINE('',#4516,#4517);
#4516 = CARTESIAN_POINT('',(2.7,-10.32,-3.));
#4517 = VECTOR('',#4518,1.);
#4518 = DIRECTION('',(-0.57735026919,0.57735026919,-0.57735026919));
#4519 = ORIENTED_EDGE('',*,*,#4520,.F.);
#4520 = EDGE_CURVE('',#4487,#4513,#4521,.T.);
#4521 = LINE('',#4522,#4523);
#4522 = CARTESIAN_POINT('',(2.22,-10.32,-3.));
#4523 = VECTOR('',#4524,1.);
#4524 = DIRECTION('',(1.,0.,0.));
#4525 = PLANE('',#4526);
#4526 = AXIS2_PLACEMENT_3D('',#4527,#4528,#4529);
#4527 = CARTESIAN_POINT('',(2.22,-10.4,-2.92));
#4528 = DIRECTION('',(1.735167508357E-18,-0.707106781187,-0.707106781187
    ));
#4529 = DIRECTION('',(-1.,-1.226948711654E-18,-1.226948711654E-18));
#4530 = ADVANCED_FACE('',(#4531),#4542,.F.);
#4531 = FACE_BOUND('',#4532,.F.);
#4532 = EDGE_LOOP('',(#4533,#4534,#4535,#4536));
#4533 = ORIENTED_EDGE('',*,*,#4512,.F.);
#4534 = ORIENTED_EDGE('',*,*,#2615,.T.);
#4535 = ORIENTED_EDGE('',*,*,#4464,.T.);
#4536 = ORIENTED_EDGE('',*,*,#4537,.F.);
#4537 = EDGE_CURVE('',#4513,#4465,#4538,.T.);
#4538 = LINE('',#4539,#4540);
#4539 = CARTESIAN_POINT('',(2.7,-10.48,-3.));
#4540 = VECTOR('',#4541,1.);
#4541 = DIRECTION('',(0.,1.,0.));
#4542 = PLANE('',#4543);
#4543 = AXIS2_PLACEMENT_3D('',#4544,#4545,#4546);
#4544 = CARTESIAN_POINT('',(2.78,-10.48,-2.92));
#4545 = DIRECTION('',(-0.707106781187,1.735167508357E-18,0.707106781187)
  );
#4546 = DIRECTION('',(1.226948711654E-18,1.,-1.226948711654E-18));
#4547 = ADVANCED_FACE('',(#4548),#4573,.F.);
#4548 = FACE_BOUND('',#4549,.T.);
#4549 = EDGE_LOOP('',(#4550,#4558,#4559,#4567));
#4550 = ORIENTED_EDGE('',*,*,#4551,.F.);
#4551 = EDGE_CURVE('',#2640,#4552,#4554,.T.);
#4552 = VERTEX_POINT('',#4553);
#4553 = CARTESIAN_POINT('',(2.38,-7.46,-3.));
#4554 = LINE('',#4555,#4556);
#4555 = CARTESIAN_POINT('',(2.38,-7.46,-3.));
#4556 = VECTOR('',#4557,1.);
#4557 = DIRECTION('',(0.57735026919,-0.57735026919,-0.57735026919));
#4558 = ORIENTED_EDGE('',*,*,#2639,.T.);
#4559 = ORIENTED_EDGE('',*,*,#4560,.T.);
#4560 = EDGE_CURVE('',#2632,#4561,#4563,.T.);
#4561 = VERTEX_POINT('',#4562);
#4562 = CARTESIAN_POINT('',(2.7,-7.46,-3.));
#4563 = LINE('',#4564,#4565);
#4564 = CARTESIAN_POINT('',(2.593333333333,-7.566666666667,
    -3.106666666667));
#4565 = VECTOR('',#4566,1.);
#4566 = DIRECTION('',(-0.57735026919,-0.57735026919,-0.57735026919));
#4567 = ORIENTED_EDGE('',*,*,#4568,.F.);
#4568 = EDGE_CURVE('',#4552,#4561,#4569,.T.);
#4569 = LINE('',#4570,#4571);
#4570 = CARTESIAN_POINT('',(2.22,-7.46,-3.));
#4571 = VECTOR('',#4572,1.);
#4572 = DIRECTION('',(1.,0.,0.));
#4573 = PLANE('',#4574);
#4574 = AXIS2_PLACEMENT_3D('',#4575,#4576,#4577);
#4575 = CARTESIAN_POINT('',(2.22,-7.38,-2.92));
#4576 = DIRECTION('',(-1.735167508357E-18,-0.707106781187,0.707106781187
    ));
#4577 = DIRECTION('',(-1.,1.226948711654E-18,-1.226948711654E-18));
#4578 = ADVANCED_FACE('',(#4579),#4597,.T.);
#4579 = FACE_BOUND('',#4580,.T.);
#4580 = EDGE_LOOP('',(#4581,#4589,#4590,#4591));
#4581 = ORIENTED_EDGE('',*,*,#4582,.F.);
#4582 = EDGE_CURVE('',#2663,#4583,#4585,.T.);
#4583 = VERTEX_POINT('',#4584);
#4584 = CARTESIAN_POINT('',(2.38,-7.78,-3.));
#4585 = LINE('',#4586,#4587);
#4586 = CARTESIAN_POINT('',(2.273333333333,-7.886666666667,
    -2.893333333333));
#4587 = VECTOR('',#4588,1.);
#4588 = DIRECTION('',(0.57735026919,0.57735026919,-0.57735026919));
#4589 = ORIENTED_EDGE('',*,*,#2670,.T.);
#4590 = ORIENTED_EDGE('',*,*,#4551,.T.);
#4591 = ORIENTED_EDGE('',*,*,#4592,.F.);
#4592 = EDGE_CURVE('',#4583,#4552,#4593,.T.);
#4593 = LINE('',#4594,#4595);
#4594 = CARTESIAN_POINT('',(2.38,-7.94,-3.));
#4595 = VECTOR('',#4596,1.);
#4596 = DIRECTION('',(0.,1.,0.));
#4597 = PLANE('',#4598);
#4598 = AXIS2_PLACEMENT_3D('',#4599,#4600,#4601);
#4599 = CARTESIAN_POINT('',(2.3,-7.94,-2.92));
#4600 = DIRECTION('',(-0.707106781187,-1.735167508357E-18,
    -0.707106781187));
#4601 = DIRECTION('',(-1.226948711654E-18,1.,-1.226948711654E-18));
#4602 = ADVANCED_FACE('',(#4603),#4621,.T.);
#4603 = FACE_BOUND('',#4604,.F.);
#4604 = EDGE_LOOP('',(#4605,#4606,#4607,#4615));
#4605 = ORIENTED_EDGE('',*,*,#4582,.F.);
#4606 = ORIENTED_EDGE('',*,*,#2694,.T.);
#4607 = ORIENTED_EDGE('',*,*,#4608,.T.);
#4608 = EDGE_CURVE('',#2687,#4609,#4611,.T.);
#4609 = VERTEX_POINT('',#4610);
#4610 = CARTESIAN_POINT('',(2.7,-7.78,-3.));
#4611 = LINE('',#4612,#4613);
#4612 = CARTESIAN_POINT('',(2.7,-7.78,-3.));
#4613 = VECTOR('',#4614,1.);
#4614 = DIRECTION('',(-0.57735026919,0.57735026919,-0.57735026919));
#4615 = ORIENTED_EDGE('',*,*,#4616,.F.);
#4616 = EDGE_CURVE('',#4583,#4609,#4617,.T.);
#4617 = LINE('',#4618,#4619);
#4618 = CARTESIAN_POINT('',(2.22,-7.78,-3.));
#4619 = VECTOR('',#4620,1.);
#4620 = DIRECTION('',(1.,0.,0.));
#4621 = PLANE('',#4622);
#4622 = AXIS2_PLACEMENT_3D('',#4623,#4624,#4625);
#4623 = CARTESIAN_POINT('',(2.22,-7.86,-2.92));
#4624 = DIRECTION('',(1.735167508357E-18,-0.707106781187,-0.707106781187
    ));
#4625 = DIRECTION('',(-1.,-1.226948711654E-18,-1.226948711654E-18));
#4626 = ADVANCED_FACE('',(#4627),#4638,.F.);
#4627 = FACE_BOUND('',#4628,.F.);
#4628 = EDGE_LOOP('',(#4629,#4630,#4631,#4632));
#4629 = ORIENTED_EDGE('',*,*,#4608,.F.);
#4630 = ORIENTED_EDGE('',*,*,#2711,.T.);
#4631 = ORIENTED_EDGE('',*,*,#4560,.T.);
#4632 = ORIENTED_EDGE('',*,*,#4633,.F.);
#4633 = EDGE_CURVE('',#4609,#4561,#4634,.T.);
#4634 = LINE('',#4635,#4636);
#4635 = CARTESIAN_POINT('',(2.7,-7.94,-3.));
#4636 = VECTOR('',#4637,1.);
#4637 = DIRECTION('',(0.,1.,0.));
#4638 = PLANE('',#4639);
#4639 = AXIS2_PLACEMENT_3D('',#4640,#4641,#4642);
#4640 = CARTESIAN_POINT('',(2.78,-7.94,-2.92));
#4641 = DIRECTION('',(-0.707106781187,1.735167508357E-18,0.707106781187)
  );
#4642 = DIRECTION('',(1.226948711654E-18,1.,-1.226948711654E-18));
#4643 = ADVANCED_FACE('',(#4644),#4669,.F.);
#4644 = FACE_BOUND('',#4645,.T.);
#4645 = EDGE_LOOP('',(#4646,#4654,#4655,#4663));
#4646 = ORIENTED_EDGE('',*,*,#4647,.F.);
#4647 = EDGE_CURVE('',#2736,#4648,#4650,.T.);
#4648 = VERTEX_POINT('',#4649);
#4649 = CARTESIAN_POINT('',(2.38,-4.92,-3.));
#4650 = LINE('',#4651,#4652);
#4651 = CARTESIAN_POINT('',(2.38,-4.92,-3.));
#4652 = VECTOR('',#4653,1.);
#4653 = DIRECTION('',(0.57735026919,-0.57735026919,-0.57735026919));
#4654 = ORIENTED_EDGE('',*,*,#2735,.T.);
#4655 = ORIENTED_EDGE('',*,*,#4656,.T.);
#4656 = EDGE_CURVE('',#2728,#4657,#4659,.T.);
#4657 = VERTEX_POINT('',#4658);
#4658 = CARTESIAN_POINT('',(2.7,-4.92,-3.));
#4659 = LINE('',#4660,#4661);
#4660 = CARTESIAN_POINT('',(2.593333333333,-5.026666666667,
    -3.106666666667));
#4661 = VECTOR('',#4662,1.);
#4662 = DIRECTION('',(-0.57735026919,-0.57735026919,-0.57735026919));
#4663 = ORIENTED_EDGE('',*,*,#4664,.F.);
#4664 = EDGE_CURVE('',#4648,#4657,#4665,.T.);
#4665 = LINE('',#4666,#4667);
#4666 = CARTESIAN_POINT('',(2.22,-4.92,-3.));
#4667 = VECTOR('',#4668,1.);
#4668 = DIRECTION('',(1.,0.,0.));
#4669 = PLANE('',#4670);
#4670 = AXIS2_PLACEMENT_3D('',#4671,#4672,#4673);
#4671 = CARTESIAN_POINT('',(2.22,-4.84,-2.92));
#4672 = DIRECTION('',(-1.735167508357E-18,-0.707106781187,0.707106781187
    ));
#4673 = DIRECTION('',(-1.,1.226948711654E-18,-1.226948711654E-18));
#4674 = ADVANCED_FACE('',(#4675),#4693,.T.);
#4675 = FACE_BOUND('',#4676,.T.);
#4676 = EDGE_LOOP('',(#4677,#4685,#4686,#4687));
#4677 = ORIENTED_EDGE('',*,*,#4678,.F.);
#4678 = EDGE_CURVE('',#2759,#4679,#4681,.T.);
#4679 = VERTEX_POINT('',#4680);
#4680 = CARTESIAN_POINT('',(2.38,-5.24,-3.));
#4681 = LINE('',#4682,#4683);
#4682 = CARTESIAN_POINT('',(2.273333333333,-5.346666666667,
    -2.893333333333));
#4683 = VECTOR('',#4684,1.);
#4684 = DIRECTION('',(0.57735026919,0.57735026919,-0.57735026919));
#4685 = ORIENTED_EDGE('',*,*,#2766,.T.);
#4686 = ORIENTED_EDGE('',*,*,#4647,.T.);
#4687 = ORIENTED_EDGE('',*,*,#4688,.F.);
#4688 = EDGE_CURVE('',#4679,#4648,#4689,.T.);
#4689 = LINE('',#4690,#4691);
#4690 = CARTESIAN_POINT('',(2.38,-5.4,-3.));
#4691 = VECTOR('',#4692,1.);
#4692 = DIRECTION('',(0.,1.,0.));
#4693 = PLANE('',#4694);
#4694 = AXIS2_PLACEMENT_3D('',#4695,#4696,#4697);
#4695 = CARTESIAN_POINT('',(2.3,-5.4,-2.92));
#4696 = DIRECTION('',(-0.707106781187,-1.735167508357E-18,
    -0.707106781187));
#4697 = DIRECTION('',(-1.226948711654E-18,1.,-1.226948711654E-18));
#4698 = ADVANCED_FACE('',(#4699),#4717,.T.);
#4699 = FACE_BOUND('',#4700,.F.);
#4700 = EDGE_LOOP('',(#4701,#4702,#4703,#4711));
#4701 = ORIENTED_EDGE('',*,*,#4678,.F.);
#4702 = ORIENTED_EDGE('',*,*,#2790,.T.);
#4703 = ORIENTED_EDGE('',*,*,#4704,.T.);
#4704 = EDGE_CURVE('',#2783,#4705,#4707,.T.);
#4705 = VERTEX_POINT('',#4706);
#4706 = CARTESIAN_POINT('',(2.7,-5.24,-3.));
#4707 = LINE('',#4708,#4709);
#4708 = CARTESIAN_POINT('',(2.7,-5.24,-3.));
#4709 = VECTOR('',#4710,1.);
#4710 = DIRECTION('',(-0.57735026919,0.57735026919,-0.57735026919));
#4711 = ORIENTED_EDGE('',*,*,#4712,.F.);
#4712 = EDGE_CURVE('',#4679,#4705,#4713,.T.);
#4713 = LINE('',#4714,#4715);
#4714 = CARTESIAN_POINT('',(2.22,-5.24,-3.));
#4715 = VECTOR('',#4716,1.);
#4716 = DIRECTION('',(1.,0.,0.));
#4717 = PLANE('',#4718);
#4718 = AXIS2_PLACEMENT_3D('',#4719,#4720,#4721);
#4719 = CARTESIAN_POINT('',(2.22,-5.32,-2.92));
#4720 = DIRECTION('',(1.735167508357E-18,-0.707106781187,-0.707106781187
    ));
#4721 = DIRECTION('',(-1.,-1.226948711654E-18,-1.226948711654E-18));
#4722 = ADVANCED_FACE('',(#4723),#4734,.F.);
#4723 = FACE_BOUND('',#4724,.F.);
#4724 = EDGE_LOOP('',(#4725,#4726,#4727,#4728));
#4725 = ORIENTED_EDGE('',*,*,#4704,.F.);
#4726 = ORIENTED_EDGE('',*,*,#2807,.T.);
#4727 = ORIENTED_EDGE('',*,*,#4656,.T.);
#4728 = ORIENTED_EDGE('',*,*,#4729,.F.);
#4729 = EDGE_CURVE('',#4705,#4657,#4730,.T.);
#4730 = LINE('',#4731,#4732);
#4731 = CARTESIAN_POINT('',(2.7,-5.4,-3.));
#4732 = VECTOR('',#4733,1.);
#4733 = DIRECTION('',(0.,1.,0.));
#4734 = PLANE('',#4735);
#4735 = AXIS2_PLACEMENT_3D('',#4736,#4737,#4738);
#4736 = CARTESIAN_POINT('',(2.78,-5.4,-2.92));
#4737 = DIRECTION('',(-0.707106781187,1.735167508357E-18,0.707106781187)
  );
#4738 = DIRECTION('',(1.226948711654E-18,1.,-1.226948711654E-18));
#4739 = ADVANCED_FACE('',(#4740),#4765,.F.);
#4740 = FACE_BOUND('',#4741,.T.);
#4741 = EDGE_LOOP('',(#4742,#4750,#4751,#4759));
#4742 = ORIENTED_EDGE('',*,*,#4743,.F.);
#4743 = EDGE_CURVE('',#2833,#4744,#4746,.T.);
#4744 = VERTEX_POINT('',#4745);
#4745 = CARTESIAN_POINT('',(2.38,-0.16,8.54));
#4746 = LINE('',#4747,#4748);
#4747 = CARTESIAN_POINT('',(2.273333333333,-0.266666666667,
    8.433333333333));
#4748 = VECTOR('',#4749,1.);
#4749 = DIRECTION('',(0.57735026919,0.57735026919,0.57735026919));
#4750 = ORIENTED_EDGE('',*,*,#2840,.T.);
#4751 = ORIENTED_EDGE('',*,*,#4752,.T.);
#4752 = EDGE_CURVE('',#2824,#4753,#4755,.T.);
#4753 = VERTEX_POINT('',#4754);
#4754 = CARTESIAN_POINT('',(2.7,-0.16,8.54));
#4755 = LINE('',#4756,#4757);
#4756 = CARTESIAN_POINT('',(2.7,-0.16,8.54));
#4757 = VECTOR('',#4758,1.);
#4758 = DIRECTION('',(-0.57735026919,0.57735026919,0.57735026919));
#4759 = ORIENTED_EDGE('',*,*,#4760,.F.);
#4760 = EDGE_CURVE('',#4744,#4753,#4761,.T.);
#4761 = LINE('',#4762,#4763);
#4762 = CARTESIAN_POINT('',(2.22,-0.16,8.54));
#4763 = VECTOR('',#4764,1.);
#4764 = DIRECTION('',(1.,0.,0.));
#4765 = PLANE('',#4766);
#4766 = AXIS2_PLACEMENT_3D('',#4767,#4768,#4769);
#4767 = CARTESIAN_POINT('',(2.22,-0.24,8.46));
#4768 = DIRECTION('',(-1.735167508357E-18,0.707106781187,-0.707106781187
    ));
#4769 = DIRECTION('',(-1.,-1.226948711654E-18,1.226948711654E-18));
#4770 = ADVANCED_FACE('',(#4771),#4789,.T.);
#4771 = FACE_BOUND('',#4772,.T.);
#4772 = EDGE_LOOP('',(#4773,#4774,#4775,#4783));
#4773 = ORIENTED_EDGE('',*,*,#4752,.F.);
#4774 = ORIENTED_EDGE('',*,*,#2864,.T.);
#4775 = ORIENTED_EDGE('',*,*,#4776,.T.);
#4776 = EDGE_CURVE('',#2857,#4777,#4779,.T.);
#4777 = VERTEX_POINT('',#4778);
#4778 = CARTESIAN_POINT('',(2.7,0.16,8.54));
#4779 = LINE('',#4780,#4781);
#4780 = CARTESIAN_POINT('',(2.593333333333,5.333333333333E-02,
    8.646666666667));
#4781 = VECTOR('',#4782,1.);
#4782 = DIRECTION('',(-0.57735026919,-0.57735026919,0.57735026919));
#4783 = ORIENTED_EDGE('',*,*,#4784,.F.);
#4784 = EDGE_CURVE('',#4753,#4777,#4785,.T.);
#4785 = LINE('',#4786,#4787);
#4786 = CARTESIAN_POINT('',(2.7,-0.32,8.54));
#4787 = VECTOR('',#4788,1.);
#4788 = DIRECTION('',(0.,1.,0.));
#4789 = PLANE('',#4790);
#4790 = AXIS2_PLACEMENT_3D('',#4791,#4792,#4793);
#4791 = CARTESIAN_POINT('',(2.78,-0.32,8.46));
#4792 = DIRECTION('',(0.707106781187,-1.735167508357E-18,0.707106781187)
  );
#4793 = DIRECTION('',(1.226948711654E-18,1.,1.226948711654E-18));
#4794 = ADVANCED_FACE('',(#4795),#4813,.T.);
#4795 = FACE_BOUND('',#4796,.F.);
#4796 = EDGE_LOOP('',(#4797,#4805,#4806,#4807));
#4797 = ORIENTED_EDGE('',*,*,#4798,.F.);
#4798 = EDGE_CURVE('',#2881,#4799,#4801,.T.);
#4799 = VERTEX_POINT('',#4800);
#4800 = CARTESIAN_POINT('',(2.38,0.16,8.54));
#4801 = LINE('',#4802,#4803);
#4802 = CARTESIAN_POINT('',(2.38,0.16,8.54));
#4803 = VECTOR('',#4804,1.);
#4804 = DIRECTION('',(0.57735026919,-0.57735026919,0.57735026919));
#4805 = ORIENTED_EDGE('',*,*,#2888,.T.);
#4806 = ORIENTED_EDGE('',*,*,#4776,.T.);
#4807 = ORIENTED_EDGE('',*,*,#4808,.F.);
#4808 = EDGE_CURVE('',#4799,#4777,#4809,.T.);
#4809 = LINE('',#4810,#4811);
#4810 = CARTESIAN_POINT('',(2.22,0.16,8.54));
#4811 = VECTOR('',#4812,1.);
#4812 = DIRECTION('',(1.,0.,0.));
#4813 = PLANE('',#4814);
#4814 = AXIS2_PLACEMENT_3D('',#4815,#4816,#4817);
#4815 = CARTESIAN_POINT('',(2.22,0.24,8.46));
#4816 = DIRECTION('',(1.735167508357E-18,0.707106781187,0.707106781187)
  );
#4817 = DIRECTION('',(-1.,1.226948711654E-18,1.226948711654E-18));
#4818 = ADVANCED_FACE('',(#4819),#4830,.F.);
#4819 = FACE_BOUND('',#4820,.F.);
#4820 = EDGE_LOOP('',(#4821,#4822,#4823,#4824));
#4821 = ORIENTED_EDGE('',*,*,#4743,.F.);
#4822 = ORIENTED_EDGE('',*,*,#2905,.T.);
#4823 = ORIENTED_EDGE('',*,*,#4798,.T.);
#4824 = ORIENTED_EDGE('',*,*,#4825,.F.);
#4825 = EDGE_CURVE('',#4744,#4799,#4826,.T.);
#4826 = LINE('',#4827,#4828);
#4827 = CARTESIAN_POINT('',(2.38,-0.32,8.54));
#4828 = VECTOR('',#4829,1.);
#4829 = DIRECTION('',(0.,1.,0.));
#4830 = PLANE('',#4831);
#4831 = AXIS2_PLACEMENT_3D('',#4832,#4833,#4834);
#4832 = CARTESIAN_POINT('',(2.3,-0.32,8.46));
#4833 = DIRECTION('',(0.707106781187,1.735167508357E-18,-0.707106781187)
  );
#4834 = DIRECTION('',(-1.226948711654E-18,1.,1.226948711654E-18));
#4835 = ADVANCED_FACE('',(#4836),#4861,.F.);
#4836 = FACE_BOUND('',#4837,.T.);
#4837 = EDGE_LOOP('',(#4838,#4846,#4847,#4855));
#4838 = ORIENTED_EDGE('',*,*,#4839,.F.);
#4839 = EDGE_CURVE('',#2929,#4840,#4842,.T.);
#4840 = VERTEX_POINT('',#4841);
#4841 = CARTESIAN_POINT('',(-0.16,-0.16,8.54));
#4842 = LINE('',#4843,#4844);
#4843 = CARTESIAN_POINT('',(-0.266666666667,-0.266666666667,
    8.433333333333));
#4844 = VECTOR('',#4845,1.);
#4845 = DIRECTION('',(0.57735026919,0.57735026919,0.57735026919));
#4846 = ORIENTED_EDGE('',*,*,#2936,.T.);
#4847 = ORIENTED_EDGE('',*,*,#4848,.T.);
#4848 = EDGE_CURVE('',#2920,#4849,#4851,.T.);
#4849 = VERTEX_POINT('',#4850);
#4850 = CARTESIAN_POINT('',(0.16,-0.16,8.54));
#4851 = LINE('',#4852,#4853);
#4852 = CARTESIAN_POINT('',(0.16,-0.16,8.54));
#4853 = VECTOR('',#4854,1.);
#4854 = DIRECTION('',(-0.57735026919,0.57735026919,0.57735026919));
#4855 = ORIENTED_EDGE('',*,*,#4856,.F.);
#4856 = EDGE_CURVE('',#4840,#4849,#4857,.T.);
#4857 = LINE('',#4858,#4859);
#4858 = CARTESIAN_POINT('',(-0.32,-0.16,8.54));
#4859 = VECTOR('',#4860,1.);
#4860 = DIRECTION('',(1.,0.,0.));
#4861 = PLANE('',#4862);
#4862 = AXIS2_PLACEMENT_3D('',#4863,#4864,#4865);
#4863 = CARTESIAN_POINT('',(-0.32,-0.24,8.46));
#4864 = DIRECTION('',(-1.735167508357E-18,0.707106781187,-0.707106781187
    ));
#4865 = DIRECTION('',(-1.,-1.226948711654E-18,1.226948711654E-18));
#4866 = ADVANCED_FACE('',(#4867),#4885,.T.);
#4867 = FACE_BOUND('',#4868,.T.);
#4868 = EDGE_LOOP('',(#4869,#4870,#4871,#4879));
#4869 = ORIENTED_EDGE('',*,*,#4848,.F.);
#4870 = ORIENTED_EDGE('',*,*,#2960,.T.);
#4871 = ORIENTED_EDGE('',*,*,#4872,.T.);
#4872 = EDGE_CURVE('',#2953,#4873,#4875,.T.);
#4873 = VERTEX_POINT('',#4874);
#4874 = CARTESIAN_POINT('',(0.16,0.16,8.54));
#4875 = LINE('',#4876,#4877);
#4876 = CARTESIAN_POINT('',(5.333333333333E-02,5.333333333333E-02,
    8.646666666667));
#4877 = VECTOR('',#4878,1.);
#4878 = DIRECTION('',(-0.57735026919,-0.57735026919,0.57735026919));
#4879 = ORIENTED_EDGE('',*,*,#4880,.F.);
#4880 = EDGE_CURVE('',#4849,#4873,#4881,.T.);
#4881 = LINE('',#4882,#4883);
#4882 = CARTESIAN_POINT('',(0.16,-0.32,8.54));
#4883 = VECTOR('',#4884,1.);
#4884 = DIRECTION('',(0.,1.,0.));
#4885 = PLANE('',#4886);
#4886 = AXIS2_PLACEMENT_3D('',#4887,#4888,#4889);
#4887 = CARTESIAN_POINT('',(0.24,-0.32,8.46));
#4888 = DIRECTION('',(0.707106781187,-1.735167508357E-18,0.707106781187)
  );
#4889 = DIRECTION('',(1.226948711654E-18,1.,1.226948711654E-18));
#4890 = ADVANCED_FACE('',(#4891),#4909,.T.);
#4891 = FACE_BOUND('',#4892,.F.);
#4892 = EDGE_LOOP('',(#4893,#4901,#4902,#4903));
#4893 = ORIENTED_EDGE('',*,*,#4894,.F.);
#4894 = EDGE_CURVE('',#2977,#4895,#4897,.T.);
#4895 = VERTEX_POINT('',#4896);
#4896 = CARTESIAN_POINT('',(-0.16,0.16,8.54));
#4897 = LINE('',#4898,#4899);
#4898 = CARTESIAN_POINT('',(-0.16,0.16,8.54));
#4899 = VECTOR('',#4900,1.);
#4900 = DIRECTION('',(0.57735026919,-0.57735026919,0.57735026919));
#4901 = ORIENTED_EDGE('',*,*,#2984,.T.);
#4902 = ORIENTED_EDGE('',*,*,#4872,.T.);
#4903 = ORIENTED_EDGE('',*,*,#4904,.F.);
#4904 = EDGE_CURVE('',#4895,#4873,#4905,.T.);
#4905 = LINE('',#4906,#4907);
#4906 = CARTESIAN_POINT('',(-0.32,0.16,8.54));
#4907 = VECTOR('',#4908,1.);
#4908 = DIRECTION('',(1.,0.,0.));
#4909 = PLANE('',#4910);
#4910 = AXIS2_PLACEMENT_3D('',#4911,#4912,#4913);
#4911 = CARTESIAN_POINT('',(-0.32,0.24,8.46));
#4912 = DIRECTION('',(1.735167508357E-18,0.707106781187,0.707106781187)
  );
#4913 = DIRECTION('',(-1.,1.226948711654E-18,1.226948711654E-18));
#4914 = ADVANCED_FACE('',(#4915),#4926,.F.);
#4915 = FACE_BOUND('',#4916,.F.);
#4916 = EDGE_LOOP('',(#4917,#4918,#4919,#4920));
#4917 = ORIENTED_EDGE('',*,*,#4839,.F.);
#4918 = ORIENTED_EDGE('',*,*,#3001,.T.);
#4919 = ORIENTED_EDGE('',*,*,#4894,.T.);
#4920 = ORIENTED_EDGE('',*,*,#4921,.F.);
#4921 = EDGE_CURVE('',#4840,#4895,#4922,.T.);
#4922 = LINE('',#4923,#4924);
#4923 = CARTESIAN_POINT('',(-0.16,-0.32,8.54));
#4924 = VECTOR('',#4925,1.);
#4925 = DIRECTION('',(0.,1.,0.));
#4926 = PLANE('',#4927);
#4927 = AXIS2_PLACEMENT_3D('',#4928,#4929,#4930);
#4928 = CARTESIAN_POINT('',(-0.24,-0.32,8.46));
#4929 = DIRECTION('',(0.707106781187,1.735167508357E-18,-0.707106781187)
  );
#4930 = DIRECTION('',(-1.226948711654E-18,1.,1.226948711654E-18));
#4931 = ADVANCED_FACE('',(#4932),#4957,.T.);
#4932 = FACE_BOUND('',#4933,.T.);
#4933 = EDGE_LOOP('',(#4934,#4942,#4943,#4951));
#4934 = ORIENTED_EDGE('',*,*,#4935,.F.);
#4935 = EDGE_CURVE('',#3016,#4936,#4938,.T.);
#4936 = VERTEX_POINT('',#4937);
#4937 = CARTESIAN_POINT('',(2.7,-2.7,8.54));
#4938 = LINE('',#4939,#4940);
#4939 = CARTESIAN_POINT('',(2.7,-2.7,8.54));
#4940 = VECTOR('',#4941,1.);
#4941 = DIRECTION('',(-0.57735026919,0.57735026919,0.57735026919));
#4942 = ORIENTED_EDGE('',*,*,#3032,.T.);
#4943 = ORIENTED_EDGE('',*,*,#4944,.T.);
#4944 = EDGE_CURVE('',#3025,#4945,#4947,.T.);
#4945 = VERTEX_POINT('',#4946);
#4946 = CARTESIAN_POINT('',(2.7,-2.38,8.54));
#4947 = LINE('',#4948,#4949);
#4948 = CARTESIAN_POINT('',(2.593333333333,-2.486666666667,
    8.646666666667));
#4949 = VECTOR('',#4950,1.);
#4950 = DIRECTION('',(-0.57735026919,-0.57735026919,0.57735026919));
#4951 = ORIENTED_EDGE('',*,*,#4952,.F.);
#4952 = EDGE_CURVE('',#4936,#4945,#4953,.T.);
#4953 = LINE('',#4954,#4955);
#4954 = CARTESIAN_POINT('',(2.7,-2.86,8.54));
#4955 = VECTOR('',#4956,1.);
#4956 = DIRECTION('',(0.,1.,0.));
#4957 = PLANE('',#4958);
#4958 = AXIS2_PLACEMENT_3D('',#4959,#4960,#4961);
#4959 = CARTESIAN_POINT('',(2.78,-2.86,8.46));
#4960 = DIRECTION('',(0.707106781187,-1.735167508357E-18,0.707106781187)
  );
#4961 = DIRECTION('',(1.226948711654E-18,1.,1.226948711654E-18));
#4962 = ADVANCED_FACE('',(#4963),#4981,.T.);
#4963 = FACE_BOUND('',#4964,.F.);
#4964 = EDGE_LOOP('',(#4965,#4973,#4974,#4975));
#4965 = ORIENTED_EDGE('',*,*,#4966,.F.);
#4966 = EDGE_CURVE('',#3049,#4967,#4969,.T.);
#4967 = VERTEX_POINT('',#4968);
#4968 = CARTESIAN_POINT('',(2.38,-2.38,8.54));
#4969 = LINE('',#4970,#4971);
#4970 = CARTESIAN_POINT('',(2.38,-2.38,8.54));
#4971 = VECTOR('',#4972,1.);
#4972 = DIRECTION('',(0.57735026919,-0.57735026919,0.57735026919));
#4973 = ORIENTED_EDGE('',*,*,#3056,.T.);
#4974 = ORIENTED_EDGE('',*,*,#4944,.T.);
#4975 = ORIENTED_EDGE('',*,*,#4976,.F.);
#4976 = EDGE_CURVE('',#4967,#4945,#4977,.T.);
#4977 = LINE('',#4978,#4979);
#4978 = CARTESIAN_POINT('',(2.22,-2.38,8.54));
#4979 = VECTOR('',#4980,1.);
#4980 = DIRECTION('',(1.,0.,0.));
#4981 = PLANE('',#4982);
#4982 = AXIS2_PLACEMENT_3D('',#4983,#4984,#4985);
#4983 = CARTESIAN_POINT('',(2.22,-2.3,8.46));
#4984 = DIRECTION('',(1.735167508357E-18,0.707106781187,0.707106781187)
  );
#4985 = DIRECTION('',(-1.,1.226948711654E-18,1.226948711654E-18));
#4986 = ADVANCED_FACE('',(#4987),#5005,.F.);
#4987 = FACE_BOUND('',#4988,.F.);
#4988 = EDGE_LOOP('',(#4989,#4997,#4998,#4999));
#4989 = ORIENTED_EDGE('',*,*,#4990,.F.);
#4990 = EDGE_CURVE('',#3071,#4991,#4993,.T.);
#4991 = VERTEX_POINT('',#4992);
#4992 = CARTESIAN_POINT('',(2.38,-2.7,8.54));
#4993 = LINE('',#4994,#4995);
#4994 = CARTESIAN_POINT('',(2.273333333333,-2.806666666667,
    8.433333333333));
#4995 = VECTOR('',#4996,1.);
#4996 = DIRECTION('',(0.57735026919,0.57735026919,0.57735026919));
#4997 = ORIENTED_EDGE('',*,*,#3080,.T.);
#4998 = ORIENTED_EDGE('',*,*,#4966,.T.);
#4999 = ORIENTED_EDGE('',*,*,#5000,.F.);
#5000 = EDGE_CURVE('',#4991,#4967,#5001,.T.);
#5001 = LINE('',#5002,#5003);
#5002 = CARTESIAN_POINT('',(2.38,-2.86,8.54));
#5003 = VECTOR('',#5004,1.);
#5004 = DIRECTION('',(0.,1.,0.));
#5005 = PLANE('',#5006);
#5006 = AXIS2_PLACEMENT_3D('',#5007,#5008,#5009);
#5007 = CARTESIAN_POINT('',(2.3,-2.86,8.46));
#5008 = DIRECTION('',(0.707106781187,1.735167508357E-18,-0.707106781187)
  );
#5009 = DIRECTION('',(-1.226948711654E-18,1.,1.226948711654E-18));
#5010 = ADVANCED_FACE('',(#5011),#5022,.F.);
#5011 = FACE_BOUND('',#5012,.T.);
#5012 = EDGE_LOOP('',(#5013,#5014,#5015,#5016));
#5013 = ORIENTED_EDGE('',*,*,#4990,.F.);
#5014 = ORIENTED_EDGE('',*,*,#3097,.T.);
#5015 = ORIENTED_EDGE('',*,*,#4935,.T.);
#5016 = ORIENTED_EDGE('',*,*,#5017,.F.);
#5017 = EDGE_CURVE('',#4991,#4936,#5018,.T.);
#5018 = LINE('',#5019,#5020);
#5019 = CARTESIAN_POINT('',(2.22,-2.7,8.54));
#5020 = VECTOR('',#5021,1.);
#5021 = DIRECTION('',(1.,0.,0.));
#5022 = PLANE('',#5023);
#5023 = AXIS2_PLACEMENT_3D('',#5024,#5025,#5026);
#5024 = CARTESIAN_POINT('',(2.22,-2.78,8.46));
#5025 = DIRECTION('',(-1.735167508357E-18,0.707106781187,-0.707106781187
    ));
#5026 = DIRECTION('',(-1.,-1.226948711654E-18,1.226948711654E-18));
#5027 = ADVANCED_FACE('',(#5028),#5053,.T.);
#5028 = FACE_BOUND('',#5029,.F.);
#5029 = EDGE_LOOP('',(#5030,#5038,#5039,#5047));
#5030 = ORIENTED_EDGE('',*,*,#5031,.F.);
#5031 = EDGE_CURVE('',#3121,#5032,#5034,.T.);
#5032 = VERTEX_POINT('',#5033);
#5033 = CARTESIAN_POINT('',(-0.16,-2.38,8.54));
#5034 = LINE('',#5035,#5036);
#5035 = CARTESIAN_POINT('',(-0.16,-2.38,8.54));
#5036 = VECTOR('',#5037,1.);
#5037 = DIRECTION('',(0.57735026919,-0.57735026919,0.57735026919));
#5038 = ORIENTED_EDGE('',*,*,#3128,.T.);
#5039 = ORIENTED_EDGE('',*,*,#5040,.T.);
#5040 = EDGE_CURVE('',#3112,#5041,#5043,.T.);
#5041 = VERTEX_POINT('',#5042);
#5042 = CARTESIAN_POINT('',(0.16,-2.38,8.54));
#5043 = LINE('',#5044,#5045);
#5044 = CARTESIAN_POINT('',(5.333333333333E-02,-2.486666666667,
    8.646666666667));
#5045 = VECTOR('',#5046,1.);
#5046 = DIRECTION('',(-0.57735026919,-0.57735026919,0.57735026919));
#5047 = ORIENTED_EDGE('',*,*,#5048,.F.);
#5048 = EDGE_CURVE('',#5032,#5041,#5049,.T.);
#5049 = LINE('',#5050,#5051);
#5050 = CARTESIAN_POINT('',(-0.32,-2.38,8.54));
#5051 = VECTOR('',#5052,1.);
#5052 = DIRECTION('',(1.,0.,0.));
#5053 = PLANE('',#5054);
#5054 = AXIS2_PLACEMENT_3D('',#5055,#5056,#5057);
#5055 = CARTESIAN_POINT('',(-0.32,-2.3,8.46));
#5056 = DIRECTION('',(1.735167508357E-18,0.707106781187,0.707106781187)
  );
#5057 = DIRECTION('',(-1.,1.226948711654E-18,1.226948711654E-18));
#5058 = ADVANCED_FACE('',(#5059),#5077,.F.);
#5059 = FACE_BOUND('',#5060,.F.);
#5060 = EDGE_LOOP('',(#5061,#5069,#5070,#5071));
#5061 = ORIENTED_EDGE('',*,*,#5062,.F.);
#5062 = EDGE_CURVE('',#3143,#5063,#5065,.T.);
#5063 = VERTEX_POINT('',#5064);
#5064 = CARTESIAN_POINT('',(-0.16,-2.7,8.54));
#5065 = LINE('',#5066,#5067);
#5066 = CARTESIAN_POINT('',(-0.266666666667,-2.806666666667,
    8.433333333333));
#5067 = VECTOR('',#5068,1.);
#5068 = DIRECTION('',(0.57735026919,0.57735026919,0.57735026919));
#5069 = ORIENTED_EDGE('',*,*,#3152,.T.);
#5070 = ORIENTED_EDGE('',*,*,#5031,.T.);
#5071 = ORIENTED_EDGE('',*,*,#5072,.F.);
#5072 = EDGE_CURVE('',#5063,#5032,#5073,.T.);
#5073 = LINE('',#5074,#5075);
#5074 = CARTESIAN_POINT('',(-0.16,-2.86,8.54));
#5075 = VECTOR('',#5076,1.);
#5076 = DIRECTION('',(0.,1.,0.));
#5077 = PLANE('',#5078);
#5078 = AXIS2_PLACEMENT_3D('',#5079,#5080,#5081);
#5079 = CARTESIAN_POINT('',(-0.24,-2.86,8.46));
#5080 = DIRECTION('',(0.707106781187,1.735167508357E-18,-0.707106781187)
  );
#5081 = DIRECTION('',(-1.226948711654E-18,1.,1.226948711654E-18));
#5082 = ADVANCED_FACE('',(#5083),#5101,.F.);
#5083 = FACE_BOUND('',#5084,.T.);
#5084 = EDGE_LOOP('',(#5085,#5086,#5087,#5095));
#5085 = ORIENTED_EDGE('',*,*,#5062,.F.);
#5086 = ORIENTED_EDGE('',*,*,#3176,.T.);
#5087 = ORIENTED_EDGE('',*,*,#5088,.T.);
#5088 = EDGE_CURVE('',#3167,#5089,#5091,.T.);
#5089 = VERTEX_POINT('',#5090);
#5090 = CARTESIAN_POINT('',(0.16,-2.7,8.54));
#5091 = LINE('',#5092,#5093);
#5092 = CARTESIAN_POINT('',(0.16,-2.7,8.54));
#5093 = VECTOR('',#5094,1.);
#5094 = DIRECTION('',(-0.57735026919,0.57735026919,0.57735026919));
#5095 = ORIENTED_EDGE('',*,*,#5096,.F.);
#5096 = EDGE_CURVE('',#5063,#5089,#5097,.T.);
#5097 = LINE('',#5098,#5099);
#5098 = CARTESIAN_POINT('',(-0.32,-2.7,8.54));
#5099 = VECTOR('',#5100,1.);
#5100 = DIRECTION('',(1.,0.,0.));
#5101 = PLANE('',#5102);
#5102 = AXIS2_PLACEMENT_3D('',#5103,#5104,#5105);
#5103 = CARTESIAN_POINT('',(-0.32,-2.78,8.46));
#5104 = DIRECTION('',(-1.735167508357E-18,0.707106781187,-0.707106781187
    ));
#5105 = DIRECTION('',(-1.,-1.226948711654E-18,1.226948711654E-18));
#5106 = ADVANCED_FACE('',(#5107),#5118,.T.);
#5107 = FACE_BOUND('',#5108,.T.);
#5108 = EDGE_LOOP('',(#5109,#5110,#5111,#5112));
#5109 = ORIENTED_EDGE('',*,*,#5088,.F.);
#5110 = ORIENTED_EDGE('',*,*,#3193,.T.);
#5111 = ORIENTED_EDGE('',*,*,#5040,.T.);
#5112 = ORIENTED_EDGE('',*,*,#5113,.F.);
#5113 = EDGE_CURVE('',#5089,#5041,#5114,.T.);
#5114 = LINE('',#5115,#5116);
#5115 = CARTESIAN_POINT('',(0.16,-2.86,8.54));
#5116 = VECTOR('',#5117,1.);
#5117 = DIRECTION('',(0.,1.,0.));
#5118 = PLANE('',#5119);
#5119 = AXIS2_PLACEMENT_3D('',#5120,#5121,#5122);
#5120 = CARTESIAN_POINT('',(0.24,-2.86,8.46));
#5121 = DIRECTION('',(0.707106781187,-1.735167508357E-18,0.707106781187)
  );
#5122 = DIRECTION('',(1.226948711654E-18,1.,1.226948711654E-18));
#5123 = ADVANCED_FACE('',(#5124),#5149,.F.);
#5124 = FACE_BOUND('',#5125,.T.);
#5125 = EDGE_LOOP('',(#5126,#5134,#5135,#5143));
#5126 = ORIENTED_EDGE('',*,*,#5127,.F.);
#5127 = EDGE_CURVE('',#3217,#5128,#5130,.T.);
#5128 = VERTEX_POINT('',#5129);
#5129 = CARTESIAN_POINT('',(-0.16,-10.32,8.54));
#5130 = LINE('',#5131,#5132);
#5131 = CARTESIAN_POINT('',(-0.266666666667,-10.42666666666,
    8.433333333333));
#5132 = VECTOR('',#5133,1.);
#5133 = DIRECTION('',(0.57735026919,0.57735026919,0.57735026919));
#5134 = ORIENTED_EDGE('',*,*,#3224,.T.);
#5135 = ORIENTED_EDGE('',*,*,#5136,.T.);
#5136 = EDGE_CURVE('',#3208,#5137,#5139,.T.);
#5137 = VERTEX_POINT('',#5138);
#5138 = CARTESIAN_POINT('',(0.16,-10.32,8.54));
#5139 = LINE('',#5140,#5141);
#5140 = CARTESIAN_POINT('',(0.16,-10.32,8.54));
#5141 = VECTOR('',#5142,1.);
#5142 = DIRECTION('',(-0.57735026919,0.57735026919,0.57735026919));
#5143 = ORIENTED_EDGE('',*,*,#5144,.F.);
#5144 = EDGE_CURVE('',#5128,#5137,#5145,.T.);
#5145 = LINE('',#5146,#5147);
#5146 = CARTESIAN_POINT('',(-0.32,-10.32,8.54));
#5147 = VECTOR('',#5148,1.);
#5148 = DIRECTION('',(1.,0.,0.));
#5149 = PLANE('',#5150);
#5150 = AXIS2_PLACEMENT_3D('',#5151,#5152,#5153);
#5151 = CARTESIAN_POINT('',(-0.32,-10.4,8.46));
#5152 = DIRECTION('',(-1.735167508357E-18,0.707106781187,-0.707106781187
    ));
#5153 = DIRECTION('',(-1.,-1.226948711654E-18,1.226948711654E-18));
#5154 = ADVANCED_FACE('',(#5155),#5173,.T.);
#5155 = FACE_BOUND('',#5156,.T.);
#5156 = EDGE_LOOP('',(#5157,#5158,#5159,#5167));
#5157 = ORIENTED_EDGE('',*,*,#5136,.F.);
#5158 = ORIENTED_EDGE('',*,*,#3248,.T.);
#5159 = ORIENTED_EDGE('',*,*,#5160,.T.);
#5160 = EDGE_CURVE('',#3241,#5161,#5163,.T.);
#5161 = VERTEX_POINT('',#5162);
#5162 = CARTESIAN_POINT('',(0.16,-10.,8.54));
#5163 = LINE('',#5164,#5165);
#5164 = CARTESIAN_POINT('',(5.333333333333E-02,-10.10666666666,
    8.646666666667));
#5165 = VECTOR('',#5166,1.);
#5166 = DIRECTION('',(-0.57735026919,-0.57735026919,0.57735026919));
#5167 = ORIENTED_EDGE('',*,*,#5168,.F.);
#5168 = EDGE_CURVE('',#5137,#5161,#5169,.T.);
#5169 = LINE('',#5170,#5171);
#5170 = CARTESIAN_POINT('',(0.16,-10.48,8.54));
#5171 = VECTOR('',#5172,1.);
#5172 = DIRECTION('',(0.,1.,0.));
#5173 = PLANE('',#5174);
#5174 = AXIS2_PLACEMENT_3D('',#5175,#5176,#5177);
#5175 = CARTESIAN_POINT('',(0.24,-10.48,8.46));
#5176 = DIRECTION('',(0.707106781187,-1.735167508357E-18,0.707106781187)
  );
#5177 = DIRECTION('',(1.226948711654E-18,1.,1.226948711654E-18));
#5178 = ADVANCED_FACE('',(#5179),#5197,.T.);
#5179 = FACE_BOUND('',#5180,.F.);
#5180 = EDGE_LOOP('',(#5181,#5189,#5190,#5191));
#5181 = ORIENTED_EDGE('',*,*,#5182,.F.);
#5182 = EDGE_CURVE('',#3265,#5183,#5185,.T.);
#5183 = VERTEX_POINT('',#5184);
#5184 = CARTESIAN_POINT('',(-0.16,-10.,8.54));
#5185 = LINE('',#5186,#5187);
#5186 = CARTESIAN_POINT('',(-0.16,-10.,8.54));
#5187 = VECTOR('',#5188,1.);
#5188 = DIRECTION('',(0.57735026919,-0.57735026919,0.57735026919));
#5189 = ORIENTED_EDGE('',*,*,#3272,.T.);
#5190 = ORIENTED_EDGE('',*,*,#5160,.T.);
#5191 = ORIENTED_EDGE('',*,*,#5192,.F.);
#5192 = EDGE_CURVE('',#5183,#5161,#5193,.T.);
#5193 = LINE('',#5194,#5195);
#5194 = CARTESIAN_POINT('',(-0.32,-10.,8.54));
#5195 = VECTOR('',#5196,1.);
#5196 = DIRECTION('',(1.,0.,0.));
#5197 = PLANE('',#5198);
#5198 = AXIS2_PLACEMENT_3D('',#5199,#5200,#5201);
#5199 = CARTESIAN_POINT('',(-0.32,-9.92,8.46));
#5200 = DIRECTION('',(1.735167508357E-18,0.707106781187,0.707106781187)
  );
#5201 = DIRECTION('',(-1.,1.226948711654E-18,1.226948711654E-18));
#5202 = ADVANCED_FACE('',(#5203),#5214,.F.);
#5203 = FACE_BOUND('',#5204,.F.);
#5204 = EDGE_LOOP('',(#5205,#5206,#5207,#5208));
#5205 = ORIENTED_EDGE('',*,*,#5127,.F.);
#5206 = ORIENTED_EDGE('',*,*,#3289,.T.);
#5207 = ORIENTED_EDGE('',*,*,#5182,.T.);
#5208 = ORIENTED_EDGE('',*,*,#5209,.F.);
#5209 = EDGE_CURVE('',#5128,#5183,#5210,.T.);
#5210 = LINE('',#5211,#5212);
#5211 = CARTESIAN_POINT('',(-0.16,-10.48,8.54));
#5212 = VECTOR('',#5213,1.);
#5213 = DIRECTION('',(0.,1.,0.));
#5214 = PLANE('',#5215);
#5215 = AXIS2_PLACEMENT_3D('',#5216,#5217,#5218);
#5216 = CARTESIAN_POINT('',(-0.24,-10.48,8.46));
#5217 = DIRECTION('',(0.707106781187,1.735167508357E-18,-0.707106781187)
  );
#5218 = DIRECTION('',(-1.226948711654E-18,1.,1.226948711654E-18));
#5219 = ADVANCED_FACE('',(#5220),#5245,.F.);
#5220 = FACE_BOUND('',#5221,.T.);
#5221 = EDGE_LOOP('',(#5222,#5230,#5231,#5239));
#5222 = ORIENTED_EDGE('',*,*,#5223,.F.);
#5223 = EDGE_CURVE('',#3313,#5224,#5226,.T.);
#5224 = VERTEX_POINT('',#5225);
#5225 = CARTESIAN_POINT('',(-0.16,-7.78,8.54));
#5226 = LINE('',#5227,#5228);
#5227 = CARTESIAN_POINT('',(-0.266666666667,-7.886666666667,
    8.433333333333));
#5228 = VECTOR('',#5229,1.);
#5229 = DIRECTION('',(0.57735026919,0.57735026919,0.57735026919));
#5230 = ORIENTED_EDGE('',*,*,#3320,.T.);
#5231 = ORIENTED_EDGE('',*,*,#5232,.T.);
#5232 = EDGE_CURVE('',#3304,#5233,#5235,.T.);
#5233 = VERTEX_POINT('',#5234);
#5234 = CARTESIAN_POINT('',(0.16,-7.78,8.54));
#5235 = LINE('',#5236,#5237);
#5236 = CARTESIAN_POINT('',(0.16,-7.78,8.54));
#5237 = VECTOR('',#5238,1.);
#5238 = DIRECTION('',(-0.57735026919,0.57735026919,0.57735026919));
#5239 = ORIENTED_EDGE('',*,*,#5240,.F.);
#5240 = EDGE_CURVE('',#5224,#5233,#5241,.T.);
#5241 = LINE('',#5242,#5243);
#5242 = CARTESIAN_POINT('',(-0.32,-7.78,8.54));
#5243 = VECTOR('',#5244,1.);
#5244 = DIRECTION('',(1.,0.,0.));
#5245 = PLANE('',#5246);
#5246 = AXIS2_PLACEMENT_3D('',#5247,#5248,#5249);
#5247 = CARTESIAN_POINT('',(-0.32,-7.86,8.46));
#5248 = DIRECTION('',(-1.735167508357E-18,0.707106781187,-0.707106781187
    ));
#5249 = DIRECTION('',(-1.,-1.226948711654E-18,1.226948711654E-18));
#5250 = ADVANCED_FACE('',(#5251),#5269,.T.);
#5251 = FACE_BOUND('',#5252,.T.);
#5252 = EDGE_LOOP('',(#5253,#5254,#5255,#5263));
#5253 = ORIENTED_EDGE('',*,*,#5232,.F.);
#5254 = ORIENTED_EDGE('',*,*,#3344,.T.);
#5255 = ORIENTED_EDGE('',*,*,#5256,.T.);
#5256 = EDGE_CURVE('',#3337,#5257,#5259,.T.);
#5257 = VERTEX_POINT('',#5258);
#5258 = CARTESIAN_POINT('',(0.16,-7.46,8.54));
#5259 = LINE('',#5260,#5261);
#5260 = CARTESIAN_POINT('',(5.333333333333E-02,-7.566666666667,
    8.646666666667));
#5261 = VECTOR('',#5262,1.);
#5262 = DIRECTION('',(-0.57735026919,-0.57735026919,0.57735026919));
#5263 = ORIENTED_EDGE('',*,*,#5264,.F.);
#5264 = EDGE_CURVE('',#5233,#5257,#5265,.T.);
#5265 = LINE('',#5266,#5267);
#5266 = CARTESIAN_POINT('',(0.16,-7.94,8.54));
#5267 = VECTOR('',#5268,1.);
#5268 = DIRECTION('',(0.,1.,0.));
#5269 = PLANE('',#5270);
#5270 = AXIS2_PLACEMENT_3D('',#5271,#5272,#5273);
#5271 = CARTESIAN_POINT('',(0.24,-7.94,8.46));
#5272 = DIRECTION('',(0.707106781187,-1.735167508357E-18,0.707106781187)
  );
#5273 = DIRECTION('',(1.226948711654E-18,1.,1.226948711654E-18));
#5274 = ADVANCED_FACE('',(#5275),#5293,.T.);
#5275 = FACE_BOUND('',#5276,.F.);
#5276 = EDGE_LOOP('',(#5277,#5285,#5286,#5287));
#5277 = ORIENTED_EDGE('',*,*,#5278,.F.);
#5278 = EDGE_CURVE('',#3361,#5279,#5281,.T.);
#5279 = VERTEX_POINT('',#5280);
#5280 = CARTESIAN_POINT('',(-0.16,-7.46,8.54));
#5281 = LINE('',#5282,#5283);
#5282 = CARTESIAN_POINT('',(-0.16,-7.46,8.54));
#5283 = VECTOR('',#5284,1.);
#5284 = DIRECTION('',(0.57735026919,-0.57735026919,0.57735026919));
#5285 = ORIENTED_EDGE('',*,*,#3368,.T.);
#5286 = ORIENTED_EDGE('',*,*,#5256,.T.);
#5287 = ORIENTED_EDGE('',*,*,#5288,.F.);
#5288 = EDGE_CURVE('',#5279,#5257,#5289,.T.);
#5289 = LINE('',#5290,#5291);
#5290 = CARTESIAN_POINT('',(-0.32,-7.46,8.54));
#5291 = VECTOR('',#5292,1.);
#5292 = DIRECTION('',(1.,0.,0.));
#5293 = PLANE('',#5294);
#5294 = AXIS2_PLACEMENT_3D('',#5295,#5296,#5297);
#5295 = CARTESIAN_POINT('',(-0.32,-7.38,8.46));
#5296 = DIRECTION('',(1.735167508357E-18,0.707106781187,0.707106781187)
  );
#5297 = DIRECTION('',(-1.,1.226948711654E-18,1.226948711654E-18));
#5298 = ADVANCED_FACE('',(#5299),#5310,.F.);
#5299 = FACE_BOUND('',#5300,.F.);
#5300 = EDGE_LOOP('',(#5301,#5302,#5303,#5304));
#5301 = ORIENTED_EDGE('',*,*,#5223,.F.);
#5302 = ORIENTED_EDGE('',*,*,#3385,.T.);
#5303 = ORIENTED_EDGE('',*,*,#5278,.T.);
#5304 = ORIENTED_EDGE('',*,*,#5305,.F.);
#5305 = EDGE_CURVE('',#5224,#5279,#5306,.T.);
#5306 = LINE('',#5307,#5308);
#5307 = CARTESIAN_POINT('',(-0.16,-7.94,8.54));
#5308 = VECTOR('',#5309,1.);
#5309 = DIRECTION('',(0.,1.,0.));
#5310 = PLANE('',#5311);
#5311 = AXIS2_PLACEMENT_3D('',#5312,#5313,#5314);
#5312 = CARTESIAN_POINT('',(-0.24,-7.94,8.46));
#5313 = DIRECTION('',(0.707106781187,1.735167508357E-18,-0.707106781187)
  );
#5314 = DIRECTION('',(-1.226948711654E-18,1.,1.226948711654E-18));
#5315 = ADVANCED_FACE('',(#5316),#5341,.F.);
#5316 = FACE_BOUND('',#5317,.T.);
#5317 = EDGE_LOOP('',(#5318,#5326,#5327,#5335));
#5318 = ORIENTED_EDGE('',*,*,#5319,.F.);
#5319 = EDGE_CURVE('',#3409,#5320,#5322,.T.);
#5320 = VERTEX_POINT('',#5321);
#5321 = CARTESIAN_POINT('',(-0.16,-5.24,8.54));
#5322 = LINE('',#5323,#5324);
#5323 = CARTESIAN_POINT('',(-0.266666666667,-5.346666666667,
    8.433333333333));
#5324 = VECTOR('',#5325,1.);
#5325 = DIRECTION('',(0.57735026919,0.57735026919,0.57735026919));
#5326 = ORIENTED_EDGE('',*,*,#3416,.T.);
#5327 = ORIENTED_EDGE('',*,*,#5328,.T.);
#5328 = EDGE_CURVE('',#3400,#5329,#5331,.T.);
#5329 = VERTEX_POINT('',#5330);
#5330 = CARTESIAN_POINT('',(0.16,-5.24,8.54));
#5331 = LINE('',#5332,#5333);
#5332 = CARTESIAN_POINT('',(0.16,-5.24,8.54));
#5333 = VECTOR('',#5334,1.);
#5334 = DIRECTION('',(-0.57735026919,0.57735026919,0.57735026919));
#5335 = ORIENTED_EDGE('',*,*,#5336,.F.);
#5336 = EDGE_CURVE('',#5320,#5329,#5337,.T.);
#5337 = LINE('',#5338,#5339);
#5338 = CARTESIAN_POINT('',(-0.32,-5.24,8.54));
#5339 = VECTOR('',#5340,1.);
#5340 = DIRECTION('',(1.,0.,0.));
#5341 = PLANE('',#5342);
#5342 = AXIS2_PLACEMENT_3D('',#5343,#5344,#5345);
#5343 = CARTESIAN_POINT('',(-0.32,-5.32,8.46));
#5344 = DIRECTION('',(-1.735167508357E-18,0.707106781187,-0.707106781187
    ));
#5345 = DIRECTION('',(-1.,-1.226948711654E-18,1.226948711654E-18));
#5346 = ADVANCED_FACE('',(#5347),#5365,.T.);
#5347 = FACE_BOUND('',#5348,.T.);
#5348 = EDGE_LOOP('',(#5349,#5350,#5351,#5359));
#5349 = ORIENTED_EDGE('',*,*,#5328,.F.);
#5350 = ORIENTED_EDGE('',*,*,#3440,.T.);
#5351 = ORIENTED_EDGE('',*,*,#5352,.T.);
#5352 = EDGE_CURVE('',#3433,#5353,#5355,.T.);
#5353 = VERTEX_POINT('',#5354);
#5354 = CARTESIAN_POINT('',(0.16,-4.92,8.54));
#5355 = LINE('',#5356,#5357);
#5356 = CARTESIAN_POINT('',(5.333333333333E-02,-5.026666666667,
    8.646666666667));
#5357 = VECTOR('',#5358,1.);
#5358 = DIRECTION('',(-0.57735026919,-0.57735026919,0.57735026919));
#5359 = ORIENTED_EDGE('',*,*,#5360,.F.);
#5360 = EDGE_CURVE('',#5329,#5353,#5361,.T.);
#5361 = LINE('',#5362,#5363);
#5362 = CARTESIAN_POINT('',(0.16,-5.4,8.54));
#5363 = VECTOR('',#5364,1.);
#5364 = DIRECTION('',(0.,1.,0.));
#5365 = PLANE('',#5366);
#5366 = AXIS2_PLACEMENT_3D('',#5367,#5368,#5369);
#5367 = CARTESIAN_POINT('',(0.24,-5.4,8.46));
#5368 = DIRECTION('',(0.707106781187,-1.735167508357E-18,0.707106781187)
  );
#5369 = DIRECTION('',(1.226948711654E-18,1.,1.226948711654E-18));
#5370 = ADVANCED_FACE('',(#5371),#5389,.T.);
#5371 = FACE_BOUND('',#5372,.F.);
#5372 = EDGE_LOOP('',(#5373,#5381,#5382,#5383));
#5373 = ORIENTED_EDGE('',*,*,#5374,.F.);
#5374 = EDGE_CURVE('',#3457,#5375,#5377,.T.);
#5375 = VERTEX_POINT('',#5376);
#5376 = CARTESIAN_POINT('',(-0.16,-4.92,8.54));
#5377 = LINE('',#5378,#5379);
#5378 = CARTESIAN_POINT('',(-0.16,-4.92,8.54));
#5379 = VECTOR('',#5380,1.);
#5380 = DIRECTION('',(0.57735026919,-0.57735026919,0.57735026919));
#5381 = ORIENTED_EDGE('',*,*,#3464,.T.);
#5382 = ORIENTED_EDGE('',*,*,#5352,.T.);
#5383 = ORIENTED_EDGE('',*,*,#5384,.F.);
#5384 = EDGE_CURVE('',#5375,#5353,#5385,.T.);
#5385 = LINE('',#5386,#5387);
#5386 = CARTESIAN_POINT('',(-0.32,-4.92,8.54));
#5387 = VECTOR('',#5388,1.);
#5388 = DIRECTION('',(1.,0.,0.));
#5389 = PLANE('',#5390);
#5390 = AXIS2_PLACEMENT_3D('',#5391,#5392,#5393);
#5391 = CARTESIAN_POINT('',(-0.32,-4.84,8.46));
#5392 = DIRECTION('',(1.735167508357E-18,0.707106781187,0.707106781187)
  );
#5393 = DIRECTION('',(-1.,1.226948711654E-18,1.226948711654E-18));
#5394 = ADVANCED_FACE('',(#5395),#5406,.F.);
#5395 = FACE_BOUND('',#5396,.F.);
#5396 = EDGE_LOOP('',(#5397,#5398,#5399,#5400));
#5397 = ORIENTED_EDGE('',*,*,#5319,.F.);
#5398 = ORIENTED_EDGE('',*,*,#3481,.T.);
#5399 = ORIENTED_EDGE('',*,*,#5374,.T.);
#5400 = ORIENTED_EDGE('',*,*,#5401,.F.);
#5401 = EDGE_CURVE('',#5320,#5375,#5402,.T.);
#5402 = LINE('',#5403,#5404);
#5403 = CARTESIAN_POINT('',(-0.16,-5.4,8.54));
#5404 = VECTOR('',#5405,1.);
#5405 = DIRECTION('',(0.,1.,0.));
#5406 = PLANE('',#5407);
#5407 = AXIS2_PLACEMENT_3D('',#5408,#5409,#5410);
#5408 = CARTESIAN_POINT('',(-0.24,-5.4,8.46));
#5409 = DIRECTION('',(0.707106781187,1.735167508357E-18,-0.707106781187)
  );
#5410 = DIRECTION('',(-1.226948711654E-18,1.,1.226948711654E-18));
#5411 = ADVANCED_FACE('',(#5412),#5437,.T.);
#5412 = FACE_BOUND('',#5413,.F.);
#5413 = EDGE_LOOP('',(#5414,#5422,#5423,#5431));
#5414 = ORIENTED_EDGE('',*,*,#5415,.F.);
#5415 = EDGE_CURVE('',#3505,#5416,#5418,.T.);
#5416 = VERTEX_POINT('',#5417);
#5417 = CARTESIAN_POINT('',(2.38,-10.,8.54));
#5418 = LINE('',#5419,#5420);
#5419 = CARTESIAN_POINT('',(2.38,-10.,8.54));
#5420 = VECTOR('',#5421,1.);
#5421 = DIRECTION('',(0.57735026919,-0.57735026919,0.57735026919));
#5422 = ORIENTED_EDGE('',*,*,#3512,.T.);
#5423 = ORIENTED_EDGE('',*,*,#5424,.T.);
#5424 = EDGE_CURVE('',#3496,#5425,#5427,.T.);
#5425 = VERTEX_POINT('',#5426);
#5426 = CARTESIAN_POINT('',(2.7,-10.,8.54));
#5427 = LINE('',#5428,#5429);
#5428 = CARTESIAN_POINT('',(2.593333333333,-10.10666666666,
    8.646666666667));
#5429 = VECTOR('',#5430,1.);
#5430 = DIRECTION('',(-0.57735026919,-0.57735026919,0.57735026919));
#5431 = ORIENTED_EDGE('',*,*,#5432,.F.);
#5432 = EDGE_CURVE('',#5416,#5425,#5433,.T.);
#5433 = LINE('',#5434,#5435);
#5434 = CARTESIAN_POINT('',(2.22,-10.,8.54));
#5435 = VECTOR('',#5436,1.);
#5436 = DIRECTION('',(1.,0.,0.));
#5437 = PLANE('',#5438);
#5438 = AXIS2_PLACEMENT_3D('',#5439,#5440,#5441);
#5439 = CARTESIAN_POINT('',(2.22,-9.92,8.46));
#5440 = DIRECTION('',(1.735167508357E-18,0.707106781187,0.707106781187)
  );
#5441 = DIRECTION('',(-1.,1.226948711654E-18,1.226948711654E-18));
#5442 = ADVANCED_FACE('',(#5443),#5461,.F.);
#5443 = FACE_BOUND('',#5444,.F.);
#5444 = EDGE_LOOP('',(#5445,#5453,#5454,#5455));
#5445 = ORIENTED_EDGE('',*,*,#5446,.F.);
#5446 = EDGE_CURVE('',#3527,#5447,#5449,.T.);
#5447 = VERTEX_POINT('',#5448);
#5448 = CARTESIAN_POINT('',(2.38,-10.32,8.54));
#5449 = LINE('',#5450,#5451);
#5450 = CARTESIAN_POINT('',(2.273333333333,-10.42666666666,
    8.433333333333));
#5451 = VECTOR('',#5452,1.);
#5452 = DIRECTION('',(0.57735026919,0.57735026919,0.57735026919));
#5453 = ORIENTED_EDGE('',*,*,#3536,.T.);
#5454 = ORIENTED_EDGE('',*,*,#5415,.T.);
#5455 = ORIENTED_EDGE('',*,*,#5456,.F.);
#5456 = EDGE_CURVE('',#5447,#5416,#5457,.T.);
#5457 = LINE('',#5458,#5459);
#5458 = CARTESIAN_POINT('',(2.38,-10.48,8.54));
#5459 = VECTOR('',#5460,1.);
#5460 = DIRECTION('',(0.,1.,0.));
#5461 = PLANE('',#5462);
#5462 = AXIS2_PLACEMENT_3D('',#5463,#5464,#5465);
#5463 = CARTESIAN_POINT('',(2.3,-10.48,8.46));
#5464 = DIRECTION('',(0.707106781187,1.735167508357E-18,-0.707106781187)
  );
#5465 = DIRECTION('',(-1.226948711654E-18,1.,1.226948711654E-18));
#5466 = ADVANCED_FACE('',(#5467),#5485,.F.);
#5467 = FACE_BOUND('',#5468,.T.);
#5468 = EDGE_LOOP('',(#5469,#5470,#5471,#5479));
#5469 = ORIENTED_EDGE('',*,*,#5446,.F.);
#5470 = ORIENTED_EDGE('',*,*,#3560,.T.);
#5471 = ORIENTED_EDGE('',*,*,#5472,.T.);
#5472 = EDGE_CURVE('',#3551,#5473,#5475,.T.);
#5473 = VERTEX_POINT('',#5474);
#5474 = CARTESIAN_POINT('',(2.7,-10.32,8.54));
#5475 = LINE('',#5476,#5477);
#5476 = CARTESIAN_POINT('',(2.7,-10.32,8.54));
#5477 = VECTOR('',#5478,1.);
#5478 = DIRECTION('',(-0.57735026919,0.57735026919,0.57735026919));
#5479 = ORIENTED_EDGE('',*,*,#5480,.F.);
#5480 = EDGE_CURVE('',#5447,#5473,#5481,.T.);
#5481 = LINE('',#5482,#5483);
#5482 = CARTESIAN_POINT('',(2.22,-10.32,8.54));
#5483 = VECTOR('',#5484,1.);
#5484 = DIRECTION('',(1.,0.,0.));
#5485 = PLANE('',#5486);
#5486 = AXIS2_PLACEMENT_3D('',#5487,#5488,#5489);
#5487 = CARTESIAN_POINT('',(2.22,-10.4,8.46));
#5488 = DIRECTION('',(-1.735167508357E-18,0.707106781187,-0.707106781187
    ));
#5489 = DIRECTION('',(-1.,-1.226948711654E-18,1.226948711654E-18));
#5490 = ADVANCED_FACE('',(#5491),#5502,.T.);
#5491 = FACE_BOUND('',#5492,.T.);
#5492 = EDGE_LOOP('',(#5493,#5494,#5495,#5496));
#5493 = ORIENTED_EDGE('',*,*,#5472,.F.);
#5494 = ORIENTED_EDGE('',*,*,#3577,.T.);
#5495 = ORIENTED_EDGE('',*,*,#5424,.T.);
#5496 = ORIENTED_EDGE('',*,*,#5497,.F.);
#5497 = EDGE_CURVE('',#5473,#5425,#5498,.T.);
#5498 = LINE('',#5499,#5500);
#5499 = CARTESIAN_POINT('',(2.7,-10.48,8.54));
#5500 = VECTOR('',#5501,1.);
#5501 = DIRECTION('',(0.,1.,0.));
#5502 = PLANE('',#5503);
#5503 = AXIS2_PLACEMENT_3D('',#5504,#5505,#5506);
#5504 = CARTESIAN_POINT('',(2.78,-10.48,8.46));
#5505 = DIRECTION('',(0.707106781187,-1.735167508357E-18,0.707106781187)
  );
#5506 = DIRECTION('',(1.226948711654E-18,1.,1.226948711654E-18));
#5507 = ADVANCED_FACE('',(#5508),#5533,.T.);
#5508 = FACE_BOUND('',#5509,.F.);
#5509 = EDGE_LOOP('',(#5510,#5518,#5519,#5527));
#5510 = ORIENTED_EDGE('',*,*,#5511,.F.);
#5511 = EDGE_CURVE('',#3601,#5512,#5514,.T.);
#5512 = VERTEX_POINT('',#5513);
#5513 = CARTESIAN_POINT('',(2.38,-7.46,8.54));
#5514 = LINE('',#5515,#5516);
#5515 = CARTESIAN_POINT('',(2.38,-7.46,8.54));
#5516 = VECTOR('',#5517,1.);
#5517 = DIRECTION('',(0.57735026919,-0.57735026919,0.57735026919));
#5518 = ORIENTED_EDGE('',*,*,#3608,.T.);
#5519 = ORIENTED_EDGE('',*,*,#5520,.T.);
#5520 = EDGE_CURVE('',#3592,#5521,#5523,.T.);
#5521 = VERTEX_POINT('',#5522);
#5522 = CARTESIAN_POINT('',(2.7,-7.46,8.54));
#5523 = LINE('',#5524,#5525);
#5524 = CARTESIAN_POINT('',(2.593333333333,-7.566666666667,
    8.646666666667));
#5525 = VECTOR('',#5526,1.);
#5526 = DIRECTION('',(-0.57735026919,-0.57735026919,0.57735026919));
#5527 = ORIENTED_EDGE('',*,*,#5528,.F.);
#5528 = EDGE_CURVE('',#5512,#5521,#5529,.T.);
#5529 = LINE('',#5530,#5531);
#5530 = CARTESIAN_POINT('',(2.22,-7.46,8.54));
#5531 = VECTOR('',#5532,1.);
#5532 = DIRECTION('',(1.,0.,0.));
#5533 = PLANE('',#5534);
#5534 = AXIS2_PLACEMENT_3D('',#5535,#5536,#5537);
#5535 = CARTESIAN_POINT('',(2.22,-7.38,8.46));
#5536 = DIRECTION('',(1.735167508357E-18,0.707106781187,0.707106781187)
  );
#5537 = DIRECTION('',(-1.,1.226948711654E-18,1.226948711654E-18));
#5538 = ADVANCED_FACE('',(#5539),#5557,.F.);
#5539 = FACE_BOUND('',#5540,.F.);
#5540 = EDGE_LOOP('',(#5541,#5549,#5550,#5551));
#5541 = ORIENTED_EDGE('',*,*,#5542,.F.);
#5542 = EDGE_CURVE('',#3623,#5543,#5545,.T.);
#5543 = VERTEX_POINT('',#5544);
#5544 = CARTESIAN_POINT('',(2.38,-7.78,8.54));
#5545 = LINE('',#5546,#5547);
#5546 = CARTESIAN_POINT('',(2.273333333333,-7.886666666667,
    8.433333333333));
#5547 = VECTOR('',#5548,1.);
#5548 = DIRECTION('',(0.57735026919,0.57735026919,0.57735026919));
#5549 = ORIENTED_EDGE('',*,*,#3632,.T.);
#5550 = ORIENTED_EDGE('',*,*,#5511,.T.);
#5551 = ORIENTED_EDGE('',*,*,#5552,.F.);
#5552 = EDGE_CURVE('',#5543,#5512,#5553,.T.);
#5553 = LINE('',#5554,#5555);
#5554 = CARTESIAN_POINT('',(2.38,-7.94,8.54));
#5555 = VECTOR('',#5556,1.);
#5556 = DIRECTION('',(0.,1.,0.));
#5557 = PLANE('',#5558);
#5558 = AXIS2_PLACEMENT_3D('',#5559,#5560,#5561);
#5559 = CARTESIAN_POINT('',(2.3,-7.94,8.46));
#5560 = DIRECTION('',(0.707106781187,1.735167508357E-18,-0.707106781187)
  );
#5561 = DIRECTION('',(-1.226948711654E-18,1.,1.226948711654E-18));
#5562 = ADVANCED_FACE('',(#5563),#5581,.F.);
#5563 = FACE_BOUND('',#5564,.T.);
#5564 = EDGE_LOOP('',(#5565,#5566,#5567,#5575));
#5565 = ORIENTED_EDGE('',*,*,#5542,.F.);
#5566 = ORIENTED_EDGE('',*,*,#3656,.T.);
#5567 = ORIENTED_EDGE('',*,*,#5568,.T.);
#5568 = EDGE_CURVE('',#3647,#5569,#5571,.T.);
#5569 = VERTEX_POINT('',#5570);
#5570 = CARTESIAN_POINT('',(2.7,-7.78,8.54));
#5571 = LINE('',#5572,#5573);
#5572 = CARTESIAN_POINT('',(2.7,-7.78,8.54));
#5573 = VECTOR('',#5574,1.);
#5574 = DIRECTION('',(-0.57735026919,0.57735026919,0.57735026919));
#5575 = ORIENTED_EDGE('',*,*,#5576,.F.);
#5576 = EDGE_CURVE('',#5543,#5569,#5577,.T.);
#5577 = LINE('',#5578,#5579);
#5578 = CARTESIAN_POINT('',(2.22,-7.78,8.54));
#5579 = VECTOR('',#5580,1.);
#5580 = DIRECTION('',(1.,0.,0.));
#5581 = PLANE('',#5582);
#5582 = AXIS2_PLACEMENT_3D('',#5583,#5584,#5585);
#5583 = CARTESIAN_POINT('',(2.22,-7.86,8.46));
#5584 = DIRECTION('',(-1.735167508357E-18,0.707106781187,-0.707106781187
    ));
#5585 = DIRECTION('',(-1.,-1.226948711654E-18,1.226948711654E-18));
#5586 = ADVANCED_FACE('',(#5587),#5598,.T.);
#5587 = FACE_BOUND('',#5588,.T.);
#5588 = EDGE_LOOP('',(#5589,#5590,#5591,#5592));
#5589 = ORIENTED_EDGE('',*,*,#5568,.F.);
#5590 = ORIENTED_EDGE('',*,*,#3673,.T.);
#5591 = ORIENTED_EDGE('',*,*,#5520,.T.);
#5592 = ORIENTED_EDGE('',*,*,#5593,.F.);
#5593 = EDGE_CURVE('',#5569,#5521,#5594,.T.);
#5594 = LINE('',#5595,#5596);
#5595 = CARTESIAN_POINT('',(2.7,-7.94,8.54));
#5596 = VECTOR('',#5597,1.);
#5597 = DIRECTION('',(0.,1.,0.));
#5598 = PLANE('',#5599);
#5599 = AXIS2_PLACEMENT_3D('',#5600,#5601,#5602);
#5600 = CARTESIAN_POINT('',(2.78,-7.94,8.46));
#5601 = DIRECTION('',(0.707106781187,-1.735167508357E-18,0.707106781187)
  );
#5602 = DIRECTION('',(1.226948711654E-18,1.,1.226948711654E-18));
#5603 = ADVANCED_FACE('',(#5604),#5629,.T.);
#5604 = FACE_BOUND('',#5605,.F.);
#5605 = EDGE_LOOP('',(#5606,#5614,#5615,#5623));
#5606 = ORIENTED_EDGE('',*,*,#5607,.F.);
#5607 = EDGE_CURVE('',#3697,#5608,#5610,.T.);
#5608 = VERTEX_POINT('',#5609);
#5609 = CARTESIAN_POINT('',(2.38,-4.92,8.54));
#5610 = LINE('',#5611,#5612);
#5611 = CARTESIAN_POINT('',(2.38,-4.92,8.54));
#5612 = VECTOR('',#5613,1.);
#5613 = DIRECTION('',(0.57735026919,-0.57735026919,0.57735026919));
#5614 = ORIENTED_EDGE('',*,*,#3704,.T.);
#5615 = ORIENTED_EDGE('',*,*,#5616,.T.);
#5616 = EDGE_CURVE('',#3688,#5617,#5619,.T.);
#5617 = VERTEX_POINT('',#5618);
#5618 = CARTESIAN_POINT('',(2.7,-4.92,8.54));
#5619 = LINE('',#5620,#5621);
#5620 = CARTESIAN_POINT('',(2.593333333333,-5.026666666667,
    8.646666666667));
#5621 = VECTOR('',#5622,1.);
#5622 = DIRECTION('',(-0.57735026919,-0.57735026919,0.57735026919));
#5623 = ORIENTED_EDGE('',*,*,#5624,.F.);
#5624 = EDGE_CURVE('',#5608,#5617,#5625,.T.);
#5625 = LINE('',#5626,#5627);
#5626 = CARTESIAN_POINT('',(2.22,-4.92,8.54));
#5627 = VECTOR('',#5628,1.);
#5628 = DIRECTION('',(1.,0.,0.));
#5629 = PLANE('',#5630);
#5630 = AXIS2_PLACEMENT_3D('',#5631,#5632,#5633);
#5631 = CARTESIAN_POINT('',(2.22,-4.84,8.46));
#5632 = DIRECTION('',(1.735167508357E-18,0.707106781187,0.707106781187)
  );
#5633 = DIRECTION('',(-1.,1.226948711654E-18,1.226948711654E-18));
#5634 = ADVANCED_FACE('',(#5635),#5653,.F.);
#5635 = FACE_BOUND('',#5636,.F.);
#5636 = EDGE_LOOP('',(#5637,#5645,#5646,#5647));
#5637 = ORIENTED_EDGE('',*,*,#5638,.F.);
#5638 = EDGE_CURVE('',#3719,#5639,#5641,.T.);
#5639 = VERTEX_POINT('',#5640);
#5640 = CARTESIAN_POINT('',(2.38,-5.24,8.54));
#5641 = LINE('',#5642,#5643);
#5642 = CARTESIAN_POINT('',(2.273333333333,-5.346666666667,
    8.433333333333));
#5643 = VECTOR('',#5644,1.);
#5644 = DIRECTION('',(0.57735026919,0.57735026919,0.57735026919));
#5645 = ORIENTED_EDGE('',*,*,#3728,.T.);
#5646 = ORIENTED_EDGE('',*,*,#5607,.T.);
#5647 = ORIENTED_EDGE('',*,*,#5648,.F.);
#5648 = EDGE_CURVE('',#5639,#5608,#5649,.T.);
#5649 = LINE('',#5650,#5651);
#5650 = CARTESIAN_POINT('',(2.38,-5.4,8.54));
#5651 = VECTOR('',#5652,1.);
#5652 = DIRECTION('',(0.,1.,0.));
#5653 = PLANE('',#5654);
#5654 = AXIS2_PLACEMENT_3D('',#5655,#5656,#5657);
#5655 = CARTESIAN_POINT('',(2.3,-5.4,8.46));
#5656 = DIRECTION('',(0.707106781187,1.735167508357E-18,-0.707106781187)
  );
#5657 = DIRECTION('',(-1.226948711654E-18,1.,1.226948711654E-18));
#5658 = ADVANCED_FACE('',(#5659),#5677,.F.);
#5659 = FACE_BOUND('',#5660,.T.);
#5660 = EDGE_LOOP('',(#5661,#5662,#5663,#5671));
#5661 = ORIENTED_EDGE('',*,*,#5638,.F.);
#5662 = ORIENTED_EDGE('',*,*,#3752,.T.);
#5663 = ORIENTED_EDGE('',*,*,#5664,.T.);
#5664 = EDGE_CURVE('',#3743,#5665,#5667,.T.);
#5665 = VERTEX_POINT('',#5666);
#5666 = CARTESIAN_POINT('',(2.7,-5.24,8.54));
#5667 = LINE('',#5668,#5669);
#5668 = CARTESIAN_POINT('',(2.7,-5.24,8.54));
#5669 = VECTOR('',#5670,1.);
#5670 = DIRECTION('',(-0.57735026919,0.57735026919,0.57735026919));
#5671 = ORIENTED_EDGE('',*,*,#5672,.F.);
#5672 = EDGE_CURVE('',#5639,#5665,#5673,.T.);
#5673 = LINE('',#5674,#5675);
#5674 = CARTESIAN_POINT('',(2.22,-5.24,8.54));
#5675 = VECTOR('',#5676,1.);
#5676 = DIRECTION('',(1.,0.,0.));
#5677 = PLANE('',#5678);
#5678 = AXIS2_PLACEMENT_3D('',#5679,#5680,#5681);
#5679 = CARTESIAN_POINT('',(2.22,-5.32,8.46));
#5680 = DIRECTION('',(-1.735167508357E-18,0.707106781187,-0.707106781187
    ));
#5681 = DIRECTION('',(-1.,-1.226948711654E-18,1.226948711654E-18));
#5682 = ADVANCED_FACE('',(#5683),#5694,.T.);
#5683 = FACE_BOUND('',#5684,.T.);
#5684 = EDGE_LOOP('',(#5685,#5686,#5687,#5688));
#5685 = ORIENTED_EDGE('',*,*,#5664,.F.);
#5686 = ORIENTED_EDGE('',*,*,#3769,.T.);
#5687 = ORIENTED_EDGE('',*,*,#5616,.T.);
#5688 = ORIENTED_EDGE('',*,*,#5689,.F.);
#5689 = EDGE_CURVE('',#5665,#5617,#5690,.T.);
#5690 = LINE('',#5691,#5692);
#5691 = CARTESIAN_POINT('',(2.7,-5.4,8.54));
#5692 = VECTOR('',#5693,1.);
#5693 = DIRECTION('',(0.,1.,0.));
#5694 = PLANE('',#5695);
#5695 = AXIS2_PLACEMENT_3D('',#5696,#5697,#5698);
#5696 = CARTESIAN_POINT('',(2.78,-5.4,8.46));
#5697 = DIRECTION('',(0.707106781187,-1.735167508357E-18,0.707106781187)
  );
#5698 = DIRECTION('',(1.226948711654E-18,1.,1.226948711654E-18));
#5699 = ADVANCED_FACE('',(#5700),#5706,.F.);
#5700 = FACE_BOUND('',#5701,.F.);
#5701 = EDGE_LOOP('',(#5702,#5703,#5704,#5705));
#5702 = ORIENTED_EDGE('',*,*,#3824,.T.);
#5703 = ORIENTED_EDGE('',*,*,#3848,.F.);
#5704 = ORIENTED_EDGE('',*,*,#3865,.F.);
#5705 = ORIENTED_EDGE('',*,*,#3800,.T.);
#5706 = PLANE('',#5707);
#5707 = AXIS2_PLACEMENT_3D('',#5708,#5709,#5710);
#5708 = CARTESIAN_POINT('',(2.22,-0.32,-3.));
#5709 = DIRECTION('',(0.,0.,1.));
#5710 = DIRECTION('',(1.,0.,-0.));
#5711 = ADVANCED_FACE('',(#5712),#5718,.F.);
#5712 = FACE_BOUND('',#5713,.F.);
#5713 = EDGE_LOOP('',(#5714,#5715,#5716,#5717));
#5714 = ORIENTED_EDGE('',*,*,#3920,.T.);
#5715 = ORIENTED_EDGE('',*,*,#3944,.F.);
#5716 = ORIENTED_EDGE('',*,*,#3961,.F.);
#5717 = ORIENTED_EDGE('',*,*,#3896,.T.);
#5718 = PLANE('',#5719);
#5719 = AXIS2_PLACEMENT_3D('',#5720,#5721,#5722);
#5720 = CARTESIAN_POINT('',(-0.32,-0.32,-3.));
#5721 = DIRECTION('',(0.,0.,1.));
#5722 = DIRECTION('',(1.,0.,-0.));
#5723 = ADVANCED_FACE('',(#5724),#5730,.F.);
#5724 = FACE_BOUND('',#5725,.F.);
#5725 = EDGE_LOOP('',(#5726,#5727,#5728,#5729));
#5726 = ORIENTED_EDGE('',*,*,#3992,.T.);
#5727 = ORIENTED_EDGE('',*,*,#4016,.F.);
#5728 = ORIENTED_EDGE('',*,*,#4040,.F.);
#5729 = ORIENTED_EDGE('',*,*,#4057,.T.);
#5730 = PLANE('',#5731);
#5731 = AXIS2_PLACEMENT_3D('',#5732,#5733,#5734);
#5732 = CARTESIAN_POINT('',(2.22,-2.86,-3.));
#5733 = DIRECTION('',(0.,0.,1.));
#5734 = DIRECTION('',(1.,0.,-0.));
#5735 = ADVANCED_FACE('',(#5736),#5742,.F.);
#5736 = FACE_BOUND('',#5737,.F.);
#5737 = EDGE_LOOP('',(#5738,#5739,#5740,#5741));
#5738 = ORIENTED_EDGE('',*,*,#4153,.T.);
#5739 = ORIENTED_EDGE('',*,*,#4088,.F.);
#5740 = ORIENTED_EDGE('',*,*,#4112,.F.);
#5741 = ORIENTED_EDGE('',*,*,#4136,.T.);
#5742 = PLANE('',#5743);
#5743 = AXIS2_PLACEMENT_3D('',#5744,#5745,#5746);
#5744 = CARTESIAN_POINT('',(-0.32,-2.86,-3.));
#5745 = DIRECTION('',(0.,0.,1.));
#5746 = DIRECTION('',(1.,0.,-0.));
#5747 = ADVANCED_FACE('',(#5748),#5754,.F.);
#5748 = FACE_BOUND('',#5749,.F.);
#5749 = EDGE_LOOP('',(#5750,#5751,#5752,#5753));
#5750 = ORIENTED_EDGE('',*,*,#4208,.T.);
#5751 = ORIENTED_EDGE('',*,*,#4232,.F.);
#5752 = ORIENTED_EDGE('',*,*,#4249,.F.);
#5753 = ORIENTED_EDGE('',*,*,#4184,.T.);
#5754 = PLANE('',#5755);
#5755 = AXIS2_PLACEMENT_3D('',#5756,#5757,#5758);
#5756 = CARTESIAN_POINT('',(-0.32,-10.48,-3.));
#5757 = DIRECTION('',(0.,0.,1.));
#5758 = DIRECTION('',(1.,0.,-0.));
#5759 = ADVANCED_FACE('',(#5760),#5766,.F.);
#5760 = FACE_BOUND('',#5761,.F.);
#5761 = EDGE_LOOP('',(#5762,#5763,#5764,#5765));
#5762 = ORIENTED_EDGE('',*,*,#4304,.T.);
#5763 = ORIENTED_EDGE('',*,*,#4328,.F.);
#5764 = ORIENTED_EDGE('',*,*,#4345,.F.);
#5765 = ORIENTED_EDGE('',*,*,#4280,.T.);
#5766 = PLANE('',#5767);
#5767 = AXIS2_PLACEMENT_3D('',#5768,#5769,#5770);
#5768 = CARTESIAN_POINT('',(-0.32,-7.94,-3.));
#5769 = DIRECTION('',(0.,0.,1.));
#5770 = DIRECTION('',(1.,0.,-0.));
#5771 = ADVANCED_FACE('',(#5772),#5778,.F.);
#5772 = FACE_BOUND('',#5773,.F.);
#5773 = EDGE_LOOP('',(#5774,#5775,#5776,#5777));
#5774 = ORIENTED_EDGE('',*,*,#4400,.T.);
#5775 = ORIENTED_EDGE('',*,*,#4424,.F.);
#5776 = ORIENTED_EDGE('',*,*,#4441,.F.);
#5777 = ORIENTED_EDGE('',*,*,#4376,.T.);
#5778 = PLANE('',#5779);
#5779 = AXIS2_PLACEMENT_3D('',#5780,#5781,#5782);
#5780 = CARTESIAN_POINT('',(-0.32,-5.4,-3.));
#5781 = DIRECTION('',(0.,0.,1.));
#5782 = DIRECTION('',(1.,0.,-0.));
#5783 = ADVANCED_FACE('',(#5784),#5790,.F.);
#5784 = FACE_BOUND('',#5785,.F.);
#5785 = EDGE_LOOP('',(#5786,#5787,#5788,#5789));
#5786 = ORIENTED_EDGE('',*,*,#4537,.T.);
#5787 = ORIENTED_EDGE('',*,*,#4472,.F.);
#5788 = ORIENTED_EDGE('',*,*,#4496,.F.);
#5789 = ORIENTED_EDGE('',*,*,#4520,.T.);
#5790 = PLANE('',#5791);
#5791 = AXIS2_PLACEMENT_3D('',#5792,#5793,#5794);
#5792 = CARTESIAN_POINT('',(2.22,-10.48,-3.));
#5793 = DIRECTION('',(0.,0.,1.));
#5794 = DIRECTION('',(1.,0.,-0.));
#5795 = ADVANCED_FACE('',(#5796),#5802,.F.);
#5796 = FACE_BOUND('',#5797,.F.);
#5797 = EDGE_LOOP('',(#5798,#5799,#5800,#5801));
#5798 = ORIENTED_EDGE('',*,*,#4633,.T.);
#5799 = ORIENTED_EDGE('',*,*,#4568,.F.);
#5800 = ORIENTED_EDGE('',*,*,#4592,.F.);
#5801 = ORIENTED_EDGE('',*,*,#4616,.T.);
#5802 = PLANE('',#5803);
#5803 = AXIS2_PLACEMENT_3D('',#5804,#5805,#5806);
#5804 = CARTESIAN_POINT('',(2.22,-7.94,-3.));
#5805 = DIRECTION('',(0.,0.,1.));
#5806 = DIRECTION('',(1.,0.,-0.));
#5807 = ADVANCED_FACE('',(#5808),#5814,.F.);
#5808 = FACE_BOUND('',#5809,.F.);
#5809 = EDGE_LOOP('',(#5810,#5811,#5812,#5813));
#5810 = ORIENTED_EDGE('',*,*,#4729,.T.);
#5811 = ORIENTED_EDGE('',*,*,#4664,.F.);
#5812 = ORIENTED_EDGE('',*,*,#4688,.F.);
#5813 = ORIENTED_EDGE('',*,*,#4712,.T.);
#5814 = PLANE('',#5815);
#5815 = AXIS2_PLACEMENT_3D('',#5816,#5817,#5818);
#5816 = CARTESIAN_POINT('',(2.22,-5.4,-3.));
#5817 = DIRECTION('',(0.,0.,1.));
#5818 = DIRECTION('',(1.,0.,-0.));
#5819 = ADVANCED_FACE('',(#5820),#5826,.T.);
#5820 = FACE_BOUND('',#5821,.T.);
#5821 = EDGE_LOOP('',(#5822,#5823,#5824,#5825));
#5822 = ORIENTED_EDGE('',*,*,#4784,.T.);
#5823 = ORIENTED_EDGE('',*,*,#4808,.F.);
#5824 = ORIENTED_EDGE('',*,*,#4825,.F.);
#5825 = ORIENTED_EDGE('',*,*,#4760,.T.);
#5826 = PLANE('',#5827);
#5827 = AXIS2_PLACEMENT_3D('',#5828,#5829,#5830);
#5828 = CARTESIAN_POINT('',(2.22,-0.32,8.54));
#5829 = DIRECTION('',(0.,0.,1.));
#5830 = DIRECTION('',(1.,0.,-0.));
#5831 = ADVANCED_FACE('',(#5832),#5838,.T.);
#5832 = FACE_BOUND('',#5833,.T.);
#5833 = EDGE_LOOP('',(#5834,#5835,#5836,#5837));
#5834 = ORIENTED_EDGE('',*,*,#4880,.T.);
#5835 = ORIENTED_EDGE('',*,*,#4904,.F.);
#5836 = ORIENTED_EDGE('',*,*,#4921,.F.);
#5837 = ORIENTED_EDGE('',*,*,#4856,.T.);
#5838 = PLANE('',#5839);
#5839 = AXIS2_PLACEMENT_3D('',#5840,#5841,#5842);
#5840 = CARTESIAN_POINT('',(-0.32,-0.32,8.54));
#5841 = DIRECTION('',(0.,0.,1.));
#5842 = DIRECTION('',(1.,0.,-0.));
#5843 = ADVANCED_FACE('',(#5844),#5850,.T.);
#5844 = FACE_BOUND('',#5845,.T.);
#5845 = EDGE_LOOP('',(#5846,#5847,#5848,#5849));
#5846 = ORIENTED_EDGE('',*,*,#4952,.T.);
#5847 = ORIENTED_EDGE('',*,*,#4976,.F.);
#5848 = ORIENTED_EDGE('',*,*,#5000,.F.);
#5849 = ORIENTED_EDGE('',*,*,#5017,.T.);
#5850 = PLANE('',#5851);
#5851 = AXIS2_PLACEMENT_3D('',#5852,#5853,#5854);
#5852 = CARTESIAN_POINT('',(2.22,-2.86,8.54));
#5853 = DIRECTION('',(0.,0.,1.));
#5854 = DIRECTION('',(1.,0.,-0.));
#5855 = ADVANCED_FACE('',(#5856),#5862,.T.);
#5856 = FACE_BOUND('',#5857,.T.);
#5857 = EDGE_LOOP('',(#5858,#5859,#5860,#5861));
#5858 = ORIENTED_EDGE('',*,*,#5113,.T.);
#5859 = ORIENTED_EDGE('',*,*,#5048,.F.);
#5860 = ORIENTED_EDGE('',*,*,#5072,.F.);
#5861 = ORIENTED_EDGE('',*,*,#5096,.T.);
#5862 = PLANE('',#5863);
#5863 = AXIS2_PLACEMENT_3D('',#5864,#5865,#5866);
#5864 = CARTESIAN_POINT('',(-0.32,-2.86,8.54));
#5865 = DIRECTION('',(0.,0.,1.));
#5866 = DIRECTION('',(1.,0.,-0.));
#5867 = ADVANCED_FACE('',(#5868),#5874,.T.);
#5868 = FACE_BOUND('',#5869,.T.);
#5869 = EDGE_LOOP('',(#5870,#5871,#5872,#5873));
#5870 = ORIENTED_EDGE('',*,*,#5168,.T.);
#5871 = ORIENTED_EDGE('',*,*,#5192,.F.);
#5872 = ORIENTED_EDGE('',*,*,#5209,.F.);
#5873 = ORIENTED_EDGE('',*,*,#5144,.T.);
#5874 = PLANE('',#5875);
#5875 = AXIS2_PLACEMENT_3D('',#5876,#5877,#5878);
#5876 = CARTESIAN_POINT('',(-0.32,-10.48,8.54));
#5877 = DIRECTION('',(0.,0.,1.));
#5878 = DIRECTION('',(1.,0.,-0.));
#5879 = ADVANCED_FACE('',(#5880),#5886,.T.);
#5880 = FACE_BOUND('',#5881,.T.);
#5881 = EDGE_LOOP('',(#5882,#5883,#5884,#5885));
#5882 = ORIENTED_EDGE('',*,*,#5264,.T.);
#5883 = ORIENTED_EDGE('',*,*,#5288,.F.);
#5884 = ORIENTED_EDGE('',*,*,#5305,.F.);
#5885 = ORIENTED_EDGE('',*,*,#5240,.T.);
#5886 = PLANE('',#5887);
#5887 = AXIS2_PLACEMENT_3D('',#5888,#5889,#5890);
#5888 = CARTESIAN_POINT('',(-0.32,-7.94,8.54));
#5889 = DIRECTION('',(0.,0.,1.));
#5890 = DIRECTION('',(1.,0.,-0.));
#5891 = ADVANCED_FACE('',(#5892),#5898,.T.);
#5892 = FACE_BOUND('',#5893,.T.);
#5893 = EDGE_LOOP('',(#5894,#5895,#5896,#5897));
#5894 = ORIENTED_EDGE('',*,*,#5360,.T.);
#5895 = ORIENTED_EDGE('',*,*,#5384,.F.);
#5896 = ORIENTED_EDGE('',*,*,#5401,.F.);
#5897 = ORIENTED_EDGE('',*,*,#5336,.T.);
#5898 = PLANE('',#5899);
#5899 = AXIS2_PLACEMENT_3D('',#5900,#5901,#5902);
#5900 = CARTESIAN_POINT('',(-0.32,-5.4,8.54));
#5901 = DIRECTION('',(0.,0.,1.));
#5902 = DIRECTION('',(1.,0.,-0.));
#5903 = ADVANCED_FACE('',(#5904),#5910,.T.);
#5904 = FACE_BOUND('',#5905,.T.);
#5905 = EDGE_LOOP('',(#5906,#5907,#5908,#5909));
#5906 = ORIENTED_EDGE('',*,*,#5497,.T.);
#5907 = ORIENTED_EDGE('',*,*,#5432,.F.);
#5908 = ORIENTED_EDGE('',*,*,#5456,.F.);
#5909 = ORIENTED_EDGE('',*,*,#5480,.T.);
#5910 = PLANE('',#5911);
#5911 = AXIS2_PLACEMENT_3D('',#5912,#5913,#5914);
#5912 = CARTESIAN_POINT('',(2.22,-10.48,8.54));
#5913 = DIRECTION('',(0.,0.,1.));
#5914 = DIRECTION('',(1.,0.,-0.));
#5915 = ADVANCED_FACE('',(#5916),#5922,.T.);
#5916 = FACE_BOUND('',#5917,.T.);
#5917 = EDGE_LOOP('',(#5918,#5919,#5920,#5921));
#5918 = ORIENTED_EDGE('',*,*,#5593,.T.);
#5919 = ORIENTED_EDGE('',*,*,#5528,.F.);
#5920 = ORIENTED_EDGE('',*,*,#5552,.F.);
#5921 = ORIENTED_EDGE('',*,*,#5576,.T.);
#5922 = PLANE('',#5923);
#5923 = AXIS2_PLACEMENT_3D('',#5924,#5925,#5926);
#5924 = CARTESIAN_POINT('',(2.22,-7.94,8.54));
#5925 = DIRECTION('',(0.,0.,1.));
#5926 = DIRECTION('',(1.,0.,-0.));
#5927 = ADVANCED_FACE('',(#5928),#5934,.T.);
#5928 = FACE_BOUND('',#5929,.T.);
#5929 = EDGE_LOOP('',(#5930,#5931,#5932,#5933));
#5930 = ORIENTED_EDGE('',*,*,#5689,.T.);
#5931 = ORIENTED_EDGE('',*,*,#5624,.F.);
#5932 = ORIENTED_EDGE('',*,*,#5648,.F.);
#5933 = ORIENTED_EDGE('',*,*,#5672,.T.);
#5934 = PLANE('',#5935);
#5935 = AXIS2_PLACEMENT_3D('',#5936,#5937,#5938);
#5936 = CARTESIAN_POINT('',(2.22,-5.4,8.54));
#5937 = DIRECTION('',(0.,0.,1.));
#5938 = DIRECTION('',(1.,0.,-0.));
#5939 = ( GEOMETRIC_REPRESENTATION_CONTEXT(3) 
GLOBAL_UNCERTAINTY_ASSIGNED_CONTEXT((#5943)) 
GLOBAL_UNIT_ASSIGNED_CONTEXT((#5940,#5941,#5942)) REPRESENTATION_CONTEXT
('Context #1','3D Context with UNIT and UNCERTAINTY') );
#5940 = ( LENGTH_UNIT() NAMED_UNIT(*) SI_UNIT(.MILLI.,.METRE.) );
#5941 = ( NAMED_UNIT(*) PLANE_ANGLE_UNIT() SI_UNIT($,.RADIAN.) );
#5942 = ( NAMED_UNIT(*) SI_UNIT($,.STERADIAN.) SOLID_ANGLE_UNIT() );
#5943 = UNCERTAINTY_MEASURE_WITH_UNIT(LENGTH_MEASURE(1.E-07),#5940,
  'distance_accuracy_value','confusion accuracy');
#5944 = CONTEXT_DEPENDENT_SHAPE_REPRESENTATION(#5945,#5947);
#5945 = ( REPRESENTATION_RELATIONSHIP('','',#104,#10) 
REPRESENTATION_RELATIONSHIP_WITH_TRANSFORMATION(#5946) 
SHAPE_REPRESENTATION_RELATIONSHIP() );
#5946 = ITEM_DEFINED_TRANSFORMATION('','',#11,#15);
#5947 = PRODUCT_DEFINITION_SHAPE('Placement','Placement of an item',
  #5948);
#5948 = NEXT_ASSEMBLY_USAGE_OCCURRENCE('1','J2','',#5,#99,$);
#5949 = PRODUCT_RELATED_PRODUCT_CATEGORY('part',$,(#101));
#5950 = SHAPE_DEFINITION_REPRESENTATION(#5951,#5957);
#5951 = PRODUCT_DEFINITION_SHAPE('','',#5952);
#5952 = PRODUCT_DEFINITION('design','',#5953,#5956);
#5953 = PRODUCT_DEFINITION_FORMATION('','',#5954);
#5954 = PRODUCT('D_0805_2012Metric','D_0805_2012Metric','',(#5955));
#5955 = PRODUCT_CONTEXT('',#2,'mechanical');
#5956 = PRODUCT_DEFINITION_CONTEXT('part definition',#2,'design');
#5957 = ADVANCED_BREP_SHAPE_REPRESENTATION('',(#11,#5958),#7234);
#5958 = MANIFOLD_SOLID_BREP('',#5959);
#5959 = CLOSED_SHELL('',(#5960,#6017,#6100,#6129,#6201,#6226,#6301,#6318
    ,#6404,#6428,#6536,#6553,#6570,#6594,#6606,#6623,#6635,#6652,#6669,
    #6686,#6755,#6780,#6797,#6863,#6875,#6892,#6923,#6947,#6971,#6988,
    #7022,#7051,#7075,#7104,#7131,#7160,#7184,#7206,#7218));
#5960 = ADVANCED_FACE('',(#5961),#6012,.T.);
#5961 = FACE_BOUND('',#5962,.T.);
#5962 = EDGE_LOOP('',(#5963,#5973,#5981,#5989,#5997,#6006));
#5963 = ORIENTED_EDGE('',*,*,#5964,.F.);
#5964 = EDGE_CURVE('',#5965,#5967,#5969,.T.);
#5965 = VERTEX_POINT('',#5966);
#5966 = CARTESIAN_POINT('',(0.58,0.5,0.8));
#5967 = VERTEX_POINT('',#5968);
#5968 = CARTESIAN_POINT('',(0.97,0.5,0.8));
#5969 = LINE('',#5970,#5971);
#5970 = CARTESIAN_POINT('',(0.55,0.5,0.8));
#5971 = VECTOR('',#5972,1.);
#5972 = DIRECTION('',(1.,-2.22044604925E-16,0.));
#5973 = ORIENTED_EDGE('',*,*,#5974,.T.);
#5974 = EDGE_CURVE('',#5965,#5975,#5977,.T.);
#5975 = VERTEX_POINT('',#5976);
#5976 = CARTESIAN_POINT('',(0.58,-0.5,0.8));
#5977 = LINE('',#5978,#5979);
#5978 = CARTESIAN_POINT('',(0.58,0.5,0.8));
#5979 = VECTOR('',#5980,1.);
#5980 = DIRECTION('',(-2.22044604925E-16,-1.,0.));
#5981 = ORIENTED_EDGE('',*,*,#5982,.T.);
#5982 = EDGE_CURVE('',#5975,#5983,#5985,.T.);
#5983 = VERTEX_POINT('',#5984);
#5984 = CARTESIAN_POINT('',(0.97,-0.5,0.8));
#5985 = LINE('',#5986,#5987);
#5986 = CARTESIAN_POINT('',(0.55,-0.5,0.8));
#5987 = VECTOR('',#5988,1.);
#5988 = DIRECTION('',(1.,-2.22044604925E-16,0.));
#5989 = ORIENTED_EDGE('',*,*,#5990,.F.);
#5990 = EDGE_CURVE('',#5991,#5983,#5993,.T.);
#5991 = VERTEX_POINT('',#5992);
#5992 = CARTESIAN_POINT('',(0.97,-0.3,0.8));
#5993 = LINE('',#5994,#5995);
#5994 = CARTESIAN_POINT('',(0.97,0.5,0.8));
#5995 = VECTOR('',#5996,1.);
#5996 = DIRECTION('',(-2.22044604925E-16,-1.,0.));
#5997 = ORIENTED_EDGE('',*,*,#5998,.F.);
#5998 = EDGE_CURVE('',#5999,#5991,#6001,.T.);
#5999 = VERTEX_POINT('',#6000);
#6000 = CARTESIAN_POINT('',(0.97,0.3,0.8));
#6001 = CIRCLE('',#6002,0.3);
#6002 = AXIS2_PLACEMENT_3D('',#6003,#6004,#6005);
#6003 = CARTESIAN_POINT('',(0.97,-2.153832667773E-16,0.8));
#6004 = DIRECTION('',(0.,0.,1.));
#6005 = DIRECTION('',(-2.22044604925E-16,-1.,0.));
#6006 = ORIENTED_EDGE('',*,*,#6007,.F.);
#6007 = EDGE_CURVE('',#5967,#5999,#6008,.T.);
#6008 = LINE('',#6009,#6010);
#6009 = CARTESIAN_POINT('',(0.97,0.5,0.8));
#6010 = VECTOR('',#6011,1.);
#6011 = DIRECTION('',(-2.22044604925E-16,-1.,0.));
#6012 = PLANE('',#6013);
#6013 = AXIS2_PLACEMENT_3D('',#6014,#6015,#6016);
#6014 = CARTESIAN_POINT('',(0.55,0.5,0.8));
#6015 = DIRECTION('',(0.,0.,1.));
#6016 = DIRECTION('',(-2.22044604925E-16,-1.,0.));
#6017 = ADVANCED_FACE('',(#6018),#6095,.F.);
#6018 = FACE_BOUND('',#6019,.F.);
#6019 = EDGE_LOOP('',(#6020,#6030,#6039,#6047,#6056,#6064,#6071,#6072,
    #6081,#6089));
#6020 = ORIENTED_EDGE('',*,*,#6021,.F.);
#6021 = EDGE_CURVE('',#6022,#6024,#6026,.T.);
#6022 = VERTEX_POINT('',#6023);
#6023 = CARTESIAN_POINT('',(0.55,0.5,3.E-02));
#6024 = VERTEX_POINT('',#6025);
#6025 = CARTESIAN_POINT('',(0.985,0.5,3.E-02));
#6026 = LINE('',#6027,#6028);
#6027 = CARTESIAN_POINT('',(-0.2175,0.5,3.E-02));
#6028 = VECTOR('',#6029,1.);
#6029 = DIRECTION('',(1.,-2.22044604925E-16,0.));
#6030 = ORIENTED_EDGE('',*,*,#6031,.T.);
#6031 = EDGE_CURVE('',#6022,#6032,#6034,.T.);
#6032 = VERTEX_POINT('',#6033);
#6033 = CARTESIAN_POINT('',(0.58,0.5,-3.469446951954E-18));
#6034 = CIRCLE('',#6035,3.E-02);
#6035 = AXIS2_PLACEMENT_3D('',#6036,#6037,#6038);
#6036 = CARTESIAN_POINT('',(0.58,0.5,3.E-02));
#6037 = DIRECTION('',(-2.22044604925E-16,-1.,0.));
#6038 = DIRECTION('',(0.,0.,1.));
#6039 = ORIENTED_EDGE('',*,*,#6040,.T.);
#6040 = EDGE_CURVE('',#6032,#6041,#6043,.T.);
#6041 = VERTEX_POINT('',#6042);
#6042 = CARTESIAN_POINT('',(0.97,0.5,-3.469446951954E-18));
#6043 = LINE('',#6044,#6045);
#6044 = CARTESIAN_POINT('',(0.55,0.5,0.));
#6045 = VECTOR('',#6046,1.);
#6046 = DIRECTION('',(1.,-2.22044604925E-16,0.));
#6047 = ORIENTED_EDGE('',*,*,#6048,.F.);
#6048 = EDGE_CURVE('',#6049,#6041,#6051,.T.);
#6049 = VERTEX_POINT('',#6050);
#6050 = CARTESIAN_POINT('',(1.,0.5,3.E-02));
#6051 = CIRCLE('',#6052,3.E-02);
#6052 = AXIS2_PLACEMENT_3D('',#6053,#6054,#6055);
#6053 = CARTESIAN_POINT('',(0.97,0.5,3.E-02));
#6054 = DIRECTION('',(2.22044604925E-16,1.,-0.));
#6055 = DIRECTION('',(0.,0.,1.));
#6056 = ORIENTED_EDGE('',*,*,#6057,.T.);
#6057 = EDGE_CURVE('',#6049,#6058,#6060,.T.);
#6058 = VERTEX_POINT('',#6059);
#6059 = CARTESIAN_POINT('',(1.,0.5,0.77));
#6060 = LINE('',#6061,#6062);
#6061 = CARTESIAN_POINT('',(1.,0.5,0.));
#6062 = VECTOR('',#6063,1.);
#6063 = DIRECTION('',(0.,0.,1.));
#6064 = ORIENTED_EDGE('',*,*,#6065,.T.);
#6065 = EDGE_CURVE('',#6058,#5967,#6066,.T.);
#6066 = CIRCLE('',#6067,3.E-02);
#6067 = AXIS2_PLACEMENT_3D('',#6068,#6069,#6070);
#6068 = CARTESIAN_POINT('',(0.97,0.5,0.77));
#6069 = DIRECTION('',(-2.22044604925E-16,-1.,0.));
#6070 = DIRECTION('',(0.,0.,1.));
#6071 = ORIENTED_EDGE('',*,*,#5964,.F.);
#6072 = ORIENTED_EDGE('',*,*,#6073,.F.);
#6073 = EDGE_CURVE('',#6074,#5965,#6076,.T.);
#6074 = VERTEX_POINT('',#6075);
#6075 = CARTESIAN_POINT('',(0.55,0.5,0.77));
#6076 = CIRCLE('',#6077,3.E-02);
#6077 = AXIS2_PLACEMENT_3D('',#6078,#6079,#6080);
#6078 = CARTESIAN_POINT('',(0.58,0.5,0.77));
#6079 = DIRECTION('',(2.22044604925E-16,1.,-0.));
#6080 = DIRECTION('',(0.,0.,1.));
#6081 = ORIENTED_EDGE('',*,*,#6082,.T.);
#6082 = EDGE_CURVE('',#6074,#6083,#6085,.T.);
#6083 = VERTEX_POINT('',#6084);
#6084 = CARTESIAN_POINT('',(0.985,0.5,0.77));
#6085 = LINE('',#6086,#6087);
#6086 = CARTESIAN_POINT('',(-0.2175,0.5,0.77));
#6087 = VECTOR('',#6088,1.);
#6088 = DIRECTION('',(1.,-2.22044604925E-16,0.));
#6089 = ORIENTED_EDGE('',*,*,#6090,.T.);
#6090 = EDGE_CURVE('',#6083,#6024,#6091,.T.);
#6091 = LINE('',#6092,#6093);
#6092 = CARTESIAN_POINT('',(0.985,0.5,1.5E-02));
#6093 = VECTOR('',#6094,1.);
#6094 = DIRECTION('',(0.,0.,-1.));
#6095 = PLANE('',#6096);
#6096 = AXIS2_PLACEMENT_3D('',#6097,#6098,#6099);
#6097 = CARTESIAN_POINT('',(0.55,0.5,0.));
#6098 = DIRECTION('',(-2.22044604925E-16,-1.,0.));
#6099 = DIRECTION('',(0.,0.,1.));
#6100 = ADVANCED_FACE('',(#6101),#6124,.T.);
#6101 = FACE_BOUND('',#6102,.T.);
#6102 = EDGE_LOOP('',(#6103,#6111,#6112,#6113));
#6103 = ORIENTED_EDGE('',*,*,#6104,.F.);
#6104 = EDGE_CURVE('',#6058,#6105,#6107,.T.);
#6105 = VERTEX_POINT('',#6106);
#6106 = CARTESIAN_POINT('',(1.,0.298496231132,0.77));
#6107 = LINE('',#6108,#6109);
#6108 = CARTESIAN_POINT('',(1.,0.5,0.77));
#6109 = VECTOR('',#6110,1.);
#6110 = DIRECTION('',(-2.22044604925E-16,-1.,0.));
#6111 = ORIENTED_EDGE('',*,*,#6065,.T.);
#6112 = ORIENTED_EDGE('',*,*,#6007,.T.);
#6113 = ORIENTED_EDGE('',*,*,#6114,.F.);
#6114 = EDGE_CURVE('',#6105,#5999,#6115,.T.);
#6115 = B_SPLINE_CURVE_WITH_KNOTS('',7,(#6116,#6117,#6118,#6119,#6120,
    #6121,#6122,#6123),.UNSPECIFIED.,.F.,.F.,(8,8),(0.,1.),
  .PIECEWISE_BEZIER_KNOTS.);
#6116 = CARTESIAN_POINT('',(1.,0.298496231132,0.77));
#6117 = CARTESIAN_POINT('',(1.,0.298496231132,0.777078545453));
#6118 = CARTESIAN_POINT('',(0.998051511412,0.298692111009,0.783950991788
    ));
#6119 = CARTESIAN_POINT('',(0.994358226798,0.299063046355,0.79006090216)
  );
#6120 = CARTESIAN_POINT('',(0.989239725864,0.299497180638,0.79497497463)
  );
#6121 = CARTESIAN_POINT('',(0.983106381509,0.299835743265,0.798356731994
    ));
#6122 = CARTESIAN_POINT('',(0.976500022629,0.3,0.8));
#6123 = CARTESIAN_POINT('',(0.97,0.3,0.8));
#6124 = CYLINDRICAL_SURFACE('',#6125,3.E-02);
#6125 = AXIS2_PLACEMENT_3D('',#6126,#6127,#6128);
#6126 = CARTESIAN_POINT('',(0.97,0.5,0.77));
#6127 = DIRECTION('',(-2.22044604925E-16,-1.,0.));
#6128 = DIRECTION('',(1.,-2.22044604925E-16,0.));
#6129 = ADVANCED_FACE('',(#6130),#6196,.F.);
#6130 = FACE_BOUND('',#6131,.F.);
#6131 = EDGE_LOOP('',(#6132,#6142,#6153,#6154,#6155,#6163,#6176,#6185));
#6132 = ORIENTED_EDGE('',*,*,#6133,.T.);
#6133 = EDGE_CURVE('',#6134,#6136,#6138,.T.);
#6134 = VERTEX_POINT('',#6135);
#6135 = CARTESIAN_POINT('',(1.,-0.298496231132,3.E-02));
#6136 = VERTEX_POINT('',#6137);
#6137 = CARTESIAN_POINT('',(1.,-0.298496231132,0.77));
#6138 = LINE('',#6139,#6140);
#6139 = CARTESIAN_POINT('',(1.,-0.298496231132,0.8));
#6140 = VECTOR('',#6141,1.);
#6141 = DIRECTION('',(0.,0.,1.));
#6142 = ORIENTED_EDGE('',*,*,#6143,.T.);
#6143 = EDGE_CURVE('',#6136,#5991,#6144,.T.);
#6144 = B_SPLINE_CURVE_WITH_KNOTS('',7,(#6145,#6146,#6147,#6148,#6149,
    #6150,#6151,#6152),.UNSPECIFIED.,.F.,.F.,(8,8),(0.,1.),
  .PIECEWISE_BEZIER_KNOTS.);
#6145 = CARTESIAN_POINT('',(1.,-0.298496231132,0.77));
#6146 = CARTESIAN_POINT('',(1.,-0.298496231132,0.777078545461));
#6147 = CARTESIAN_POINT('',(0.998051511934,-0.298692110584,
    0.783950989081));
#6148 = CARTESIAN_POINT('',(0.994358225228,-0.299063047752,
    0.790060909904));
#6149 = CARTESIAN_POINT('',(0.989239728548,-0.299497178561,
    0.794974964065));
#6150 = CARTESIAN_POINT('',(0.983106378111,-0.299835744948,
    0.798356740361));
#6151 = CARTESIAN_POINT('',(0.976500024714,-0.29999999935,0.79999999675)
  );
#6152 = CARTESIAN_POINT('',(0.97,-0.3,0.8));
#6153 = ORIENTED_EDGE('',*,*,#5998,.F.);
#6154 = ORIENTED_EDGE('',*,*,#6114,.F.);
#6155 = ORIENTED_EDGE('',*,*,#6156,.F.);
#6156 = EDGE_CURVE('',#6157,#6105,#6159,.T.);
#6157 = VERTEX_POINT('',#6158);
#6158 = CARTESIAN_POINT('',(1.,0.298496231132,3.E-02));
#6159 = LINE('',#6160,#6161);
#6160 = CARTESIAN_POINT('',(1.,0.298496231132,0.8));
#6161 = VECTOR('',#6162,1.);
#6162 = DIRECTION('',(0.,0.,1.));
#6163 = ORIENTED_EDGE('',*,*,#6164,.T.);
#6164 = EDGE_CURVE('',#6157,#6165,#6167,.T.);
#6165 = VERTEX_POINT('',#6166);
#6166 = CARTESIAN_POINT('',(0.97,0.3,-3.469446951954E-18));
#6167 = B_SPLINE_CURVE_WITH_KNOTS('',7,(#6168,#6169,#6170,#6171,#6172,
    #6173,#6174,#6175),.UNSPECIFIED.,.F.,.F.,(8,8),(0.,1.),
  .PIECEWISE_BEZIER_KNOTS.);
#6168 = CARTESIAN_POINT('',(1.,0.298496231132,3.E-02));
#6169 = CARTESIAN_POINT('',(1.,0.298496231132,2.292145454723E-02));
#6170 = CARTESIAN_POINT('',(0.998051511412,0.298692111009,
    1.604900821222E-02));
#6171 = CARTESIAN_POINT('',(0.994358226798,0.299063046355,
    9.939097839943E-03));
#6172 = CARTESIAN_POINT('',(0.989239725864,0.299497180638,
    5.025025369892E-03));
#6173 = CARTESIAN_POINT('',(0.98310638151,0.299835743265,
    1.64326800583E-03));
#6174 = CARTESIAN_POINT('',(0.976500022628,0.3,-1.734723475977E-18));
#6175 = CARTESIAN_POINT('',(0.97,0.3,-1.734723475977E-18));
#6176 = ORIENTED_EDGE('',*,*,#6177,.T.);
#6177 = EDGE_CURVE('',#6165,#6178,#6180,.T.);
#6178 = VERTEX_POINT('',#6179);
#6179 = CARTESIAN_POINT('',(0.97,-0.3,-1.734723475977E-18));
#6180 = CIRCLE('',#6181,0.3);
#6181 = AXIS2_PLACEMENT_3D('',#6182,#6183,#6184);
#6182 = CARTESIAN_POINT('',(0.97,-2.153832667773E-16,0.));
#6183 = DIRECTION('',(0.,0.,1.));
#6184 = DIRECTION('',(-2.22044604925E-16,-1.,0.));
#6185 = ORIENTED_EDGE('',*,*,#6186,.F.);
#6186 = EDGE_CURVE('',#6134,#6178,#6187,.T.);
#6187 = B_SPLINE_CURVE_WITH_KNOTS('',7,(#6188,#6189,#6190,#6191,#6192,
    #6193,#6194,#6195),.UNSPECIFIED.,.F.,.F.,(8,8),(0.,1.),
  .PIECEWISE_BEZIER_KNOTS.);
#6188 = CARTESIAN_POINT('',(1.,-0.298496231132,3.E-02));
#6189 = CARTESIAN_POINT('',(1.,-0.298496231132,2.292145453898E-02));
#6190 = CARTESIAN_POINT('',(0.998051511934,-0.298692110584,
    1.604901091858E-02));
#6191 = CARTESIAN_POINT('',(0.994358225228,-0.299063047752,
    9.939090096346E-03));
#6192 = CARTESIAN_POINT('',(0.989239728548,-0.299497178561,
    5.025035935187E-03));
#6193 = CARTESIAN_POINT('',(0.983106378111,-0.299835744948,
    1.643259638904E-03));
#6194 = CARTESIAN_POINT('',(0.976500024714,-0.29999999935,
    3.25001235963E-09));
#6195 = CARTESIAN_POINT('',(0.97,-0.3,-1.734723475977E-18));
#6196 = CYLINDRICAL_SURFACE('',#6197,0.3);
#6197 = AXIS2_PLACEMENT_3D('',#6198,#6199,#6200);
#6198 = CARTESIAN_POINT('',(0.97,-2.153832667773E-16,0.8));
#6199 = DIRECTION('',(0.,0.,1.));
#6200 = DIRECTION('',(-2.22044604925E-16,-1.,0.));
#6201 = ADVANCED_FACE('',(#6202),#6221,.T.);
#6202 = FACE_BOUND('',#6203,.T.);
#6203 = EDGE_LOOP('',(#6204,#6212,#6213,#6214));
#6204 = ORIENTED_EDGE('',*,*,#6205,.F.);
#6205 = EDGE_CURVE('',#6136,#6206,#6208,.T.);
#6206 = VERTEX_POINT('',#6207);
#6207 = CARTESIAN_POINT('',(1.,-0.5,0.77));
#6208 = LINE('',#6209,#6210);
#6209 = CARTESIAN_POINT('',(1.,0.5,0.77));
#6210 = VECTOR('',#6211,1.);
#6211 = DIRECTION('',(-2.22044604925E-16,-1.,0.));
#6212 = ORIENTED_EDGE('',*,*,#6143,.T.);
#6213 = ORIENTED_EDGE('',*,*,#5990,.T.);
#6214 = ORIENTED_EDGE('',*,*,#6215,.F.);
#6215 = EDGE_CURVE('',#6206,#5983,#6216,.T.);
#6216 = CIRCLE('',#6217,3.E-02);
#6217 = AXIS2_PLACEMENT_3D('',#6218,#6219,#6220);
#6218 = CARTESIAN_POINT('',(0.97,-0.5,0.77));
#6219 = DIRECTION('',(-2.22044604925E-16,-1.,0.));
#6220 = DIRECTION('',(0.,0.,1.));
#6221 = CYLINDRICAL_SURFACE('',#6222,3.E-02);
#6222 = AXIS2_PLACEMENT_3D('',#6223,#6224,#6225);
#6223 = CARTESIAN_POINT('',(0.97,0.5,0.77));
#6224 = DIRECTION('',(-2.22044604925E-16,-1.,0.));
#6225 = DIRECTION('',(1.,-2.22044604925E-16,0.));
#6226 = ADVANCED_FACE('',(#6227),#6296,.T.);
#6227 = FACE_BOUND('',#6228,.T.);
#6228 = EDGE_LOOP('',(#6229,#6239,#6248,#6256,#6265,#6271,#6272,#6273,
    #6282,#6290));
#6229 = ORIENTED_EDGE('',*,*,#6230,.F.);
#6230 = EDGE_CURVE('',#6231,#6233,#6235,.T.);
#6231 = VERTEX_POINT('',#6232);
#6232 = CARTESIAN_POINT('',(0.55,-0.5,3.E-02));
#6233 = VERTEX_POINT('',#6234);
#6234 = CARTESIAN_POINT('',(0.985,-0.5,3.E-02));
#6235 = LINE('',#6236,#6237);
#6236 = CARTESIAN_POINT('',(-0.2175,-0.5,3.E-02));
#6237 = VECTOR('',#6238,1.);
#6238 = DIRECTION('',(1.,-2.22044604925E-16,0.));
#6239 = ORIENTED_EDGE('',*,*,#6240,.T.);
#6240 = EDGE_CURVE('',#6231,#6241,#6243,.T.);
#6241 = VERTEX_POINT('',#6242);
#6242 = CARTESIAN_POINT('',(0.58,-0.5,-3.469446951954E-18));
#6243 = CIRCLE('',#6244,3.E-02);
#6244 = AXIS2_PLACEMENT_3D('',#6245,#6246,#6247);
#6245 = CARTESIAN_POINT('',(0.58,-0.5,3.E-02));
#6246 = DIRECTION('',(-2.22044604925E-16,-1.,0.));
#6247 = DIRECTION('',(0.,0.,1.));
#6248 = ORIENTED_EDGE('',*,*,#6249,.T.);
#6249 = EDGE_CURVE('',#6241,#6250,#6252,.T.);
#6250 = VERTEX_POINT('',#6251);
#6251 = CARTESIAN_POINT('',(0.97,-0.5,-3.469446951954E-18));
#6252 = LINE('',#6253,#6254);
#6253 = CARTESIAN_POINT('',(0.55,-0.5,0.));
#6254 = VECTOR('',#6255,1.);
#6255 = DIRECTION('',(1.,-2.22044604925E-16,0.));
#6256 = ORIENTED_EDGE('',*,*,#6257,.F.);
#6257 = EDGE_CURVE('',#6258,#6250,#6260,.T.);
#6258 = VERTEX_POINT('',#6259);
#6259 = CARTESIAN_POINT('',(1.,-0.5,3.E-02));
#6260 = CIRCLE('',#6261,3.E-02);
#6261 = AXIS2_PLACEMENT_3D('',#6262,#6263,#6264);
#6262 = CARTESIAN_POINT('',(0.97,-0.5,3.E-02));
#6263 = DIRECTION('',(2.22044604925E-16,1.,-0.));
#6264 = DIRECTION('',(0.,0.,1.));
#6265 = ORIENTED_EDGE('',*,*,#6266,.T.);
#6266 = EDGE_CURVE('',#6258,#6206,#6267,.T.);
#6267 = LINE('',#6268,#6269);
#6268 = CARTESIAN_POINT('',(1.,-0.5,0.));
#6269 = VECTOR('',#6270,1.);
#6270 = DIRECTION('',(0.,0.,1.));
#6271 = ORIENTED_EDGE('',*,*,#6215,.T.);
#6272 = ORIENTED_EDGE('',*,*,#5982,.F.);
#6273 = ORIENTED_EDGE('',*,*,#6274,.F.);
#6274 = EDGE_CURVE('',#6275,#5975,#6277,.T.);
#6275 = VERTEX_POINT('',#6276);
#6276 = CARTESIAN_POINT('',(0.55,-0.5,0.77));
#6277 = CIRCLE('',#6278,3.E-02);
#6278 = AXIS2_PLACEMENT_3D('',#6279,#6280,#6281);
#6279 = CARTESIAN_POINT('',(0.58,-0.5,0.77));
#6280 = DIRECTION('',(2.22044604925E-16,1.,-0.));
#6281 = DIRECTION('',(0.,0.,1.));
#6282 = ORIENTED_EDGE('',*,*,#6283,.T.);
#6283 = EDGE_CURVE('',#6275,#6284,#6286,.T.);
#6284 = VERTEX_POINT('',#6285);
#6285 = CARTESIAN_POINT('',(0.985,-0.5,0.77));
#6286 = LINE('',#6287,#6288);
#6287 = CARTESIAN_POINT('',(-0.2175,-0.5,0.77));
#6288 = VECTOR('',#6289,1.);
#6289 = DIRECTION('',(1.,-2.22044604925E-16,0.));
#6290 = ORIENTED_EDGE('',*,*,#6291,.T.);
#6291 = EDGE_CURVE('',#6284,#6233,#6292,.T.);
#6292 = LINE('',#6293,#6294);
#6293 = CARTESIAN_POINT('',(0.985,-0.5,1.5E-02));
#6294 = VECTOR('',#6295,1.);
#6295 = DIRECTION('',(0.,0.,-1.));
#6296 = PLANE('',#6297);
#6297 = AXIS2_PLACEMENT_3D('',#6298,#6299,#6300);
#6298 = CARTESIAN_POINT('',(0.55,-0.5,0.));
#6299 = DIRECTION('',(-2.22044604925E-16,-1.,0.));
#6300 = DIRECTION('',(0.,0.,1.));
#6301 = ADVANCED_FACE('',(#6302),#6313,.T.);
#6302 = FACE_BOUND('',#6303,.T.);
#6303 = EDGE_LOOP('',(#6304,#6310,#6311,#6312));
#6304 = ORIENTED_EDGE('',*,*,#6305,.F.);
#6305 = EDGE_CURVE('',#6275,#6074,#6306,.T.);
#6306 = LINE('',#6307,#6308);
#6307 = CARTESIAN_POINT('',(0.55,-6.75E-02,0.77));
#6308 = VECTOR('',#6309,1.);
#6309 = DIRECTION('',(2.22044604925E-16,1.,0.));
#6310 = ORIENTED_EDGE('',*,*,#6274,.T.);
#6311 = ORIENTED_EDGE('',*,*,#5974,.F.);
#6312 = ORIENTED_EDGE('',*,*,#6073,.F.);
#6313 = CYLINDRICAL_SURFACE('',#6314,3.E-02);
#6314 = AXIS2_PLACEMENT_3D('',#6315,#6316,#6317);
#6315 = CARTESIAN_POINT('',(0.58,0.5,0.77));
#6316 = DIRECTION('',(-2.22044604925E-16,-1.,0.));
#6317 = DIRECTION('',(-1.,2.22044604925E-16,0.));
#6318 = ADVANCED_FACE('',(#6319),#6399,.F.);
#6319 = FACE_BOUND('',#6320,.F.);
#6320 = EDGE_LOOP('',(#6321,#6329,#6337,#6345,#6353,#6361,#6369,#6377,
    #6385,#6391,#6392,#6398));
#6321 = ORIENTED_EDGE('',*,*,#6322,.T.);
#6322 = EDGE_CURVE('',#6024,#6323,#6325,.T.);
#6323 = VERTEX_POINT('',#6324);
#6324 = CARTESIAN_POINT('',(0.985,0.635,3.E-02));
#6325 = LINE('',#6326,#6327);
#6326 = CARTESIAN_POINT('',(0.985,-0.635,3.E-02));
#6327 = VECTOR('',#6328,1.);
#6328 = DIRECTION('',(0.,1.,0.));
#6329 = ORIENTED_EDGE('',*,*,#6330,.F.);
#6330 = EDGE_CURVE('',#6331,#6323,#6333,.T.);
#6331 = VERTEX_POINT('',#6332);
#6332 = CARTESIAN_POINT('',(-0.985,0.635,3.E-02));
#6333 = LINE('',#6334,#6335);
#6334 = CARTESIAN_POINT('',(-0.985,0.635,3.E-02));
#6335 = VECTOR('',#6336,1.);
#6336 = DIRECTION('',(1.,0.,0.));
#6337 = ORIENTED_EDGE('',*,*,#6338,.F.);
#6338 = EDGE_CURVE('',#6339,#6331,#6341,.T.);
#6339 = VERTEX_POINT('',#6340);
#6340 = CARTESIAN_POINT('',(-0.985,0.5,3.E-02));
#6341 = LINE('',#6342,#6343);
#6342 = CARTESIAN_POINT('',(-0.985,-0.635,3.E-02));
#6343 = VECTOR('',#6344,1.);
#6344 = DIRECTION('',(0.,1.,0.));
#6345 = ORIENTED_EDGE('',*,*,#6346,.F.);
#6346 = EDGE_CURVE('',#6347,#6339,#6349,.T.);
#6347 = VERTEX_POINT('',#6348);
#6348 = CARTESIAN_POINT('',(-0.55,0.5,3.E-02));
#6349 = LINE('',#6350,#6351);
#6350 = CARTESIAN_POINT('',(-0.7675,0.5,3.E-02));
#6351 = VECTOR('',#6352,1.);
#6352 = DIRECTION('',(-1.,1.110223024625E-16,0.));
#6353 = ORIENTED_EDGE('',*,*,#6354,.T.);
#6354 = EDGE_CURVE('',#6347,#6355,#6357,.T.);
#6355 = VERTEX_POINT('',#6356);
#6356 = CARTESIAN_POINT('',(-0.55,-0.5,3.E-02));
#6357 = LINE('',#6358,#6359);
#6358 = CARTESIAN_POINT('',(-0.55,-0.5675,3.E-02));
#6359 = VECTOR('',#6360,1.);
#6360 = DIRECTION('',(-1.110223024625E-16,-1.,0.));
#6361 = ORIENTED_EDGE('',*,*,#6362,.T.);
#6362 = EDGE_CURVE('',#6355,#6363,#6365,.T.);
#6363 = VERTEX_POINT('',#6364);
#6364 = CARTESIAN_POINT('',(-0.985,-0.5,3.E-02));
#6365 = LINE('',#6366,#6367);
#6366 = CARTESIAN_POINT('',(-0.7675,-0.5,3.E-02));
#6367 = VECTOR('',#6368,1.);
#6368 = DIRECTION('',(-1.,1.110223024625E-16,0.));
#6369 = ORIENTED_EDGE('',*,*,#6370,.F.);
#6370 = EDGE_CURVE('',#6371,#6363,#6373,.T.);
#6371 = VERTEX_POINT('',#6372);
#6372 = CARTESIAN_POINT('',(-0.985,-0.635,3.E-02));
#6373 = LINE('',#6374,#6375);
#6374 = CARTESIAN_POINT('',(-0.985,-0.635,3.E-02));
#6375 = VECTOR('',#6376,1.);
#6376 = DIRECTION('',(0.,1.,0.));
#6377 = ORIENTED_EDGE('',*,*,#6378,.T.);
#6378 = EDGE_CURVE('',#6371,#6379,#6381,.T.);
#6379 = VERTEX_POINT('',#6380);
#6380 = CARTESIAN_POINT('',(0.985,-0.635,3.E-02));
#6381 = LINE('',#6382,#6383);
#6382 = CARTESIAN_POINT('',(-0.985,-0.635,3.E-02));
#6383 = VECTOR('',#6384,1.);
#6384 = DIRECTION('',(1.,0.,0.));
#6385 = ORIENTED_EDGE('',*,*,#6386,.T.);
#6386 = EDGE_CURVE('',#6379,#6233,#6387,.T.);
#6387 = LINE('',#6388,#6389);
#6388 = CARTESIAN_POINT('',(0.985,-0.635,3.E-02));
#6389 = VECTOR('',#6390,1.);
#6390 = DIRECTION('',(0.,1.,0.));
#6391 = ORIENTED_EDGE('',*,*,#6230,.F.);
#6392 = ORIENTED_EDGE('',*,*,#6393,.T.);
#6393 = EDGE_CURVE('',#6231,#6022,#6394,.T.);
#6394 = LINE('',#6395,#6396);
#6395 = CARTESIAN_POINT('',(0.55,-6.75E-02,3.E-02));
#6396 = VECTOR('',#6397,1.);
#6397 = DIRECTION('',(2.22044604925E-16,1.,0.));
#6398 = ORIENTED_EDGE('',*,*,#6021,.T.);
#6399 = PLANE('',#6400);
#6400 = AXIS2_PLACEMENT_3D('',#6401,#6402,#6403);
#6401 = CARTESIAN_POINT('',(-0.985,-0.635,3.E-02));
#6402 = DIRECTION('',(0.,0.,1.));
#6403 = DIRECTION('',(1.,0.,-0.));
#6404 = ADVANCED_FACE('',(#6405),#6423,.T.);
#6405 = FACE_BOUND('',#6406,.T.);
#6406 = EDGE_LOOP('',(#6407,#6415,#6416,#6417));
#6407 = ORIENTED_EDGE('',*,*,#6408,.F.);
#6408 = EDGE_CURVE('',#6083,#6409,#6411,.T.);
#6409 = VERTEX_POINT('',#6410);
#6410 = CARTESIAN_POINT('',(0.985,0.635,0.77));
#6411 = LINE('',#6412,#6413);
#6412 = CARTESIAN_POINT('',(0.985,-0.635,0.77));
#6413 = VECTOR('',#6414,1.);
#6414 = DIRECTION('',(0.,1.,0.));
#6415 = ORIENTED_EDGE('',*,*,#6090,.T.);
#6416 = ORIENTED_EDGE('',*,*,#6322,.T.);
#6417 = ORIENTED_EDGE('',*,*,#6418,.T.);
#6418 = EDGE_CURVE('',#6323,#6409,#6419,.T.);
#6419 = LINE('',#6420,#6421);
#6420 = CARTESIAN_POINT('',(0.985,0.635,3.E-02));
#6421 = VECTOR('',#6422,1.);
#6422 = DIRECTION('',(0.,0.,1.));
#6423 = PLANE('',#6424);
#6424 = AXIS2_PLACEMENT_3D('',#6425,#6426,#6427);
#6425 = CARTESIAN_POINT('',(0.985,-0.635,3.E-02));
#6426 = DIRECTION('',(1.,0.,0.));
#6427 = DIRECTION('',(0.,0.,1.));
#6428 = ADVANCED_FACE('',(#6429,#6497),#6531,.T.);
#6429 = FACE_BOUND('',#6430,.T.);
#6430 = EDGE_LOOP('',(#6431,#6432,#6440,#6448,#6456,#6464,#6472,#6480,
    #6488,#6494,#6495,#6496));
#6431 = ORIENTED_EDGE('',*,*,#6408,.T.);
#6432 = ORIENTED_EDGE('',*,*,#6433,.F.);
#6433 = EDGE_CURVE('',#6434,#6409,#6436,.T.);
#6434 = VERTEX_POINT('',#6435);
#6435 = CARTESIAN_POINT('',(-0.985,0.635,0.77));
#6436 = LINE('',#6437,#6438);
#6437 = CARTESIAN_POINT('',(-0.985,0.635,0.77));
#6438 = VECTOR('',#6439,1.);
#6439 = DIRECTION('',(1.,0.,0.));
#6440 = ORIENTED_EDGE('',*,*,#6441,.F.);
#6441 = EDGE_CURVE('',#6442,#6434,#6444,.T.);
#6442 = VERTEX_POINT('',#6443);
#6443 = CARTESIAN_POINT('',(-0.985,0.5,0.77));
#6444 = LINE('',#6445,#6446);
#6445 = CARTESIAN_POINT('',(-0.985,-0.635,0.77));
#6446 = VECTOR('',#6447,1.);
#6447 = DIRECTION('',(0.,1.,0.));
#6448 = ORIENTED_EDGE('',*,*,#6449,.F.);
#6449 = EDGE_CURVE('',#6450,#6442,#6452,.T.);
#6450 = VERTEX_POINT('',#6451);
#6451 = CARTESIAN_POINT('',(-0.55,0.5,0.77));
#6452 = LINE('',#6453,#6454);
#6453 = CARTESIAN_POINT('',(-0.7675,0.5,0.77));
#6454 = VECTOR('',#6455,1.);
#6455 = DIRECTION('',(-1.,1.110223024625E-16,0.));
#6456 = ORIENTED_EDGE('',*,*,#6457,.T.);
#6457 = EDGE_CURVE('',#6450,#6458,#6460,.T.);
#6458 = VERTEX_POINT('',#6459);
#6459 = CARTESIAN_POINT('',(-0.55,-0.5,0.77));
#6460 = LINE('',#6461,#6462);
#6461 = CARTESIAN_POINT('',(-0.55,-0.5675,0.77));
#6462 = VECTOR('',#6463,1.);
#6463 = DIRECTION('',(-1.110223024625E-16,-1.,0.));
#6464 = ORIENTED_EDGE('',*,*,#6465,.T.);
#6465 = EDGE_CURVE('',#6458,#6466,#6468,.T.);
#6466 = VERTEX_POINT('',#6467);
#6467 = CARTESIAN_POINT('',(-0.985,-0.5,0.77));
#6468 = LINE('',#6469,#6470);
#6469 = CARTESIAN_POINT('',(-0.7675,-0.5,0.77));
#6470 = VECTOR('',#6471,1.);
#6471 = DIRECTION('',(-1.,1.110223024625E-16,0.));
#6472 = ORIENTED_EDGE('',*,*,#6473,.F.);
#6473 = EDGE_CURVE('',#6474,#6466,#6476,.T.);
#6474 = VERTEX_POINT('',#6475);
#6475 = CARTESIAN_POINT('',(-0.985,-0.635,0.77));
#6476 = LINE('',#6477,#6478);
#6477 = CARTESIAN_POINT('',(-0.985,-0.635,0.77));
#6478 = VECTOR('',#6479,1.);
#6479 = DIRECTION('',(0.,1.,0.));
#6480 = ORIENTED_EDGE('',*,*,#6481,.T.);
#6481 = EDGE_CURVE('',#6474,#6482,#6484,.T.);
#6482 = VERTEX_POINT('',#6483);
#6483 = CARTESIAN_POINT('',(0.985,-0.635,0.77));
#6484 = LINE('',#6485,#6486);
#6485 = CARTESIAN_POINT('',(-0.985,-0.635,0.77));
#6486 = VECTOR('',#6487,1.);
#6487 = DIRECTION('',(1.,0.,0.));
#6488 = ORIENTED_EDGE('',*,*,#6489,.T.);
#6489 = EDGE_CURVE('',#6482,#6284,#6490,.T.);
#6490 = LINE('',#6491,#6492);
#6491 = CARTESIAN_POINT('',(0.985,-0.635,0.77));
#6492 = VECTOR('',#6493,1.);
#6493 = DIRECTION('',(0.,1.,0.));
#6494 = ORIENTED_EDGE('',*,*,#6283,.F.);
#6495 = ORIENTED_EDGE('',*,*,#6305,.T.);
#6496 = ORIENTED_EDGE('',*,*,#6082,.T.);
#6497 = FACE_BOUND('',#6498,.T.);
#6498 = EDGE_LOOP('',(#6499,#6509,#6517,#6525));
#6499 = ORIENTED_EDGE('',*,*,#6500,.F.);
#6500 = EDGE_CURVE('',#6501,#6503,#6505,.T.);
#6501 = VERTEX_POINT('',#6502);
#6502 = CARTESIAN_POINT('',(-0.355,-0.59,0.77));
#6503 = VERTEX_POINT('',#6504);
#6504 = CARTESIAN_POINT('',(-0.355,0.59,0.77));
#6505 = LINE('',#6506,#6507);
#6506 = CARTESIAN_POINT('',(-0.355,-0.6125,0.77));
#6507 = VECTOR('',#6508,1.);
#6508 = DIRECTION('',(0.,1.,0.));
#6509 = ORIENTED_EDGE('',*,*,#6510,.T.);
#6510 = EDGE_CURVE('',#6501,#6511,#6513,.T.);
#6511 = VERTEX_POINT('',#6512);
#6512 = CARTESIAN_POINT('',(-0.505,-0.59,0.77));
#6513 = LINE('',#6514,#6515);
#6514 = CARTESIAN_POINT('',(-0.745,-0.59,0.77));
#6515 = VECTOR('',#6516,1.);
#6516 = DIRECTION('',(-1.,0.,0.));
#6517 = ORIENTED_EDGE('',*,*,#6518,.T.);
#6518 = EDGE_CURVE('',#6511,#6519,#6521,.T.);
#6519 = VERTEX_POINT('',#6520);
#6520 = CARTESIAN_POINT('',(-0.505,0.59,0.77));
#6521 = LINE('',#6522,#6523);
#6522 = CARTESIAN_POINT('',(-0.505,-0.6125,0.77));
#6523 = VECTOR('',#6524,1.);
#6524 = DIRECTION('',(0.,1.,0.));
#6525 = ORIENTED_EDGE('',*,*,#6526,.F.);
#6526 = EDGE_CURVE('',#6503,#6519,#6527,.T.);
#6527 = LINE('',#6528,#6529);
#6528 = CARTESIAN_POINT('',(-0.745,0.59,0.77));
#6529 = VECTOR('',#6530,1.);
#6530 = DIRECTION('',(-1.,0.,0.));
#6531 = PLANE('',#6532);
#6532 = AXIS2_PLACEMENT_3D('',#6533,#6534,#6535);
#6533 = CARTESIAN_POINT('',(-0.985,-0.635,0.77));
#6534 = DIRECTION('',(0.,0.,1.));
#6535 = DIRECTION('',(1.,0.,-0.));
#6536 = ADVANCED_FACE('',(#6537),#6548,.T.);
#6537 = FACE_BOUND('',#6538,.T.);
#6538 = EDGE_LOOP('',(#6539,#6540,#6546,#6547));
#6539 = ORIENTED_EDGE('',*,*,#6156,.F.);
#6540 = ORIENTED_EDGE('',*,*,#6541,.F.);
#6541 = EDGE_CURVE('',#6049,#6157,#6542,.T.);
#6542 = LINE('',#6543,#6544);
#6543 = CARTESIAN_POINT('',(1.,0.5,3.E-02));
#6544 = VECTOR('',#6545,1.);
#6545 = DIRECTION('',(-2.22044604925E-16,-1.,0.));
#6546 = ORIENTED_EDGE('',*,*,#6057,.T.);
#6547 = ORIENTED_EDGE('',*,*,#6104,.T.);
#6548 = PLANE('',#6549);
#6549 = AXIS2_PLACEMENT_3D('',#6550,#6551,#6552);
#6550 = CARTESIAN_POINT('',(1.,0.5,0.));
#6551 = DIRECTION('',(1.,-2.22044604925E-16,0.));
#6552 = DIRECTION('',(0.,0.,1.));
#6553 = ADVANCED_FACE('',(#6554),#6565,.T.);
#6554 = FACE_BOUND('',#6555,.T.);
#6555 = EDGE_LOOP('',(#6556,#6557,#6563,#6564));
#6556 = ORIENTED_EDGE('',*,*,#6164,.T.);
#6557 = ORIENTED_EDGE('',*,*,#6558,.F.);
#6558 = EDGE_CURVE('',#6041,#6165,#6559,.T.);
#6559 = LINE('',#6560,#6561);
#6560 = CARTESIAN_POINT('',(0.97,0.5,-3.469446951954E-18));
#6561 = VECTOR('',#6562,1.);
#6562 = DIRECTION('',(-2.22044604925E-16,-1.,0.));
#6563 = ORIENTED_EDGE('',*,*,#6048,.F.);
#6564 = ORIENTED_EDGE('',*,*,#6541,.T.);
#6565 = CYLINDRICAL_SURFACE('',#6566,3.E-02);
#6566 = AXIS2_PLACEMENT_3D('',#6567,#6568,#6569);
#6567 = CARTESIAN_POINT('',(0.97,0.5,3.E-02));
#6568 = DIRECTION('',(-2.22044604925E-16,-1.,0.));
#6569 = DIRECTION('',(1.,-2.22044604925E-16,0.));
#6570 = ADVANCED_FACE('',(#6571),#6589,.F.);
#6571 = FACE_BOUND('',#6572,.F.);
#6572 = EDGE_LOOP('',(#6573,#6574,#6580,#6581,#6587,#6588));
#6573 = ORIENTED_EDGE('',*,*,#6040,.F.);
#6574 = ORIENTED_EDGE('',*,*,#6575,.T.);
#6575 = EDGE_CURVE('',#6032,#6241,#6576,.T.);
#6576 = LINE('',#6577,#6578);
#6577 = CARTESIAN_POINT('',(0.58,0.5,-3.469446951954E-18));
#6578 = VECTOR('',#6579,1.);
#6579 = DIRECTION('',(-2.22044604925E-16,-1.,0.));
#6580 = ORIENTED_EDGE('',*,*,#6249,.T.);
#6581 = ORIENTED_EDGE('',*,*,#6582,.F.);
#6582 = EDGE_CURVE('',#6178,#6250,#6583,.T.);
#6583 = LINE('',#6584,#6585);
#6584 = CARTESIAN_POINT('',(0.97,0.5,-3.469446951954E-18));
#6585 = VECTOR('',#6586,1.);
#6586 = DIRECTION('',(-2.22044604925E-16,-1.,0.));
#6587 = ORIENTED_EDGE('',*,*,#6177,.F.);
#6588 = ORIENTED_EDGE('',*,*,#6558,.F.);
#6589 = PLANE('',#6590);
#6590 = AXIS2_PLACEMENT_3D('',#6591,#6592,#6593);
#6591 = CARTESIAN_POINT('',(0.55,0.5,0.));
#6592 = DIRECTION('',(0.,0.,1.));
#6593 = DIRECTION('',(-2.22044604925E-16,-1.,0.));
#6594 = ADVANCED_FACE('',(#6595),#6601,.T.);
#6595 = FACE_BOUND('',#6596,.T.);
#6596 = EDGE_LOOP('',(#6597,#6598,#6599,#6600));
#6597 = ORIENTED_EDGE('',*,*,#6031,.T.);
#6598 = ORIENTED_EDGE('',*,*,#6575,.T.);
#6599 = ORIENTED_EDGE('',*,*,#6240,.F.);
#6600 = ORIENTED_EDGE('',*,*,#6393,.T.);
#6601 = CYLINDRICAL_SURFACE('',#6602,3.E-02);
#6602 = AXIS2_PLACEMENT_3D('',#6603,#6604,#6605);
#6603 = CARTESIAN_POINT('',(0.58,0.5,3.E-02));
#6604 = DIRECTION('',(-2.22044604925E-16,-1.,0.));
#6605 = DIRECTION('',(-1.,2.22044604925E-16,0.));
#6606 = ADVANCED_FACE('',(#6607),#6618,.T.);
#6607 = FACE_BOUND('',#6608,.T.);
#6608 = EDGE_LOOP('',(#6609,#6610,#6616,#6617));
#6609 = ORIENTED_EDGE('',*,*,#6266,.F.);
#6610 = ORIENTED_EDGE('',*,*,#6611,.F.);
#6611 = EDGE_CURVE('',#6134,#6258,#6612,.T.);
#6612 = LINE('',#6613,#6614);
#6613 = CARTESIAN_POINT('',(1.,0.5,3.E-02));
#6614 = VECTOR('',#6615,1.);
#6615 = DIRECTION('',(-2.22044604925E-16,-1.,0.));
#6616 = ORIENTED_EDGE('',*,*,#6133,.T.);
#6617 = ORIENTED_EDGE('',*,*,#6205,.T.);
#6618 = PLANE('',#6619);
#6619 = AXIS2_PLACEMENT_3D('',#6620,#6621,#6622);
#6620 = CARTESIAN_POINT('',(1.,0.5,0.));
#6621 = DIRECTION('',(1.,-2.22044604925E-16,0.));
#6622 = DIRECTION('',(0.,0.,1.));
#6623 = ADVANCED_FACE('',(#6624),#6630,.T.);
#6624 = FACE_BOUND('',#6625,.T.);
#6625 = EDGE_LOOP('',(#6626,#6627,#6628,#6629));
#6626 = ORIENTED_EDGE('',*,*,#6257,.T.);
#6627 = ORIENTED_EDGE('',*,*,#6582,.F.);
#6628 = ORIENTED_EDGE('',*,*,#6186,.F.);
#6629 = ORIENTED_EDGE('',*,*,#6611,.T.);
#6630 = CYLINDRICAL_SURFACE('',#6631,3.E-02);
#6631 = AXIS2_PLACEMENT_3D('',#6632,#6633,#6634);
#6632 = CARTESIAN_POINT('',(0.97,0.5,3.E-02));
#6633 = DIRECTION('',(-2.22044604925E-16,-1.,0.));
#6634 = DIRECTION('',(1.,-2.22044604925E-16,0.));
#6635 = ADVANCED_FACE('',(#6636),#6647,.T.);
#6636 = FACE_BOUND('',#6637,.T.);
#6637 = EDGE_LOOP('',(#6638,#6639,#6645,#6646));
#6638 = ORIENTED_EDGE('',*,*,#6489,.F.);
#6639 = ORIENTED_EDGE('',*,*,#6640,.F.);
#6640 = EDGE_CURVE('',#6379,#6482,#6641,.T.);
#6641 = LINE('',#6642,#6643);
#6642 = CARTESIAN_POINT('',(0.985,-0.635,3.E-02));
#6643 = VECTOR('',#6644,1.);
#6644 = DIRECTION('',(0.,0.,1.));
#6645 = ORIENTED_EDGE('',*,*,#6386,.T.);
#6646 = ORIENTED_EDGE('',*,*,#6291,.F.);
#6647 = PLANE('',#6648);
#6648 = AXIS2_PLACEMENT_3D('',#6649,#6650,#6651);
#6649 = CARTESIAN_POINT('',(0.985,-0.635,3.E-02));
#6650 = DIRECTION('',(1.,0.,0.));
#6651 = DIRECTION('',(0.,0.,1.));
#6652 = ADVANCED_FACE('',(#6653),#6664,.T.);
#6653 = FACE_BOUND('',#6654,.T.);
#6654 = EDGE_LOOP('',(#6655,#6656,#6662,#6663));
#6655 = ORIENTED_EDGE('',*,*,#6330,.F.);
#6656 = ORIENTED_EDGE('',*,*,#6657,.T.);
#6657 = EDGE_CURVE('',#6331,#6434,#6658,.T.);
#6658 = LINE('',#6659,#6660);
#6659 = CARTESIAN_POINT('',(-0.985,0.635,3.E-02));
#6660 = VECTOR('',#6661,1.);
#6661 = DIRECTION('',(0.,0.,1.));
#6662 = ORIENTED_EDGE('',*,*,#6433,.T.);
#6663 = ORIENTED_EDGE('',*,*,#6418,.F.);
#6664 = PLANE('',#6665);
#6665 = AXIS2_PLACEMENT_3D('',#6666,#6667,#6668);
#6666 = CARTESIAN_POINT('',(-0.985,0.635,3.E-02));
#6667 = DIRECTION('',(0.,1.,0.));
#6668 = DIRECTION('',(0.,-0.,1.));
#6669 = ADVANCED_FACE('',(#6670),#6681,.F.);
#6670 = FACE_BOUND('',#6671,.F.);
#6671 = EDGE_LOOP('',(#6672,#6673,#6679,#6680));
#6672 = ORIENTED_EDGE('',*,*,#6441,.F.);
#6673 = ORIENTED_EDGE('',*,*,#6674,.F.);
#6674 = EDGE_CURVE('',#6339,#6442,#6675,.T.);
#6675 = LINE('',#6676,#6677);
#6676 = CARTESIAN_POINT('',(-0.985,0.5,1.5E-02));
#6677 = VECTOR('',#6678,1.);
#6678 = DIRECTION('',(0.,0.,1.));
#6679 = ORIENTED_EDGE('',*,*,#6338,.T.);
#6680 = ORIENTED_EDGE('',*,*,#6657,.T.);
#6681 = PLANE('',#6682);
#6682 = AXIS2_PLACEMENT_3D('',#6683,#6684,#6685);
#6683 = CARTESIAN_POINT('',(-0.985,-0.635,3.E-02));
#6684 = DIRECTION('',(1.,0.,0.));
#6685 = DIRECTION('',(0.,0.,1.));
#6686 = ADVANCED_FACE('',(#6687),#6750,.T.);
#6687 = FACE_BOUND('',#6688,.T.);
#6688 = EDGE_LOOP('',(#6689,#6690,#6699,#6707,#6716,#6724,#6733,#6741,
    #6748,#6749));
#6689 = ORIENTED_EDGE('',*,*,#6346,.F.);
#6690 = ORIENTED_EDGE('',*,*,#6691,.T.);
#6691 = EDGE_CURVE('',#6347,#6692,#6694,.T.);
#6692 = VERTEX_POINT('',#6693);
#6693 = CARTESIAN_POINT('',(-0.58,0.5,-3.469446951954E-18));
#6694 = CIRCLE('',#6695,3.E-02);
#6695 = AXIS2_PLACEMENT_3D('',#6696,#6697,#6698);
#6696 = CARTESIAN_POINT('',(-0.58,0.5,3.E-02));
#6697 = DIRECTION('',(1.110223024625E-16,1.,-0.));
#6698 = DIRECTION('',(0.,0.,1.));
#6699 = ORIENTED_EDGE('',*,*,#6700,.T.);
#6700 = EDGE_CURVE('',#6692,#6701,#6703,.T.);
#6701 = VERTEX_POINT('',#6702);
#6702 = CARTESIAN_POINT('',(-0.97,0.5,-3.469446951954E-18));
#6703 = LINE('',#6704,#6705);
#6704 = CARTESIAN_POINT('',(-0.55,0.5,0.));
#6705 = VECTOR('',#6706,1.);
#6706 = DIRECTION('',(-1.,1.110223024625E-16,0.));
#6707 = ORIENTED_EDGE('',*,*,#6708,.F.);
#6708 = EDGE_CURVE('',#6709,#6701,#6711,.T.);
#6709 = VERTEX_POINT('',#6710);
#6710 = CARTESIAN_POINT('',(-1.,0.5,3.E-02));
#6711 = CIRCLE('',#6712,3.E-02);
#6712 = AXIS2_PLACEMENT_3D('',#6713,#6714,#6715);
#6713 = CARTESIAN_POINT('',(-0.97,0.5,3.E-02));
#6714 = DIRECTION('',(-1.110223024625E-16,-1.,0.));
#6715 = DIRECTION('',(0.,0.,1.));
#6716 = ORIENTED_EDGE('',*,*,#6717,.T.);
#6717 = EDGE_CURVE('',#6709,#6718,#6720,.T.);
#6718 = VERTEX_POINT('',#6719);
#6719 = CARTESIAN_POINT('',(-1.,0.5,0.77));
#6720 = LINE('',#6721,#6722);
#6721 = CARTESIAN_POINT('',(-1.,0.5,0.));
#6722 = VECTOR('',#6723,1.);
#6723 = DIRECTION('',(0.,0.,1.));
#6724 = ORIENTED_EDGE('',*,*,#6725,.T.);
#6725 = EDGE_CURVE('',#6718,#6726,#6728,.T.);
#6726 = VERTEX_POINT('',#6727);
#6727 = CARTESIAN_POINT('',(-0.97,0.5,0.8));
#6728 = CIRCLE('',#6729,3.E-02);
#6729 = AXIS2_PLACEMENT_3D('',#6730,#6731,#6732);
#6730 = CARTESIAN_POINT('',(-0.97,0.5,0.77));
#6731 = DIRECTION('',(1.110223024625E-16,1.,-0.));
#6732 = DIRECTION('',(0.,0.,1.));
#6733 = ORIENTED_EDGE('',*,*,#6734,.F.);
#6734 = EDGE_CURVE('',#6735,#6726,#6737,.T.);
#6735 = VERTEX_POINT('',#6736);
#6736 = CARTESIAN_POINT('',(-0.58,0.5,0.8));
#6737 = LINE('',#6738,#6739);
#6738 = CARTESIAN_POINT('',(-0.55,0.5,0.8));
#6739 = VECTOR('',#6740,1.);
#6740 = DIRECTION('',(-1.,1.110223024625E-16,0.));
#6741 = ORIENTED_EDGE('',*,*,#6742,.F.);
#6742 = EDGE_CURVE('',#6450,#6735,#6743,.T.);
#6743 = CIRCLE('',#6744,3.E-02);
#6744 = AXIS2_PLACEMENT_3D('',#6745,#6746,#6747);
#6745 = CARTESIAN_POINT('',(-0.58,0.5,0.77));
#6746 = DIRECTION('',(-1.110223024625E-16,-1.,0.));
#6747 = DIRECTION('',(0.,0.,1.));
#6748 = ORIENTED_EDGE('',*,*,#6449,.T.);
#6749 = ORIENTED_EDGE('',*,*,#6674,.F.);
#6750 = PLANE('',#6751);
#6751 = AXIS2_PLACEMENT_3D('',#6752,#6753,#6754);
#6752 = CARTESIAN_POINT('',(-0.55,0.5,0.));
#6753 = DIRECTION('',(1.110223024625E-16,1.,0.));
#6754 = DIRECTION('',(0.,-0.,1.));
#6755 = ADVANCED_FACE('',(#6756),#6775,.T.);
#6756 = FACE_BOUND('',#6757,.T.);
#6757 = EDGE_LOOP('',(#6758,#6767,#6773,#6774));
#6758 = ORIENTED_EDGE('',*,*,#6759,.T.);
#6759 = EDGE_CURVE('',#6355,#6760,#6762,.T.);
#6760 = VERTEX_POINT('',#6761);
#6761 = CARTESIAN_POINT('',(-0.58,-0.5,-3.469446951954E-18));
#6762 = CIRCLE('',#6763,3.E-02);
#6763 = AXIS2_PLACEMENT_3D('',#6764,#6765,#6766);
#6764 = CARTESIAN_POINT('',(-0.58,-0.5,3.E-02));
#6765 = DIRECTION('',(1.110223024625E-16,1.,-0.));
#6766 = DIRECTION('',(0.,0.,1.));
#6767 = ORIENTED_EDGE('',*,*,#6768,.T.);
#6768 = EDGE_CURVE('',#6760,#6692,#6769,.T.);
#6769 = LINE('',#6770,#6771);
#6770 = CARTESIAN_POINT('',(-0.58,-0.5,-3.469446951954E-18));
#6771 = VECTOR('',#6772,1.);
#6772 = DIRECTION('',(1.110223024625E-16,1.,0.));
#6773 = ORIENTED_EDGE('',*,*,#6691,.F.);
#6774 = ORIENTED_EDGE('',*,*,#6354,.T.);
#6775 = CYLINDRICAL_SURFACE('',#6776,3.E-02);
#6776 = AXIS2_PLACEMENT_3D('',#6777,#6778,#6779);
#6777 = CARTESIAN_POINT('',(-0.58,-0.5,3.E-02));
#6778 = DIRECTION('',(1.110223024625E-16,1.,0.));
#6779 = DIRECTION('',(1.,-1.110223024625E-16,0.));
#6780 = ADVANCED_FACE('',(#6781),#6792,.F.);
#6781 = FACE_BOUND('',#6782,.F.);
#6782 = EDGE_LOOP('',(#6783,#6784,#6790,#6791));
#6783 = ORIENTED_EDGE('',*,*,#6378,.F.);
#6784 = ORIENTED_EDGE('',*,*,#6785,.T.);
#6785 = EDGE_CURVE('',#6371,#6474,#6786,.T.);
#6786 = LINE('',#6787,#6788);
#6787 = CARTESIAN_POINT('',(-0.985,-0.635,3.E-02));
#6788 = VECTOR('',#6789,1.);
#6789 = DIRECTION('',(0.,0.,1.));
#6790 = ORIENTED_EDGE('',*,*,#6481,.T.);
#6791 = ORIENTED_EDGE('',*,*,#6640,.F.);
#6792 = PLANE('',#6793);
#6793 = AXIS2_PLACEMENT_3D('',#6794,#6795,#6796);
#6794 = CARTESIAN_POINT('',(-0.985,-0.635,3.E-02));
#6795 = DIRECTION('',(0.,1.,0.));
#6796 = DIRECTION('',(0.,-0.,1.));
#6797 = ADVANCED_FACE('',(#6798),#6858,.F.);
#6798 = FACE_BOUND('',#6799,.F.);
#6799 = EDGE_LOOP('',(#6800,#6801,#6802,#6810,#6819,#6827,#6836,#6844,
    #6851,#6852));
#6800 = ORIENTED_EDGE('',*,*,#6362,.F.);
#6801 = ORIENTED_EDGE('',*,*,#6759,.T.);
#6802 = ORIENTED_EDGE('',*,*,#6803,.T.);
#6803 = EDGE_CURVE('',#6760,#6804,#6806,.T.);
#6804 = VERTEX_POINT('',#6805);
#6805 = CARTESIAN_POINT('',(-0.97,-0.5,-3.469446951954E-18));
#6806 = LINE('',#6807,#6808);
#6807 = CARTESIAN_POINT('',(-0.55,-0.5,0.));
#6808 = VECTOR('',#6809,1.);
#6809 = DIRECTION('',(-1.,1.110223024625E-16,0.));
#6810 = ORIENTED_EDGE('',*,*,#6811,.F.);
#6811 = EDGE_CURVE('',#6812,#6804,#6814,.T.);
#6812 = VERTEX_POINT('',#6813);
#6813 = CARTESIAN_POINT('',(-1.,-0.5,3.E-02));
#6814 = CIRCLE('',#6815,3.E-02);
#6815 = AXIS2_PLACEMENT_3D('',#6816,#6817,#6818);
#6816 = CARTESIAN_POINT('',(-0.97,-0.5,3.E-02));
#6817 = DIRECTION('',(-1.110223024625E-16,-1.,0.));
#6818 = DIRECTION('',(0.,0.,1.));
#6819 = ORIENTED_EDGE('',*,*,#6820,.T.);
#6820 = EDGE_CURVE('',#6812,#6821,#6823,.T.);
#6821 = VERTEX_POINT('',#6822);
#6822 = CARTESIAN_POINT('',(-1.,-0.5,0.77));
#6823 = LINE('',#6824,#6825);
#6824 = CARTESIAN_POINT('',(-1.,-0.5,0.));
#6825 = VECTOR('',#6826,1.);
#6826 = DIRECTION('',(0.,0.,1.));
#6827 = ORIENTED_EDGE('',*,*,#6828,.T.);
#6828 = EDGE_CURVE('',#6821,#6829,#6831,.T.);
#6829 = VERTEX_POINT('',#6830);
#6830 = CARTESIAN_POINT('',(-0.97,-0.5,0.8));
#6831 = CIRCLE('',#6832,3.E-02);
#6832 = AXIS2_PLACEMENT_3D('',#6833,#6834,#6835);
#6833 = CARTESIAN_POINT('',(-0.97,-0.5,0.77));
#6834 = DIRECTION('',(1.110223024625E-16,1.,-0.));
#6835 = DIRECTION('',(0.,0.,1.));
#6836 = ORIENTED_EDGE('',*,*,#6837,.F.);
#6837 = EDGE_CURVE('',#6838,#6829,#6840,.T.);
#6838 = VERTEX_POINT('',#6839);
#6839 = CARTESIAN_POINT('',(-0.58,-0.5,0.8));
#6840 = LINE('',#6841,#6842);
#6841 = CARTESIAN_POINT('',(-0.55,-0.5,0.8));
#6842 = VECTOR('',#6843,1.);
#6843 = DIRECTION('',(-1.,1.110223024625E-16,0.));
#6844 = ORIENTED_EDGE('',*,*,#6845,.F.);
#6845 = EDGE_CURVE('',#6458,#6838,#6846,.T.);
#6846 = CIRCLE('',#6847,3.E-02);
#6847 = AXIS2_PLACEMENT_3D('',#6848,#6849,#6850);
#6848 = CARTESIAN_POINT('',(-0.58,-0.5,0.77));
#6849 = DIRECTION('',(-1.110223024625E-16,-1.,0.));
#6850 = DIRECTION('',(0.,0.,1.));
#6851 = ORIENTED_EDGE('',*,*,#6465,.T.);
#6852 = ORIENTED_EDGE('',*,*,#6853,.F.);
#6853 = EDGE_CURVE('',#6363,#6466,#6854,.T.);
#6854 = LINE('',#6855,#6856);
#6855 = CARTESIAN_POINT('',(-0.985,-0.5,1.5E-02));
#6856 = VECTOR('',#6857,1.);
#6857 = DIRECTION('',(0.,0.,1.));
#6858 = PLANE('',#6859);
#6859 = AXIS2_PLACEMENT_3D('',#6860,#6861,#6862);
#6860 = CARTESIAN_POINT('',(-0.55,-0.5,0.));
#6861 = DIRECTION('',(1.110223024625E-16,1.,0.));
#6862 = DIRECTION('',(0.,-0.,1.));
#6863 = ADVANCED_FACE('',(#6864),#6870,.F.);
#6864 = FACE_BOUND('',#6865,.F.);
#6865 = EDGE_LOOP('',(#6866,#6867,#6868,#6869));
#6866 = ORIENTED_EDGE('',*,*,#6473,.F.);
#6867 = ORIENTED_EDGE('',*,*,#6785,.F.);
#6868 = ORIENTED_EDGE('',*,*,#6370,.T.);
#6869 = ORIENTED_EDGE('',*,*,#6853,.T.);
#6870 = PLANE('',#6871);
#6871 = AXIS2_PLACEMENT_3D('',#6872,#6873,#6874);
#6872 = CARTESIAN_POINT('',(-0.985,-0.635,3.E-02));
#6873 = DIRECTION('',(1.,0.,0.));
#6874 = DIRECTION('',(0.,0.,1.));
#6875 = ADVANCED_FACE('',(#6876),#6887,.T.);
#6876 = FACE_BOUND('',#6877,.T.);
#6877 = EDGE_LOOP('',(#6878,#6879,#6880,#6886));
#6878 = ORIENTED_EDGE('',*,*,#6457,.F.);
#6879 = ORIENTED_EDGE('',*,*,#6742,.T.);
#6880 = ORIENTED_EDGE('',*,*,#6881,.F.);
#6881 = EDGE_CURVE('',#6838,#6735,#6882,.T.);
#6882 = LINE('',#6883,#6884);
#6883 = CARTESIAN_POINT('',(-0.58,-0.5,0.8));
#6884 = VECTOR('',#6885,1.);
#6885 = DIRECTION('',(1.110223024625E-16,1.,0.));
#6886 = ORIENTED_EDGE('',*,*,#6845,.F.);
#6887 = CYLINDRICAL_SURFACE('',#6888,3.E-02);
#6888 = AXIS2_PLACEMENT_3D('',#6889,#6890,#6891);
#6889 = CARTESIAN_POINT('',(-0.58,-0.5,0.77));
#6890 = DIRECTION('',(1.110223024625E-16,1.,0.));
#6891 = DIRECTION('',(1.,-1.110223024625E-16,0.));
#6892 = ADVANCED_FACE('',(#6893),#6918,.F.);
#6893 = FACE_BOUND('',#6894,.F.);
#6894 = EDGE_LOOP('',(#6895,#6903,#6911,#6917));
#6895 = ORIENTED_EDGE('',*,*,#6896,.F.);
#6896 = EDGE_CURVE('',#6897,#6501,#6899,.T.);
#6897 = VERTEX_POINT('',#6898);
#6898 = CARTESIAN_POINT('',(-0.355,-0.59,0.76));
#6899 = LINE('',#6900,#6901);
#6900 = CARTESIAN_POINT('',(-0.355,-0.59,0.76));
#6901 = VECTOR('',#6902,1.);
#6902 = DIRECTION('',(0.,0.,1.));
#6903 = ORIENTED_EDGE('',*,*,#6904,.T.);
#6904 = EDGE_CURVE('',#6897,#6905,#6907,.T.);
#6905 = VERTEX_POINT('',#6906);
#6906 = CARTESIAN_POINT('',(-0.355,0.59,0.76));
#6907 = LINE('',#6908,#6909);
#6908 = CARTESIAN_POINT('',(-0.355,-0.59,0.76));
#6909 = VECTOR('',#6910,1.);
#6910 = DIRECTION('',(0.,1.,0.));
#6911 = ORIENTED_EDGE('',*,*,#6912,.T.);
#6912 = EDGE_CURVE('',#6905,#6503,#6913,.T.);
#6913 = LINE('',#6914,#6915);
#6914 = CARTESIAN_POINT('',(-0.355,0.59,0.76));
#6915 = VECTOR('',#6916,1.);
#6916 = DIRECTION('',(0.,0.,1.));
#6917 = ORIENTED_EDGE('',*,*,#6500,.F.);
#6918 = PLANE('',#6919);
#6919 = AXIS2_PLACEMENT_3D('',#6920,#6921,#6922);
#6920 = CARTESIAN_POINT('',(-0.355,-0.59,0.76));
#6921 = DIRECTION('',(1.,0.,0.));
#6922 = DIRECTION('',(0.,0.,1.));
#6923 = ADVANCED_FACE('',(#6924),#6942,.T.);
#6924 = FACE_BOUND('',#6925,.T.);
#6925 = EDGE_LOOP('',(#6926,#6927,#6935,#6941));
#6926 = ORIENTED_EDGE('',*,*,#6896,.F.);
#6927 = ORIENTED_EDGE('',*,*,#6928,.F.);
#6928 = EDGE_CURVE('',#6929,#6897,#6931,.T.);
#6929 = VERTEX_POINT('',#6930);
#6930 = CARTESIAN_POINT('',(-0.505,-0.59,0.76));
#6931 = LINE('',#6932,#6933);
#6932 = CARTESIAN_POINT('',(-0.505,-0.59,0.76));
#6933 = VECTOR('',#6934,1.);
#6934 = DIRECTION('',(1.,0.,0.));
#6935 = ORIENTED_EDGE('',*,*,#6936,.T.);
#6936 = EDGE_CURVE('',#6929,#6511,#6937,.T.);
#6937 = LINE('',#6938,#6939);
#6938 = CARTESIAN_POINT('',(-0.505,-0.59,0.76));
#6939 = VECTOR('',#6940,1.);
#6940 = DIRECTION('',(0.,0.,1.));
#6941 = ORIENTED_EDGE('',*,*,#6510,.F.);
#6942 = PLANE('',#6943);
#6943 = AXIS2_PLACEMENT_3D('',#6944,#6945,#6946);
#6944 = CARTESIAN_POINT('',(-0.505,-0.59,0.76));
#6945 = DIRECTION('',(0.,1.,0.));
#6946 = DIRECTION('',(0.,-0.,1.));
#6947 = ADVANCED_FACE('',(#6948),#6966,.F.);
#6948 = FACE_BOUND('',#6949,.F.);
#6949 = EDGE_LOOP('',(#6950,#6951,#6959,#6965));
#6950 = ORIENTED_EDGE('',*,*,#6912,.F.);
#6951 = ORIENTED_EDGE('',*,*,#6952,.F.);
#6952 = EDGE_CURVE('',#6953,#6905,#6955,.T.);
#6953 = VERTEX_POINT('',#6954);
#6954 = CARTESIAN_POINT('',(-0.505,0.59,0.76));
#6955 = LINE('',#6956,#6957);
#6956 = CARTESIAN_POINT('',(-0.505,0.59,0.76));
#6957 = VECTOR('',#6958,1.);
#6958 = DIRECTION('',(1.,0.,0.));
#6959 = ORIENTED_EDGE('',*,*,#6960,.T.);
#6960 = EDGE_CURVE('',#6953,#6519,#6961,.T.);
#6961 = LINE('',#6962,#6963);
#6962 = CARTESIAN_POINT('',(-0.505,0.59,0.76));
#6963 = VECTOR('',#6964,1.);
#6964 = DIRECTION('',(0.,0.,1.));
#6965 = ORIENTED_EDGE('',*,*,#6526,.F.);
#6966 = PLANE('',#6967);
#6967 = AXIS2_PLACEMENT_3D('',#6968,#6969,#6970);
#6968 = CARTESIAN_POINT('',(-0.505,0.59,0.76));
#6969 = DIRECTION('',(0.,1.,0.));
#6970 = DIRECTION('',(0.,-0.,1.));
#6971 = ADVANCED_FACE('',(#6972),#6983,.T.);
#6972 = FACE_BOUND('',#6973,.T.);
#6973 = EDGE_LOOP('',(#6974,#6975,#6981,#6982));
#6974 = ORIENTED_EDGE('',*,*,#6936,.F.);
#6975 = ORIENTED_EDGE('',*,*,#6976,.T.);
#6976 = EDGE_CURVE('',#6929,#6953,#6977,.T.);
#6977 = LINE('',#6978,#6979);
#6978 = CARTESIAN_POINT('',(-0.505,-0.59,0.76));
#6979 = VECTOR('',#6980,1.);
#6980 = DIRECTION('',(0.,1.,0.));
#6981 = ORIENTED_EDGE('',*,*,#6960,.T.);
#6982 = ORIENTED_EDGE('',*,*,#6518,.F.);
#6983 = PLANE('',#6984);
#6984 = AXIS2_PLACEMENT_3D('',#6985,#6986,#6987);
#6985 = CARTESIAN_POINT('',(-0.505,-0.59,0.76));
#6986 = DIRECTION('',(1.,0.,0.));
#6987 = DIRECTION('',(0.,0.,1.));
#6988 = ADVANCED_FACE('',(#6989),#7017,.T.);
#6989 = FACE_BOUND('',#6990,.T.);
#6990 = EDGE_LOOP('',(#6991,#6992,#6993,#6994,#7002,#7011));
#6991 = ORIENTED_EDGE('',*,*,#6837,.F.);
#6992 = ORIENTED_EDGE('',*,*,#6881,.T.);
#6993 = ORIENTED_EDGE('',*,*,#6734,.T.);
#6994 = ORIENTED_EDGE('',*,*,#6995,.F.);
#6995 = EDGE_CURVE('',#6996,#6726,#6998,.T.);
#6996 = VERTEX_POINT('',#6997);
#6997 = CARTESIAN_POINT('',(-0.97,0.3,0.8));
#6998 = LINE('',#6999,#7000);
#6999 = CARTESIAN_POINT('',(-0.97,-0.5,0.8));
#7000 = VECTOR('',#7001,1.);
#7001 = DIRECTION('',(1.110223024625E-16,1.,0.));
#7002 = ORIENTED_EDGE('',*,*,#7003,.F.);
#7003 = EDGE_CURVE('',#7004,#6996,#7006,.T.);
#7004 = VERTEX_POINT('',#7005);
#7005 = CARTESIAN_POINT('',(-0.97,-0.3,0.8));
#7006 = CIRCLE('',#7007,0.3);
#7007 = AXIS2_PLACEMENT_3D('',#7008,#7009,#7010);
#7008 = CARTESIAN_POINT('',(-0.97,1.076916333886E-16,0.8));
#7009 = DIRECTION('',(0.,-0.,1.));
#7010 = DIRECTION('',(1.110223024625E-16,1.,0.));
#7011 = ORIENTED_EDGE('',*,*,#7012,.F.);
#7012 = EDGE_CURVE('',#6829,#7004,#7013,.T.);
#7013 = LINE('',#7014,#7015);
#7014 = CARTESIAN_POINT('',(-0.97,-0.5,0.8));
#7015 = VECTOR('',#7016,1.);
#7016 = DIRECTION('',(1.110223024625E-16,1.,0.));
#7017 = PLANE('',#7018);
#7018 = AXIS2_PLACEMENT_3D('',#7019,#7020,#7021);
#7019 = CARTESIAN_POINT('',(-0.55,-0.5,0.8));
#7020 = DIRECTION('',(0.,0.,1.));
#7021 = DIRECTION('',(1.110223024625E-16,1.,-0.));
#7022 = ADVANCED_FACE('',(#7023),#7046,.T.);
#7023 = FACE_BOUND('',#7024,.T.);
#7024 = EDGE_LOOP('',(#7025,#7033,#7044,#7045));
#7025 = ORIENTED_EDGE('',*,*,#7026,.F.);
#7026 = EDGE_CURVE('',#7027,#6718,#7029,.T.);
#7027 = VERTEX_POINT('',#7028);
#7028 = CARTESIAN_POINT('',(-1.,0.298496231132,0.77));
#7029 = LINE('',#7030,#7031);
#7030 = CARTESIAN_POINT('',(-1.,-0.5,0.77));
#7031 = VECTOR('',#7032,1.);
#7032 = DIRECTION('',(1.110223024625E-16,1.,0.));
#7033 = ORIENTED_EDGE('',*,*,#7034,.T.);
#7034 = EDGE_CURVE('',#7027,#6996,#7035,.T.);
#7035 = B_SPLINE_CURVE_WITH_KNOTS('',7,(#7036,#7037,#7038,#7039,#7040,
    #7041,#7042,#7043),.UNSPECIFIED.,.F.,.F.,(8,8),(0.,1.),
  .PIECEWISE_BEZIER_KNOTS.);
#7036 = CARTESIAN_POINT('',(-1.,0.298496231132,0.77));
#7037 = CARTESIAN_POINT('',(-1.,0.298496231132,0.777078545461));
#7038 = CARTESIAN_POINT('',(-0.998051511934,0.298692110584,
    0.783950989081));
#7039 = CARTESIAN_POINT('',(-0.994358225228,0.299063047752,
    0.790060909904));
#7040 = CARTESIAN_POINT('',(-0.989239728548,0.299497178561,
    0.794974964065));
#7041 = CARTESIAN_POINT('',(-0.983106378111,0.299835744948,
    0.798356740361));
#7042 = CARTESIAN_POINT('',(-0.976500024714,0.29999999935,0.79999999675)
  );
#7043 = CARTESIAN_POINT('',(-0.97,0.3,0.8));
#7044 = ORIENTED_EDGE('',*,*,#6995,.T.);
#7045 = ORIENTED_EDGE('',*,*,#6725,.F.);
#7046 = CYLINDRICAL_SURFACE('',#7047,3.E-02);
#7047 = AXIS2_PLACEMENT_3D('',#7048,#7049,#7050);
#7048 = CARTESIAN_POINT('',(-0.97,-0.5,0.77));
#7049 = DIRECTION('',(1.110223024625E-16,1.,0.));
#7050 = DIRECTION('',(-1.,1.110223024625E-16,0.));
#7051 = ADVANCED_FACE('',(#7052),#7070,.T.);
#7052 = FACE_BOUND('',#7053,.T.);
#7053 = EDGE_LOOP('',(#7054,#7055,#7063,#7069));
#7054 = ORIENTED_EDGE('',*,*,#6717,.F.);
#7055 = ORIENTED_EDGE('',*,*,#7056,.F.);
#7056 = EDGE_CURVE('',#7057,#6709,#7059,.T.);
#7057 = VERTEX_POINT('',#7058);
#7058 = CARTESIAN_POINT('',(-1.,0.298496231132,3.E-02));
#7059 = LINE('',#7060,#7061);
#7060 = CARTESIAN_POINT('',(-1.,-0.5,3.E-02));
#7061 = VECTOR('',#7062,1.);
#7062 = DIRECTION('',(1.110223024625E-16,1.,0.));
#7063 = ORIENTED_EDGE('',*,*,#7064,.T.);
#7064 = EDGE_CURVE('',#7057,#7027,#7065,.T.);
#7065 = LINE('',#7066,#7067);
#7066 = CARTESIAN_POINT('',(-1.,0.298496231132,0.8));
#7067 = VECTOR('',#7068,1.);
#7068 = DIRECTION('',(0.,0.,1.));
#7069 = ORIENTED_EDGE('',*,*,#7026,.T.);
#7070 = PLANE('',#7071);
#7071 = AXIS2_PLACEMENT_3D('',#7072,#7073,#7074);
#7072 = CARTESIAN_POINT('',(-1.,-0.5,0.));
#7073 = DIRECTION('',(-1.,1.110223024625E-16,0.));
#7074 = DIRECTION('',(0.,0.,1.));
#7075 = ADVANCED_FACE('',(#7076),#7099,.T.);
#7076 = FACE_BOUND('',#7077,.T.);
#7077 = EDGE_LOOP('',(#7078,#7079,#7087,#7098));
#7078 = ORIENTED_EDGE('',*,*,#6708,.T.);
#7079 = ORIENTED_EDGE('',*,*,#7080,.F.);
#7080 = EDGE_CURVE('',#7081,#6701,#7083,.T.);
#7081 = VERTEX_POINT('',#7082);
#7082 = CARTESIAN_POINT('',(-0.97,0.3,-1.734723475977E-18));
#7083 = LINE('',#7084,#7085);
#7084 = CARTESIAN_POINT('',(-0.97,-0.5,-3.469446951954E-18));
#7085 = VECTOR('',#7086,1.);
#7086 = DIRECTION('',(1.110223024625E-16,1.,0.));
#7087 = ORIENTED_EDGE('',*,*,#7088,.F.);
#7088 = EDGE_CURVE('',#7057,#7081,#7089,.T.);
#7089 = B_SPLINE_CURVE_WITH_KNOTS('',7,(#7090,#7091,#7092,#7093,#7094,
    #7095,#7096,#7097),.UNSPECIFIED.,.F.,.F.,(8,8),(0.,1.),
  .PIECEWISE_BEZIER_KNOTS.);
#7090 = CARTESIAN_POINT('',(-1.,0.298496231132,3.E-02));
#7091 = CARTESIAN_POINT('',(-1.,0.298496231132,2.292145453898E-02));
#7092 = CARTESIAN_POINT('',(-0.998051511934,0.298692110584,
    1.604901091858E-02));
#7093 = CARTESIAN_POINT('',(-0.994358225228,0.299063047752,
    9.939090096346E-03));
#7094 = CARTESIAN_POINT('',(-0.989239728548,0.299497178561,
    5.025035935187E-03));
#7095 = CARTESIAN_POINT('',(-0.983106378111,0.299835744948,
    1.643259638904E-03));
#7096 = CARTESIAN_POINT('',(-0.976500024714,0.29999999935,
    3.25001235963E-09));
#7097 = CARTESIAN_POINT('',(-0.97,0.3,-1.734723475977E-18));
#7098 = ORIENTED_EDGE('',*,*,#7056,.T.);
#7099 = CYLINDRICAL_SURFACE('',#7100,3.E-02);
#7100 = AXIS2_PLACEMENT_3D('',#7101,#7102,#7103);
#7101 = CARTESIAN_POINT('',(-0.97,-0.5,3.E-02));
#7102 = DIRECTION('',(1.110223024625E-16,1.,0.));
#7103 = DIRECTION('',(-1.,1.110223024625E-16,0.));
#7104 = ADVANCED_FACE('',(#7105),#7126,.F.);
#7105 = FACE_BOUND('',#7106,.F.);
#7106 = EDGE_LOOP('',(#7107,#7108,#7109,#7110,#7111,#7120));
#7107 = ORIENTED_EDGE('',*,*,#6803,.F.);
#7108 = ORIENTED_EDGE('',*,*,#6768,.T.);
#7109 = ORIENTED_EDGE('',*,*,#6700,.T.);
#7110 = ORIENTED_EDGE('',*,*,#7080,.F.);
#7111 = ORIENTED_EDGE('',*,*,#7112,.F.);
#7112 = EDGE_CURVE('',#7113,#7081,#7115,.T.);
#7113 = VERTEX_POINT('',#7114);
#7114 = CARTESIAN_POINT('',(-0.97,-0.3,-3.469446951954E-18));
#7115 = CIRCLE('',#7116,0.3);
#7116 = AXIS2_PLACEMENT_3D('',#7117,#7118,#7119);
#7117 = CARTESIAN_POINT('',(-0.97,1.076916333886E-16,0.));
#7118 = DIRECTION('',(0.,-0.,1.));
#7119 = DIRECTION('',(1.110223024625E-16,1.,0.));
#7120 = ORIENTED_EDGE('',*,*,#7121,.F.);
#7121 = EDGE_CURVE('',#6804,#7113,#7122,.T.);
#7122 = LINE('',#7123,#7124);
#7123 = CARTESIAN_POINT('',(-0.97,-0.5,-3.469446951954E-18));
#7124 = VECTOR('',#7125,1.);
#7125 = DIRECTION('',(1.110223024625E-16,1.,0.));
#7126 = PLANE('',#7127);
#7127 = AXIS2_PLACEMENT_3D('',#7128,#7129,#7130);
#7128 = CARTESIAN_POINT('',(-0.55,-0.5,0.));
#7129 = DIRECTION('',(0.,0.,1.));
#7130 = DIRECTION('',(1.110223024625E-16,1.,-0.));
#7131 = ADVANCED_FACE('',(#7132),#7155,.T.);
#7132 = FACE_BOUND('',#7133,.T.);
#7133 = EDGE_LOOP('',(#7134,#7142,#7143,#7144));
#7134 = ORIENTED_EDGE('',*,*,#7135,.F.);
#7135 = EDGE_CURVE('',#6821,#7136,#7138,.T.);
#7136 = VERTEX_POINT('',#7137);
#7137 = CARTESIAN_POINT('',(-1.,-0.298496231132,0.77));
#7138 = LINE('',#7139,#7140);
#7139 = CARTESIAN_POINT('',(-1.,-0.5,0.77));
#7140 = VECTOR('',#7141,1.);
#7141 = DIRECTION('',(1.110223024625E-16,1.,0.));
#7142 = ORIENTED_EDGE('',*,*,#6828,.T.);
#7143 = ORIENTED_EDGE('',*,*,#7012,.T.);
#7144 = ORIENTED_EDGE('',*,*,#7145,.F.);
#7145 = EDGE_CURVE('',#7136,#7004,#7146,.T.);
#7146 = B_SPLINE_CURVE_WITH_KNOTS('',7,(#7147,#7148,#7149,#7150,#7151,
    #7152,#7153,#7154),.UNSPECIFIED.,.F.,.F.,(8,8),(0.,1.),
  .PIECEWISE_BEZIER_KNOTS.);
#7147 = CARTESIAN_POINT('',(-1.,-0.298496231132,0.77));
#7148 = CARTESIAN_POINT('',(-1.,-0.298496231132,0.777078545453));
#7149 = CARTESIAN_POINT('',(-0.998051511412,-0.298692111009,
    0.783950991788));
#7150 = CARTESIAN_POINT('',(-0.994358226798,-0.299063046355,
    0.79006090216));
#7151 = CARTESIAN_POINT('',(-0.989239725864,-0.299497180638,
    0.79497497463));
#7152 = CARTESIAN_POINT('',(-0.983106381509,-0.299835743265,
    0.798356731994));
#7153 = CARTESIAN_POINT('',(-0.976500022629,-0.3,0.8));
#7154 = CARTESIAN_POINT('',(-0.97,-0.3,0.8));
#7155 = CYLINDRICAL_SURFACE('',#7156,3.E-02);
#7156 = AXIS2_PLACEMENT_3D('',#7157,#7158,#7159);
#7157 = CARTESIAN_POINT('',(-0.97,-0.5,0.77));
#7158 = DIRECTION('',(1.110223024625E-16,1.,0.));
#7159 = DIRECTION('',(-1.,1.110223024625E-16,0.));
#7160 = ADVANCED_FACE('',(#7161),#7179,.T.);
#7161 = FACE_BOUND('',#7162,.T.);
#7162 = EDGE_LOOP('',(#7163,#7171,#7177,#7178));
#7163 = ORIENTED_EDGE('',*,*,#7164,.F.);
#7164 = EDGE_CURVE('',#7165,#7136,#7167,.T.);
#7165 = VERTEX_POINT('',#7166);
#7166 = CARTESIAN_POINT('',(-1.,-0.298496231132,3.E-02));
#7167 = LINE('',#7168,#7169);
#7168 = CARTESIAN_POINT('',(-1.,-0.298496231132,0.8));
#7169 = VECTOR('',#7170,1.);
#7170 = DIRECTION('',(0.,0.,1.));
#7171 = ORIENTED_EDGE('',*,*,#7172,.F.);
#7172 = EDGE_CURVE('',#6812,#7165,#7173,.T.);
#7173 = LINE('',#7174,#7175);
#7174 = CARTESIAN_POINT('',(-1.,-0.5,3.E-02));
#7175 = VECTOR('',#7176,1.);
#7176 = DIRECTION('',(1.110223024625E-16,1.,0.));
#7177 = ORIENTED_EDGE('',*,*,#6820,.T.);
#7178 = ORIENTED_EDGE('',*,*,#7135,.T.);
#7179 = PLANE('',#7180);
#7180 = AXIS2_PLACEMENT_3D('',#7181,#7182,#7183);
#7181 = CARTESIAN_POINT('',(-1.,-0.5,0.));
#7182 = DIRECTION('',(-1.,1.110223024625E-16,0.));
#7183 = DIRECTION('',(0.,0.,1.));
#7184 = ADVANCED_FACE('',(#7185),#7201,.T.);
#7185 = FACE_BOUND('',#7186,.T.);
#7186 = EDGE_LOOP('',(#7187,#7198,#7199,#7200));
#7187 = ORIENTED_EDGE('',*,*,#7188,.T.);
#7188 = EDGE_CURVE('',#7165,#7113,#7189,.T.);
#7189 = B_SPLINE_CURVE_WITH_KNOTS('',7,(#7190,#7191,#7192,#7193,#7194,
    #7195,#7196,#7197),.UNSPECIFIED.,.F.,.F.,(8,8),(0.,1.),
  .PIECEWISE_BEZIER_KNOTS.);
#7190 = CARTESIAN_POINT('',(-1.,-0.298496231132,3.E-02));
#7191 = CARTESIAN_POINT('',(-1.,-0.298496231132,2.292145454723E-02));
#7192 = CARTESIAN_POINT('',(-0.998051511412,-0.298692111009,
    1.604900821222E-02));
#7193 = CARTESIAN_POINT('',(-0.994358226798,-0.299063046355,
    9.939097839943E-03));
#7194 = CARTESIAN_POINT('',(-0.989239725864,-0.299497180638,
    5.025025369892E-03));
#7195 = CARTESIAN_POINT('',(-0.98310638151,-0.299835743265,
    1.64326800583E-03));
#7196 = CARTESIAN_POINT('',(-0.976500022628,-0.3,-1.734723475977E-18));
#7197 = CARTESIAN_POINT('',(-0.97,-0.3,-1.734723475977E-18));
#7198 = ORIENTED_EDGE('',*,*,#7121,.F.);
#7199 = ORIENTED_EDGE('',*,*,#6811,.F.);
#7200 = ORIENTED_EDGE('',*,*,#7172,.T.);
#7201 = CYLINDRICAL_SURFACE('',#7202,3.E-02);
#7202 = AXIS2_PLACEMENT_3D('',#7203,#7204,#7205);
#7203 = CARTESIAN_POINT('',(-0.97,-0.5,3.E-02));
#7204 = DIRECTION('',(1.110223024625E-16,1.,0.));
#7205 = DIRECTION('',(-1.,1.110223024625E-16,0.));
#7206 = ADVANCED_FACE('',(#7207),#7213,.T.);
#7207 = FACE_BOUND('',#7208,.T.);
#7208 = EDGE_LOOP('',(#7209,#7210,#7211,#7212));
#7209 = ORIENTED_EDGE('',*,*,#6976,.F.);
#7210 = ORIENTED_EDGE('',*,*,#6928,.T.);
#7211 = ORIENTED_EDGE('',*,*,#6904,.T.);
#7212 = ORIENTED_EDGE('',*,*,#6952,.F.);
#7213 = PLANE('',#7214);
#7214 = AXIS2_PLACEMENT_3D('',#7215,#7216,#7217);
#7215 = CARTESIAN_POINT('',(-0.505,-0.59,0.76));
#7216 = DIRECTION('',(0.,0.,1.));
#7217 = DIRECTION('',(1.,0.,-0.));
#7218 = ADVANCED_FACE('',(#7219),#7229,.F.);
#7219 = FACE_BOUND('',#7220,.F.);
#7220 = EDGE_LOOP('',(#7221,#7222,#7223,#7224,#7225,#7226,#7227,#7228));
#7221 = ORIENTED_EDGE('',*,*,#7064,.T.);
#7222 = ORIENTED_EDGE('',*,*,#7034,.T.);
#7223 = ORIENTED_EDGE('',*,*,#7003,.F.);
#7224 = ORIENTED_EDGE('',*,*,#7145,.F.);
#7225 = ORIENTED_EDGE('',*,*,#7164,.F.);
#7226 = ORIENTED_EDGE('',*,*,#7188,.T.);
#7227 = ORIENTED_EDGE('',*,*,#7112,.T.);
#7228 = ORIENTED_EDGE('',*,*,#7088,.F.);
#7229 = CYLINDRICAL_SURFACE('',#7230,0.3);
#7230 = AXIS2_PLACEMENT_3D('',#7231,#7232,#7233);
#7231 = CARTESIAN_POINT('',(-0.97,1.076916333886E-16,0.8));
#7232 = DIRECTION('',(0.,0.,1.));
#7233 = DIRECTION('',(1.110223024625E-16,1.,-0.));
#7234 = ( GEOMETRIC_REPRESENTATION_CONTEXT(3) 
GLOBAL_UNCERTAINTY_ASSIGNED_CONTEXT((#7238)) 
GLOBAL_UNIT_ASSIGNED_CONTEXT((#7235,#7236,#7237)) REPRESENTATION_CONTEXT
('Context #1','3D Context with UNIT and UNCERTAINTY') );
#7235 = ( LENGTH_UNIT() NAMED_UNIT(*) SI_UNIT(.MILLI.,.METRE.) );
#7236 = ( NAMED_UNIT(*) PLANE_ANGLE_UNIT() SI_UNIT($,.RADIAN.) );
#7237 = ( NAMED_UNIT(*) SI_UNIT($,.STERADIAN.) SOLID_ANGLE_UNIT() );
#7238 = UNCERTAINTY_MEASURE_WITH_UNIT(LENGTH_MEASURE(1.E-07),#7235,
  'distance_accuracy_value','confusion accuracy');
#7239 = CONTEXT_DEPENDENT_SHAPE_REPRESENTATION(#7240,#7242);
#7240 = ( REPRESENTATION_RELATIONSHIP('','',#5957,#10) 
REPRESENTATION_RELATIONSHIP_WITH_TRANSFORMATION(#7241) 
SHAPE_REPRESENTATION_RELATIONSHIP() );
#7241 = ITEM_DEFINED_TRANSFORMATION('','',#11,#19);
#7242 = PRODUCT_DEFINITION_SHAPE('Placement','Placement of an item',
  #7243);
#7243 = NEXT_ASSEMBLY_USAGE_OCCURRENCE('2','D1','',#5,#5952,$);
#7244 = PRODUCT_RELATED_PRODUCT_CATEGORY('part',$,(#5954));
#7245 = SHAPE_DEFINITION_REPRESENTATION(#7246,#7252);
#7246 = PRODUCT_DEFINITION_SHAPE('','',#7247);
#7247 = PRODUCT_DEFINITION('design','',#7248,#7251);
#7248 = PRODUCT_DEFINITION_FORMATION('','',#7249);
#7249 = PRODUCT('C_0805_2012Metric','C_0805_2012Metric','',(#7250));
#7250 = PRODUCT_CONTEXT('',#2,'mechanical');
#7251 = PRODUCT_DEFINITION_CONTEXT('part definition',#2,'design');
#7252 = ADVANCED_BREP_SHAPE_REPRESENTATION('',(#11,#7253),#8107);
#7253 = MANIFOLD_SOLID_BREP('',#7254);
#7254 = CLOSED_SHELL('',(#7255,#7331,#7362,#7387,#7412,#7436,#7460,#7485
    ,#7510,#7527,#7613,#7645,#7669,#7694,#7718,#7743,#7767,#7792,#7809,
    #7895,#7926,#7951,#7976,#8000,#8024,#8049,#8074,#8091));
#7255 = ADVANCED_FACE('',(#7256),#7326,.F.);
#7256 = FACE_BOUND('',#7257,.F.);
#7257 = EDGE_LOOP('',(#7258,#7268,#7277,#7285,#7294,#7302,#7311,#7319));
#7258 = ORIENTED_EDGE('',*,*,#7259,.F.);
#7259 = EDGE_CURVE('',#7260,#7262,#7264,.T.);
#7260 = VERTEX_POINT('',#7261);
#7261 = CARTESIAN_POINT('',(-1.,-0.625,4.E-02));
#7262 = VERTEX_POINT('',#7263);
#7263 = CARTESIAN_POINT('',(-1.,-0.625,1.21));
#7264 = LINE('',#7265,#7266);
#7265 = CARTESIAN_POINT('',(-1.,-0.625,0.));
#7266 = VECTOR('',#7267,1.);
#7267 = DIRECTION('',(0.,0.,1.));
#7268 = ORIENTED_EDGE('',*,*,#7269,.T.);
#7269 = EDGE_CURVE('',#7260,#7270,#7272,.T.);
#7270 = VERTEX_POINT('',#7271);
#7271 = CARTESIAN_POINT('',(-1.,-0.585,0.));
#7272 = CIRCLE('',#7273,4.E-02);
#7273 = AXIS2_PLACEMENT_3D('',#7274,#7275,#7276);
#7274 = CARTESIAN_POINT('',(-1.,-0.585,4.E-02));
#7275 = DIRECTION('',(1.,0.,-0.));
#7276 = DIRECTION('',(0.,0.,1.));
#7277 = ORIENTED_EDGE('',*,*,#7278,.T.);
#7278 = EDGE_CURVE('',#7270,#7279,#7281,.T.);
#7279 = VERTEX_POINT('',#7280);
#7280 = CARTESIAN_POINT('',(-1.,0.585,0.));
#7281 = LINE('',#7282,#7283);
#7282 = CARTESIAN_POINT('',(-1.,-0.625,0.));
#7283 = VECTOR('',#7284,1.);
#7284 = DIRECTION('',(0.,1.,0.));
#7285 = ORIENTED_EDGE('',*,*,#7286,.F.);
#7286 = EDGE_CURVE('',#7287,#7279,#7289,.T.);
#7287 = VERTEX_POINT('',#7288);
#7288 = CARTESIAN_POINT('',(-1.,0.625,4.E-02));
#7289 = CIRCLE('',#7290,4.E-02);
#7290 = AXIS2_PLACEMENT_3D('',#7291,#7292,#7293);
#7291 = CARTESIAN_POINT('',(-1.,0.585,4.E-02));
#7292 = DIRECTION('',(-1.,0.,0.));
#7293 = DIRECTION('',(0.,0.,1.));
#7294 = ORIENTED_EDGE('',*,*,#7295,.T.);
#7295 = EDGE_CURVE('',#7287,#7296,#7298,.T.);
#7296 = VERTEX_POINT('',#7297);
#7297 = CARTESIAN_POINT('',(-1.,0.625,1.21));
#7298 = LINE('',#7299,#7300);
#7299 = CARTESIAN_POINT('',(-1.,0.625,0.));
#7300 = VECTOR('',#7301,1.);
#7301 = DIRECTION('',(0.,0.,1.));
#7302 = ORIENTED_EDGE('',*,*,#7303,.T.);
#7303 = EDGE_CURVE('',#7296,#7304,#7306,.T.);
#7304 = VERTEX_POINT('',#7305);
#7305 = CARTESIAN_POINT('',(-1.,0.585,1.25));
#7306 = CIRCLE('',#7307,4.E-02);
#7307 = AXIS2_PLACEMENT_3D('',#7308,#7309,#7310);
#7308 = CARTESIAN_POINT('',(-1.,0.585,1.21));
#7309 = DIRECTION('',(1.,0.,-0.));
#7310 = DIRECTION('',(0.,0.,1.));
#7311 = ORIENTED_EDGE('',*,*,#7312,.F.);
#7312 = EDGE_CURVE('',#7313,#7304,#7315,.T.);
#7313 = VERTEX_POINT('',#7314);
#7314 = CARTESIAN_POINT('',(-1.,-0.585,1.25));
#7315 = LINE('',#7316,#7317);
#7316 = CARTESIAN_POINT('',(-1.,-0.625,1.25));
#7317 = VECTOR('',#7318,1.);
#7318 = DIRECTION('',(0.,1.,0.));
#7319 = ORIENTED_EDGE('',*,*,#7320,.F.);
#7320 = EDGE_CURVE('',#7262,#7313,#7321,.T.);
#7321 = CIRCLE('',#7322,4.E-02);
#7322 = AXIS2_PLACEMENT_3D('',#7323,#7324,#7325);
#7323 = CARTESIAN_POINT('',(-1.,-0.585,1.21));
#7324 = DIRECTION('',(-1.,0.,0.));
#7325 = DIRECTION('',(0.,0.,1.));
#7326 = PLANE('',#7327);
#7327 = AXIS2_PLACEMENT_3D('',#7328,#7329,#7330);
#7328 = CARTESIAN_POINT('',(-1.,-0.625,0.));
#7329 = DIRECTION('',(1.,0.,0.));
#7330 = DIRECTION('',(0.,0.,1.));
#7331 = ADVANCED_FACE('',(#7332),#7357,.F.);
#7332 = FACE_BOUND('',#7333,.F.);
#7333 = EDGE_LOOP('',(#7334,#7344,#7350,#7351));
#7334 = ORIENTED_EDGE('',*,*,#7335,.F.);
#7335 = EDGE_CURVE('',#7336,#7338,#7340,.T.);
#7336 = VERTEX_POINT('',#7337);
#7337 = CARTESIAN_POINT('',(-0.6,-0.625,4.E-02));
#7338 = VERTEX_POINT('',#7339);
#7339 = CARTESIAN_POINT('',(-0.6,-0.625,1.21));
#7340 = LINE('',#7341,#7342);
#7341 = CARTESIAN_POINT('',(-0.6,-0.625,0.));
#7342 = VECTOR('',#7343,1.);
#7343 = DIRECTION('',(0.,0.,1.));
#7344 = ORIENTED_EDGE('',*,*,#7345,.F.);
#7345 = EDGE_CURVE('',#7260,#7336,#7346,.T.);
#7346 = LINE('',#7347,#7348);
#7347 = CARTESIAN_POINT('',(-1.,-0.625,4.E-02));
#7348 = VECTOR('',#7349,1.);
#7349 = DIRECTION('',(1.,0.,0.));
#7350 = ORIENTED_EDGE('',*,*,#7259,.T.);
#7351 = ORIENTED_EDGE('',*,*,#7352,.T.);
#7352 = EDGE_CURVE('',#7262,#7338,#7353,.T.);
#7353 = LINE('',#7354,#7355);
#7354 = CARTESIAN_POINT('',(-1.,-0.625,1.21));
#7355 = VECTOR('',#7356,1.);
#7356 = DIRECTION('',(1.,0.,0.));
#7357 = PLANE('',#7358);
#7358 = AXIS2_PLACEMENT_3D('',#7359,#7360,#7361);
#7359 = CARTESIAN_POINT('',(-1.,-0.625,0.));
#7360 = DIRECTION('',(0.,1.,0.));
#7361 = DIRECTION('',(0.,-0.,1.));
#7362 = ADVANCED_FACE('',(#7363),#7382,.T.);
#7363 = FACE_BOUND('',#7364,.T.);
#7364 = EDGE_LOOP('',(#7365,#7366,#7374,#7381));
#7365 = ORIENTED_EDGE('',*,*,#7269,.T.);
#7366 = ORIENTED_EDGE('',*,*,#7367,.T.);
#7367 = EDGE_CURVE('',#7270,#7368,#7370,.T.);
#7368 = VERTEX_POINT('',#7369);
#7369 = CARTESIAN_POINT('',(-0.6,-0.585,0.));
#7370 = LINE('',#7371,#7372);
#7371 = CARTESIAN_POINT('',(-1.,-0.585,0.));
#7372 = VECTOR('',#7373,1.);
#7373 = DIRECTION('',(1.,0.,0.));
#7374 = ORIENTED_EDGE('',*,*,#7375,.F.);
#7375 = EDGE_CURVE('',#7336,#7368,#7376,.T.);
#7376 = CIRCLE('',#7377,4.E-02);
#7377 = AXIS2_PLACEMENT_3D('',#7378,#7379,#7380);
#7378 = CARTESIAN_POINT('',(-0.6,-0.585,4.E-02));
#7379 = DIRECTION('',(1.,0.,-0.));
#7380 = DIRECTION('',(0.,0.,1.));
#7381 = ORIENTED_EDGE('',*,*,#7345,.F.);
#7382 = CYLINDRICAL_SURFACE('',#7383,4.E-02);
#7383 = AXIS2_PLACEMENT_3D('',#7384,#7385,#7386);
#7384 = CARTESIAN_POINT('',(-1.,-0.585,4.E-02));
#7385 = DIRECTION('',(1.,0.,0.));
#7386 = DIRECTION('',(0.,-1.,0.));
#7387 = ADVANCED_FACE('',(#7388),#7407,.T.);
#7388 = FACE_BOUND('',#7389,.T.);
#7389 = EDGE_LOOP('',(#7390,#7391,#7400,#7406));
#7390 = ORIENTED_EDGE('',*,*,#7352,.T.);
#7391 = ORIENTED_EDGE('',*,*,#7392,.T.);
#7392 = EDGE_CURVE('',#7338,#7393,#7395,.T.);
#7393 = VERTEX_POINT('',#7394);
#7394 = CARTESIAN_POINT('',(-0.6,-0.585,1.25));
#7395 = CIRCLE('',#7396,4.E-02);
#7396 = AXIS2_PLACEMENT_3D('',#7397,#7398,#7399);
#7397 = CARTESIAN_POINT('',(-0.6,-0.585,1.21));
#7398 = DIRECTION('',(-1.,0.,0.));
#7399 = DIRECTION('',(0.,0.,1.));
#7400 = ORIENTED_EDGE('',*,*,#7401,.F.);
#7401 = EDGE_CURVE('',#7313,#7393,#7402,.T.);
#7402 = LINE('',#7403,#7404);
#7403 = CARTESIAN_POINT('',(-1.,-0.585,1.25));
#7404 = VECTOR('',#7405,1.);
#7405 = DIRECTION('',(1.,0.,0.));
#7406 = ORIENTED_EDGE('',*,*,#7320,.F.);
#7407 = CYLINDRICAL_SURFACE('',#7408,4.E-02);
#7408 = AXIS2_PLACEMENT_3D('',#7409,#7410,#7411);
#7409 = CARTESIAN_POINT('',(-1.,-0.585,1.21));
#7410 = DIRECTION('',(1.,0.,0.));
#7411 = DIRECTION('',(0.,-1.,0.));
#7412 = ADVANCED_FACE('',(#7413),#7431,.F.);
#7413 = FACE_BOUND('',#7414,.F.);
#7414 = EDGE_LOOP('',(#7415,#7416,#7417,#7425));
#7415 = ORIENTED_EDGE('',*,*,#7278,.F.);
#7416 = ORIENTED_EDGE('',*,*,#7367,.T.);
#7417 = ORIENTED_EDGE('',*,*,#7418,.T.);
#7418 = EDGE_CURVE('',#7368,#7419,#7421,.T.);
#7419 = VERTEX_POINT('',#7420);
#7420 = CARTESIAN_POINT('',(-0.6,0.585,0.));
#7421 = LINE('',#7422,#7423);
#7422 = CARTESIAN_POINT('',(-0.6,-0.625,0.));
#7423 = VECTOR('',#7424,1.);
#7424 = DIRECTION('',(0.,1.,0.));
#7425 = ORIENTED_EDGE('',*,*,#7426,.F.);
#7426 = EDGE_CURVE('',#7279,#7419,#7427,.T.);
#7427 = LINE('',#7428,#7429);
#7428 = CARTESIAN_POINT('',(-1.,0.585,0.));
#7429 = VECTOR('',#7430,1.);
#7430 = DIRECTION('',(1.,0.,0.));
#7431 = PLANE('',#7432);
#7432 = AXIS2_PLACEMENT_3D('',#7433,#7434,#7435);
#7433 = CARTESIAN_POINT('',(-1.,-0.625,0.));
#7434 = DIRECTION('',(0.,0.,1.));
#7435 = DIRECTION('',(1.,0.,-0.));
#7436 = ADVANCED_FACE('',(#7437),#7455,.T.);
#7437 = FACE_BOUND('',#7438,.T.);
#7438 = EDGE_LOOP('',(#7439,#7440,#7441,#7449));
#7439 = ORIENTED_EDGE('',*,*,#7312,.F.);
#7440 = ORIENTED_EDGE('',*,*,#7401,.T.);
#7441 = ORIENTED_EDGE('',*,*,#7442,.T.);
#7442 = EDGE_CURVE('',#7393,#7443,#7445,.T.);
#7443 = VERTEX_POINT('',#7444);
#7444 = CARTESIAN_POINT('',(-0.6,0.585,1.25));
#7445 = LINE('',#7446,#7447);
#7446 = CARTESIAN_POINT('',(-0.6,-0.625,1.25));
#7447 = VECTOR('',#7448,1.);
#7448 = DIRECTION('',(0.,1.,0.));
#7449 = ORIENTED_EDGE('',*,*,#7450,.F.);
#7450 = EDGE_CURVE('',#7304,#7443,#7451,.T.);
#7451 = LINE('',#7452,#7453);
#7452 = CARTESIAN_POINT('',(-1.,0.585,1.25));
#7453 = VECTOR('',#7454,1.);
#7454 = DIRECTION('',(1.,0.,0.));
#7455 = PLANE('',#7456);
#7456 = AXIS2_PLACEMENT_3D('',#7457,#7458,#7459);
#7457 = CARTESIAN_POINT('',(-1.,-0.625,1.25));
#7458 = DIRECTION('',(0.,0.,1.));
#7459 = DIRECTION('',(1.,0.,-0.));
#7460 = ADVANCED_FACE('',(#7461),#7480,.T.);
#7461 = FACE_BOUND('',#7462,.T.);
#7462 = EDGE_LOOP('',(#7463,#7471,#7478,#7479));
#7463 = ORIENTED_EDGE('',*,*,#7464,.T.);
#7464 = EDGE_CURVE('',#7287,#7465,#7467,.T.);
#7465 = VERTEX_POINT('',#7466);
#7466 = CARTESIAN_POINT('',(-0.6,0.625,4.E-02));
#7467 = LINE('',#7468,#7469);
#7468 = CARTESIAN_POINT('',(-1.,0.625,4.E-02));
#7469 = VECTOR('',#7470,1.);
#7470 = DIRECTION('',(1.,0.,0.));
#7471 = ORIENTED_EDGE('',*,*,#7472,.T.);
#7472 = EDGE_CURVE('',#7465,#7419,#7473,.T.);
#7473 = CIRCLE('',#7474,4.E-02);
#7474 = AXIS2_PLACEMENT_3D('',#7475,#7476,#7477);
#7475 = CARTESIAN_POINT('',(-0.6,0.585,4.E-02));
#7476 = DIRECTION('',(-1.,0.,0.));
#7477 = DIRECTION('',(0.,0.,1.));
#7478 = ORIENTED_EDGE('',*,*,#7426,.F.);
#7479 = ORIENTED_EDGE('',*,*,#7286,.F.);
#7480 = CYLINDRICAL_SURFACE('',#7481,4.E-02);
#7481 = AXIS2_PLACEMENT_3D('',#7482,#7483,#7484);
#7482 = CARTESIAN_POINT('',(-1.,0.585,4.E-02));
#7483 = DIRECTION('',(1.,0.,0.));
#7484 = DIRECTION('',(-0.,1.,0.));
#7485 = ADVANCED_FACE('',(#7486),#7505,.T.);
#7486 = FACE_BOUND('',#7487,.T.);
#7487 = EDGE_LOOP('',(#7488,#7489,#7490,#7499));
#7488 = ORIENTED_EDGE('',*,*,#7303,.T.);
#7489 = ORIENTED_EDGE('',*,*,#7450,.T.);
#7490 = ORIENTED_EDGE('',*,*,#7491,.F.);
#7491 = EDGE_CURVE('',#7492,#7443,#7494,.T.);
#7492 = VERTEX_POINT('',#7493);
#7493 = CARTESIAN_POINT('',(-0.6,0.625,1.21));
#7494 = CIRCLE('',#7495,4.E-02);
#7495 = AXIS2_PLACEMENT_3D('',#7496,#7497,#7498);
#7496 = CARTESIAN_POINT('',(-0.6,0.585,1.21));
#7497 = DIRECTION('',(1.,0.,-0.));
#7498 = DIRECTION('',(0.,0.,1.));
#7499 = ORIENTED_EDGE('',*,*,#7500,.F.);
#7500 = EDGE_CURVE('',#7296,#7492,#7501,.T.);
#7501 = LINE('',#7502,#7503);
#7502 = CARTESIAN_POINT('',(-1.,0.625,1.21));
#7503 = VECTOR('',#7504,1.);
#7504 = DIRECTION('',(1.,0.,0.));
#7505 = CYLINDRICAL_SURFACE('',#7506,4.E-02);
#7506 = AXIS2_PLACEMENT_3D('',#7507,#7508,#7509);
#7507 = CARTESIAN_POINT('',(-1.,0.585,1.21));
#7508 = DIRECTION('',(1.,0.,0.));
#7509 = DIRECTION('',(-0.,1.,0.));
#7510 = ADVANCED_FACE('',(#7511),#7522,.T.);
#7511 = FACE_BOUND('',#7512,.T.);
#7512 = EDGE_LOOP('',(#7513,#7519,#7520,#7521));
#7513 = ORIENTED_EDGE('',*,*,#7514,.F.);
#7514 = EDGE_CURVE('',#7465,#7492,#7515,.T.);
#7515 = LINE('',#7516,#7517);
#7516 = CARTESIAN_POINT('',(-0.6,0.625,0.));
#7517 = VECTOR('',#7518,1.);
#7518 = DIRECTION('',(0.,0.,1.));
#7519 = ORIENTED_EDGE('',*,*,#7464,.F.);
#7520 = ORIENTED_EDGE('',*,*,#7295,.T.);
#7521 = ORIENTED_EDGE('',*,*,#7500,.T.);
#7522 = PLANE('',#7523);
#7523 = AXIS2_PLACEMENT_3D('',#7524,#7525,#7526);
#7524 = CARTESIAN_POINT('',(-1.,0.625,0.));
#7525 = DIRECTION('',(0.,1.,0.));
#7526 = DIRECTION('',(0.,-0.,1.));
#7527 = ADVANCED_FACE('',(#7528,#7538),#7608,.T.);
#7528 = FACE_BOUND('',#7529,.T.);
#7529 = EDGE_LOOP('',(#7530,#7531,#7532,#7533,#7534,#7535,#7536,#7537));
#7530 = ORIENTED_EDGE('',*,*,#7335,.F.);
#7531 = ORIENTED_EDGE('',*,*,#7375,.T.);
#7532 = ORIENTED_EDGE('',*,*,#7418,.T.);
#7533 = ORIENTED_EDGE('',*,*,#7472,.F.);
#7534 = ORIENTED_EDGE('',*,*,#7514,.T.);
#7535 = ORIENTED_EDGE('',*,*,#7491,.T.);
#7536 = ORIENTED_EDGE('',*,*,#7442,.F.);
#7537 = ORIENTED_EDGE('',*,*,#7392,.F.);
#7538 = FACE_BOUND('',#7539,.T.);
#7539 = EDGE_LOOP('',(#7540,#7551,#7559,#7568,#7576,#7585,#7593,#7602));
#7540 = ORIENTED_EDGE('',*,*,#7541,.F.);
#7541 = EDGE_CURVE('',#7542,#7544,#7546,.T.);
#7542 = VERTEX_POINT('',#7543);
#7543 = CARTESIAN_POINT('',(-0.6,-0.585,8.E-02));
#7544 = VERTEX_POINT('',#7545);
#7545 = CARTESIAN_POINT('',(-0.6,-0.545,4.E-02));
#7546 = CIRCLE('',#7547,4.E-02);
#7547 = AXIS2_PLACEMENT_3D('',#7548,#7549,#7550);
#7548 = CARTESIAN_POINT('',(-0.6,-0.545,8.E-02));
#7549 = DIRECTION('',(1.,0.,-0.));
#7550 = DIRECTION('',(0.,0.,1.));
#7551 = ORIENTED_EDGE('',*,*,#7552,.T.);
#7552 = EDGE_CURVE('',#7542,#7553,#7555,.T.);
#7553 = VERTEX_POINT('',#7554);
#7554 = CARTESIAN_POINT('',(-0.6,-0.585,1.17));
#7555 = LINE('',#7556,#7557);
#7556 = CARTESIAN_POINT('',(-0.6,-0.585,4.E-02));
#7557 = VECTOR('',#7558,1.);
#7558 = DIRECTION('',(0.,0.,1.));
#7559 = ORIENTED_EDGE('',*,*,#7560,.T.);
#7560 = EDGE_CURVE('',#7553,#7561,#7563,.T.);
#7561 = VERTEX_POINT('',#7562);
#7562 = CARTESIAN_POINT('',(-0.6,-0.545,1.21));
#7563 = CIRCLE('',#7564,4.E-02);
#7564 = AXIS2_PLACEMENT_3D('',#7565,#7566,#7567);
#7565 = CARTESIAN_POINT('',(-0.6,-0.545,1.17));
#7566 = DIRECTION('',(-1.,0.,0.));
#7567 = DIRECTION('',(0.,0.,1.));
#7568 = ORIENTED_EDGE('',*,*,#7569,.T.);
#7569 = EDGE_CURVE('',#7561,#7570,#7572,.T.);
#7570 = VERTEX_POINT('',#7571);
#7571 = CARTESIAN_POINT('',(-0.6,0.545,1.21));
#7572 = LINE('',#7573,#7574);
#7573 = CARTESIAN_POINT('',(-0.6,-0.585,1.21));
#7574 = VECTOR('',#7575,1.);
#7575 = DIRECTION('',(0.,1.,0.));
#7576 = ORIENTED_EDGE('',*,*,#7577,.F.);
#7577 = EDGE_CURVE('',#7578,#7570,#7580,.T.);
#7578 = VERTEX_POINT('',#7579);
#7579 = CARTESIAN_POINT('',(-0.6,0.585,1.17));
#7580 = CIRCLE('',#7581,4.E-02);
#7581 = AXIS2_PLACEMENT_3D('',#7582,#7583,#7584);
#7582 = CARTESIAN_POINT('',(-0.6,0.545,1.17));
#7583 = DIRECTION('',(1.,0.,-0.));
#7584 = DIRECTION('',(0.,0.,1.));
#7585 = ORIENTED_EDGE('',*,*,#7586,.F.);
#7586 = EDGE_CURVE('',#7587,#7578,#7589,.T.);
#7587 = VERTEX_POINT('',#7588);
#7588 = CARTESIAN_POINT('',(-0.6,0.585,8.E-02));
#7589 = LINE('',#7590,#7591);
#7590 = CARTESIAN_POINT('',(-0.6,0.585,4.E-02));
#7591 = VECTOR('',#7592,1.);
#7592 = DIRECTION('',(0.,0.,1.));
#7593 = ORIENTED_EDGE('',*,*,#7594,.T.);
#7594 = EDGE_CURVE('',#7587,#7595,#7597,.T.);
#7595 = VERTEX_POINT('',#7596);
#7596 = CARTESIAN_POINT('',(-0.6,0.545,4.E-02));
#7597 = CIRCLE('',#7598,4.E-02);
#7598 = AXIS2_PLACEMENT_3D('',#7599,#7600,#7601);
#7599 = CARTESIAN_POINT('',(-0.6,0.545,8.E-02));
#7600 = DIRECTION('',(-1.,0.,0.));
#7601 = DIRECTION('',(0.,0.,1.));
#7602 = ORIENTED_EDGE('',*,*,#7603,.F.);
#7603 = EDGE_CURVE('',#7544,#7595,#7604,.T.);
#7604 = LINE('',#7605,#7606);
#7605 = CARTESIAN_POINT('',(-0.6,-0.585,4.E-02));
#7606 = VECTOR('',#7607,1.);
#7607 = DIRECTION('',(0.,1.,0.));
#7608 = PLANE('',#7609);
#7609 = AXIS2_PLACEMENT_3D('',#7610,#7611,#7612);
#7610 = CARTESIAN_POINT('',(-0.6,-0.625,0.));
#7611 = DIRECTION('',(1.,0.,0.));
#7612 = DIRECTION('',(0.,0.,1.));
#7613 = ADVANCED_FACE('',(#7614),#7640,.T.);
#7614 = FACE_BOUND('',#7615,.T.);
#7615 = EDGE_LOOP('',(#7616,#7617,#7625,#7634));
#7616 = ORIENTED_EDGE('',*,*,#7541,.T.);
#7617 = ORIENTED_EDGE('',*,*,#7618,.T.);
#7618 = EDGE_CURVE('',#7544,#7619,#7621,.T.);
#7619 = VERTEX_POINT('',#7620);
#7620 = CARTESIAN_POINT('',(0.6,-0.545,4.E-02));
#7621 = LINE('',#7622,#7623);
#7622 = CARTESIAN_POINT('',(-0.6,-0.545,4.E-02));
#7623 = VECTOR('',#7624,1.);
#7624 = DIRECTION('',(1.,0.,0.));
#7625 = ORIENTED_EDGE('',*,*,#7626,.F.);
#7626 = EDGE_CURVE('',#7627,#7619,#7629,.T.);
#7627 = VERTEX_POINT('',#7628);
#7628 = CARTESIAN_POINT('',(0.6,-0.585,8.E-02));
#7629 = CIRCLE('',#7630,4.E-02);
#7630 = AXIS2_PLACEMENT_3D('',#7631,#7632,#7633);
#7631 = CARTESIAN_POINT('',(0.6,-0.545,8.E-02));
#7632 = DIRECTION('',(1.,0.,-0.));
#7633 = DIRECTION('',(0.,0.,1.));
#7634 = ORIENTED_EDGE('',*,*,#7635,.F.);
#7635 = EDGE_CURVE('',#7542,#7627,#7636,.T.);
#7636 = LINE('',#7637,#7638);
#7637 = CARTESIAN_POINT('',(-0.6,-0.585,8.E-02));
#7638 = VECTOR('',#7639,1.);
#7639 = DIRECTION('',(1.,0.,0.));
#7640 = CYLINDRICAL_SURFACE('',#7641,4.E-02);
#7641 = AXIS2_PLACEMENT_3D('',#7642,#7643,#7644);
#7642 = CARTESIAN_POINT('',(-0.6,-0.545,8.E-02));
#7643 = DIRECTION('',(1.,0.,0.));
#7644 = DIRECTION('',(0.,-1.,0.));
#7645 = ADVANCED_FACE('',(#7646),#7664,.F.);
#7646 = FACE_BOUND('',#7647,.F.);
#7647 = EDGE_LOOP('',(#7648,#7649,#7650,#7658));
#7648 = ORIENTED_EDGE('',*,*,#7603,.F.);
#7649 = ORIENTED_EDGE('',*,*,#7618,.T.);
#7650 = ORIENTED_EDGE('',*,*,#7651,.T.);
#7651 = EDGE_CURVE('',#7619,#7652,#7654,.T.);
#7652 = VERTEX_POINT('',#7653);
#7653 = CARTESIAN_POINT('',(0.6,0.545,4.E-02));
#7654 = LINE('',#7655,#7656);
#7655 = CARTESIAN_POINT('',(0.6,-0.585,4.E-02));
#7656 = VECTOR('',#7657,1.);
#7657 = DIRECTION('',(0.,1.,0.));
#7658 = ORIENTED_EDGE('',*,*,#7659,.F.);
#7659 = EDGE_CURVE('',#7595,#7652,#7660,.T.);
#7660 = LINE('',#7661,#7662);
#7661 = CARTESIAN_POINT('',(-0.6,0.545,4.E-02));
#7662 = VECTOR('',#7663,1.);
#7663 = DIRECTION('',(1.,0.,0.));
#7664 = PLANE('',#7665);
#7665 = AXIS2_PLACEMENT_3D('',#7666,#7667,#7668);
#7666 = CARTESIAN_POINT('',(-0.6,-0.585,4.E-02));
#7667 = DIRECTION('',(0.,0.,1.));
#7668 = DIRECTION('',(1.,0.,-0.));
#7669 = ADVANCED_FACE('',(#7670),#7689,.T.);
#7670 = FACE_BOUND('',#7671,.T.);
#7671 = EDGE_LOOP('',(#7672,#7680,#7687,#7688));
#7672 = ORIENTED_EDGE('',*,*,#7673,.T.);
#7673 = EDGE_CURVE('',#7587,#7674,#7676,.T.);
#7674 = VERTEX_POINT('',#7675);
#7675 = CARTESIAN_POINT('',(0.6,0.585,8.E-02));
#7676 = LINE('',#7677,#7678);
#7677 = CARTESIAN_POINT('',(-0.6,0.585,8.E-02));
#7678 = VECTOR('',#7679,1.);
#7679 = DIRECTION('',(1.,0.,0.));
#7680 = ORIENTED_EDGE('',*,*,#7681,.T.);
#7681 = EDGE_CURVE('',#7674,#7652,#7682,.T.);
#7682 = CIRCLE('',#7683,4.E-02);
#7683 = AXIS2_PLACEMENT_3D('',#7684,#7685,#7686);
#7684 = CARTESIAN_POINT('',(0.6,0.545,8.E-02));
#7685 = DIRECTION('',(-1.,0.,0.));
#7686 = DIRECTION('',(0.,0.,1.));
#7687 = ORIENTED_EDGE('',*,*,#7659,.F.);
#7688 = ORIENTED_EDGE('',*,*,#7594,.F.);
#7689 = CYLINDRICAL_SURFACE('',#7690,4.E-02);
#7690 = AXIS2_PLACEMENT_3D('',#7691,#7692,#7693);
#7691 = CARTESIAN_POINT('',(-0.6,0.545,8.E-02));
#7692 = DIRECTION('',(1.,0.,0.));
#7693 = DIRECTION('',(-0.,1.,0.));
#7694 = ADVANCED_FACE('',(#7695),#7713,.T.);
#7695 = FACE_BOUND('',#7696,.T.);
#7696 = EDGE_LOOP('',(#7697,#7705,#7706,#7707));
#7697 = ORIENTED_EDGE('',*,*,#7698,.F.);
#7698 = EDGE_CURVE('',#7674,#7699,#7701,.T.);
#7699 = VERTEX_POINT('',#7700);
#7700 = CARTESIAN_POINT('',(0.6,0.585,1.17));
#7701 = LINE('',#7702,#7703);
#7702 = CARTESIAN_POINT('',(0.6,0.585,4.E-02));
#7703 = VECTOR('',#7704,1.);
#7704 = DIRECTION('',(0.,0.,1.));
#7705 = ORIENTED_EDGE('',*,*,#7673,.F.);
#7706 = ORIENTED_EDGE('',*,*,#7586,.T.);
#7707 = ORIENTED_EDGE('',*,*,#7708,.T.);
#7708 = EDGE_CURVE('',#7578,#7699,#7709,.T.);
#7709 = LINE('',#7710,#7711);
#7710 = CARTESIAN_POINT('',(-0.6,0.585,1.17));
#7711 = VECTOR('',#7712,1.);
#7712 = DIRECTION('',(1.,0.,0.));
#7713 = PLANE('',#7714);
#7714 = AXIS2_PLACEMENT_3D('',#7715,#7716,#7717);
#7715 = CARTESIAN_POINT('',(-0.6,0.585,4.E-02));
#7716 = DIRECTION('',(0.,1.,0.));
#7717 = DIRECTION('',(0.,-0.,1.));
#7718 = ADVANCED_FACE('',(#7719),#7738,.T.);
#7719 = FACE_BOUND('',#7720,.T.);
#7720 = EDGE_LOOP('',(#7721,#7722,#7730,#7737));
#7721 = ORIENTED_EDGE('',*,*,#7577,.T.);
#7722 = ORIENTED_EDGE('',*,*,#7723,.T.);
#7723 = EDGE_CURVE('',#7570,#7724,#7726,.T.);
#7724 = VERTEX_POINT('',#7725);
#7725 = CARTESIAN_POINT('',(0.6,0.545,1.21));
#7726 = LINE('',#7727,#7728);
#7727 = CARTESIAN_POINT('',(-0.6,0.545,1.21));
#7728 = VECTOR('',#7729,1.);
#7729 = DIRECTION('',(1.,0.,0.));
#7730 = ORIENTED_EDGE('',*,*,#7731,.F.);
#7731 = EDGE_CURVE('',#7699,#7724,#7732,.T.);
#7732 = CIRCLE('',#7733,4.E-02);
#7733 = AXIS2_PLACEMENT_3D('',#7734,#7735,#7736);
#7734 = CARTESIAN_POINT('',(0.6,0.545,1.17));
#7735 = DIRECTION('',(1.,0.,-0.));
#7736 = DIRECTION('',(0.,0.,1.));
#7737 = ORIENTED_EDGE('',*,*,#7708,.F.);
#7738 = CYLINDRICAL_SURFACE('',#7739,4.E-02);
#7739 = AXIS2_PLACEMENT_3D('',#7740,#7741,#7742);
#7740 = CARTESIAN_POINT('',(-0.6,0.545,1.17));
#7741 = DIRECTION('',(1.,0.,0.));
#7742 = DIRECTION('',(-0.,1.,0.));
#7743 = ADVANCED_FACE('',(#7744),#7762,.T.);
#7744 = FACE_BOUND('',#7745,.T.);
#7745 = EDGE_LOOP('',(#7746,#7747,#7755,#7761));
#7746 = ORIENTED_EDGE('',*,*,#7569,.F.);
#7747 = ORIENTED_EDGE('',*,*,#7748,.T.);
#7748 = EDGE_CURVE('',#7561,#7749,#7751,.T.);
#7749 = VERTEX_POINT('',#7750);
#7750 = CARTESIAN_POINT('',(0.6,-0.545,1.21));
#7751 = LINE('',#7752,#7753);
#7752 = CARTESIAN_POINT('',(-0.6,-0.545,1.21));
#7753 = VECTOR('',#7754,1.);
#7754 = DIRECTION('',(1.,0.,0.));
#7755 = ORIENTED_EDGE('',*,*,#7756,.T.);
#7756 = EDGE_CURVE('',#7749,#7724,#7757,.T.);
#7757 = LINE('',#7758,#7759);
#7758 = CARTESIAN_POINT('',(0.6,-0.585,1.21));
#7759 = VECTOR('',#7760,1.);
#7760 = DIRECTION('',(0.,1.,0.));
#7761 = ORIENTED_EDGE('',*,*,#7723,.F.);
#7762 = PLANE('',#7763);
#7763 = AXIS2_PLACEMENT_3D('',#7764,#7765,#7766);
#7764 = CARTESIAN_POINT('',(-0.6,-0.585,1.21));
#7765 = DIRECTION('',(0.,0.,1.));
#7766 = DIRECTION('',(1.,0.,-0.));
#7767 = ADVANCED_FACE('',(#7768),#7787,.T.);
#7768 = FACE_BOUND('',#7769,.T.);
#7769 = EDGE_LOOP('',(#7770,#7778,#7785,#7786));
#7770 = ORIENTED_EDGE('',*,*,#7771,.T.);
#7771 = EDGE_CURVE('',#7553,#7772,#7774,.T.);
#7772 = VERTEX_POINT('',#7773);
#7773 = CARTESIAN_POINT('',(0.6,-0.585,1.17));
#7774 = LINE('',#7775,#7776);
#7775 = CARTESIAN_POINT('',(-0.6,-0.585,1.17));
#7776 = VECTOR('',#7777,1.);
#7777 = DIRECTION('',(1.,0.,0.));
#7778 = ORIENTED_EDGE('',*,*,#7779,.T.);
#7779 = EDGE_CURVE('',#7772,#7749,#7780,.T.);
#7780 = CIRCLE('',#7781,4.E-02);
#7781 = AXIS2_PLACEMENT_3D('',#7782,#7783,#7784);
#7782 = CARTESIAN_POINT('',(0.6,-0.545,1.17));
#7783 = DIRECTION('',(-1.,0.,0.));
#7784 = DIRECTION('',(0.,0.,1.));
#7785 = ORIENTED_EDGE('',*,*,#7748,.F.);
#7786 = ORIENTED_EDGE('',*,*,#7560,.F.);
#7787 = CYLINDRICAL_SURFACE('',#7788,4.E-02);
#7788 = AXIS2_PLACEMENT_3D('',#7789,#7790,#7791);
#7789 = CARTESIAN_POINT('',(-0.6,-0.545,1.17));
#7790 = DIRECTION('',(1.,0.,0.));
#7791 = DIRECTION('',(0.,-1.,0.));
#7792 = ADVANCED_FACE('',(#7793),#7804,.F.);
#7793 = FACE_BOUND('',#7794,.F.);
#7794 = EDGE_LOOP('',(#7795,#7801,#7802,#7803));
#7795 = ORIENTED_EDGE('',*,*,#7796,.F.);
#7796 = EDGE_CURVE('',#7627,#7772,#7797,.T.);
#7797 = LINE('',#7798,#7799);
#7798 = CARTESIAN_POINT('',(0.6,-0.585,4.E-02));
#7799 = VECTOR('',#7800,1.);
#7800 = DIRECTION('',(0.,0.,1.));
#7801 = ORIENTED_EDGE('',*,*,#7635,.F.);
#7802 = ORIENTED_EDGE('',*,*,#7552,.T.);
#7803 = ORIENTED_EDGE('',*,*,#7771,.T.);
#7804 = PLANE('',#7805);
#7805 = AXIS2_PLACEMENT_3D('',#7806,#7807,#7808);
#7806 = CARTESIAN_POINT('',(-0.6,-0.585,4.E-02));
#7807 = DIRECTION('',(0.,1.,0.));
#7808 = DIRECTION('',(0.,-0.,1.));
#7809 = ADVANCED_FACE('',(#7810,#7880),#7890,.F.);
#7810 = FACE_BOUND('',#7811,.F.);
#7811 = EDGE_LOOP('',(#7812,#7822,#7831,#7839,#7848,#7856,#7865,#7873));
#7812 = ORIENTED_EDGE('',*,*,#7813,.F.);
#7813 = EDGE_CURVE('',#7814,#7816,#7818,.T.);
#7814 = VERTEX_POINT('',#7815);
#7815 = CARTESIAN_POINT('',(0.6,-0.625,4.E-02));
#7816 = VERTEX_POINT('',#7817);
#7817 = CARTESIAN_POINT('',(0.6,-0.625,1.21));
#7818 = LINE('',#7819,#7820);
#7819 = CARTESIAN_POINT('',(0.6,-0.625,0.));
#7820 = VECTOR('',#7821,1.);
#7821 = DIRECTION('',(0.,0.,1.));
#7822 = ORIENTED_EDGE('',*,*,#7823,.T.);
#7823 = EDGE_CURVE('',#7814,#7824,#7826,.T.);
#7824 = VERTEX_POINT('',#7825);
#7825 = CARTESIAN_POINT('',(0.6,-0.585,0.));
#7826 = CIRCLE('',#7827,4.E-02);
#7827 = AXIS2_PLACEMENT_3D('',#7828,#7829,#7830);
#7828 = CARTESIAN_POINT('',(0.6,-0.585,4.E-02));
#7829 = DIRECTION('',(1.,0.,-0.));
#7830 = DIRECTION('',(0.,0.,1.));
#7831 = ORIENTED_EDGE('',*,*,#7832,.T.);
#7832 = EDGE_CURVE('',#7824,#7833,#7835,.T.);
#7833 = VERTEX_POINT('',#7834);
#7834 = CARTESIAN_POINT('',(0.6,0.585,0.));
#7835 = LINE('',#7836,#7837);
#7836 = CARTESIAN_POINT('',(0.6,-0.625,0.));
#7837 = VECTOR('',#7838,1.);
#7838 = DIRECTION('',(0.,1.,0.));
#7839 = ORIENTED_EDGE('',*,*,#7840,.F.);
#7840 = EDGE_CURVE('',#7841,#7833,#7843,.T.);
#7841 = VERTEX_POINT('',#7842);
#7842 = CARTESIAN_POINT('',(0.6,0.625,4.E-02));
#7843 = CIRCLE('',#7844,4.E-02);
#7844 = AXIS2_PLACEMENT_3D('',#7845,#7846,#7847);
#7845 = CARTESIAN_POINT('',(0.6,0.585,4.E-02));
#7846 = DIRECTION('',(-1.,0.,0.));
#7847 = DIRECTION('',(0.,0.,1.));
#7848 = ORIENTED_EDGE('',*,*,#7849,.T.);
#7849 = EDGE_CURVE('',#7841,#7850,#7852,.T.);
#7850 = VERTEX_POINT('',#7851);
#7851 = CARTESIAN_POINT('',(0.6,0.625,1.21));
#7852 = LINE('',#7853,#7854);
#7853 = CARTESIAN_POINT('',(0.6,0.625,0.));
#7854 = VECTOR('',#7855,1.);
#7855 = DIRECTION('',(0.,0.,1.));
#7856 = ORIENTED_EDGE('',*,*,#7857,.T.);
#7857 = EDGE_CURVE('',#7850,#7858,#7860,.T.);
#7858 = VERTEX_POINT('',#7859);
#7859 = CARTESIAN_POINT('',(0.6,0.585,1.25));
#7860 = CIRCLE('',#7861,4.E-02);
#7861 = AXIS2_PLACEMENT_3D('',#7862,#7863,#7864);
#7862 = CARTESIAN_POINT('',(0.6,0.585,1.21));
#7863 = DIRECTION('',(1.,0.,-0.));
#7864 = DIRECTION('',(0.,0.,1.));
#7865 = ORIENTED_EDGE('',*,*,#7866,.F.);
#7866 = EDGE_CURVE('',#7867,#7858,#7869,.T.);
#7867 = VERTEX_POINT('',#7868);
#7868 = CARTESIAN_POINT('',(0.6,-0.585,1.25));
#7869 = LINE('',#7870,#7871);
#7870 = CARTESIAN_POINT('',(0.6,-0.625,1.25));
#7871 = VECTOR('',#7872,1.);
#7872 = DIRECTION('',(0.,1.,0.));
#7873 = ORIENTED_EDGE('',*,*,#7874,.F.);
#7874 = EDGE_CURVE('',#7816,#7867,#7875,.T.);
#7875 = CIRCLE('',#7876,4.E-02);
#7876 = AXIS2_PLACEMENT_3D('',#7877,#7878,#7879);
#7877 = CARTESIAN_POINT('',(0.6,-0.585,1.21));
#7878 = DIRECTION('',(-1.,0.,0.));
#7879 = DIRECTION('',(0.,0.,1.));
#7880 = FACE_BOUND('',#7881,.F.);
#7881 = EDGE_LOOP('',(#7882,#7883,#7884,#7885,#7886,#7887,#7888,#7889));
#7882 = ORIENTED_EDGE('',*,*,#7626,.F.);
#7883 = ORIENTED_EDGE('',*,*,#7796,.T.);
#7884 = ORIENTED_EDGE('',*,*,#7779,.T.);
#7885 = ORIENTED_EDGE('',*,*,#7756,.T.);
#7886 = ORIENTED_EDGE('',*,*,#7731,.F.);
#7887 = ORIENTED_EDGE('',*,*,#7698,.F.);
#7888 = ORIENTED_EDGE('',*,*,#7681,.T.);
#7889 = ORIENTED_EDGE('',*,*,#7651,.F.);
#7890 = PLANE('',#7891);
#7891 = AXIS2_PLACEMENT_3D('',#7892,#7893,#7894);
#7892 = CARTESIAN_POINT('',(0.6,-0.625,0.));
#7893 = DIRECTION('',(1.,0.,0.));
#7894 = DIRECTION('',(0.,0.,1.));
#7895 = ADVANCED_FACE('',(#7896),#7921,.F.);
#7896 = FACE_BOUND('',#7897,.F.);
#7897 = EDGE_LOOP('',(#7898,#7908,#7914,#7915));
#7898 = ORIENTED_EDGE('',*,*,#7899,.F.);
#7899 = EDGE_CURVE('',#7900,#7902,#7904,.T.);
#7900 = VERTEX_POINT('',#7901);
#7901 = CARTESIAN_POINT('',(1.,-0.625,4.E-02));
#7902 = VERTEX_POINT('',#7903);
#7903 = CARTESIAN_POINT('',(1.,-0.625,1.21));
#7904 = LINE('',#7905,#7906);
#7905 = CARTESIAN_POINT('',(1.,-0.625,0.));
#7906 = VECTOR('',#7907,1.);
#7907 = DIRECTION('',(0.,0.,1.));
#7908 = ORIENTED_EDGE('',*,*,#7909,.F.);
#7909 = EDGE_CURVE('',#7814,#7900,#7910,.T.);
#7910 = LINE('',#7911,#7912);
#7911 = CARTESIAN_POINT('',(0.6,-0.625,4.E-02));
#7912 = VECTOR('',#7913,1.);
#7913 = DIRECTION('',(1.,0.,0.));
#7914 = ORIENTED_EDGE('',*,*,#7813,.T.);
#7915 = ORIENTED_EDGE('',*,*,#7916,.T.);
#7916 = EDGE_CURVE('',#7816,#7902,#7917,.T.);
#7917 = LINE('',#7918,#7919);
#7918 = CARTESIAN_POINT('',(0.6,-0.625,1.21));
#7919 = VECTOR('',#7920,1.);
#7920 = DIRECTION('',(1.,0.,0.));
#7921 = PLANE('',#7922);
#7922 = AXIS2_PLACEMENT_3D('',#7923,#7924,#7925);
#7923 = CARTESIAN_POINT('',(0.6,-0.625,0.));
#7924 = DIRECTION('',(0.,1.,0.));
#7925 = DIRECTION('',(0.,-0.,1.));
#7926 = ADVANCED_FACE('',(#7927),#7946,.T.);
#7927 = FACE_BOUND('',#7928,.T.);
#7928 = EDGE_LOOP('',(#7929,#7930,#7938,#7945));
#7929 = ORIENTED_EDGE('',*,*,#7823,.T.);
#7930 = ORIENTED_EDGE('',*,*,#7931,.T.);
#7931 = EDGE_CURVE('',#7824,#7932,#7934,.T.);
#7932 = VERTEX_POINT('',#7933);
#7933 = CARTESIAN_POINT('',(1.,-0.585,0.));
#7934 = LINE('',#7935,#7936);
#7935 = CARTESIAN_POINT('',(0.6,-0.585,0.));
#7936 = VECTOR('',#7937,1.);
#7937 = DIRECTION('',(1.,0.,0.));
#7938 = ORIENTED_EDGE('',*,*,#7939,.F.);
#7939 = EDGE_CURVE('',#7900,#7932,#7940,.T.);
#7940 = CIRCLE('',#7941,4.E-02);
#7941 = AXIS2_PLACEMENT_3D('',#7942,#7943,#7944);
#7942 = CARTESIAN_POINT('',(1.,-0.585,4.E-02));
#7943 = DIRECTION('',(1.,0.,-0.));
#7944 = DIRECTION('',(0.,0.,1.));
#7945 = ORIENTED_EDGE('',*,*,#7909,.F.);
#7946 = CYLINDRICAL_SURFACE('',#7947,4.E-02);
#7947 = AXIS2_PLACEMENT_3D('',#7948,#7949,#7950);
#7948 = CARTESIAN_POINT('',(0.6,-0.585,4.E-02));
#7949 = DIRECTION('',(1.,0.,0.));
#7950 = DIRECTION('',(0.,-1.,0.));
#7951 = ADVANCED_FACE('',(#7952),#7971,.T.);
#7952 = FACE_BOUND('',#7953,.T.);
#7953 = EDGE_LOOP('',(#7954,#7955,#7964,#7970));
#7954 = ORIENTED_EDGE('',*,*,#7916,.T.);
#7955 = ORIENTED_EDGE('',*,*,#7956,.T.);
#7956 = EDGE_CURVE('',#7902,#7957,#7959,.T.);
#7957 = VERTEX_POINT('',#7958);
#7958 = CARTESIAN_POINT('',(1.,-0.585,1.25));
#7959 = CIRCLE('',#7960,4.E-02);
#7960 = AXIS2_PLACEMENT_3D('',#7961,#7962,#7963);
#7961 = CARTESIAN_POINT('',(1.,-0.585,1.21));
#7962 = DIRECTION('',(-1.,0.,0.));
#7963 = DIRECTION('',(0.,0.,1.));
#7964 = ORIENTED_EDGE('',*,*,#7965,.F.);
#7965 = EDGE_CURVE('',#7867,#7957,#7966,.T.);
#7966 = LINE('',#7967,#7968);
#7967 = CARTESIAN_POINT('',(0.6,-0.585,1.25));
#7968 = VECTOR('',#7969,1.);
#7969 = DIRECTION('',(1.,0.,0.));
#7970 = ORIENTED_EDGE('',*,*,#7874,.F.);
#7971 = CYLINDRICAL_SURFACE('',#7972,4.E-02);
#7972 = AXIS2_PLACEMENT_3D('',#7973,#7974,#7975);
#7973 = CARTESIAN_POINT('',(0.6,-0.585,1.21));
#7974 = DIRECTION('',(1.,0.,0.));
#7975 = DIRECTION('',(0.,-1.,0.));
#7976 = ADVANCED_FACE('',(#7977),#7995,.F.);
#7977 = FACE_BOUND('',#7978,.F.);
#7978 = EDGE_LOOP('',(#7979,#7980,#7981,#7989));
#7979 = ORIENTED_EDGE('',*,*,#7832,.F.);
#7980 = ORIENTED_EDGE('',*,*,#7931,.T.);
#7981 = ORIENTED_EDGE('',*,*,#7982,.T.);
#7982 = EDGE_CURVE('',#7932,#7983,#7985,.T.);
#7983 = VERTEX_POINT('',#7984);
#7984 = CARTESIAN_POINT('',(1.,0.585,0.));
#7985 = LINE('',#7986,#7987);
#7986 = CARTESIAN_POINT('',(1.,-0.625,0.));
#7987 = VECTOR('',#7988,1.);
#7988 = DIRECTION('',(0.,1.,0.));
#7989 = ORIENTED_EDGE('',*,*,#7990,.F.);
#7990 = EDGE_CURVE('',#7833,#7983,#7991,.T.);
#7991 = LINE('',#7992,#7993);
#7992 = CARTESIAN_POINT('',(0.6,0.585,0.));
#7993 = VECTOR('',#7994,1.);
#7994 = DIRECTION('',(1.,0.,0.));
#7995 = PLANE('',#7996);
#7996 = AXIS2_PLACEMENT_3D('',#7997,#7998,#7999);
#7997 = CARTESIAN_POINT('',(0.6,-0.625,0.));
#7998 = DIRECTION('',(0.,0.,1.));
#7999 = DIRECTION('',(1.,0.,-0.));
#8000 = ADVANCED_FACE('',(#8001),#8019,.T.);
#8001 = FACE_BOUND('',#8002,.T.);
#8002 = EDGE_LOOP('',(#8003,#8004,#8005,#8013));
#8003 = ORIENTED_EDGE('',*,*,#7866,.F.);
#8004 = ORIENTED_EDGE('',*,*,#7965,.T.);
#8005 = ORIENTED_EDGE('',*,*,#8006,.T.);
#8006 = EDGE_CURVE('',#7957,#8007,#8009,.T.);
#8007 = VERTEX_POINT('',#8008);
#8008 = CARTESIAN_POINT('',(1.,0.585,1.25));
#8009 = LINE('',#8010,#8011);
#8010 = CARTESIAN_POINT('',(1.,-0.625,1.25));
#8011 = VECTOR('',#8012,1.);
#8012 = DIRECTION('',(0.,1.,0.));
#8013 = ORIENTED_EDGE('',*,*,#8014,.F.);
#8014 = EDGE_CURVE('',#7858,#8007,#8015,.T.);
#8015 = LINE('',#8016,#8017);
#8016 = CARTESIAN_POINT('',(0.6,0.585,1.25));
#8017 = VECTOR('',#8018,1.);
#8018 = DIRECTION('',(1.,0.,0.));
#8019 = PLANE('',#8020);
#8020 = AXIS2_PLACEMENT_3D('',#8021,#8022,#8023);
#8021 = CARTESIAN_POINT('',(0.6,-0.625,1.25));
#8022 = DIRECTION('',(0.,0.,1.));
#8023 = DIRECTION('',(1.,0.,-0.));
#8024 = ADVANCED_FACE('',(#8025),#8044,.T.);
#8025 = FACE_BOUND('',#8026,.T.);
#8026 = EDGE_LOOP('',(#8027,#8035,#8042,#8043));
#8027 = ORIENTED_EDGE('',*,*,#8028,.T.);
#8028 = EDGE_CURVE('',#7841,#8029,#8031,.T.);
#8029 = VERTEX_POINT('',#8030);
#8030 = CARTESIAN_POINT('',(1.,0.625,4.E-02));
#8031 = LINE('',#8032,#8033);
#8032 = CARTESIAN_POINT('',(0.6,0.625,4.E-02));
#8033 = VECTOR('',#8034,1.);
#8034 = DIRECTION('',(1.,0.,0.));
#8035 = ORIENTED_EDGE('',*,*,#8036,.T.);
#8036 = EDGE_CURVE('',#8029,#7983,#8037,.T.);
#8037 = CIRCLE('',#8038,4.E-02);
#8038 = AXIS2_PLACEMENT_3D('',#8039,#8040,#8041);
#8039 = CARTESIAN_POINT('',(1.,0.585,4.E-02));
#8040 = DIRECTION('',(-1.,0.,0.));
#8041 = DIRECTION('',(0.,0.,1.));
#8042 = ORIENTED_EDGE('',*,*,#7990,.F.);
#8043 = ORIENTED_EDGE('',*,*,#7840,.F.);
#8044 = CYLINDRICAL_SURFACE('',#8045,4.E-02);
#8045 = AXIS2_PLACEMENT_3D('',#8046,#8047,#8048);
#8046 = CARTESIAN_POINT('',(0.6,0.585,4.E-02));
#8047 = DIRECTION('',(1.,0.,0.));
#8048 = DIRECTION('',(-0.,1.,0.));
#8049 = ADVANCED_FACE('',(#8050),#8069,.T.);
#8050 = FACE_BOUND('',#8051,.T.);
#8051 = EDGE_LOOP('',(#8052,#8053,#8054,#8063));
#8052 = ORIENTED_EDGE('',*,*,#7857,.T.);
#8053 = ORIENTED_EDGE('',*,*,#8014,.T.);
#8054 = ORIENTED_EDGE('',*,*,#8055,.F.);
#8055 = EDGE_CURVE('',#8056,#8007,#8058,.T.);
#8056 = VERTEX_POINT('',#8057);
#8057 = CARTESIAN_POINT('',(1.,0.625,1.21));
#8058 = CIRCLE('',#8059,4.E-02);
#8059 = AXIS2_PLACEMENT_3D('',#8060,#8061,#8062);
#8060 = CARTESIAN_POINT('',(1.,0.585,1.21));
#8061 = DIRECTION('',(1.,0.,-0.));
#8062 = DIRECTION('',(0.,0.,1.));
#8063 = ORIENTED_EDGE('',*,*,#8064,.F.);
#8064 = EDGE_CURVE('',#7850,#8056,#8065,.T.);
#8065 = LINE('',#8066,#8067);
#8066 = CARTESIAN_POINT('',(0.6,0.625,1.21));
#8067 = VECTOR('',#8068,1.);
#8068 = DIRECTION('',(1.,0.,0.));
#8069 = CYLINDRICAL_SURFACE('',#8070,4.E-02);
#8070 = AXIS2_PLACEMENT_3D('',#8071,#8072,#8073);
#8071 = CARTESIAN_POINT('',(0.6,0.585,1.21));
#8072 = DIRECTION('',(1.,0.,0.));
#8073 = DIRECTION('',(-0.,1.,0.));
#8074 = ADVANCED_FACE('',(#8075),#8086,.T.);
#8075 = FACE_BOUND('',#8076,.T.);
#8076 = EDGE_LOOP('',(#8077,#8083,#8084,#8085));
#8077 = ORIENTED_EDGE('',*,*,#8078,.F.);
#8078 = EDGE_CURVE('',#8029,#8056,#8079,.T.);
#8079 = LINE('',#8080,#8081);
#8080 = CARTESIAN_POINT('',(1.,0.625,0.));
#8081 = VECTOR('',#8082,1.);
#8082 = DIRECTION('',(0.,0.,1.));
#8083 = ORIENTED_EDGE('',*,*,#8028,.F.);
#8084 = ORIENTED_EDGE('',*,*,#7849,.T.);
#8085 = ORIENTED_EDGE('',*,*,#8064,.T.);
#8086 = PLANE('',#8087);
#8087 = AXIS2_PLACEMENT_3D('',#8088,#8089,#8090);
#8088 = CARTESIAN_POINT('',(0.6,0.625,0.));
#8089 = DIRECTION('',(0.,1.,0.));
#8090 = DIRECTION('',(0.,-0.,1.));
#8091 = ADVANCED_FACE('',(#8092),#8102,.T.);
#8092 = FACE_BOUND('',#8093,.T.);
#8093 = EDGE_LOOP('',(#8094,#8095,#8096,#8097,#8098,#8099,#8100,#8101));
#8094 = ORIENTED_EDGE('',*,*,#7899,.F.);
#8095 = ORIENTED_EDGE('',*,*,#7939,.T.);
#8096 = ORIENTED_EDGE('',*,*,#7982,.T.);
#8097 = ORIENTED_EDGE('',*,*,#8036,.F.);
#8098 = ORIENTED_EDGE('',*,*,#8078,.T.);
#8099 = ORIENTED_EDGE('',*,*,#8055,.T.);
#8100 = ORIENTED_EDGE('',*,*,#8006,.F.);
#8101 = ORIENTED_EDGE('',*,*,#7956,.F.);
#8102 = PLANE('',#8103);
#8103 = AXIS2_PLACEMENT_3D('',#8104,#8105,#8106);
#8104 = CARTESIAN_POINT('',(1.,-0.625,0.));
#8105 = DIRECTION('',(1.,0.,0.));
#8106 = DIRECTION('',(0.,0.,1.));
#8107 = ( GEOMETRIC_REPRESENTATION_CONTEXT(3) 
GLOBAL_UNCERTAINTY_ASSIGNED_CONTEXT((#8111)) 
GLOBAL_UNIT_ASSIGNED_CONTEXT((#8108,#8109,#8110)) REPRESENTATION_CONTEXT
('Context #1','3D Context with UNIT and UNCERTAINTY') );
#8108 = ( LENGTH_UNIT() NAMED_UNIT(*) SI_UNIT(.MILLI.,.METRE.) );
#8109 = ( NAMED_UNIT(*) PLANE_ANGLE_UNIT() SI_UNIT($,.RADIAN.) );
#8110 = ( NAMED_UNIT(*) SI_UNIT($,.STERADIAN.) SOLID_ANGLE_UNIT() );
#8111 = UNCERTAINTY_MEASURE_WITH_UNIT(LENGTH_MEASURE(1.E-07),#8108,
  'distance_accuracy_value','confusion accuracy');
#8112 = CONTEXT_DEPENDENT_SHAPE_REPRESENTATION(#8113,#8115);
#8113 = ( REPRESENTATION_RELATIONSHIP('','',#7252,#10) 
REPRESENTATION_RELATIONSHIP_WITH_TRANSFORMATION(#8114) 
SHAPE_REPRESENTATION_RELATIONSHIP() );
#8114 = ITEM_DEFINED_TRANSFORMATION('','',#11,#23);
#8115 = PRODUCT_DEFINITION_SHAPE('Placement','Placement of an item',
  #8116);
#8116 = NEXT_ASSEMBLY_USAGE_OCCURRENCE('3','C4','',#5,#7247,$);
#8117 = PRODUCT_RELATED_PRODUCT_CATEGORY('part',$,(#7249));
#8118 = CONTEXT_DEPENDENT_SHAPE_REPRESENTATION(#8119,#8121);
#8119 = ( REPRESENTATION_RELATIONSHIP('','',#7252,#10) 
REPRESENTATION_RELATIONSHIP_WITH_TRANSFORMATION(#8120) 
SHAPE_REPRESENTATION_RELATIONSHIP() );
#8120 = ITEM_DEFINED_TRANSFORMATION('','',#11,#27);
#8121 = PRODUCT_DEFINITION_SHAPE('Placement','Placement of an item',
  #8122);
#8122 = NEXT_ASSEMBLY_USAGE_OCCURRENCE('4','C9','',#5,#7247,$);
#8123 = CONTEXT_DEPENDENT_SHAPE_REPRESENTATION(#8124,#8126);
#8124 = ( REPRESENTATION_RELATIONSHIP('','',#7252,#10) 
REPRESENTATION_RELATIONSHIP_WITH_TRANSFORMATION(#8125) 
SHAPE_REPRESENTATION_RELATIONSHIP() );
#8125 = ITEM_DEFINED_TRANSFORMATION('','',#11,#31);
#8126 = PRODUCT_DEFINITION_SHAPE('Placement','Placement of an item',
  #8127);
#8127 = NEXT_ASSEMBLY_USAGE_OCCURRENCE('5','C8','',#5,#7247,$);
#8128 = SHAPE_DEFINITION_REPRESENTATION(#8129,#8135);
#8129 = PRODUCT_DEFINITION_SHAPE('','',#8130);
#8130 = PRODUCT_DEFINITION('design','',#8131,#8134);
#8131 = PRODUCT_DEFINITION_FORMATION('','',#8132);
#8132 = PRODUCT('R_0805_2012Metric','R_0805_2012Metric','',(#8133));
#8133 = PRODUCT_CONTEXT('',#2,'mechanical');
#8134 = PRODUCT_DEFINITION_CONTEXT('part definition',#2,'design');
#8135 = ADVANCED_BREP_SHAPE_REPRESENTATION('',(#11,#8136),#8926);
#8136 = MANIFOLD_SOLID_BREP('',#8137);
#8137 = CLOSED_SHELL('',(#8138,#8178,#8261,#8286,#8311,#8378,#8395,#8412
    ,#8461,#8478,#8495,#8544,#8561,#8630,#8661,#8685,#8754,#8778,#8795,
    #8812,#8829,#8846,#8863,#8880,#8897,#8914));
#8138 = ADVANCED_FACE('',(#8139),#8173,.F.);
#8139 = FACE_BOUND('',#8140,.F.);
#8140 = EDGE_LOOP('',(#8141,#8151,#8159,#8167));
#8141 = ORIENTED_EDGE('',*,*,#8142,.F.);
#8142 = EDGE_CURVE('',#8143,#8145,#8147,.T.);
#8143 = VERTEX_POINT('',#8144);
#8144 = CARTESIAN_POINT('',(-1.,-0.6,4.5E-02));
#8145 = VERTEX_POINT('',#8146);
#8146 = CARTESIAN_POINT('',(-1.,-0.6,0.405));
#8147 = LINE('',#8148,#8149);
#8148 = CARTESIAN_POINT('',(-1.,-0.6,0.));
#8149 = VECTOR('',#8150,1.);
#8150 = DIRECTION('',(0.,0.,1.));
#8151 = ORIENTED_EDGE('',*,*,#8152,.T.);
#8152 = EDGE_CURVE('',#8143,#8153,#8155,.T.);
#8153 = VERTEX_POINT('',#8154);
#8154 = CARTESIAN_POINT('',(-1.,0.6,4.5E-02));
#8155 = LINE('',#8156,#8157);
#8156 = CARTESIAN_POINT('',(-1.,-0.6,4.5E-02));
#8157 = VECTOR('',#8158,1.);
#8158 = DIRECTION('',(0.,1.,0.));
#8159 = ORIENTED_EDGE('',*,*,#8160,.T.);
#8160 = EDGE_CURVE('',#8153,#8161,#8163,.T.);
#8161 = VERTEX_POINT('',#8162);
#8162 = CARTESIAN_POINT('',(-1.,0.6,0.405));
#8163 = LINE('',#8164,#8165);
#8164 = CARTESIAN_POINT('',(-1.,0.6,0.));
#8165 = VECTOR('',#8166,1.);
#8166 = DIRECTION('',(0.,0.,1.));
#8167 = ORIENTED_EDGE('',*,*,#8168,.F.);
#8168 = EDGE_CURVE('',#8145,#8161,#8169,.T.);
#8169 = LINE('',#8170,#8171);
#8170 = CARTESIAN_POINT('',(-1.,-0.6,0.405));
#8171 = VECTOR('',#8172,1.);
#8172 = DIRECTION('',(0.,1.,0.));
#8173 = PLANE('',#8174);
#8174 = AXIS2_PLACEMENT_3D('',#8175,#8176,#8177);
#8175 = CARTESIAN_POINT('',(-1.,-0.6,0.));
#8176 = DIRECTION('',(1.,0.,0.));
#8177 = DIRECTION('',(0.,0.,1.));
#8178 = ADVANCED_FACE('',(#8179),#8256,.F.);
#8179 = FACE_BOUND('',#8180,.F.);
#8180 = EDGE_LOOP('',(#8181,#8191,#8198,#8199,#8208,#8216,#8225,#8233,
    #8241,#8249));
#8181 = ORIENTED_EDGE('',*,*,#8182,.F.);
#8182 = EDGE_CURVE('',#8183,#8185,#8187,.T.);
#8183 = VERTEX_POINT('',#8184);
#8184 = CARTESIAN_POINT('',(-0.955,-0.6,-2.775557561563E-17));
#8185 = VERTEX_POINT('',#8186);
#8186 = CARTESIAN_POINT('',(-0.745,-0.6,-2.775557561563E-17));
#8187 = LINE('',#8188,#8189);
#8188 = CARTESIAN_POINT('',(-1.,-0.6,0.));
#8189 = VECTOR('',#8190,1.);
#8190 = DIRECTION('',(1.,0.,0.));
#8191 = ORIENTED_EDGE('',*,*,#8192,.F.);
#8192 = EDGE_CURVE('',#8143,#8183,#8193,.T.);
#8193 = CIRCLE('',#8194,4.5E-02);
#8194 = AXIS2_PLACEMENT_3D('',#8195,#8196,#8197);
#8195 = CARTESIAN_POINT('',(-0.955,-0.6,4.5E-02));
#8196 = DIRECTION('',(0.,-1.,0.));
#8197 = DIRECTION('',(0.,0.,1.));
#8198 = ORIENTED_EDGE('',*,*,#8142,.T.);
#8199 = ORIENTED_EDGE('',*,*,#8200,.T.);
#8200 = EDGE_CURVE('',#8145,#8201,#8203,.T.);
#8201 = VERTEX_POINT('',#8202);
#8202 = CARTESIAN_POINT('',(-0.955,-0.6,0.45));
#8203 = CIRCLE('',#8204,4.5E-02);
#8204 = AXIS2_PLACEMENT_3D('',#8205,#8206,#8207);
#8205 = CARTESIAN_POINT('',(-0.955,-0.6,0.405));
#8206 = DIRECTION('',(0.,1.,0.));
#8207 = DIRECTION('',(0.,-0.,1.));
#8208 = ORIENTED_EDGE('',*,*,#8209,.T.);
#8209 = EDGE_CURVE('',#8201,#8210,#8212,.T.);
#8210 = VERTEX_POINT('',#8211);
#8211 = CARTESIAN_POINT('',(-0.745,-0.6,0.45));
#8212 = LINE('',#8213,#8214);
#8213 = CARTESIAN_POINT('',(-1.,-0.6,0.45));
#8214 = VECTOR('',#8215,1.);
#8215 = DIRECTION('',(1.,0.,0.));
#8216 = ORIENTED_EDGE('',*,*,#8217,.F.);
#8217 = EDGE_CURVE('',#8218,#8210,#8220,.T.);
#8218 = VERTEX_POINT('',#8219);
#8219 = CARTESIAN_POINT('',(-0.7,-0.6,0.405));
#8220 = CIRCLE('',#8221,4.5E-02);
#8221 = AXIS2_PLACEMENT_3D('',#8222,#8223,#8224);
#8222 = CARTESIAN_POINT('',(-0.745,-0.6,0.405));
#8223 = DIRECTION('',(0.,-1.,0.));
#8224 = DIRECTION('',(0.,0.,1.));
#8225 = ORIENTED_EDGE('',*,*,#8226,.F.);
#8226 = EDGE_CURVE('',#8227,#8218,#8229,.T.);
#8227 = VERTEX_POINT('',#8228);
#8228 = CARTESIAN_POINT('',(-0.955,-0.6,0.405));
#8229 = LINE('',#8230,#8231);
#8230 = CARTESIAN_POINT('',(-0.955,-0.6,0.405));
#8231 = VECTOR('',#8232,1.);
#8232 = DIRECTION('',(1.,0.,0.));
#8233 = ORIENTED_EDGE('',*,*,#8234,.F.);
#8234 = EDGE_CURVE('',#8235,#8227,#8237,.T.);
#8235 = VERTEX_POINT('',#8236);
#8236 = CARTESIAN_POINT('',(-0.955,-0.6,4.5E-02));
#8237 = LINE('',#8238,#8239);
#8238 = CARTESIAN_POINT('',(-0.955,-0.6,4.5E-02));
#8239 = VECTOR('',#8240,1.);
#8240 = DIRECTION('',(0.,0.,1.));
#8241 = ORIENTED_EDGE('',*,*,#8242,.T.);
#8242 = EDGE_CURVE('',#8235,#8243,#8245,.T.);
#8243 = VERTEX_POINT('',#8244);
#8244 = CARTESIAN_POINT('',(-0.7,-0.6,4.5E-02));
#8245 = LINE('',#8246,#8247);
#8246 = CARTESIAN_POINT('',(-0.955,-0.6,4.5E-02));
#8247 = VECTOR('',#8248,1.);
#8248 = DIRECTION('',(1.,0.,0.));
#8249 = ORIENTED_EDGE('',*,*,#8250,.T.);
#8250 = EDGE_CURVE('',#8243,#8185,#8251,.T.);
#8251 = CIRCLE('',#8252,4.5E-02);
#8252 = AXIS2_PLACEMENT_3D('',#8253,#8254,#8255);
#8253 = CARTESIAN_POINT('',(-0.745,-0.6,4.5E-02));
#8254 = DIRECTION('',(0.,1.,0.));
#8255 = DIRECTION('',(0.,-0.,1.));
#8256 = PLANE('',#8257);
#8257 = AXIS2_PLACEMENT_3D('',#8258,#8259,#8260);
#8258 = CARTESIAN_POINT('',(-1.,-0.6,0.));
#8259 = DIRECTION('',(0.,1.,0.));
#8260 = DIRECTION('',(0.,-0.,1.));
#8261 = ADVANCED_FACE('',(#8262),#8281,.T.);
#8262 = FACE_BOUND('',#8263,.T.);
#8263 = EDGE_LOOP('',(#8264,#8265,#8274,#8280));
#8264 = ORIENTED_EDGE('',*,*,#8152,.T.);
#8265 = ORIENTED_EDGE('',*,*,#8266,.T.);
#8266 = EDGE_CURVE('',#8153,#8267,#8269,.T.);
#8267 = VERTEX_POINT('',#8268);
#8268 = CARTESIAN_POINT('',(-0.955,0.6,-2.775557561563E-17));
#8269 = CIRCLE('',#8270,4.5E-02);
#8270 = AXIS2_PLACEMENT_3D('',#8271,#8272,#8273);
#8271 = CARTESIAN_POINT('',(-0.955,0.6,4.5E-02));
#8272 = DIRECTION('',(0.,-1.,0.));
#8273 = DIRECTION('',(0.,0.,1.));
#8274 = ORIENTED_EDGE('',*,*,#8275,.F.);
#8275 = EDGE_CURVE('',#8183,#8267,#8276,.T.);
#8276 = LINE('',#8277,#8278);
#8277 = CARTESIAN_POINT('',(-0.955,-0.6,-2.775557561563E-17));
#8278 = VECTOR('',#8279,1.);
#8279 = DIRECTION('',(0.,1.,0.));
#8280 = ORIENTED_EDGE('',*,*,#8192,.F.);
#8281 = CYLINDRICAL_SURFACE('',#8282,4.5E-02);
#8282 = AXIS2_PLACEMENT_3D('',#8283,#8284,#8285);
#8283 = CARTESIAN_POINT('',(-0.955,-0.6,4.5E-02));
#8284 = DIRECTION('',(0.,1.,0.));
#8285 = DIRECTION('',(-1.,0.,0.));
#8286 = ADVANCED_FACE('',(#8287),#8306,.T.);
#8287 = FACE_BOUND('',#8288,.T.);
#8288 = EDGE_LOOP('',(#8289,#8290,#8298,#8305));
#8289 = ORIENTED_EDGE('',*,*,#8200,.T.);
#8290 = ORIENTED_EDGE('',*,*,#8291,.T.);
#8291 = EDGE_CURVE('',#8201,#8292,#8294,.T.);
#8292 = VERTEX_POINT('',#8293);
#8293 = CARTESIAN_POINT('',(-0.955,0.6,0.45));
#8294 = LINE('',#8295,#8296);
#8295 = CARTESIAN_POINT('',(-0.955,-0.6,0.45));
#8296 = VECTOR('',#8297,1.);
#8297 = DIRECTION('',(0.,1.,0.));
#8298 = ORIENTED_EDGE('',*,*,#8299,.F.);
#8299 = EDGE_CURVE('',#8161,#8292,#8300,.T.);
#8300 = CIRCLE('',#8301,4.5E-02);
#8301 = AXIS2_PLACEMENT_3D('',#8302,#8303,#8304);
#8302 = CARTESIAN_POINT('',(-0.955,0.6,0.405));
#8303 = DIRECTION('',(0.,1.,0.));
#8304 = DIRECTION('',(0.,-0.,1.));
#8305 = ORIENTED_EDGE('',*,*,#8168,.F.);
#8306 = CYLINDRICAL_SURFACE('',#8307,4.5E-02);
#8307 = AXIS2_PLACEMENT_3D('',#8308,#8309,#8310);
#8308 = CARTESIAN_POINT('',(-0.955,-0.6,0.405));
#8309 = DIRECTION('',(0.,1.,0.));
#8310 = DIRECTION('',(-1.,0.,0.));
#8311 = ADVANCED_FACE('',(#8312),#8373,.T.);
#8312 = FACE_BOUND('',#8313,.T.);
#8313 = EDGE_LOOP('',(#8314,#8322,#8323,#8324,#8325,#8333,#8342,#8350,
    #8358,#8366));
#8314 = ORIENTED_EDGE('',*,*,#8315,.F.);
#8315 = EDGE_CURVE('',#8267,#8316,#8318,.T.);
#8316 = VERTEX_POINT('',#8317);
#8317 = CARTESIAN_POINT('',(-0.745,0.6,-2.775557561563E-17));
#8318 = LINE('',#8319,#8320);
#8319 = CARTESIAN_POINT('',(-1.,0.6,0.));
#8320 = VECTOR('',#8321,1.);
#8321 = DIRECTION('',(1.,0.,0.));
#8322 = ORIENTED_EDGE('',*,*,#8266,.F.);
#8323 = ORIENTED_EDGE('',*,*,#8160,.T.);
#8324 = ORIENTED_EDGE('',*,*,#8299,.T.);
#8325 = ORIENTED_EDGE('',*,*,#8326,.T.);
#8326 = EDGE_CURVE('',#8292,#8327,#8329,.T.);
#8327 = VERTEX_POINT('',#8328);
#8328 = CARTESIAN_POINT('',(-0.745,0.6,0.45));
#8329 = LINE('',#8330,#8331);
#8330 = CARTESIAN_POINT('',(-1.,0.6,0.45));
#8331 = VECTOR('',#8332,1.);
#8332 = DIRECTION('',(1.,0.,0.));
#8333 = ORIENTED_EDGE('',*,*,#8334,.F.);
#8334 = EDGE_CURVE('',#8335,#8327,#8337,.T.);
#8335 = VERTEX_POINT('',#8336);
#8336 = CARTESIAN_POINT('',(-0.7,0.6,0.405));
#8337 = CIRCLE('',#8338,4.5E-02);
#8338 = AXIS2_PLACEMENT_3D('',#8339,#8340,#8341);
#8339 = CARTESIAN_POINT('',(-0.745,0.6,0.405));
#8340 = DIRECTION('',(0.,-1.,0.));
#8341 = DIRECTION('',(0.,0.,1.));
#8342 = ORIENTED_EDGE('',*,*,#8343,.F.);
#8343 = EDGE_CURVE('',#8344,#8335,#8346,.T.);
#8344 = VERTEX_POINT('',#8345);
#8345 = CARTESIAN_POINT('',(-0.955,0.6,0.405));
#8346 = LINE('',#8347,#8348);
#8347 = CARTESIAN_POINT('',(-0.955,0.6,0.405));
#8348 = VECTOR('',#8349,1.);
#8349 = DIRECTION('',(1.,0.,0.));
#8350 = ORIENTED_EDGE('',*,*,#8351,.F.);
#8351 = EDGE_CURVE('',#8352,#8344,#8354,.T.);
#8352 = VERTEX_POINT('',#8353);
#8353 = CARTESIAN_POINT('',(-0.955,0.6,4.5E-02));
#8354 = LINE('',#8355,#8356);
#8355 = CARTESIAN_POINT('',(-0.955,0.6,4.5E-02));
#8356 = VECTOR('',#8357,1.);
#8357 = DIRECTION('',(0.,0.,1.));
#8358 = ORIENTED_EDGE('',*,*,#8359,.T.);
#8359 = EDGE_CURVE('',#8352,#8360,#8362,.T.);
#8360 = VERTEX_POINT('',#8361);
#8361 = CARTESIAN_POINT('',(-0.7,0.6,4.5E-02));
#8362 = LINE('',#8363,#8364);
#8363 = CARTESIAN_POINT('',(-0.955,0.6,4.5E-02));
#8364 = VECTOR('',#8365,1.);
#8365 = DIRECTION('',(1.,0.,0.));
#8366 = ORIENTED_EDGE('',*,*,#8367,.T.);
#8367 = EDGE_CURVE('',#8360,#8316,#8368,.T.);
#8368 = CIRCLE('',#8369,4.5E-02);
#8369 = AXIS2_PLACEMENT_3D('',#8370,#8371,#8372);
#8370 = CARTESIAN_POINT('',(-0.745,0.6,4.5E-02));
#8371 = DIRECTION('',(0.,1.,0.));
#8372 = DIRECTION('',(0.,-0.,1.));
#8373 = PLANE('',#8374);
#8374 = AXIS2_PLACEMENT_3D('',#8375,#8376,#8377);
#8375 = CARTESIAN_POINT('',(-1.,0.6,0.));
#8376 = DIRECTION('',(0.,1.,0.));
#8377 = DIRECTION('',(0.,-0.,1.));
#8378 = ADVANCED_FACE('',(#8379),#8390,.F.);
#8379 = FACE_BOUND('',#8380,.F.);
#8380 = EDGE_LOOP('',(#8381,#8382,#8383,#8384));
#8381 = ORIENTED_EDGE('',*,*,#8315,.F.);
#8382 = ORIENTED_EDGE('',*,*,#8275,.F.);
#8383 = ORIENTED_EDGE('',*,*,#8182,.T.);
#8384 = ORIENTED_EDGE('',*,*,#8385,.T.);
#8385 = EDGE_CURVE('',#8185,#8316,#8386,.T.);
#8386 = LINE('',#8387,#8388);
#8387 = CARTESIAN_POINT('',(-0.745,-0.6,-2.775557561563E-17));
#8388 = VECTOR('',#8389,1.);
#8389 = DIRECTION('',(0.,1.,0.));
#8390 = PLANE('',#8391);
#8391 = AXIS2_PLACEMENT_3D('',#8392,#8393,#8394);
#8392 = CARTESIAN_POINT('',(-1.,-0.6,0.));
#8393 = DIRECTION('',(0.,0.,1.));
#8394 = DIRECTION('',(1.,0.,-0.));
#8395 = ADVANCED_FACE('',(#8396),#8407,.T.);
#8396 = FACE_BOUND('',#8397,.T.);
#8397 = EDGE_LOOP('',(#8398,#8399,#8400,#8401));
#8398 = ORIENTED_EDGE('',*,*,#8250,.T.);
#8399 = ORIENTED_EDGE('',*,*,#8385,.T.);
#8400 = ORIENTED_EDGE('',*,*,#8367,.F.);
#8401 = ORIENTED_EDGE('',*,*,#8402,.F.);
#8402 = EDGE_CURVE('',#8243,#8360,#8403,.T.);
#8403 = LINE('',#8404,#8405);
#8404 = CARTESIAN_POINT('',(-0.7,-0.6,4.5E-02));
#8405 = VECTOR('',#8406,1.);
#8406 = DIRECTION('',(0.,1.,0.));
#8407 = CYLINDRICAL_SURFACE('',#8408,4.5E-02);
#8408 = AXIS2_PLACEMENT_3D('',#8409,#8410,#8411);
#8409 = CARTESIAN_POINT('',(-0.745,-0.6,4.5E-02));
#8410 = DIRECTION('',(0.,1.,0.));
#8411 = DIRECTION('',(1.,0.,0.));
#8412 = ADVANCED_FACE('',(#8413),#8456,.F.);
#8413 = FACE_BOUND('',#8414,.F.);
#8414 = EDGE_LOOP('',(#8415,#8416,#8417,#8418,#8426,#8434,#8442,#8450));
#8415 = ORIENTED_EDGE('',*,*,#8242,.F.);
#8416 = ORIENTED_EDGE('',*,*,#8234,.T.);
#8417 = ORIENTED_EDGE('',*,*,#8226,.T.);
#8418 = ORIENTED_EDGE('',*,*,#8419,.T.);
#8419 = EDGE_CURVE('',#8218,#8420,#8422,.T.);
#8420 = VERTEX_POINT('',#8421);
#8421 = CARTESIAN_POINT('',(0.7,-0.6,0.405));
#8422 = LINE('',#8423,#8424);
#8423 = CARTESIAN_POINT('',(-0.7,-0.6,0.405));
#8424 = VECTOR('',#8425,1.);
#8425 = DIRECTION('',(1.,0.,0.));
#8426 = ORIENTED_EDGE('',*,*,#8427,.T.);
#8427 = EDGE_CURVE('',#8420,#8428,#8430,.T.);
#8428 = VERTEX_POINT('',#8429);
#8429 = CARTESIAN_POINT('',(0.955,-0.6,0.405));
#8430 = LINE('',#8431,#8432);
#8431 = CARTESIAN_POINT('',(-0.955,-0.6,0.405));
#8432 = VECTOR('',#8433,1.);
#8433 = DIRECTION('',(1.,0.,0.));
#8434 = ORIENTED_EDGE('',*,*,#8435,.F.);
#8435 = EDGE_CURVE('',#8436,#8428,#8438,.T.);
#8436 = VERTEX_POINT('',#8437);
#8437 = CARTESIAN_POINT('',(0.955,-0.6,4.5E-02));
#8438 = LINE('',#8439,#8440);
#8439 = CARTESIAN_POINT('',(0.955,-0.6,4.5E-02));
#8440 = VECTOR('',#8441,1.);
#8441 = DIRECTION('',(0.,0.,1.));
#8442 = ORIENTED_EDGE('',*,*,#8443,.F.);
#8443 = EDGE_CURVE('',#8444,#8436,#8446,.T.);
#8444 = VERTEX_POINT('',#8445);
#8445 = CARTESIAN_POINT('',(0.7,-0.6,4.5E-02));
#8446 = LINE('',#8447,#8448);
#8447 = CARTESIAN_POINT('',(-0.955,-0.6,4.5E-02));
#8448 = VECTOR('',#8449,1.);
#8449 = DIRECTION('',(1.,0.,0.));
#8450 = ORIENTED_EDGE('',*,*,#8451,.F.);
#8451 = EDGE_CURVE('',#8243,#8444,#8452,.T.);
#8452 = LINE('',#8453,#8454);
#8453 = CARTESIAN_POINT('',(-0.955,-0.6,4.5E-02));
#8454 = VECTOR('',#8455,1.);
#8455 = DIRECTION('',(1.,0.,0.));
#8456 = PLANE('',#8457);
#8457 = AXIS2_PLACEMENT_3D('',#8458,#8459,#8460);
#8458 = CARTESIAN_POINT('',(-0.955,-0.6,4.5E-02));
#8459 = DIRECTION('',(0.,1.,0.));
#8460 = DIRECTION('',(0.,-0.,1.));
#8461 = ADVANCED_FACE('',(#8462),#8473,.T.);
#8462 = FACE_BOUND('',#8463,.T.);
#8463 = EDGE_LOOP('',(#8464,#8465,#8466,#8467));
#8464 = ORIENTED_EDGE('',*,*,#8326,.F.);
#8465 = ORIENTED_EDGE('',*,*,#8291,.F.);
#8466 = ORIENTED_EDGE('',*,*,#8209,.T.);
#8467 = ORIENTED_EDGE('',*,*,#8468,.T.);
#8468 = EDGE_CURVE('',#8210,#8327,#8469,.T.);
#8469 = LINE('',#8470,#8471);
#8470 = CARTESIAN_POINT('',(-0.745,-0.6,0.45));
#8471 = VECTOR('',#8472,1.);
#8472 = DIRECTION('',(0.,1.,0.));
#8473 = PLANE('',#8474);
#8474 = AXIS2_PLACEMENT_3D('',#8475,#8476,#8477);
#8475 = CARTESIAN_POINT('',(-1.,-0.6,0.45));
#8476 = DIRECTION('',(0.,0.,1.));
#8477 = DIRECTION('',(1.,0.,-0.));
#8478 = ADVANCED_FACE('',(#8479),#8490,.T.);
#8479 = FACE_BOUND('',#8480,.T.);
#8480 = EDGE_LOOP('',(#8481,#8487,#8488,#8489));
#8481 = ORIENTED_EDGE('',*,*,#8482,.T.);
#8482 = EDGE_CURVE('',#8218,#8335,#8483,.T.);
#8483 = LINE('',#8484,#8485);
#8484 = CARTESIAN_POINT('',(-0.7,-0.6,0.405));
#8485 = VECTOR('',#8486,1.);
#8486 = DIRECTION('',(0.,1.,0.));
#8487 = ORIENTED_EDGE('',*,*,#8334,.T.);
#8488 = ORIENTED_EDGE('',*,*,#8468,.F.);
#8489 = ORIENTED_EDGE('',*,*,#8217,.F.);
#8490 = CYLINDRICAL_SURFACE('',#8491,4.5E-02);
#8491 = AXIS2_PLACEMENT_3D('',#8492,#8493,#8494);
#8492 = CARTESIAN_POINT('',(-0.745,-0.6,0.405));
#8493 = DIRECTION('',(0.,1.,0.));
#8494 = DIRECTION('',(1.,0.,0.));
#8495 = ADVANCED_FACE('',(#8496),#8539,.T.);
#8496 = FACE_BOUND('',#8497,.T.);
#8497 = EDGE_LOOP('',(#8498,#8499,#8500,#8501,#8509,#8517,#8525,#8533));
#8498 = ORIENTED_EDGE('',*,*,#8359,.F.);
#8499 = ORIENTED_EDGE('',*,*,#8351,.T.);
#8500 = ORIENTED_EDGE('',*,*,#8343,.T.);
#8501 = ORIENTED_EDGE('',*,*,#8502,.T.);
#8502 = EDGE_CURVE('',#8335,#8503,#8505,.T.);
#8503 = VERTEX_POINT('',#8504);
#8504 = CARTESIAN_POINT('',(0.7,0.6,0.405));
#8505 = LINE('',#8506,#8507);
#8506 = CARTESIAN_POINT('',(-0.7,0.6,0.405));
#8507 = VECTOR('',#8508,1.);
#8508 = DIRECTION('',(1.,0.,0.));
#8509 = ORIENTED_EDGE('',*,*,#8510,.T.);
#8510 = EDGE_CURVE('',#8503,#8511,#8513,.T.);
#8511 = VERTEX_POINT('',#8512);
#8512 = CARTESIAN_POINT('',(0.955,0.6,0.405));
#8513 = LINE('',#8514,#8515);
#8514 = CARTESIAN_POINT('',(-0.955,0.6,0.405));
#8515 = VECTOR('',#8516,1.);
#8516 = DIRECTION('',(1.,0.,0.));
#8517 = ORIENTED_EDGE('',*,*,#8518,.F.);
#8518 = EDGE_CURVE('',#8519,#8511,#8521,.T.);
#8519 = VERTEX_POINT('',#8520);
#8520 = CARTESIAN_POINT('',(0.955,0.6,4.5E-02));
#8521 = LINE('',#8522,#8523);
#8522 = CARTESIAN_POINT('',(0.955,0.6,4.5E-02));
#8523 = VECTOR('',#8524,1.);
#8524 = DIRECTION('',(0.,0.,1.));
#8525 = ORIENTED_EDGE('',*,*,#8526,.F.);
#8526 = EDGE_CURVE('',#8527,#8519,#8529,.T.);
#8527 = VERTEX_POINT('',#8528);
#8528 = CARTESIAN_POINT('',(0.7,0.6,4.5E-02));
#8529 = LINE('',#8530,#8531);
#8530 = CARTESIAN_POINT('',(-0.955,0.6,4.5E-02));
#8531 = VECTOR('',#8532,1.);
#8532 = DIRECTION('',(1.,0.,0.));
#8533 = ORIENTED_EDGE('',*,*,#8534,.F.);
#8534 = EDGE_CURVE('',#8360,#8527,#8535,.T.);
#8535 = LINE('',#8536,#8537);
#8536 = CARTESIAN_POINT('',(-0.955,0.6,4.5E-02));
#8537 = VECTOR('',#8538,1.);
#8538 = DIRECTION('',(1.,0.,0.));
#8539 = PLANE('',#8540);
#8540 = AXIS2_PLACEMENT_3D('',#8541,#8542,#8543);
#8541 = CARTESIAN_POINT('',(-0.955,0.6,4.5E-02));
#8542 = DIRECTION('',(0.,1.,0.));
#8543 = DIRECTION('',(0.,-0.,1.));
#8544 = ADVANCED_FACE('',(#8545),#8556,.F.);
#8545 = FACE_BOUND('',#8546,.F.);
#8546 = EDGE_LOOP('',(#8547,#8548,#8549,#8555));
#8547 = ORIENTED_EDGE('',*,*,#8402,.F.);
#8548 = ORIENTED_EDGE('',*,*,#8451,.T.);
#8549 = ORIENTED_EDGE('',*,*,#8550,.T.);
#8550 = EDGE_CURVE('',#8444,#8527,#8551,.T.);
#8551 = LINE('',#8552,#8553);
#8552 = CARTESIAN_POINT('',(0.7,-0.6,4.5E-02));
#8553 = VECTOR('',#8554,1.);
#8554 = DIRECTION('',(0.,1.,0.));
#8555 = ORIENTED_EDGE('',*,*,#8534,.F.);
#8556 = PLANE('',#8557);
#8557 = AXIS2_PLACEMENT_3D('',#8558,#8559,#8560);
#8558 = CARTESIAN_POINT('',(-0.955,-0.6,4.5E-02));
#8559 = DIRECTION('',(0.,0.,1.));
#8560 = DIRECTION('',(1.,0.,-0.));
#8561 = ADVANCED_FACE('',(#8562),#8625,.F.);
#8562 = FACE_BOUND('',#8563,.F.);
#8563 = EDGE_LOOP('',(#8564,#8574,#8581,#8582,#8583,#8584,#8593,#8601,
    #8610,#8618));
#8564 = ORIENTED_EDGE('',*,*,#8565,.F.);
#8565 = EDGE_CURVE('',#8566,#8568,#8570,.T.);
#8566 = VERTEX_POINT('',#8567);
#8567 = CARTESIAN_POINT('',(0.745,-0.6,-2.775557561563E-17));
#8568 = VERTEX_POINT('',#8569);
#8569 = CARTESIAN_POINT('',(0.955,-0.6,-2.775557561563E-17));
#8570 = LINE('',#8571,#8572);
#8571 = CARTESIAN_POINT('',(0.7,-0.6,0.));
#8572 = VECTOR('',#8573,1.);
#8573 = DIRECTION('',(1.,0.,0.));
#8574 = ORIENTED_EDGE('',*,*,#8575,.F.);
#8575 = EDGE_CURVE('',#8444,#8566,#8576,.T.);
#8576 = CIRCLE('',#8577,4.5E-02);
#8577 = AXIS2_PLACEMENT_3D('',#8578,#8579,#8580);
#8578 = CARTESIAN_POINT('',(0.745,-0.6,4.5E-02));
#8579 = DIRECTION('',(0.,-1.,0.));
#8580 = DIRECTION('',(0.,0.,1.));
#8581 = ORIENTED_EDGE('',*,*,#8443,.T.);
#8582 = ORIENTED_EDGE('',*,*,#8435,.T.);
#8583 = ORIENTED_EDGE('',*,*,#8427,.F.);
#8584 = ORIENTED_EDGE('',*,*,#8585,.T.);
#8585 = EDGE_CURVE('',#8420,#8586,#8588,.T.);
#8586 = VERTEX_POINT('',#8587);
#8587 = CARTESIAN_POINT('',(0.745,-0.6,0.45));
#8588 = CIRCLE('',#8589,4.5E-02);
#8589 = AXIS2_PLACEMENT_3D('',#8590,#8591,#8592);
#8590 = CARTESIAN_POINT('',(0.745,-0.6,0.405));
#8591 = DIRECTION('',(0.,1.,0.));
#8592 = DIRECTION('',(0.,-0.,1.));
#8593 = ORIENTED_EDGE('',*,*,#8594,.T.);
#8594 = EDGE_CURVE('',#8586,#8595,#8597,.T.);
#8595 = VERTEX_POINT('',#8596);
#8596 = CARTESIAN_POINT('',(0.955,-0.6,0.45));
#8597 = LINE('',#8598,#8599);
#8598 = CARTESIAN_POINT('',(0.7,-0.6,0.45));
#8599 = VECTOR('',#8600,1.);
#8600 = DIRECTION('',(1.,0.,0.));
#8601 = ORIENTED_EDGE('',*,*,#8602,.F.);
#8602 = EDGE_CURVE('',#8603,#8595,#8605,.T.);
#8603 = VERTEX_POINT('',#8604);
#8604 = CARTESIAN_POINT('',(1.,-0.6,0.405));
#8605 = CIRCLE('',#8606,4.5E-02);
#8606 = AXIS2_PLACEMENT_3D('',#8607,#8608,#8609);
#8607 = CARTESIAN_POINT('',(0.955,-0.6,0.405));
#8608 = DIRECTION('',(0.,-1.,0.));
#8609 = DIRECTION('',(0.,0.,1.));
#8610 = ORIENTED_EDGE('',*,*,#8611,.F.);
#8611 = EDGE_CURVE('',#8612,#8603,#8614,.T.);
#8612 = VERTEX_POINT('',#8613);
#8613 = CARTESIAN_POINT('',(1.,-0.6,4.5E-02));
#8614 = LINE('',#8615,#8616);
#8615 = CARTESIAN_POINT('',(1.,-0.6,0.));
#8616 = VECTOR('',#8617,1.);
#8617 = DIRECTION('',(0.,0.,1.));
#8618 = ORIENTED_EDGE('',*,*,#8619,.T.);
#8619 = EDGE_CURVE('',#8612,#8568,#8620,.T.);
#8620 = CIRCLE('',#8621,4.5E-02);
#8621 = AXIS2_PLACEMENT_3D('',#8622,#8623,#8624);
#8622 = CARTESIAN_POINT('',(0.955,-0.6,4.5E-02));
#8623 = DIRECTION('',(0.,1.,0.));
#8624 = DIRECTION('',(0.,-0.,1.));
#8625 = PLANE('',#8626);
#8626 = AXIS2_PLACEMENT_3D('',#8627,#8628,#8629);
#8627 = CARTESIAN_POINT('',(0.7,-0.6,0.));
#8628 = DIRECTION('',(0.,1.,0.));
#8629 = DIRECTION('',(0.,-0.,1.));
#8630 = ADVANCED_FACE('',(#8631),#8656,.F.);
#8631 = FACE_BOUND('',#8632,.F.);
#8632 = EDGE_LOOP('',(#8633,#8634,#8642,#8650));
#8633 = ORIENTED_EDGE('',*,*,#8419,.F.);
#8634 = ORIENTED_EDGE('',*,*,#8635,.T.);
#8635 = EDGE_CURVE('',#8218,#8636,#8638,.T.);
#8636 = VERTEX_POINT('',#8637);
#8637 = CARTESIAN_POINT('',(-0.7,-0.6,0.45));
#8638 = LINE('',#8639,#8640);
#8639 = CARTESIAN_POINT('',(-0.7,-0.6,0.405));
#8640 = VECTOR('',#8641,1.);
#8641 = DIRECTION('',(0.,0.,1.));
#8642 = ORIENTED_EDGE('',*,*,#8643,.T.);
#8643 = EDGE_CURVE('',#8636,#8644,#8646,.T.);
#8644 = VERTEX_POINT('',#8645);
#8645 = CARTESIAN_POINT('',(0.7,-0.6,0.45));
#8646 = LINE('',#8647,#8648);
#8647 = CARTESIAN_POINT('',(-0.7,-0.6,0.45));
#8648 = VECTOR('',#8649,1.);
#8649 = DIRECTION('',(1.,0.,0.));
#8650 = ORIENTED_EDGE('',*,*,#8651,.F.);
#8651 = EDGE_CURVE('',#8420,#8644,#8652,.T.);
#8652 = LINE('',#8653,#8654);
#8653 = CARTESIAN_POINT('',(0.7,-0.6,0.405));
#8654 = VECTOR('',#8655,1.);
#8655 = DIRECTION('',(0.,0.,1.));
#8656 = PLANE('',#8657);
#8657 = AXIS2_PLACEMENT_3D('',#8658,#8659,#8660);
#8658 = CARTESIAN_POINT('',(-0.7,-0.6,0.405));
#8659 = DIRECTION('',(0.,1.,0.));
#8660 = DIRECTION('',(0.,-0.,1.));
#8661 = ADVANCED_FACE('',(#8662),#8680,.F.);
#8662 = FACE_BOUND('',#8663,.F.);
#8663 = EDGE_LOOP('',(#8664,#8665,#8666,#8674));
#8664 = ORIENTED_EDGE('',*,*,#8635,.F.);
#8665 = ORIENTED_EDGE('',*,*,#8482,.T.);
#8666 = ORIENTED_EDGE('',*,*,#8667,.T.);
#8667 = EDGE_CURVE('',#8335,#8668,#8670,.T.);
#8668 = VERTEX_POINT('',#8669);
#8669 = CARTESIAN_POINT('',(-0.7,0.6,0.45));
#8670 = LINE('',#8671,#8672);
#8671 = CARTESIAN_POINT('',(-0.7,0.6,0.405));
#8672 = VECTOR('',#8673,1.);
#8673 = DIRECTION('',(0.,0.,1.));
#8674 = ORIENTED_EDGE('',*,*,#8675,.F.);
#8675 = EDGE_CURVE('',#8636,#8668,#8676,.T.);
#8676 = LINE('',#8677,#8678);
#8677 = CARTESIAN_POINT('',(-0.7,-0.6,0.45));
#8678 = VECTOR('',#8679,1.);
#8679 = DIRECTION('',(0.,1.,0.));
#8680 = PLANE('',#8681);
#8681 = AXIS2_PLACEMENT_3D('',#8682,#8683,#8684);
#8682 = CARTESIAN_POINT('',(-0.7,-0.6,0.405));
#8683 = DIRECTION('',(1.,0.,0.));
#8684 = DIRECTION('',(0.,0.,1.));
#8685 = ADVANCED_FACE('',(#8686),#8749,.T.);
#8686 = FACE_BOUND('',#8687,.T.);
#8687 = EDGE_LOOP('',(#8688,#8698,#8705,#8706,#8707,#8708,#8717,#8725,
    #8734,#8742));
#8688 = ORIENTED_EDGE('',*,*,#8689,.F.);
#8689 = EDGE_CURVE('',#8690,#8692,#8694,.T.);
#8690 = VERTEX_POINT('',#8691);
#8691 = CARTESIAN_POINT('',(0.745,0.6,-2.775557561563E-17));
#8692 = VERTEX_POINT('',#8693);
#8693 = CARTESIAN_POINT('',(0.955,0.6,-2.775557561563E-17));
#8694 = LINE('',#8695,#8696);
#8695 = CARTESIAN_POINT('',(0.7,0.6,0.));
#8696 = VECTOR('',#8697,1.);
#8697 = DIRECTION('',(1.,0.,0.));
#8698 = ORIENTED_EDGE('',*,*,#8699,.F.);
#8699 = EDGE_CURVE('',#8527,#8690,#8700,.T.);
#8700 = CIRCLE('',#8701,4.5E-02);
#8701 = AXIS2_PLACEMENT_3D('',#8702,#8703,#8704);
#8702 = CARTESIAN_POINT('',(0.745,0.6,4.5E-02));
#8703 = DIRECTION('',(0.,-1.,0.));
#8704 = DIRECTION('',(0.,0.,1.));
#8705 = ORIENTED_EDGE('',*,*,#8526,.T.);
#8706 = ORIENTED_EDGE('',*,*,#8518,.T.);
#8707 = ORIENTED_EDGE('',*,*,#8510,.F.);
#8708 = ORIENTED_EDGE('',*,*,#8709,.T.);
#8709 = EDGE_CURVE('',#8503,#8710,#8712,.T.);
#8710 = VERTEX_POINT('',#8711);
#8711 = CARTESIAN_POINT('',(0.745,0.6,0.45));
#8712 = CIRCLE('',#8713,4.5E-02);
#8713 = AXIS2_PLACEMENT_3D('',#8714,#8715,#8716);
#8714 = CARTESIAN_POINT('',(0.745,0.6,0.405));
#8715 = DIRECTION('',(0.,1.,0.));
#8716 = DIRECTION('',(0.,-0.,1.));
#8717 = ORIENTED_EDGE('',*,*,#8718,.T.);
#8718 = EDGE_CURVE('',#8710,#8719,#8721,.T.);
#8719 = VERTEX_POINT('',#8720);
#8720 = CARTESIAN_POINT('',(0.955,0.6,0.45));
#8721 = LINE('',#8722,#8723);
#8722 = CARTESIAN_POINT('',(0.7,0.6,0.45));
#8723 = VECTOR('',#8724,1.);
#8724 = DIRECTION('',(1.,0.,0.));
#8725 = ORIENTED_EDGE('',*,*,#8726,.F.);
#8726 = EDGE_CURVE('',#8727,#8719,#8729,.T.);
#8727 = VERTEX_POINT('',#8728);
#8728 = CARTESIAN_POINT('',(1.,0.6,0.405));
#8729 = CIRCLE('',#8730,4.5E-02);
#8730 = AXIS2_PLACEMENT_3D('',#8731,#8732,#8733);
#8731 = CARTESIAN_POINT('',(0.955,0.6,0.405));
#8732 = DIRECTION('',(0.,-1.,0.));
#8733 = DIRECTION('',(0.,0.,1.));
#8734 = ORIENTED_EDGE('',*,*,#8735,.F.);
#8735 = EDGE_CURVE('',#8736,#8727,#8738,.T.);
#8736 = VERTEX_POINT('',#8737);
#8737 = CARTESIAN_POINT('',(1.,0.6,4.5E-02));
#8738 = LINE('',#8739,#8740);
#8739 = CARTESIAN_POINT('',(1.,0.6,0.));
#8740 = VECTOR('',#8741,1.);
#8741 = DIRECTION('',(0.,0.,1.));
#8742 = ORIENTED_EDGE('',*,*,#8743,.T.);
#8743 = EDGE_CURVE('',#8736,#8692,#8744,.T.);
#8744 = CIRCLE('',#8745,4.5E-02);
#8745 = AXIS2_PLACEMENT_3D('',#8746,#8747,#8748);
#8746 = CARTESIAN_POINT('',(0.955,0.6,4.5E-02));
#8747 = DIRECTION('',(0.,1.,0.));
#8748 = DIRECTION('',(0.,-0.,1.));
#8749 = PLANE('',#8750);
#8750 = AXIS2_PLACEMENT_3D('',#8751,#8752,#8753);
#8751 = CARTESIAN_POINT('',(0.7,0.6,0.));
#8752 = DIRECTION('',(0.,1.,0.));
#8753 = DIRECTION('',(0.,-0.,1.));
#8754 = ADVANCED_FACE('',(#8755),#8773,.T.);
#8755 = FACE_BOUND('',#8756,.T.);
#8756 = EDGE_LOOP('',(#8757,#8758,#8759,#8767));
#8757 = ORIENTED_EDGE('',*,*,#8502,.F.);
#8758 = ORIENTED_EDGE('',*,*,#8667,.T.);
#8759 = ORIENTED_EDGE('',*,*,#8760,.T.);
#8760 = EDGE_CURVE('',#8668,#8761,#8763,.T.);
#8761 = VERTEX_POINT('',#8762);
#8762 = CARTESIAN_POINT('',(0.7,0.6,0.45));
#8763 = LINE('',#8764,#8765);
#8764 = CARTESIAN_POINT('',(-0.7,0.6,0.45));
#8765 = VECTOR('',#8766,1.);
#8766 = DIRECTION('',(1.,0.,0.));
#8767 = ORIENTED_EDGE('',*,*,#8768,.F.);
#8768 = EDGE_CURVE('',#8503,#8761,#8769,.T.);
#8769 = LINE('',#8770,#8771);
#8770 = CARTESIAN_POINT('',(0.7,0.6,0.405));
#8771 = VECTOR('',#8772,1.);
#8772 = DIRECTION('',(0.,0.,1.));
#8773 = PLANE('',#8774);
#8774 = AXIS2_PLACEMENT_3D('',#8775,#8776,#8777);
#8775 = CARTESIAN_POINT('',(-0.7,0.6,0.405));
#8776 = DIRECTION('',(0.,1.,0.));
#8777 = DIRECTION('',(0.,-0.,1.));
#8778 = ADVANCED_FACE('',(#8779),#8790,.T.);
#8779 = FACE_BOUND('',#8780,.T.);
#8780 = EDGE_LOOP('',(#8781,#8782,#8783,#8789));
#8781 = ORIENTED_EDGE('',*,*,#8550,.T.);
#8782 = ORIENTED_EDGE('',*,*,#8699,.T.);
#8783 = ORIENTED_EDGE('',*,*,#8784,.F.);
#8784 = EDGE_CURVE('',#8566,#8690,#8785,.T.);
#8785 = LINE('',#8786,#8787);
#8786 = CARTESIAN_POINT('',(0.745,-0.6,-2.775557561563E-17));
#8787 = VECTOR('',#8788,1.);
#8788 = DIRECTION('',(0.,1.,0.));
#8789 = ORIENTED_EDGE('',*,*,#8575,.F.);
#8790 = CYLINDRICAL_SURFACE('',#8791,4.5E-02);
#8791 = AXIS2_PLACEMENT_3D('',#8792,#8793,#8794);
#8792 = CARTESIAN_POINT('',(0.745,-0.6,4.5E-02));
#8793 = DIRECTION('',(0.,1.,0.));
#8794 = DIRECTION('',(-1.,0.,0.));
#8795 = ADVANCED_FACE('',(#8796),#8807,.F.);
#8796 = FACE_BOUND('',#8797,.F.);
#8797 = EDGE_LOOP('',(#8798,#8799,#8800,#8801));
#8798 = ORIENTED_EDGE('',*,*,#8689,.F.);
#8799 = ORIENTED_EDGE('',*,*,#8784,.F.);
#8800 = ORIENTED_EDGE('',*,*,#8565,.T.);
#8801 = ORIENTED_EDGE('',*,*,#8802,.T.);
#8802 = EDGE_CURVE('',#8568,#8692,#8803,.T.);
#8803 = LINE('',#8804,#8805);
#8804 = CARTESIAN_POINT('',(0.955,-0.6,-2.775557561563E-17));
#8805 = VECTOR('',#8806,1.);
#8806 = DIRECTION('',(0.,1.,0.));
#8807 = PLANE('',#8808);
#8808 = AXIS2_PLACEMENT_3D('',#8809,#8810,#8811);
#8809 = CARTESIAN_POINT('',(0.7,-0.6,0.));
#8810 = DIRECTION('',(0.,0.,1.));
#8811 = DIRECTION('',(1.,0.,-0.));
#8812 = ADVANCED_FACE('',(#8813),#8824,.T.);
#8813 = FACE_BOUND('',#8814,.T.);
#8814 = EDGE_LOOP('',(#8815,#8816,#8817,#8818));
#8815 = ORIENTED_EDGE('',*,*,#8619,.T.);
#8816 = ORIENTED_EDGE('',*,*,#8802,.T.);
#8817 = ORIENTED_EDGE('',*,*,#8743,.F.);
#8818 = ORIENTED_EDGE('',*,*,#8819,.F.);
#8819 = EDGE_CURVE('',#8612,#8736,#8820,.T.);
#8820 = LINE('',#8821,#8822);
#8821 = CARTESIAN_POINT('',(1.,-0.6,4.5E-02));
#8822 = VECTOR('',#8823,1.);
#8823 = DIRECTION('',(0.,1.,0.));
#8824 = CYLINDRICAL_SURFACE('',#8825,4.5E-02);
#8825 = AXIS2_PLACEMENT_3D('',#8826,#8827,#8828);
#8826 = CARTESIAN_POINT('',(0.955,-0.6,4.5E-02));
#8827 = DIRECTION('',(0.,1.,0.));
#8828 = DIRECTION('',(1.,0.,0.));
#8829 = ADVANCED_FACE('',(#8830),#8841,.T.);
#8830 = FACE_BOUND('',#8831,.T.);
#8831 = EDGE_LOOP('',(#8832,#8833,#8834,#8835));
#8832 = ORIENTED_EDGE('',*,*,#8611,.F.);
#8833 = ORIENTED_EDGE('',*,*,#8819,.T.);
#8834 = ORIENTED_EDGE('',*,*,#8735,.T.);
#8835 = ORIENTED_EDGE('',*,*,#8836,.F.);
#8836 = EDGE_CURVE('',#8603,#8727,#8837,.T.);
#8837 = LINE('',#8838,#8839);
#8838 = CARTESIAN_POINT('',(1.,-0.6,0.405));
#8839 = VECTOR('',#8840,1.);
#8840 = DIRECTION('',(0.,1.,0.));
#8841 = PLANE('',#8842);
#8842 = AXIS2_PLACEMENT_3D('',#8843,#8844,#8845);
#8843 = CARTESIAN_POINT('',(1.,-0.6,0.));
#8844 = DIRECTION('',(1.,0.,0.));
#8845 = DIRECTION('',(0.,0.,1.));
#8846 = ADVANCED_FACE('',(#8847),#8858,.T.);
#8847 = FACE_BOUND('',#8848,.T.);
#8848 = EDGE_LOOP('',(#8849,#8850,#8851,#8857));
#8849 = ORIENTED_EDGE('',*,*,#8836,.T.);
#8850 = ORIENTED_EDGE('',*,*,#8726,.T.);
#8851 = ORIENTED_EDGE('',*,*,#8852,.F.);
#8852 = EDGE_CURVE('',#8595,#8719,#8853,.T.);
#8853 = LINE('',#8854,#8855);
#8854 = CARTESIAN_POINT('',(0.955,-0.6,0.45));
#8855 = VECTOR('',#8856,1.);
#8856 = DIRECTION('',(0.,1.,0.));
#8857 = ORIENTED_EDGE('',*,*,#8602,.F.);
#8858 = CYLINDRICAL_SURFACE('',#8859,4.5E-02);
#8859 = AXIS2_PLACEMENT_3D('',#8860,#8861,#8862);
#8860 = CARTESIAN_POINT('',(0.955,-0.6,0.405));
#8861 = DIRECTION('',(0.,1.,0.));
#8862 = DIRECTION('',(1.,0.,0.));
#8863 = ADVANCED_FACE('',(#8864),#8875,.T.);
#8864 = FACE_BOUND('',#8865,.T.);
#8865 = EDGE_LOOP('',(#8866,#8867,#8873,#8874));
#8866 = ORIENTED_EDGE('',*,*,#8718,.F.);
#8867 = ORIENTED_EDGE('',*,*,#8868,.F.);
#8868 = EDGE_CURVE('',#8586,#8710,#8869,.T.);
#8869 = LINE('',#8870,#8871);
#8870 = CARTESIAN_POINT('',(0.745,-0.6,0.45));
#8871 = VECTOR('',#8872,1.);
#8872 = DIRECTION('',(0.,1.,0.));
#8873 = ORIENTED_EDGE('',*,*,#8594,.T.);
#8874 = ORIENTED_EDGE('',*,*,#8852,.T.);
#8875 = PLANE('',#8876);
#8876 = AXIS2_PLACEMENT_3D('',#8877,#8878,#8879);
#8877 = CARTESIAN_POINT('',(0.7,-0.6,0.45));
#8878 = DIRECTION('',(0.,0.,1.));
#8879 = DIRECTION('',(1.,0.,-0.));
#8880 = ADVANCED_FACE('',(#8881),#8892,.T.);
#8881 = FACE_BOUND('',#8882,.T.);
#8882 = EDGE_LOOP('',(#8883,#8884,#8885,#8886));
#8883 = ORIENTED_EDGE('',*,*,#8585,.T.);
#8884 = ORIENTED_EDGE('',*,*,#8868,.T.);
#8885 = ORIENTED_EDGE('',*,*,#8709,.F.);
#8886 = ORIENTED_EDGE('',*,*,#8887,.F.);
#8887 = EDGE_CURVE('',#8420,#8503,#8888,.T.);
#8888 = LINE('',#8889,#8890);
#8889 = CARTESIAN_POINT('',(0.7,-0.6,0.405));
#8890 = VECTOR('',#8891,1.);
#8891 = DIRECTION('',(0.,1.,0.));
#8892 = CYLINDRICAL_SURFACE('',#8893,4.5E-02);
#8893 = AXIS2_PLACEMENT_3D('',#8894,#8895,#8896);
#8894 = CARTESIAN_POINT('',(0.745,-0.6,0.405));
#8895 = DIRECTION('',(0.,1.,0.));
#8896 = DIRECTION('',(-1.,0.,0.));
#8897 = ADVANCED_FACE('',(#8898),#8909,.T.);
#8898 = FACE_BOUND('',#8899,.T.);
#8899 = EDGE_LOOP('',(#8900,#8901,#8902,#8903));
#8900 = ORIENTED_EDGE('',*,*,#8651,.F.);
#8901 = ORIENTED_EDGE('',*,*,#8887,.T.);
#8902 = ORIENTED_EDGE('',*,*,#8768,.T.);
#8903 = ORIENTED_EDGE('',*,*,#8904,.F.);
#8904 = EDGE_CURVE('',#8644,#8761,#8905,.T.);
#8905 = LINE('',#8906,#8907);
#8906 = CARTESIAN_POINT('',(0.7,-0.6,0.45));
#8907 = VECTOR('',#8908,1.);
#8908 = DIRECTION('',(0.,1.,0.));
#8909 = PLANE('',#8910);
#8910 = AXIS2_PLACEMENT_3D('',#8911,#8912,#8913);
#8911 = CARTESIAN_POINT('',(0.7,-0.6,0.405));
#8912 = DIRECTION('',(1.,0.,0.));
#8913 = DIRECTION('',(0.,0.,1.));
#8914 = ADVANCED_FACE('',(#8915),#8921,.T.);
#8915 = FACE_BOUND('',#8916,.T.);
#8916 = EDGE_LOOP('',(#8917,#8918,#8919,#8920));
#8917 = ORIENTED_EDGE('',*,*,#8675,.F.);
#8918 = ORIENTED_EDGE('',*,*,#8643,.T.);
#8919 = ORIENTED_EDGE('',*,*,#8904,.T.);
#8920 = ORIENTED_EDGE('',*,*,#8760,.F.);
#8921 = PLANE('',#8922);
#8922 = AXIS2_PLACEMENT_3D('',#8923,#8924,#8925);
#8923 = CARTESIAN_POINT('',(-0.7,-0.6,0.45));
#8924 = DIRECTION('',(0.,0.,1.));
#8925 = DIRECTION('',(1.,0.,-0.));
#8926 = ( GEOMETRIC_REPRESENTATION_CONTEXT(3) 
GLOBAL_UNCERTAINTY_ASSIGNED_CONTEXT((#8930)) 
GLOBAL_UNIT_ASSIGNED_CONTEXT((#8927,#8928,#8929)) REPRESENTATION_CONTEXT
('Context #1','3D Context with UNIT and UNCERTAINTY') );
#8927 = ( LENGTH_UNIT() NAMED_UNIT(*) SI_UNIT(.MILLI.,.METRE.) );
#8928 = ( NAMED_UNIT(*) PLANE_ANGLE_UNIT() SI_UNIT($,.RADIAN.) );
#8929 = ( NAMED_UNIT(*) SI_UNIT($,.STERADIAN.) SOLID_ANGLE_UNIT() );
#8930 = UNCERTAINTY_MEASURE_WITH_UNIT(LENGTH_MEASURE(1.E-07),#8927,
  'distance_accuracy_value','confusion accuracy');
#8931 = CONTEXT_DEPENDENT_SHAPE_REPRESENTATION(#8932,#8934);
#8932 = ( REPRESENTATION_RELATIONSHIP('','',#8135,#10) 
REPRESENTATION_RELATIONSHIP_WITH_TRANSFORMATION(#8933) 
SHAPE_REPRESENTATION_RELATIONSHIP() );
#8933 = ITEM_DEFINED_TRANSFORMATION('','',#11,#35);
#8934 = PRODUCT_DEFINITION_SHAPE('Placement','Placement of an item',
  #8935);
#8935 = NEXT_ASSEMBLY_USAGE_OCCURRENCE('6','R1','',#5,#8130,$);
#8936 = PRODUCT_RELATED_PRODUCT_CATEGORY('part',$,(#8132));
#8937 = CONTEXT_DEPENDENT_SHAPE_REPRESENTATION(#8938,#8940);
#8938 = ( REPRESENTATION_RELATIONSHIP('','',#8135,#10) 
REPRESENTATION_RELATIONSHIP_WITH_TRANSFORMATION(#8939) 
SHAPE_REPRESENTATION_RELATIONSHIP() );
#8939 = ITEM_DEFINED_TRANSFORMATION('','',#11,#39);
#8940 = PRODUCT_DEFINITION_SHAPE('Placement','Placement of an item',
  #8941);
#8941 = NEXT_ASSEMBLY_USAGE_OCCURRENCE('7','R3','',#5,#8130,$);
#8942 = CONTEXT_DEPENDENT_SHAPE_REPRESENTATION(#8943,#8945);
#8943 = ( REPRESENTATION_RELATIONSHIP('','',#7252,#10) 
REPRESENTATION_RELATIONSHIP_WITH_TRANSFORMATION(#8944) 
SHAPE_REPRESENTATION_RELATIONSHIP() );
#8944 = ITEM_DEFINED_TRANSFORMATION('','',#11,#43);
#8945 = PRODUCT_DEFINITION_SHAPE('Placement','Placement of an item',
  #8946);
#8946 = NEXT_ASSEMBLY_USAGE_OCCURRENCE('8','C7','',#5,#7247,$);
#8947 = CONTEXT_DEPENDENT_SHAPE_REPRESENTATION(#8948,#8950);
#8948 = ( REPRESENTATION_RELATIONSHIP('','',#7252,#10) 
REPRESENTATION_RELATIONSHIP_WITH_TRANSFORMATION(#8949) 
SHAPE_REPRESENTATION_RELATIONSHIP() );
#8949 = ITEM_DEFINED_TRANSFORMATION('','',#11,#47);
#8950 = PRODUCT_DEFINITION_SHAPE('Placement','Placement of an item',
  #8951);
#8951 = NEXT_ASSEMBLY_USAGE_OCCURRENCE('9','C3','',#5,#7247,$);
#8952 = CONTEXT_DEPENDENT_SHAPE_REPRESENTATION(#8953,#8955);
#8953 = ( REPRESENTATION_RELATIONSHIP('','',#8135,#10) 
REPRESENTATION_RELATIONSHIP_WITH_TRANSFORMATION(#8954) 
SHAPE_REPRESENTATION_RELATIONSHIP() );
#8954 = ITEM_DEFINED_TRANSFORMATION('','',#11,#51);
#8955 = PRODUCT_DEFINITION_SHAPE('Placement','Placement of an item',
  #8956);
#8956 = NEXT_ASSEMBLY_USAGE_OCCURRENCE('10','R5','',#5,#8130,$);
#8957 = CONTEXT_DEPENDENT_SHAPE_REPRESENTATION(#8958,#8960);
#8958 = ( REPRESENTATION_RELATIONSHIP('','',#7252,#10) 
REPRESENTATION_RELATIONSHIP_WITH_TRANSFORMATION(#8959) 
SHAPE_REPRESENTATION_RELATIONSHIP() );
#8959 = ITEM_DEFINED_TRANSFORMATION('','',#11,#55);
#8960 = PRODUCT_DEFINITION_SHAPE('Placement','Placement of an item',
  #8961);
#8961 = NEXT_ASSEMBLY_USAGE_OCCURRENCE('11','C5','',#5,#7247,$);
#8962 = CONTEXT_DEPENDENT_SHAPE_REPRESENTATION(#8963,#8965);
#8963 = ( REPRESENTATION_RELATIONSHIP('','',#7252,#10) 
REPRESENTATION_RELATIONSHIP_WITH_TRANSFORMATION(#8964) 
SHAPE_REPRESENTATION_RELATIONSHIP() );
#8964 = ITEM_DEFINED_TRANSFORMATION('','',#11,#59);
#8965 = PRODUCT_DEFINITION_SHAPE('Placement','Placement of an item',
  #8966);
#8966 = NEXT_ASSEMBLY_USAGE_OCCURRENCE('12','C2','',#5,#7247,$);
#8967 = SHAPE_DEFINITION_REPRESENTATION(#8968,#8974);
#8968 = PRODUCT_DEFINITION_SHAPE('','',#8969);
#8969 = PRODUCT_DEFINITION('design','',#8970,#8973);
#8970 = PRODUCT_DEFINITION_FORMATION('','',#8971);
#8971 = PRODUCT('D_SOD-123F','D_SOD-123F','',(#8972));
#8972 = PRODUCT_CONTEXT('',#2,'mechanical');
#8973 = PRODUCT_DEFINITION_CONTEXT('part definition',#2,'design');
#8974 = ADVANCED_BREP_SHAPE_REPRESENTATION('',(#11,#8975),#9687);
#8975 = MANIFOLD_SOLID_BREP('',#8976);
#8976 = CLOSED_SHELL('',(#8977,#9017,#9050,#9074,#9100,#9117,#9147,#9185
    ,#9208,#9257,#9280,#9303,#9361,#9384,#9400,#9426,#9457,#9483,#9502,
    #9533,#9557,#9581,#9598,#9622,#9646,#9663,#9675));
#8977 = ADVANCED_FACE('',(#8978),#9012,.T.);
#8978 = FACE_BOUND('',#8979,.T.);
#8979 = EDGE_LOOP('',(#8980,#8990,#8998,#9006));
#8980 = ORIENTED_EDGE('',*,*,#8981,.F.);
#8981 = EDGE_CURVE('',#8982,#8984,#8986,.T.);
#8982 = VERTEX_POINT('',#8983);
#8983 = CARTESIAN_POINT('',(1.75,-0.325,0.));
#8984 = VERTEX_POINT('',#8985);
#8985 = CARTESIAN_POINT('',(1.75,-0.325,0.2));
#8986 = LINE('',#8987,#8988);
#8987 = CARTESIAN_POINT('',(1.75,-0.325,0.));
#8988 = VECTOR('',#8989,1.);
#8989 = DIRECTION('',(0.,0.,1.));
#8990 = ORIENTED_EDGE('',*,*,#8991,.T.);
#8991 = EDGE_CURVE('',#8982,#8992,#8994,.T.);
#8992 = VERTEX_POINT('',#8993);
#8993 = CARTESIAN_POINT('',(1.75,0.325,0.));
#8994 = LINE('',#8995,#8996);
#8995 = CARTESIAN_POINT('',(1.75,-0.325,0.));
#8996 = VECTOR('',#8997,1.);
#8997 = DIRECTION('',(3.330669073875E-16,1.,0.));
#8998 = ORIENTED_EDGE('',*,*,#8999,.T.);
#8999 = EDGE_CURVE('',#8992,#9000,#9002,.T.);
#9000 = VERTEX_POINT('',#9001);
#9001 = CARTESIAN_POINT('',(1.75,0.325,0.2));
#9002 = LINE('',#9003,#9004);
#9003 = CARTESIAN_POINT('',(1.75,0.325,0.));
#9004 = VECTOR('',#9005,1.);
#9005 = DIRECTION('',(0.,0.,1.));
#9006 = ORIENTED_EDGE('',*,*,#9007,.F.);
#9007 = EDGE_CURVE('',#8984,#9000,#9008,.T.);
#9008 = LINE('',#9009,#9010);
#9009 = CARTESIAN_POINT('',(1.75,-0.325,0.2));
#9010 = VECTOR('',#9011,1.);
#9011 = DIRECTION('',(3.330669073875E-16,1.,0.));
#9012 = PLANE('',#9013);
#9013 = AXIS2_PLACEMENT_3D('',#9014,#9015,#9016);
#9014 = CARTESIAN_POINT('',(1.75,-0.325,0.));
#9015 = DIRECTION('',(1.,-3.330669073875E-16,0.));
#9016 = DIRECTION('',(0.,0.,1.));
#9017 = ADVANCED_FACE('',(#9018),#9045,.F.);
#9018 = FACE_BOUND('',#9019,.F.);
#9019 = EDGE_LOOP('',(#9020,#9028,#9038,#9044));
#9020 = ORIENTED_EDGE('',*,*,#9021,.F.);
#9021 = EDGE_CURVE('',#9022,#8982,#9024,.T.);
#9022 = VERTEX_POINT('',#9023);
#9023 = CARTESIAN_POINT('',(1.286014637611,-0.325,0.));
#9024 = LINE('',#9025,#9026);
#9025 = CARTESIAN_POINT('',(1.286014637611,-0.325,0.));
#9026 = VECTOR('',#9027,1.);
#9027 = DIRECTION('',(1.,-3.330669073875E-16,0.));
#9028 = ORIENTED_EDGE('',*,*,#9029,.T.);
#9029 = EDGE_CURVE('',#9022,#9030,#9032,.T.);
#9030 = VERTEX_POINT('',#9031);
#9031 = CARTESIAN_POINT('',(1.3,-0.325,0.2));
#9032 = B_SPLINE_CURVE_WITH_KNOTS('',4,(#9033,#9034,#9035,#9036,#9037),
  .UNSPECIFIED.,.F.,.F.,(5,5),(0.,1.),.PIECEWISE_BEZIER_KNOTS.);
#9033 = CARTESIAN_POINT('',(1.286014637611,-0.325,0.));
#9034 = CARTESIAN_POINT('',(1.289510976465,-0.325,4.999997507219E-02));
#9035 = CARTESIAN_POINT('',(1.293007316516,-0.325,9.999996725694E-02));
#9036 = CARTESIAN_POINT('',(1.29650365771,-0.325,0.149999975794));
#9037 = CARTESIAN_POINT('',(1.3,-0.325,0.2));
#9038 = ORIENTED_EDGE('',*,*,#9039,.T.);
#9039 = EDGE_CURVE('',#9030,#8984,#9040,.T.);
#9040 = LINE('',#9041,#9042);
#9041 = CARTESIAN_POINT('',(1.286014637611,-0.325,0.2));
#9042 = VECTOR('',#9043,1.);
#9043 = DIRECTION('',(1.,-3.330669073875E-16,0.));
#9044 = ORIENTED_EDGE('',*,*,#8981,.F.);
#9045 = PLANE('',#9046);
#9046 = AXIS2_PLACEMENT_3D('',#9047,#9048,#9049);
#9047 = CARTESIAN_POINT('',(1.286014637611,-0.325,0.));
#9048 = DIRECTION('',(3.330669073875E-16,1.,0.));
#9049 = DIRECTION('',(0.,-0.,1.));
#9050 = ADVANCED_FACE('',(#9051),#9069,.T.);
#9051 = FACE_BOUND('',#9052,.T.);
#9052 = EDGE_LOOP('',(#9053,#9061,#9062,#9063));
#9053 = ORIENTED_EDGE('',*,*,#9054,.F.);
#9054 = EDGE_CURVE('',#9030,#9055,#9057,.T.);
#9055 = VERTEX_POINT('',#9056);
#9056 = CARTESIAN_POINT('',(1.3,0.325,0.2));
#9057 = LINE('',#9058,#9059);
#9058 = CARTESIAN_POINT('',(1.3,-0.8,0.2));
#9059 = VECTOR('',#9060,1.);
#9060 = DIRECTION('',(0.,1.,0.));
#9061 = ORIENTED_EDGE('',*,*,#9039,.T.);
#9062 = ORIENTED_EDGE('',*,*,#9007,.T.);
#9063 = ORIENTED_EDGE('',*,*,#9064,.F.);
#9064 = EDGE_CURVE('',#9055,#9000,#9065,.T.);
#9065 = LINE('',#9066,#9067);
#9066 = CARTESIAN_POINT('',(1.286014637611,0.325,0.2));
#9067 = VECTOR('',#9068,1.);
#9068 = DIRECTION('',(1.,-3.330669073875E-16,0.));
#9069 = PLANE('',#9070);
#9070 = AXIS2_PLACEMENT_3D('',#9071,#9072,#9073);
#9071 = CARTESIAN_POINT('',(1.286014637611,-0.325,0.2));
#9072 = DIRECTION('',(0.,0.,1.));
#9073 = DIRECTION('',(1.,-3.330669073875E-16,0.));
#9074 = ADVANCED_FACE('',(#9075),#9095,.T.);
#9075 = FACE_BOUND('',#9076,.T.);
#9076 = EDGE_LOOP('',(#9077,#9085,#9093,#9094));
#9077 = ORIENTED_EDGE('',*,*,#9078,.F.);
#9078 = EDGE_CURVE('',#9079,#8992,#9081,.T.);
#9079 = VERTEX_POINT('',#9080);
#9080 = CARTESIAN_POINT('',(1.286014637611,0.325,0.));
#9081 = LINE('',#9082,#9083);
#9082 = CARTESIAN_POINT('',(1.286014637611,0.325,0.));
#9083 = VECTOR('',#9084,1.);
#9084 = DIRECTION('',(1.,-3.330669073875E-16,0.));
#9085 = ORIENTED_EDGE('',*,*,#9086,.T.);
#9086 = EDGE_CURVE('',#9079,#9055,#9087,.T.);
#9087 = B_SPLINE_CURVE_WITH_KNOTS('',4,(#9088,#9089,#9090,#9091,#9092),
  .UNSPECIFIED.,.F.,.F.,(5,5),(0.,1.),.PIECEWISE_BEZIER_KNOTS.);
#9088 = CARTESIAN_POINT('',(1.286014637611,0.325,0.));
#9089 = CARTESIAN_POINT('',(1.289510976465,0.325,4.999997507219E-02));
#9090 = CARTESIAN_POINT('',(1.293007316516,0.325,9.999996725694E-02));
#9091 = CARTESIAN_POINT('',(1.29650365771,0.325,0.149999975794));
#9092 = CARTESIAN_POINT('',(1.3,0.325,0.2));
#9093 = ORIENTED_EDGE('',*,*,#9064,.T.);
#9094 = ORIENTED_EDGE('',*,*,#8999,.F.);
#9095 = PLANE('',#9096);
#9096 = AXIS2_PLACEMENT_3D('',#9097,#9098,#9099);
#9097 = CARTESIAN_POINT('',(1.286014637611,0.325,0.));
#9098 = DIRECTION('',(3.330669073875E-16,1.,0.));
#9099 = DIRECTION('',(0.,-0.,1.));
#9100 = ADVANCED_FACE('',(#9101),#9112,.F.);
#9101 = FACE_BOUND('',#9102,.F.);
#9102 = EDGE_LOOP('',(#9103,#9109,#9110,#9111));
#9103 = ORIENTED_EDGE('',*,*,#9104,.F.);
#9104 = EDGE_CURVE('',#9022,#9079,#9105,.T.);
#9105 = LINE('',#9106,#9107);
#9106 = CARTESIAN_POINT('',(1.286014637611,-0.325,0.));
#9107 = VECTOR('',#9108,1.);
#9108 = DIRECTION('',(3.330669073875E-16,1.,0.));
#9109 = ORIENTED_EDGE('',*,*,#9021,.T.);
#9110 = ORIENTED_EDGE('',*,*,#8991,.T.);
#9111 = ORIENTED_EDGE('',*,*,#9078,.F.);
#9112 = PLANE('',#9113);
#9113 = AXIS2_PLACEMENT_3D('',#9114,#9115,#9116);
#9114 = CARTESIAN_POINT('',(1.286014637611,-0.325,0.));
#9115 = DIRECTION('',(0.,0.,1.));
#9116 = DIRECTION('',(1.,-3.330669073875E-16,0.));
#9117 = ADVANCED_FACE('',(#9118),#9142,.T.);
#9118 = FACE_BOUND('',#9119,.T.);
#9119 = EDGE_LOOP('',(#9120,#9129,#9135,#9136));
#9120 = ORIENTED_EDGE('',*,*,#9121,.F.);
#9121 = EDGE_CURVE('',#9122,#9124,#9126,.T.);
#9122 = VERTEX_POINT('',#9123);
#9123 = CARTESIAN_POINT('',(1.286014637611,-0.786014637611,0.));
#9124 = VERTEX_POINT('',#9125);
#9125 = CARTESIAN_POINT('',(1.3,-0.8,0.2));
#9126 = B_SPLINE_CURVE_WITH_KNOTS('',1,(#9127,#9128),.UNSPECIFIED.,.F.,
  .F.,(2,2),(0.,1.),.PIECEWISE_BEZIER_KNOTS.);
#9127 = CARTESIAN_POINT('',(1.286014637611,-0.786014637611,0.));
#9128 = CARTESIAN_POINT('',(1.3,-0.8,0.2));
#9129 = ORIENTED_EDGE('',*,*,#9130,.T.);
#9130 = EDGE_CURVE('',#9122,#9022,#9131,.T.);
#9131 = LINE('',#9132,#9133);
#9132 = CARTESIAN_POINT('',(1.286014637611,-0.786014637611,0.));
#9133 = VECTOR('',#9134,1.);
#9134 = DIRECTION('',(0.,1.,0.));
#9135 = ORIENTED_EDGE('',*,*,#9029,.T.);
#9136 = ORIENTED_EDGE('',*,*,#9137,.F.);
#9137 = EDGE_CURVE('',#9124,#9030,#9138,.T.);
#9138 = LINE('',#9139,#9140);
#9139 = CARTESIAN_POINT('',(1.3,-0.8,0.2));
#9140 = VECTOR('',#9141,1.);
#9141 = DIRECTION('',(0.,1.,0.));
#9142 = B_SPLINE_SURFACE_WITH_KNOTS('',1,1,(
    (#9143,#9144)
    ,(#9145,#9146
    )),.UNSPECIFIED.,.F.,.F.,.F.,(2,2),(2,2),(0.,1.6),(0.,1.),
  .PIECEWISE_BEZIER_KNOTS.);
#9143 = CARTESIAN_POINT('',(1.286014637611,-0.786014637611,0.));
#9144 = CARTESIAN_POINT('',(1.3,-0.8,0.2));
#9145 = CARTESIAN_POINT('',(1.286014637611,0.786014637611,0.));
#9146 = CARTESIAN_POINT('',(1.3,0.8,0.2));
#9147 = ADVANCED_FACE('',(#9148),#9180,.T.);
#9148 = FACE_BOUND('',#9149,.T.);
#9149 = EDGE_LOOP('',(#9150,#9151,#9152,#9160,#9167,#9175));
#9150 = ORIENTED_EDGE('',*,*,#9137,.T.);
#9151 = ORIENTED_EDGE('',*,*,#9054,.T.);
#9152 = ORIENTED_EDGE('',*,*,#9153,.T.);
#9153 = EDGE_CURVE('',#9055,#9154,#9156,.T.);
#9154 = VERTEX_POINT('',#9155);
#9155 = CARTESIAN_POINT('',(1.3,0.8,0.2));
#9156 = LINE('',#9157,#9158);
#9157 = CARTESIAN_POINT('',(1.3,-0.8,0.2));
#9158 = VECTOR('',#9159,1.);
#9159 = DIRECTION('',(0.,1.,0.));
#9160 = ORIENTED_EDGE('',*,*,#9161,.T.);
#9161 = EDGE_CURVE('',#9154,#9162,#9164,.T.);
#9162 = VERTEX_POINT('',#9163);
#9163 = CARTESIAN_POINT('',(1.237065869251,0.737065869251,1.1));
#9164 = B_SPLINE_CURVE_WITH_KNOTS('',1,(#9165,#9166),.UNSPECIFIED.,.F.,
  .F.,(2,2),(0.,1.),.PIECEWISE_BEZIER_KNOTS.);
#9165 = CARTESIAN_POINT('',(1.3,0.8,0.2));
#9166 = CARTESIAN_POINT('',(1.237065869251,0.737065869251,1.1));
#9167 = ORIENTED_EDGE('',*,*,#9168,.F.);
#9168 = EDGE_CURVE('',#9169,#9162,#9171,.T.);
#9169 = VERTEX_POINT('',#9170);
#9170 = CARTESIAN_POINT('',(1.237065869251,-0.737065869251,1.1));
#9171 = LINE('',#9172,#9173);
#9172 = CARTESIAN_POINT('',(1.237065869251,-0.737065869251,1.1));
#9173 = VECTOR('',#9174,1.);
#9174 = DIRECTION('',(0.,1.,0.));
#9175 = ORIENTED_EDGE('',*,*,#9176,.F.);
#9176 = EDGE_CURVE('',#9124,#9169,#9177,.T.);
#9177 = B_SPLINE_CURVE_WITH_KNOTS('',1,(#9178,#9179),.UNSPECIFIED.,.F.,
  .F.,(2,2),(0.,1.),.PIECEWISE_BEZIER_KNOTS.);
#9178 = CARTESIAN_POINT('',(1.3,-0.8,0.2));
#9179 = CARTESIAN_POINT('',(1.237065869251,-0.737065869251,1.1));
#9180 = B_SPLINE_SURFACE_WITH_KNOTS('',1,1,(
    (#9181,#9182)
    ,(#9183,#9184
    )),.UNSPECIFIED.,.F.,.F.,.F.,(2,2),(2,2),(0.,1.6),(0.,1.),
  .PIECEWISE_BEZIER_KNOTS.);
#9181 = CARTESIAN_POINT('',(1.3,-0.8,0.2));
#9182 = CARTESIAN_POINT('',(1.237065869251,-0.737065869251,1.1));
#9183 = CARTESIAN_POINT('',(1.3,0.8,0.2));
#9184 = CARTESIAN_POINT('',(1.237065869251,0.737065869251,1.1));
#9185 = ADVANCED_FACE('',(#9186),#9203,.T.);
#9186 = FACE_BOUND('',#9187,.T.);
#9187 = EDGE_LOOP('',(#9188,#9189,#9197,#9202));
#9188 = ORIENTED_EDGE('',*,*,#9086,.F.);
#9189 = ORIENTED_EDGE('',*,*,#9190,.T.);
#9190 = EDGE_CURVE('',#9079,#9191,#9193,.T.);
#9191 = VERTEX_POINT('',#9192);
#9192 = CARTESIAN_POINT('',(1.286014637611,0.786014637611,0.));
#9193 = LINE('',#9194,#9195);
#9194 = CARTESIAN_POINT('',(1.286014637611,-0.786014637611,0.));
#9195 = VECTOR('',#9196,1.);
#9196 = DIRECTION('',(0.,1.,0.));
#9197 = ORIENTED_EDGE('',*,*,#9198,.T.);
#9198 = EDGE_CURVE('',#9191,#9154,#9199,.T.);
#9199 = B_SPLINE_CURVE_WITH_KNOTS('',1,(#9200,#9201),.UNSPECIFIED.,.F.,
  .F.,(2,2),(0.,1.),.PIECEWISE_BEZIER_KNOTS.);
#9200 = CARTESIAN_POINT('',(1.286014637611,0.786014637611,0.));
#9201 = CARTESIAN_POINT('',(1.3,0.8,0.2));
#9202 = ORIENTED_EDGE('',*,*,#9153,.F.);
#9203 = B_SPLINE_SURFACE_WITH_KNOTS('',1,1,(
    (#9204,#9205)
    ,(#9206,#9207
    )),.UNSPECIFIED.,.F.,.F.,.F.,(2,2),(2,2),(0.,1.6),(0.,1.),
  .PIECEWISE_BEZIER_KNOTS.);
#9204 = CARTESIAN_POINT('',(1.286014637611,-0.786014637611,0.));
#9205 = CARTESIAN_POINT('',(1.3,-0.8,0.2));
#9206 = CARTESIAN_POINT('',(1.286014637611,0.786014637611,0.));
#9207 = CARTESIAN_POINT('',(1.3,0.8,0.2));
#9208 = ADVANCED_FACE('',(#9209),#9252,.T.);
#9209 = FACE_BOUND('',#9210,.T.);
#9210 = EDGE_LOOP('',(#9211,#9219,#9227,#9235,#9243,#9249,#9250,#9251));
#9211 = ORIENTED_EDGE('',*,*,#9212,.F.);
#9212 = EDGE_CURVE('',#9213,#9122,#9215,.T.);
#9213 = VERTEX_POINT('',#9214);
#9214 = CARTESIAN_POINT('',(-1.286014637611,-0.786014637611,0.));
#9215 = LINE('',#9216,#9217);
#9216 = CARTESIAN_POINT('',(-1.286014637611,-0.786014637611,0.));
#9217 = VECTOR('',#9218,1.);
#9218 = DIRECTION('',(1.,0.,0.));
#9219 = ORIENTED_EDGE('',*,*,#9220,.F.);
#9220 = EDGE_CURVE('',#9221,#9213,#9223,.T.);
#9221 = VERTEX_POINT('',#9222);
#9222 = CARTESIAN_POINT('',(-1.286014637611,-0.325,0.));
#9223 = LINE('',#9224,#9225);
#9224 = CARTESIAN_POINT('',(-1.286014637611,0.786014637611,0.));
#9225 = VECTOR('',#9226,1.);
#9226 = DIRECTION('',(0.,-1.,0.));
#9227 = ORIENTED_EDGE('',*,*,#9228,.F.);
#9228 = EDGE_CURVE('',#9229,#9221,#9231,.T.);
#9229 = VERTEX_POINT('',#9230);
#9230 = CARTESIAN_POINT('',(-1.286014637611,0.325,0.));
#9231 = LINE('',#9232,#9233);
#9232 = CARTESIAN_POINT('',(-1.286014637611,0.325,0.));
#9233 = VECTOR('',#9234,1.);
#9234 = DIRECTION('',(-2.22044604925E-16,-1.,0.));
#9235 = ORIENTED_EDGE('',*,*,#9236,.F.);
#9236 = EDGE_CURVE('',#9237,#9229,#9239,.T.);
#9237 = VERTEX_POINT('',#9238);
#9238 = CARTESIAN_POINT('',(-1.286014637611,0.786014637611,0.));
#9239 = LINE('',#9240,#9241);
#9240 = CARTESIAN_POINT('',(-1.286014637611,0.786014637611,0.));
#9241 = VECTOR('',#9242,1.);
#9242 = DIRECTION('',(0.,-1.,0.));
#9243 = ORIENTED_EDGE('',*,*,#9244,.F.);
#9244 = EDGE_CURVE('',#9191,#9237,#9245,.T.);
#9245 = LINE('',#9246,#9247);
#9246 = CARTESIAN_POINT('',(1.286014637611,0.786014637611,0.));
#9247 = VECTOR('',#9248,1.);
#9248 = DIRECTION('',(-1.,0.,0.));
#9249 = ORIENTED_EDGE('',*,*,#9190,.F.);
#9250 = ORIENTED_EDGE('',*,*,#9104,.F.);
#9251 = ORIENTED_EDGE('',*,*,#9130,.F.);
#9252 = PLANE('',#9253);
#9253 = AXIS2_PLACEMENT_3D('',#9254,#9255,#9256);
#9254 = CARTESIAN_POINT('',(-1.286014637611,-0.786014637611,0.));
#9255 = DIRECTION('',(0.,0.,-1.));
#9256 = DIRECTION('',(0.85324734997,0.521506433104,0.));
#9257 = ADVANCED_FACE('',(#9258),#9275,.T.);
#9258 = FACE_BOUND('',#9259,.T.);
#9259 = EDGE_LOOP('',(#9260,#9261,#9262,#9270));
#9260 = ORIENTED_EDGE('',*,*,#9212,.T.);
#9261 = ORIENTED_EDGE('',*,*,#9121,.T.);
#9262 = ORIENTED_EDGE('',*,*,#9263,.F.);
#9263 = EDGE_CURVE('',#9264,#9124,#9266,.T.);
#9264 = VERTEX_POINT('',#9265);
#9265 = CARTESIAN_POINT('',(-1.3,-0.8,0.2));
#9266 = LINE('',#9267,#9268);
#9267 = CARTESIAN_POINT('',(-1.3,-0.8,0.2));
#9268 = VECTOR('',#9269,1.);
#9269 = DIRECTION('',(1.,0.,0.));
#9270 = ORIENTED_EDGE('',*,*,#9271,.F.);
#9271 = EDGE_CURVE('',#9213,#9264,#9272,.T.);
#9272 = B_SPLINE_CURVE_WITH_KNOTS('',1,(#9273,#9274),.UNSPECIFIED.,.F.,
  .F.,(2,2),(0.,1.),.PIECEWISE_BEZIER_KNOTS.);
#9273 = CARTESIAN_POINT('',(-1.286014637611,-0.786014637611,0.));
#9274 = CARTESIAN_POINT('',(-1.3,-0.8,0.2));
#9275 = B_SPLINE_SURFACE_WITH_KNOTS('',1,1,(
    (#9276,#9277)
    ,(#9278,#9279
    )),.UNSPECIFIED.,.F.,.F.,.F.,(2,2),(2,2),(0.,2.6),(0.,1.),
  .PIECEWISE_BEZIER_KNOTS.);
#9276 = CARTESIAN_POINT('',(-1.286014637611,-0.786014637611,0.));
#9277 = CARTESIAN_POINT('',(-1.3,-0.8,0.2));
#9278 = CARTESIAN_POINT('',(1.286014637611,-0.786014637611,0.));
#9279 = CARTESIAN_POINT('',(1.3,-0.8,0.2));
#9280 = ADVANCED_FACE('',(#9281),#9298,.T.);
#9281 = FACE_BOUND('',#9282,.T.);
#9282 = EDGE_LOOP('',(#9283,#9284,#9285,#9293));
#9283 = ORIENTED_EDGE('',*,*,#9263,.T.);
#9284 = ORIENTED_EDGE('',*,*,#9176,.T.);
#9285 = ORIENTED_EDGE('',*,*,#9286,.F.);
#9286 = EDGE_CURVE('',#9287,#9169,#9289,.T.);
#9287 = VERTEX_POINT('',#9288);
#9288 = CARTESIAN_POINT('',(-1.237065869251,-0.737065869251,1.1));
#9289 = LINE('',#9290,#9291);
#9290 = CARTESIAN_POINT('',(-1.237065869251,-0.737065869251,1.1));
#9291 = VECTOR('',#9292,1.);
#9292 = DIRECTION('',(1.,0.,0.));
#9293 = ORIENTED_EDGE('',*,*,#9294,.F.);
#9294 = EDGE_CURVE('',#9264,#9287,#9295,.T.);
#9295 = B_SPLINE_CURVE_WITH_KNOTS('',1,(#9296,#9297),.UNSPECIFIED.,.F.,
  .F.,(2,2),(0.,1.),.PIECEWISE_BEZIER_KNOTS.);
#9296 = CARTESIAN_POINT('',(-1.3,-0.8,0.2));
#9297 = CARTESIAN_POINT('',(-1.237065869251,-0.737065869251,1.1));
#9298 = B_SPLINE_SURFACE_WITH_KNOTS('',1,1,(
    (#9299,#9300)
    ,(#9301,#9302
    )),.UNSPECIFIED.,.F.,.F.,.F.,(2,2),(2,2),(0.,2.6),(0.,1.),
  .PIECEWISE_BEZIER_KNOTS.);
#9299 = CARTESIAN_POINT('',(-1.3,-0.8,0.2));
#9300 = CARTESIAN_POINT('',(-1.237065869251,-0.737065869251,1.1));
#9301 = CARTESIAN_POINT('',(1.3,-0.8,0.2));
#9302 = CARTESIAN_POINT('',(1.237065869251,-0.737065869251,1.1));
#9303 = ADVANCED_FACE('',(#9304,#9322),#9356,.F.);
#9304 = FACE_BOUND('',#9305,.F.);
#9305 = EDGE_LOOP('',(#9306,#9307,#9315,#9321));
#9306 = ORIENTED_EDGE('',*,*,#9286,.F.);
#9307 = ORIENTED_EDGE('',*,*,#9308,.F.);
#9308 = EDGE_CURVE('',#9309,#9287,#9311,.T.);
#9309 = VERTEX_POINT('',#9310);
#9310 = CARTESIAN_POINT('',(-1.237065869251,0.737065869251,1.1));
#9311 = LINE('',#9312,#9313);
#9312 = CARTESIAN_POINT('',(-1.237065869251,0.737065869251,1.1));
#9313 = VECTOR('',#9314,1.);
#9314 = DIRECTION('',(0.,-1.,0.));
#9315 = ORIENTED_EDGE('',*,*,#9316,.F.);
#9316 = EDGE_CURVE('',#9162,#9309,#9317,.T.);
#9317 = LINE('',#9318,#9319);
#9318 = CARTESIAN_POINT('',(1.237065869251,0.737065869251,1.1));
#9319 = VECTOR('',#9320,1.);
#9320 = DIRECTION('',(-1.,0.,0.));
#9321 = ORIENTED_EDGE('',*,*,#9168,.F.);
#9322 = FACE_BOUND('',#9323,.F.);
#9323 = EDGE_LOOP('',(#9324,#9334,#9342,#9350));
#9324 = ORIENTED_EDGE('',*,*,#9325,.F.);
#9325 = EDGE_CURVE('',#9326,#9328,#9330,.T.);
#9326 = VERTEX_POINT('',#9327);
#9327 = CARTESIAN_POINT('',(-0.787065869251,0.687065869251,1.1));
#9328 = VERTEX_POINT('',#9329);
#9329 = CARTESIAN_POINT('',(-0.787065869251,-0.687065869251,1.1));
#9330 = LINE('',#9331,#9332);
#9331 = CARTESIAN_POINT('',(-0.787065869251,-0.712065869251,1.1));
#9332 = VECTOR('',#9333,1.);
#9333 = DIRECTION('',(0.,-1.,0.));
#9334 = ORIENTED_EDGE('',*,*,#9335,.F.);
#9335 = EDGE_CURVE('',#9336,#9326,#9338,.T.);
#9336 = VERTEX_POINT('',#9337);
#9337 = CARTESIAN_POINT('',(-1.187065869251,0.687065869251,1.1));
#9338 = LINE('',#9339,#9340);
#9339 = CARTESIAN_POINT('',(-1.212065869251,0.687065869251,1.1));
#9340 = VECTOR('',#9341,1.);
#9341 = DIRECTION('',(1.,0.,0.));
#9342 = ORIENTED_EDGE('',*,*,#9343,.T.);
#9343 = EDGE_CURVE('',#9336,#9344,#9346,.T.);
#9344 = VERTEX_POINT('',#9345);
#9345 = CARTESIAN_POINT('',(-1.187065869251,-0.687065869251,1.1));
#9346 = LINE('',#9347,#9348);
#9347 = CARTESIAN_POINT('',(-1.187065869251,-0.712065869251,1.1));
#9348 = VECTOR('',#9349,1.);
#9349 = DIRECTION('',(0.,-1.,0.));
#9350 = ORIENTED_EDGE('',*,*,#9351,.T.);
#9351 = EDGE_CURVE('',#9344,#9328,#9352,.T.);
#9352 = LINE('',#9353,#9354);
#9353 = CARTESIAN_POINT('',(-1.212065869251,-0.687065869251,1.1));
#9354 = VECTOR('',#9355,1.);
#9355 = DIRECTION('',(1.,0.,0.));
#9356 = PLANE('',#9357);
#9357 = AXIS2_PLACEMENT_3D('',#9358,#9359,#9360);
#9358 = CARTESIAN_POINT('',(-1.237065869251,-0.737065869251,1.1));
#9359 = DIRECTION('',(0.,0.,-1.));
#9360 = DIRECTION('',(0.859073922076,0.511851537468,0.));
#9361 = ADVANCED_FACE('',(#9362),#9379,.T.);
#9362 = FACE_BOUND('',#9363,.T.);
#9363 = EDGE_LOOP('',(#9364,#9372,#9377,#9378));
#9364 = ORIENTED_EDGE('',*,*,#9365,.T.);
#9365 = EDGE_CURVE('',#9154,#9366,#9368,.T.);
#9366 = VERTEX_POINT('',#9367);
#9367 = CARTESIAN_POINT('',(-1.3,0.8,0.2));
#9368 = LINE('',#9369,#9370);
#9369 = CARTESIAN_POINT('',(1.3,0.8,0.2));
#9370 = VECTOR('',#9371,1.);
#9371 = DIRECTION('',(-1.,0.,0.));
#9372 = ORIENTED_EDGE('',*,*,#9373,.T.);
#9373 = EDGE_CURVE('',#9366,#9309,#9374,.T.);
#9374 = B_SPLINE_CURVE_WITH_KNOTS('',1,(#9375,#9376),.UNSPECIFIED.,.F.,
  .F.,(2,2),(0.,1.),.PIECEWISE_BEZIER_KNOTS.);
#9375 = CARTESIAN_POINT('',(-1.3,0.8,0.2));
#9376 = CARTESIAN_POINT('',(-1.237065869251,0.737065869251,1.1));
#9377 = ORIENTED_EDGE('',*,*,#9316,.F.);
#9378 = ORIENTED_EDGE('',*,*,#9161,.F.);
#9379 = B_SPLINE_SURFACE_WITH_KNOTS('',1,1,(
    (#9380,#9381)
    ,(#9382,#9383
    )),.UNSPECIFIED.,.F.,.F.,.F.,(2,2),(2,2),(0.,2.6),(0.,1.),
  .PIECEWISE_BEZIER_KNOTS.);
#9380 = CARTESIAN_POINT('',(1.3,0.8,0.2));
#9381 = CARTESIAN_POINT('',(1.237065869251,0.737065869251,1.1));
#9382 = CARTESIAN_POINT('',(-1.3,0.8,0.2));
#9383 = CARTESIAN_POINT('',(-1.237065869251,0.737065869251,1.1));
#9384 = ADVANCED_FACE('',(#9385),#9395,.T.);
#9385 = FACE_BOUND('',#9386,.T.);
#9386 = EDGE_LOOP('',(#9387,#9388,#9393,#9394));
#9387 = ORIENTED_EDGE('',*,*,#9244,.T.);
#9388 = ORIENTED_EDGE('',*,*,#9389,.T.);
#9389 = EDGE_CURVE('',#9237,#9366,#9390,.T.);
#9390 = B_SPLINE_CURVE_WITH_KNOTS('',1,(#9391,#9392),.UNSPECIFIED.,.F.,
  .F.,(2,2),(0.,1.),.PIECEWISE_BEZIER_KNOTS.);
#9391 = CARTESIAN_POINT('',(-1.286014637611,0.786014637611,0.));
#9392 = CARTESIAN_POINT('',(-1.3,0.8,0.2));
#9393 = ORIENTED_EDGE('',*,*,#9365,.F.);
#9394 = ORIENTED_EDGE('',*,*,#9198,.F.);
#9395 = B_SPLINE_SURFACE_WITH_KNOTS('',1,1,(
    (#9396,#9397)
    ,(#9398,#9399
    )),.UNSPECIFIED.,.F.,.F.,.F.,(2,2),(2,2),(0.,2.6),(0.,1.),
  .PIECEWISE_BEZIER_KNOTS.);
#9396 = CARTESIAN_POINT('',(1.286014637611,0.786014637611,0.));
#9397 = CARTESIAN_POINT('',(1.3,0.8,0.2));
#9398 = CARTESIAN_POINT('',(-1.286014637611,0.786014637611,0.));
#9399 = CARTESIAN_POINT('',(-1.3,0.8,0.2));
#9400 = ADVANCED_FACE('',(#9401),#9421,.T.);
#9401 = FACE_BOUND('',#9402,.T.);
#9402 = EDGE_LOOP('',(#9403,#9413,#9414,#9415));
#9403 = ORIENTED_EDGE('',*,*,#9404,.F.);
#9404 = EDGE_CURVE('',#9221,#9405,#9407,.T.);
#9405 = VERTEX_POINT('',#9406);
#9406 = CARTESIAN_POINT('',(-1.3,-0.325,0.2));
#9407 = B_SPLINE_CURVE_WITH_KNOTS('',4,(#9408,#9409,#9410,#9411,#9412),
  .UNSPECIFIED.,.F.,.F.,(5,5),(0.,1.),.PIECEWISE_BEZIER_KNOTS.);
#9408 = CARTESIAN_POINT('',(-1.286014637611,-0.325,0.));
#9409 = CARTESIAN_POINT('',(-1.289510976465,-0.325,4.999997507219E-02));
#9410 = CARTESIAN_POINT('',(-1.293007316516,-0.325,9.999996725694E-02));
#9411 = CARTESIAN_POINT('',(-1.29650365771,-0.325,0.149999975794));
#9412 = CARTESIAN_POINT('',(-1.3,-0.325,0.2));
#9413 = ORIENTED_EDGE('',*,*,#9220,.T.);
#9414 = ORIENTED_EDGE('',*,*,#9271,.T.);
#9415 = ORIENTED_EDGE('',*,*,#9416,.F.);
#9416 = EDGE_CURVE('',#9405,#9264,#9417,.T.);
#9417 = LINE('',#9418,#9419);
#9418 = CARTESIAN_POINT('',(-1.3,0.8,0.2));
#9419 = VECTOR('',#9420,1.);
#9420 = DIRECTION('',(0.,-1.,0.));
#9421 = B_SPLINE_SURFACE_WITH_KNOTS('',1,1,(
    (#9422,#9423)
    ,(#9424,#9425
    )),.UNSPECIFIED.,.F.,.F.,.F.,(2,2),(2,2),(0.,1.6),(0.,1.),
  .PIECEWISE_BEZIER_KNOTS.);
#9422 = CARTESIAN_POINT('',(-1.286014637611,0.786014637611,0.));
#9423 = CARTESIAN_POINT('',(-1.3,0.8,0.2));
#9424 = CARTESIAN_POINT('',(-1.286014637611,-0.786014637611,0.));
#9425 = CARTESIAN_POINT('',(-1.3,-0.8,0.2));
#9426 = ADVANCED_FACE('',(#9427),#9452,.F.);
#9427 = FACE_BOUND('',#9428,.F.);
#9428 = EDGE_LOOP('',(#9429,#9430,#9438,#9446));
#9429 = ORIENTED_EDGE('',*,*,#9228,.F.);
#9430 = ORIENTED_EDGE('',*,*,#9431,.T.);
#9431 = EDGE_CURVE('',#9229,#9432,#9434,.T.);
#9432 = VERTEX_POINT('',#9433);
#9433 = CARTESIAN_POINT('',(-1.75,0.325,0.));
#9434 = LINE('',#9435,#9436);
#9435 = CARTESIAN_POINT('',(-1.286014637611,0.325,0.));
#9436 = VECTOR('',#9437,1.);
#9437 = DIRECTION('',(-1.,2.22044604925E-16,0.));
#9438 = ORIENTED_EDGE('',*,*,#9439,.T.);
#9439 = EDGE_CURVE('',#9432,#9440,#9442,.T.);
#9440 = VERTEX_POINT('',#9441);
#9441 = CARTESIAN_POINT('',(-1.75,-0.325,0.));
#9442 = LINE('',#9443,#9444);
#9443 = CARTESIAN_POINT('',(-1.75,0.325,0.));
#9444 = VECTOR('',#9445,1.);
#9445 = DIRECTION('',(-2.22044604925E-16,-1.,0.));
#9446 = ORIENTED_EDGE('',*,*,#9447,.F.);
#9447 = EDGE_CURVE('',#9221,#9440,#9448,.T.);
#9448 = LINE('',#9449,#9450);
#9449 = CARTESIAN_POINT('',(-1.286014637611,-0.325,0.));
#9450 = VECTOR('',#9451,1.);
#9451 = DIRECTION('',(-1.,2.22044604925E-16,0.));
#9452 = PLANE('',#9453);
#9453 = AXIS2_PLACEMENT_3D('',#9454,#9455,#9456);
#9454 = CARTESIAN_POINT('',(-1.286014637611,0.325,0.));
#9455 = DIRECTION('',(0.,0.,1.));
#9456 = DIRECTION('',(-1.,2.22044604925E-16,0.));
#9457 = ADVANCED_FACE('',(#9458),#9478,.T.);
#9458 = FACE_BOUND('',#9459,.T.);
#9459 = EDGE_LOOP('',(#9460,#9461,#9462,#9472));
#9460 = ORIENTED_EDGE('',*,*,#9389,.F.);
#9461 = ORIENTED_EDGE('',*,*,#9236,.T.);
#9462 = ORIENTED_EDGE('',*,*,#9463,.T.);
#9463 = EDGE_CURVE('',#9229,#9464,#9466,.T.);
#9464 = VERTEX_POINT('',#9465);
#9465 = CARTESIAN_POINT('',(-1.3,0.325,0.2));
#9466 = B_SPLINE_CURVE_WITH_KNOTS('',4,(#9467,#9468,#9469,#9470,#9471),
  .UNSPECIFIED.,.F.,.F.,(5,5),(0.,1.),.PIECEWISE_BEZIER_KNOTS.);
#9467 = CARTESIAN_POINT('',(-1.286014637611,0.325,0.));
#9468 = CARTESIAN_POINT('',(-1.289510976465,0.325,4.999997507219E-02));
#9469 = CARTESIAN_POINT('',(-1.293007316516,0.325,9.999996725694E-02));
#9470 = CARTESIAN_POINT('',(-1.29650365771,0.325,0.149999975794));
#9471 = CARTESIAN_POINT('',(-1.3,0.325,0.2));
#9472 = ORIENTED_EDGE('',*,*,#9473,.F.);
#9473 = EDGE_CURVE('',#9366,#9464,#9474,.T.);
#9474 = LINE('',#9475,#9476);
#9475 = CARTESIAN_POINT('',(-1.3,0.8,0.2));
#9476 = VECTOR('',#9477,1.);
#9477 = DIRECTION('',(0.,-1.,0.));
#9478 = B_SPLINE_SURFACE_WITH_KNOTS('',1,1,(
    (#9479,#9480)
    ,(#9481,#9482
    )),.UNSPECIFIED.,.F.,.F.,.F.,(2,2),(2,2),(0.,1.6),(0.,1.),
  .PIECEWISE_BEZIER_KNOTS.);
#9479 = CARTESIAN_POINT('',(-1.286014637611,0.786014637611,0.));
#9480 = CARTESIAN_POINT('',(-1.3,0.8,0.2));
#9481 = CARTESIAN_POINT('',(-1.286014637611,-0.786014637611,0.));
#9482 = CARTESIAN_POINT('',(-1.3,-0.8,0.2));
#9483 = ADVANCED_FACE('',(#9484),#9497,.T.);
#9484 = FACE_BOUND('',#9485,.T.);
#9485 = EDGE_LOOP('',(#9486,#9487,#9493,#9494,#9495,#9496));
#9486 = ORIENTED_EDGE('',*,*,#9473,.T.);
#9487 = ORIENTED_EDGE('',*,*,#9488,.T.);
#9488 = EDGE_CURVE('',#9464,#9405,#9489,.T.);
#9489 = LINE('',#9490,#9491);
#9490 = CARTESIAN_POINT('',(-1.3,0.8,0.2));
#9491 = VECTOR('',#9492,1.);
#9492 = DIRECTION('',(0.,-1.,0.));
#9493 = ORIENTED_EDGE('',*,*,#9416,.T.);
#9494 = ORIENTED_EDGE('',*,*,#9294,.T.);
#9495 = ORIENTED_EDGE('',*,*,#9308,.F.);
#9496 = ORIENTED_EDGE('',*,*,#9373,.F.);
#9497 = B_SPLINE_SURFACE_WITH_KNOTS('',1,1,(
    (#9498,#9499)
    ,(#9500,#9501
    )),.UNSPECIFIED.,.F.,.F.,.F.,(2,2),(2,2),(0.,1.6),(0.,1.),
  .PIECEWISE_BEZIER_KNOTS.);
#9498 = CARTESIAN_POINT('',(-1.3,0.8,0.2));
#9499 = CARTESIAN_POINT('',(-1.237065869251,0.737065869251,1.1));
#9500 = CARTESIAN_POINT('',(-1.3,-0.8,0.2));
#9501 = CARTESIAN_POINT('',(-1.237065869251,-0.737065869251,1.1));
#9502 = ADVANCED_FACE('',(#9503),#9528,.F.);
#9503 = FACE_BOUND('',#9504,.F.);
#9504 = EDGE_LOOP('',(#9505,#9513,#9521,#9527));
#9505 = ORIENTED_EDGE('',*,*,#9506,.F.);
#9506 = EDGE_CURVE('',#9507,#9328,#9509,.T.);
#9507 = VERTEX_POINT('',#9508);
#9508 = CARTESIAN_POINT('',(-0.787065869251,-0.687065869251,1.09));
#9509 = LINE('',#9510,#9511);
#9510 = CARTESIAN_POINT('',(-0.787065869251,-0.687065869251,1.09));
#9511 = VECTOR('',#9512,1.);
#9512 = DIRECTION('',(0.,0.,1.));
#9513 = ORIENTED_EDGE('',*,*,#9514,.T.);
#9514 = EDGE_CURVE('',#9507,#9515,#9517,.T.);
#9515 = VERTEX_POINT('',#9516);
#9516 = CARTESIAN_POINT('',(-0.787065869251,0.687065869251,1.09));
#9517 = LINE('',#9518,#9519);
#9518 = CARTESIAN_POINT('',(-0.787065869251,-0.687065869251,1.09));
#9519 = VECTOR('',#9520,1.);
#9520 = DIRECTION('',(0.,1.,0.));
#9521 = ORIENTED_EDGE('',*,*,#9522,.T.);
#9522 = EDGE_CURVE('',#9515,#9326,#9523,.T.);
#9523 = LINE('',#9524,#9525);
#9524 = CARTESIAN_POINT('',(-0.787065869251,0.687065869251,1.09));
#9525 = VECTOR('',#9526,1.);
#9526 = DIRECTION('',(0.,0.,1.));
#9527 = ORIENTED_EDGE('',*,*,#9325,.T.);
#9528 = PLANE('',#9529);
#9529 = AXIS2_PLACEMENT_3D('',#9530,#9531,#9532);
#9530 = CARTESIAN_POINT('',(-0.787065869251,-0.687065869251,1.09));
#9531 = DIRECTION('',(1.,0.,0.));
#9532 = DIRECTION('',(0.,0.,1.));
#9533 = ADVANCED_FACE('',(#9534),#9552,.T.);
#9534 = FACE_BOUND('',#9535,.T.);
#9535 = EDGE_LOOP('',(#9536,#9537,#9545,#9551));
#9536 = ORIENTED_EDGE('',*,*,#9506,.F.);
#9537 = ORIENTED_EDGE('',*,*,#9538,.F.);
#9538 = EDGE_CURVE('',#9539,#9507,#9541,.T.);
#9539 = VERTEX_POINT('',#9540);
#9540 = CARTESIAN_POINT('',(-1.187065869251,-0.687065869251,1.09));
#9541 = LINE('',#9542,#9543);
#9542 = CARTESIAN_POINT('',(-1.187065869251,-0.687065869251,1.09));
#9543 = VECTOR('',#9544,1.);
#9544 = DIRECTION('',(1.,0.,0.));
#9545 = ORIENTED_EDGE('',*,*,#9546,.T.);
#9546 = EDGE_CURVE('',#9539,#9344,#9547,.T.);
#9547 = LINE('',#9548,#9549);
#9548 = CARTESIAN_POINT('',(-1.187065869251,-0.687065869251,1.09));
#9549 = VECTOR('',#9550,1.);
#9550 = DIRECTION('',(0.,0.,1.));
#9551 = ORIENTED_EDGE('',*,*,#9351,.T.);
#9552 = PLANE('',#9553);
#9553 = AXIS2_PLACEMENT_3D('',#9554,#9555,#9556);
#9554 = CARTESIAN_POINT('',(-1.187065869251,-0.687065869251,1.09));
#9555 = DIRECTION('',(0.,1.,0.));
#9556 = DIRECTION('',(0.,-0.,1.));
#9557 = ADVANCED_FACE('',(#9558),#9576,.T.);
#9558 = FACE_BOUND('',#9559,.T.);
#9559 = EDGE_LOOP('',(#9560,#9561,#9569,#9575));
#9560 = ORIENTED_EDGE('',*,*,#9546,.F.);
#9561 = ORIENTED_EDGE('',*,*,#9562,.T.);
#9562 = EDGE_CURVE('',#9539,#9563,#9565,.T.);
#9563 = VERTEX_POINT('',#9564);
#9564 = CARTESIAN_POINT('',(-1.187065869251,0.687065869251,1.09));
#9565 = LINE('',#9566,#9567);
#9566 = CARTESIAN_POINT('',(-1.187065869251,-0.687065869251,1.09));
#9567 = VECTOR('',#9568,1.);
#9568 = DIRECTION('',(0.,1.,0.));
#9569 = ORIENTED_EDGE('',*,*,#9570,.T.);
#9570 = EDGE_CURVE('',#9563,#9336,#9571,.T.);
#9571 = LINE('',#9572,#9573);
#9572 = CARTESIAN_POINT('',(-1.187065869251,0.687065869251,1.09));
#9573 = VECTOR('',#9574,1.);
#9574 = DIRECTION('',(0.,0.,1.));
#9575 = ORIENTED_EDGE('',*,*,#9343,.T.);
#9576 = PLANE('',#9577);
#9577 = AXIS2_PLACEMENT_3D('',#9578,#9579,#9580);
#9578 = CARTESIAN_POINT('',(-1.187065869251,-0.687065869251,1.09));
#9579 = DIRECTION('',(1.,0.,0.));
#9580 = DIRECTION('',(0.,0.,1.));
#9581 = ADVANCED_FACE('',(#9582),#9593,.F.);
#9582 = FACE_BOUND('',#9583,.F.);
#9583 = EDGE_LOOP('',(#9584,#9585,#9591,#9592));
#9584 = ORIENTED_EDGE('',*,*,#9522,.F.);
#9585 = ORIENTED_EDGE('',*,*,#9586,.F.);
#9586 = EDGE_CURVE('',#9563,#9515,#9587,.T.);
#9587 = LINE('',#9588,#9589);
#9588 = CARTESIAN_POINT('',(-1.187065869251,0.687065869251,1.09));
#9589 = VECTOR('',#9590,1.);
#9590 = DIRECTION('',(1.,0.,0.));
#9591 = ORIENTED_EDGE('',*,*,#9570,.T.);
#9592 = ORIENTED_EDGE('',*,*,#9335,.T.);
#9593 = PLANE('',#9594);
#9594 = AXIS2_PLACEMENT_3D('',#9595,#9596,#9597);
#9595 = CARTESIAN_POINT('',(-1.187065869251,0.687065869251,1.09));
#9596 = DIRECTION('',(0.,1.,0.));
#9597 = DIRECTION('',(0.,-0.,1.));
#9598 = ADVANCED_FACE('',(#9599),#9617,.T.);
#9599 = FACE_BOUND('',#9600,.T.);
#9600 = EDGE_LOOP('',(#9601,#9602,#9603,#9611));
#9601 = ORIENTED_EDGE('',*,*,#9447,.F.);
#9602 = ORIENTED_EDGE('',*,*,#9404,.T.);
#9603 = ORIENTED_EDGE('',*,*,#9604,.T.);
#9604 = EDGE_CURVE('',#9405,#9605,#9607,.T.);
#9605 = VERTEX_POINT('',#9606);
#9606 = CARTESIAN_POINT('',(-1.75,-0.325,0.2));
#9607 = LINE('',#9608,#9609);
#9608 = CARTESIAN_POINT('',(-1.286014637611,-0.325,0.2));
#9609 = VECTOR('',#9610,1.);
#9610 = DIRECTION('',(-1.,2.22044604925E-16,0.));
#9611 = ORIENTED_EDGE('',*,*,#9612,.F.);
#9612 = EDGE_CURVE('',#9440,#9605,#9613,.T.);
#9613 = LINE('',#9614,#9615);
#9614 = CARTESIAN_POINT('',(-1.75,-0.325,0.));
#9615 = VECTOR('',#9616,1.);
#9616 = DIRECTION('',(0.,0.,1.));
#9617 = PLANE('',#9618);
#9618 = AXIS2_PLACEMENT_3D('',#9619,#9620,#9621);
#9619 = CARTESIAN_POINT('',(-1.286014637611,-0.325,0.));
#9620 = DIRECTION('',(-2.22044604925E-16,-1.,0.));
#9621 = DIRECTION('',(0.,0.,1.));
#9622 = ADVANCED_FACE('',(#9623),#9641,.F.);
#9623 = FACE_BOUND('',#9624,.F.);
#9624 = EDGE_LOOP('',(#9625,#9626,#9627,#9635));
#9625 = ORIENTED_EDGE('',*,*,#9431,.F.);
#9626 = ORIENTED_EDGE('',*,*,#9463,.T.);
#9627 = ORIENTED_EDGE('',*,*,#9628,.T.);
#9628 = EDGE_CURVE('',#9464,#9629,#9631,.T.);
#9629 = VERTEX_POINT('',#9630);
#9630 = CARTESIAN_POINT('',(-1.75,0.325,0.2));
#9631 = LINE('',#9632,#9633);
#9632 = CARTESIAN_POINT('',(-1.286014637611,0.325,0.2));
#9633 = VECTOR('',#9634,1.);
#9634 = DIRECTION('',(-1.,2.22044604925E-16,0.));
#9635 = ORIENTED_EDGE('',*,*,#9636,.F.);
#9636 = EDGE_CURVE('',#9432,#9629,#9637,.T.);
#9637 = LINE('',#9638,#9639);
#9638 = CARTESIAN_POINT('',(-1.75,0.325,0.));
#9639 = VECTOR('',#9640,1.);
#9640 = DIRECTION('',(0.,0.,1.));
#9641 = PLANE('',#9642);
#9642 = AXIS2_PLACEMENT_3D('',#9643,#9644,#9645);
#9643 = CARTESIAN_POINT('',(-1.286014637611,0.325,0.));
#9644 = DIRECTION('',(-2.22044604925E-16,-1.,0.));
#9645 = DIRECTION('',(0.,0.,1.));
#9646 = ADVANCED_FACE('',(#9647),#9658,.T.);
#9647 = FACE_BOUND('',#9648,.T.);
#9648 = EDGE_LOOP('',(#9649,#9650,#9651,#9652));
#9649 = ORIENTED_EDGE('',*,*,#9636,.F.);
#9650 = ORIENTED_EDGE('',*,*,#9439,.T.);
#9651 = ORIENTED_EDGE('',*,*,#9612,.T.);
#9652 = ORIENTED_EDGE('',*,*,#9653,.F.);
#9653 = EDGE_CURVE('',#9629,#9605,#9654,.T.);
#9654 = LINE('',#9655,#9656);
#9655 = CARTESIAN_POINT('',(-1.75,0.325,0.2));
#9656 = VECTOR('',#9657,1.);
#9657 = DIRECTION('',(-2.22044604925E-16,-1.,0.));
#9658 = PLANE('',#9659);
#9659 = AXIS2_PLACEMENT_3D('',#9660,#9661,#9662);
#9660 = CARTESIAN_POINT('',(-1.75,0.325,0.));
#9661 = DIRECTION('',(-1.,2.22044604925E-16,0.));
#9662 = DIRECTION('',(0.,0.,1.));
#9663 = ADVANCED_FACE('',(#9664),#9670,.T.);
#9664 = FACE_BOUND('',#9665,.T.);
#9665 = EDGE_LOOP('',(#9666,#9667,#9668,#9669));
#9666 = ORIENTED_EDGE('',*,*,#9488,.F.);
#9667 = ORIENTED_EDGE('',*,*,#9628,.T.);
#9668 = ORIENTED_EDGE('',*,*,#9653,.T.);
#9669 = ORIENTED_EDGE('',*,*,#9604,.F.);
#9670 = PLANE('',#9671);
#9671 = AXIS2_PLACEMENT_3D('',#9672,#9673,#9674);
#9672 = CARTESIAN_POINT('',(-1.286014637611,0.325,0.2));
#9673 = DIRECTION('',(0.,0.,1.));
#9674 = DIRECTION('',(-1.,2.22044604925E-16,0.));
#9675 = ADVANCED_FACE('',(#9676),#9682,.T.);
#9676 = FACE_BOUND('',#9677,.T.);
#9677 = EDGE_LOOP('',(#9678,#9679,#9680,#9681));
#9678 = ORIENTED_EDGE('',*,*,#9562,.F.);
#9679 = ORIENTED_EDGE('',*,*,#9538,.T.);
#9680 = ORIENTED_EDGE('',*,*,#9514,.T.);
#9681 = ORIENTED_EDGE('',*,*,#9586,.F.);
#9682 = PLANE('',#9683);
#9683 = AXIS2_PLACEMENT_3D('',#9684,#9685,#9686);
#9684 = CARTESIAN_POINT('',(-1.187065869251,-0.687065869251,1.09));
#9685 = DIRECTION('',(0.,0.,1.));
#9686 = DIRECTION('',(1.,0.,-0.));
#9687 = ( GEOMETRIC_REPRESENTATION_CONTEXT(3) 
GLOBAL_UNCERTAINTY_ASSIGNED_CONTEXT((#9691)) 
GLOBAL_UNIT_ASSIGNED_CONTEXT((#9688,#9689,#9690)) REPRESENTATION_CONTEXT
('Context #1','3D Context with UNIT and UNCERTAINTY') );
#9688 = ( LENGTH_UNIT() NAMED_UNIT(*) SI_UNIT(.MILLI.,.METRE.) );
#9689 = ( NAMED_UNIT(*) PLANE_ANGLE_UNIT() SI_UNIT($,.RADIAN.) );
#9690 = ( NAMED_UNIT(*) SI_UNIT($,.STERADIAN.) SOLID_ANGLE_UNIT() );
#9691 = UNCERTAINTY_MEASURE_WITH_UNIT(LENGTH_MEASURE(5.E-06),#9688,
  'distance_accuracy_value','confusion accuracy');
#9692 = CONTEXT_DEPENDENT_SHAPE_REPRESENTATION(#9693,#9695);
#9693 = ( REPRESENTATION_RELATIONSHIP('','',#8974,#10) 
REPRESENTATION_RELATIONSHIP_WITH_TRANSFORMATION(#9694) 
SHAPE_REPRESENTATION_RELATIONSHIP() );
#9694 = ITEM_DEFINED_TRANSFORMATION('','',#11,#63);
#9695 = PRODUCT_DEFINITION_SHAPE('Placement','Placement of an item',
  #9696);
#9696 = NEXT_ASSEMBLY_USAGE_OCCURRENCE('13','D2','',#5,#8969,$);
#9697 = PRODUCT_RELATED_PRODUCT_CATEGORY('part',$,(#8971));
#9698 = CONTEXT_DEPENDENT_SHAPE_REPRESENTATION(#9699,#9701);
#9699 = ( REPRESENTATION_RELATIONSHIP('','',#7252,#10) 
REPRESENTATION_RELATIONSHIP_WITH_TRANSFORMATION(#9700) 
SHAPE_REPRESENTATION_RELATIONSHIP() );
#9700 = ITEM_DEFINED_TRANSFORMATION('','',#11,#67);
#9701 = PRODUCT_DEFINITION_SHAPE('Placement','Placement of an item',
  #9702);
#9702 = NEXT_ASSEMBLY_USAGE_OCCURRENCE('14','C6','',#5,#7247,$);
#9703 = CONTEXT_DEPENDENT_SHAPE_REPRESENTATION(#9704,#9706);
#9704 = ( REPRESENTATION_RELATIONSHIP('','',#8135,#10) 
REPRESENTATION_RELATIONSHIP_WITH_TRANSFORMATION(#9705) 
SHAPE_REPRESENTATION_RELATIONSHIP() );
#9705 = ITEM_DEFINED_TRANSFORMATION('','',#11,#71);
#9706 = PRODUCT_DEFINITION_SHAPE('Placement','Placement of an item',
  #9707);
#9707 = NEXT_ASSEMBLY_USAGE_OCCURRENCE('15','R2','',#5,#8130,$);
#9708 = CONTEXT_DEPENDENT_SHAPE_REPRESENTATION(#9709,#9711);
#9709 = ( REPRESENTATION_RELATIONSHIP('','',#8135,#10) 
REPRESENTATION_RELATIONSHIP_WITH_TRANSFORMATION(#9710) 
SHAPE_REPRESENTATION_RELATIONSHIP() );
#9710 = ITEM_DEFINED_TRANSFORMATION('','',#11,#75);
#9711 = PRODUCT_DEFINITION_SHAPE('Placement','Placement of an item',
  #9712);
#9712 = NEXT_ASSEMBLY_USAGE_OCCURRENCE('16','R4','',#5,#8130,$);
#9713 = CONTEXT_DEPENDENT_SHAPE_REPRESENTATION(#9714,#9716);
#9714 = ( REPRESENTATION_RELATIONSHIP('','',#7252,#10) 
REPRESENTATION_RELATIONSHIP_WITH_TRANSFORMATION(#9715) 
SHAPE_REPRESENTATION_RELATIONSHIP() );
#9715 = ITEM_DEFINED_TRANSFORMATION('','',#11,#79);
#9716 = PRODUCT_DEFINITION_SHAPE('Placement','Placement of an item',
  #9717);
#9717 = NEXT_ASSEMBLY_USAGE_OCCURRENCE('17','C1','',#5,#7247,$);
#9718 = CONTEXT_DEPENDENT_SHAPE_REPRESENTATION(#9719,#9721);
#9719 = ( REPRESENTATION_RELATIONSHIP('','',#8135,#10) 
REPRESENTATION_RELATIONSHIP_WITH_TRANSFORMATION(#9720) 
SHAPE_REPRESENTATION_RELATIONSHIP() );
#9720 = ITEM_DEFINED_TRANSFORMATION('','',#11,#83);
#9721 = PRODUCT_DEFINITION_SHAPE('Placement','Placement of an item',
  #9722);
#9722 = NEXT_ASSEMBLY_USAGE_OCCURRENCE('18','R6','',#5,#8130,$);
#9723 = SHAPE_DEFINITION_REPRESENTATION(#9724,#9730);
#9724 = PRODUCT_DEFINITION_SHAPE('','',#9725);
#9725 = PRODUCT_DEFINITION('design','',#9726,#9729);
#9726 = PRODUCT_DEFINITION_FORMATION('','',#9727);
#9727 = PRODUCT('kibot_b_ytgxez_PCB','kibot_b_ytgxez_PCB','',(#9728));
#9728 = PRODUCT_CONTEXT('',#2,'mechanical');
#9729 = PRODUCT_DEFINITION_CONTEXT('part definition',#2,'design');
#9730 = ADVANCED_BREP_SHAPE_REPRESENTATION('',(#11,#9731),#10684);
#9731 = MANIFOLD_SOLID_BREP('',#9732);
#9732 = CLOSED_SHELL('',(#9733,#9773,#9804,#9835,#10075,#10315,#10327,
    #10344,#10361,#10378,#10395,#10412,#10429,#10446,#10463,#10480,
    #10497,#10514,#10531,#10548,#10565,#10582,#10599,#10621,#10638,
    #10655,#10667));
#9733 = ADVANCED_FACE('',(#9734),#9768,.T.);
#9734 = FACE_BOUND('',#9735,.T.);
#9735 = EDGE_LOOP('',(#9736,#9746,#9754,#9762));
#9736 = ORIENTED_EDGE('',*,*,#9737,.T.);
#9737 = EDGE_CURVE('',#9738,#9740,#9742,.T.);
#9738 = VERTEX_POINT('',#9739);
#9739 = CARTESIAN_POINT('',(20.07,-14.99,0.));
#9740 = VERTEX_POINT('',#9741);
#9741 = CARTESIAN_POINT('',(20.07,-14.99,1.51));
#9742 = LINE('',#9743,#9744);
#9743 = CARTESIAN_POINT('',(20.07,-14.99,0.));
#9744 = VECTOR('',#9745,1.);
#9745 = DIRECTION('',(0.,0.,1.));
#9746 = ORIENTED_EDGE('',*,*,#9747,.T.);
#9747 = EDGE_CURVE('',#9740,#9748,#9750,.T.);
#9748 = VERTEX_POINT('',#9749);
#9749 = CARTESIAN_POINT('',(-20.07,-14.99,1.51));
#9750 = LINE('',#9751,#9752);
#9751 = CARTESIAN_POINT('',(20.07,-14.99,1.51));
#9752 = VECTOR('',#9753,1.);
#9753 = DIRECTION('',(-1.,0.,0.));
#9754 = ORIENTED_EDGE('',*,*,#9755,.F.);
#9755 = EDGE_CURVE('',#9756,#9748,#9758,.T.);
#9756 = VERTEX_POINT('',#9757);
#9757 = CARTESIAN_POINT('',(-20.07,-14.99,0.));
#9758 = LINE('',#9759,#9760);
#9759 = CARTESIAN_POINT('',(-20.07,-14.99,0.));
#9760 = VECTOR('',#9761,1.);
#9761 = DIRECTION('',(0.,0.,1.));
#9762 = ORIENTED_EDGE('',*,*,#9763,.F.);
#9763 = EDGE_CURVE('',#9738,#9756,#9764,.T.);
#9764 = LINE('',#9765,#9766);
#9765 = CARTESIAN_POINT('',(20.07,-14.99,0.));
#9766 = VECTOR('',#9767,1.);
#9767 = DIRECTION('',(-1.,0.,0.));
#9768 = PLANE('',#9769);
#9769 = AXIS2_PLACEMENT_3D('',#9770,#9771,#9772);
#9770 = CARTESIAN_POINT('',(20.07,-14.99,0.));
#9771 = DIRECTION('',(0.,-1.,0.));
#9772 = DIRECTION('',(-1.,0.,0.));
#9773 = ADVANCED_FACE('',(#9774),#9799,.T.);
#9774 = FACE_BOUND('',#9775,.T.);
#9775 = EDGE_LOOP('',(#9776,#9786,#9792,#9793));
#9776 = ORIENTED_EDGE('',*,*,#9777,.T.);
#9777 = EDGE_CURVE('',#9778,#9780,#9782,.T.);
#9778 = VERTEX_POINT('',#9779);
#9779 = CARTESIAN_POINT('',(20.07,25.15,0.));
#9780 = VERTEX_POINT('',#9781);
#9781 = CARTESIAN_POINT('',(20.07,25.15,1.51));
#9782 = LINE('',#9783,#9784);
#9783 = CARTESIAN_POINT('',(20.07,25.15,0.));
#9784 = VECTOR('',#9785,1.);
#9785 = DIRECTION('',(0.,0.,1.));
#9786 = ORIENTED_EDGE('',*,*,#9787,.T.);
#9787 = EDGE_CURVE('',#9780,#9740,#9788,.T.);
#9788 = LINE('',#9789,#9790);
#9789 = CARTESIAN_POINT('',(20.07,25.15,1.51));
#9790 = VECTOR('',#9791,1.);
#9791 = DIRECTION('',(0.,-1.,0.));
#9792 = ORIENTED_EDGE('',*,*,#9737,.F.);
#9793 = ORIENTED_EDGE('',*,*,#9794,.F.);
#9794 = EDGE_CURVE('',#9778,#9738,#9795,.T.);
#9795 = LINE('',#9796,#9797);
#9796 = CARTESIAN_POINT('',(20.07,25.15,0.));
#9797 = VECTOR('',#9798,1.);
#9798 = DIRECTION('',(0.,-1.,0.));
#9799 = PLANE('',#9800);
#9800 = AXIS2_PLACEMENT_3D('',#9801,#9802,#9803);
#9801 = CARTESIAN_POINT('',(20.07,25.15,0.));
#9802 = DIRECTION('',(1.,0.,-0.));
#9803 = DIRECTION('',(0.,-1.,0.));
#9804 = ADVANCED_FACE('',(#9805),#9830,.T.);
#9805 = FACE_BOUND('',#9806,.T.);
#9806 = EDGE_LOOP('',(#9807,#9808,#9816,#9824));
#9807 = ORIENTED_EDGE('',*,*,#9755,.T.);
#9808 = ORIENTED_EDGE('',*,*,#9809,.T.);
#9809 = EDGE_CURVE('',#9748,#9810,#9812,.T.);
#9810 = VERTEX_POINT('',#9811);
#9811 = CARTESIAN_POINT('',(-20.07,25.15,1.51));
#9812 = LINE('',#9813,#9814);
#9813 = CARTESIAN_POINT('',(-20.07,-14.99,1.51));
#9814 = VECTOR('',#9815,1.);
#9815 = DIRECTION('',(0.,1.,0.));
#9816 = ORIENTED_EDGE('',*,*,#9817,.F.);
#9817 = EDGE_CURVE('',#9818,#9810,#9820,.T.);
#9818 = VERTEX_POINT('',#9819);
#9819 = CARTESIAN_POINT('',(-20.07,25.15,0.));
#9820 = LINE('',#9821,#9822);
#9821 = CARTESIAN_POINT('',(-20.07,25.15,0.));
#9822 = VECTOR('',#9823,1.);
#9823 = DIRECTION('',(0.,0.,1.));
#9824 = ORIENTED_EDGE('',*,*,#9825,.F.);
#9825 = EDGE_CURVE('',#9756,#9818,#9826,.T.);
#9826 = LINE('',#9827,#9828);
#9827 = CARTESIAN_POINT('',(-20.07,-14.99,0.));
#9828 = VECTOR('',#9829,1.);
#9829 = DIRECTION('',(0.,1.,0.));
#9830 = PLANE('',#9831);
#9831 = AXIS2_PLACEMENT_3D('',#9832,#9833,#9834);
#9832 = CARTESIAN_POINT('',(-20.07,-14.99,0.));
#9833 = DIRECTION('',(-1.,0.,0.));
#9834 = DIRECTION('',(0.,1.,0.));
#9835 = ADVANCED_FACE('',(#9836,#9847,#9858,#9869,#9880,#9891,#9902,
    #9913,#9924,#9935,#9946,#9957,#9968,#9979,#9990,#10001,#10012,#10023
    ,#10059),#10070,.F.);
#9836 = FACE_BOUND('',#9837,.F.);
#9837 = EDGE_LOOP('',(#9838,#9839,#9840,#9846));
#9838 = ORIENTED_EDGE('',*,*,#9763,.F.);
#9839 = ORIENTED_EDGE('',*,*,#9794,.F.);
#9840 = ORIENTED_EDGE('',*,*,#9841,.F.);
#9841 = EDGE_CURVE('',#9818,#9778,#9842,.T.);
#9842 = LINE('',#9843,#9844);
#9843 = CARTESIAN_POINT('',(-20.07,25.15,0.));
#9844 = VECTOR('',#9845,1.);
#9845 = DIRECTION('',(1.,0.,0.));
#9846 = ORIENTED_EDGE('',*,*,#9825,.F.);
#9847 = FACE_BOUND('',#9848,.F.);
#9848 = EDGE_LOOP('',(#9849));
#9849 = ORIENTED_EDGE('',*,*,#9850,.T.);
#9850 = EDGE_CURVE('',#9851,#9851,#9853,.T.);
#9851 = VERTEX_POINT('',#9852);
#9852 = CARTESIAN_POINT('',(-15.24,-11.66,0.));
#9853 = CIRCLE('',#9854,1.5);
#9854 = AXIS2_PLACEMENT_3D('',#9855,#9856,#9857);
#9855 = CARTESIAN_POINT('',(-15.24,-10.16,0.));
#9856 = DIRECTION('',(-0.,0.,-1.));
#9857 = DIRECTION('',(-1.184237892934E-15,-1.,0.));
#9858 = FACE_BOUND('',#9859,.F.);
#9859 = EDGE_LOOP('',(#9860));
#9860 = ORIENTED_EDGE('',*,*,#9861,.T.);
#9861 = EDGE_CURVE('',#9862,#9862,#9864,.T.);
#9862 = VERTEX_POINT('',#9863);
#9863 = CARTESIAN_POINT('',(-9.3,-13.46,0.));
#9864 = CIRCLE('',#9865,0.5);
#9865 = AXIS2_PLACEMENT_3D('',#9866,#9867,#9868);
#9866 = CARTESIAN_POINT('',(-9.3,-12.96,0.));
#9867 = DIRECTION('',(-0.,0.,-1.));
#9868 = DIRECTION('',(-0.,-1.,0.));
#9869 = FACE_BOUND('',#9870,.F.);
#9870 = EDGE_LOOP('',(#9871));
#9871 = ORIENTED_EDGE('',*,*,#9872,.T.);
#9872 = EDGE_CURVE('',#9873,#9873,#9875,.T.);
#9873 = VERTEX_POINT('',#9874);
#9874 = CARTESIAN_POINT('',(-9.3,-10.92,0.));
#9875 = CIRCLE('',#9876,0.5);
#9876 = AXIS2_PLACEMENT_3D('',#9877,#9878,#9879);
#9877 = CARTESIAN_POINT('',(-9.3,-10.42,0.));
#9878 = DIRECTION('',(-0.,0.,-1.));
#9879 = DIRECTION('',(-0.,-1.,0.));
#9880 = FACE_BOUND('',#9881,.F.);
#9881 = EDGE_LOOP('',(#9882));
#9882 = ORIENTED_EDGE('',*,*,#9883,.T.);
#9883 = EDGE_CURVE('',#9884,#9884,#9886,.T.);
#9884 = VERTEX_POINT('',#9885);
#9885 = CARTESIAN_POINT('',(-6.76,-13.46,0.));
#9886 = CIRCLE('',#9887,0.5);
#9887 = AXIS2_PLACEMENT_3D('',#9888,#9889,#9890);
#9888 = CARTESIAN_POINT('',(-6.76,-12.96,0.));
#9889 = DIRECTION('',(-0.,0.,-1.));
#9890 = DIRECTION('',(-0.,-1.,0.));
#9891 = FACE_BOUND('',#9892,.F.);
#9892 = EDGE_LOOP('',(#9893));
#9893 = ORIENTED_EDGE('',*,*,#9894,.T.);
#9894 = EDGE_CURVE('',#9895,#9895,#9897,.T.);
#9895 = VERTEX_POINT('',#9896);
#9896 = CARTESIAN_POINT('',(-4.22,-13.46,0.));
#9897 = CIRCLE('',#9898,0.5);
#9898 = AXIS2_PLACEMENT_3D('',#9899,#9900,#9901);
#9899 = CARTESIAN_POINT('',(-4.22,-12.96,0.));
#9900 = DIRECTION('',(-0.,0.,-1.));
#9901 = DIRECTION('',(-0.,-1.,0.));
#9902 = FACE_BOUND('',#9903,.F.);
#9903 = EDGE_LOOP('',(#9904));
#9904 = ORIENTED_EDGE('',*,*,#9905,.T.);
#9905 = EDGE_CURVE('',#9906,#9906,#9908,.T.);
#9906 = VERTEX_POINT('',#9907);
#9907 = CARTESIAN_POINT('',(-6.76,-10.92,0.));
#9908 = CIRCLE('',#9909,0.5);
#9909 = AXIS2_PLACEMENT_3D('',#9910,#9911,#9912);
#9910 = CARTESIAN_POINT('',(-6.76,-10.42,0.));
#9911 = DIRECTION('',(-0.,0.,-1.));
#9912 = DIRECTION('',(-0.,-1.,0.));
#9913 = FACE_BOUND('',#9914,.F.);
#9914 = EDGE_LOOP('',(#9915));
#9915 = ORIENTED_EDGE('',*,*,#9916,.T.);
#9916 = EDGE_CURVE('',#9917,#9917,#9919,.T.);
#9917 = VERTEX_POINT('',#9918);
#9918 = CARTESIAN_POINT('',(-4.22,-10.92,0.));
#9919 = CIRCLE('',#9920,0.5);
#9920 = AXIS2_PLACEMENT_3D('',#9921,#9922,#9923);
#9921 = CARTESIAN_POINT('',(-4.22,-10.42,0.));
#9922 = DIRECTION('',(-0.,0.,-1.));
#9923 = DIRECTION('',(-0.,-1.,0.));
#9924 = FACE_BOUND('',#9925,.F.);
#9925 = EDGE_LOOP('',(#9926));
#9926 = ORIENTED_EDGE('',*,*,#9927,.T.);
#9927 = EDGE_CURVE('',#9928,#9928,#9930,.T.);
#9928 = VERTEX_POINT('',#9929);
#9929 = CARTESIAN_POINT('',(-1.68,-13.46,0.));
#9930 = CIRCLE('',#9931,0.5);
#9931 = AXIS2_PLACEMENT_3D('',#9932,#9933,#9934);
#9932 = CARTESIAN_POINT('',(-1.68,-12.96,0.));
#9933 = DIRECTION('',(-0.,0.,-1.));
#9934 = DIRECTION('',(4.440892098501E-16,-1.,-0.));
#9935 = FACE_BOUND('',#9936,.F.);
#9936 = EDGE_LOOP('',(#9937));
#9937 = ORIENTED_EDGE('',*,*,#9938,.T.);
#9938 = EDGE_CURVE('',#9939,#9939,#9941,.T.);
#9939 = VERTEX_POINT('',#9940);
#9940 = CARTESIAN_POINT('',(-1.68,-10.92,0.));
#9941 = CIRCLE('',#9942,0.5);
#9942 = AXIS2_PLACEMENT_3D('',#9943,#9944,#9945);
#9943 = CARTESIAN_POINT('',(-1.68,-10.42,0.));
#9944 = DIRECTION('',(-0.,0.,-1.));
#9945 = DIRECTION('',(4.440892098501E-16,-1.,-0.));
#9946 = FACE_BOUND('',#9947,.F.);
#9947 = EDGE_LOOP('',(#9948));
#9948 = ORIENTED_EDGE('',*,*,#9949,.T.);
#9949 = EDGE_CURVE('',#9950,#9950,#9952,.T.);
#9950 = VERTEX_POINT('',#9951);
#9951 = CARTESIAN_POINT('',(0.86,-13.46,0.));
#9952 = CIRCLE('',#9953,0.5);
#9953 = AXIS2_PLACEMENT_3D('',#9954,#9955,#9956);
#9954 = CARTESIAN_POINT('',(0.86,-12.96,0.));
#9955 = DIRECTION('',(-0.,0.,-1.));
#9956 = DIRECTION('',(-2.22044604925E-16,-1.,0.));
#9957 = FACE_BOUND('',#9958,.F.);
#9958 = EDGE_LOOP('',(#9959));
#9959 = ORIENTED_EDGE('',*,*,#9960,.T.);
#9960 = EDGE_CURVE('',#9961,#9961,#9963,.T.);
#9961 = VERTEX_POINT('',#9962);
#9962 = CARTESIAN_POINT('',(0.86,-10.92,0.));
#9963 = CIRCLE('',#9964,0.5);
#9964 = AXIS2_PLACEMENT_3D('',#9965,#9966,#9967);
#9965 = CARTESIAN_POINT('',(0.86,-10.42,0.));
#9966 = DIRECTION('',(-0.,0.,-1.));
#9967 = DIRECTION('',(-2.22044604925E-16,-1.,0.));
#9968 = FACE_BOUND('',#9969,.F.);
#9969 = EDGE_LOOP('',(#9970));
#9970 = ORIENTED_EDGE('',*,*,#9971,.T.);
#9971 = EDGE_CURVE('',#9972,#9972,#9974,.T.);
#9972 = VERTEX_POINT('',#9973);
#9973 = CARTESIAN_POINT('',(4.795,-13.31,0.));
#9974 = CIRCLE('',#9975,0.5);
#9975 = AXIS2_PLACEMENT_3D('',#9976,#9977,#9978);
#9976 = CARTESIAN_POINT('',(4.795,-12.81,0.));
#9977 = DIRECTION('',(-0.,0.,-1.));
#9978 = DIRECTION('',(-0.,-1.,0.));
#9979 = FACE_BOUND('',#9980,.F.);
#9980 = EDGE_LOOP('',(#9981));
#9981 = ORIENTED_EDGE('',*,*,#9982,.T.);
#9982 = EDGE_CURVE('',#9983,#9983,#9985,.T.);
#9983 = VERTEX_POINT('',#9984);
#9984 = CARTESIAN_POINT('',(7.335,-13.31,0.));
#9985 = CIRCLE('',#9986,0.5);
#9986 = AXIS2_PLACEMENT_3D('',#9987,#9988,#9989);
#9987 = CARTESIAN_POINT('',(7.335,-12.81,0.));
#9988 = DIRECTION('',(-0.,0.,-1.));
#9989 = DIRECTION('',(-0.,-1.,0.));
#9990 = FACE_BOUND('',#9991,.F.);
#9991 = EDGE_LOOP('',(#9992));
#9992 = ORIENTED_EDGE('',*,*,#9993,.T.);
#9993 = EDGE_CURVE('',#9994,#9994,#9996,.T.);
#9994 = VERTEX_POINT('',#9995);
#9995 = CARTESIAN_POINT('',(9.875,-13.31,0.));
#9996 = CIRCLE('',#9997,0.5);
#9997 = AXIS2_PLACEMENT_3D('',#9998,#9999,#10000);
#9998 = CARTESIAN_POINT('',(9.875,-12.81,0.));
#9999 = DIRECTION('',(-0.,0.,-1.));
#10000 = DIRECTION('',(-0.,-1.,0.));
#10001 = FACE_BOUND('',#10002,.F.);
#10002 = EDGE_LOOP('',(#10003));
#10003 = ORIENTED_EDGE('',*,*,#10004,.T.);
#10004 = EDGE_CURVE('',#10005,#10005,#10007,.T.);
#10005 = VERTEX_POINT('',#10006);
#10006 = CARTESIAN_POINT('',(15.24,-11.66,0.));
#10007 = CIRCLE('',#10008,1.5);
#10008 = AXIS2_PLACEMENT_3D('',#10009,#10010,#10011);
#10009 = CARTESIAN_POINT('',(15.24,-10.16,0.));
#10010 = DIRECTION('',(-0.,0.,-1.));
#10011 = DIRECTION('',(1.184237892934E-15,-1.,-0.));
#10012 = FACE_BOUND('',#10013,.F.);
#10013 = EDGE_LOOP('',(#10014));
#10014 = ORIENTED_EDGE('',*,*,#10015,.T.);
#10015 = EDGE_CURVE('',#10016,#10016,#10018,.T.);
#10016 = VERTEX_POINT('',#10017);
#10017 = CARTESIAN_POINT('',(-15.24,18.82,0.));
#10018 = CIRCLE('',#10019,1.5);
#10019 = AXIS2_PLACEMENT_3D('',#10020,#10021,#10022);
#10020 = CARTESIAN_POINT('',(-15.24,20.32,0.));
#10021 = DIRECTION('',(-0.,0.,-1.));
#10022 = DIRECTION('',(-1.184237892934E-15,-1.,0.));
#10023 = FACE_BOUND('',#10024,.F.);
#10024 = EDGE_LOOP('',(#10025,#10036,#10044,#10053));
#10025 = ORIENTED_EDGE('',*,*,#10026,.F.);
#10026 = EDGE_CURVE('',#10027,#10029,#10031,.T.);
#10027 = VERTEX_POINT('',#10028);
#10028 = CARTESIAN_POINT('',(-9.51,18.88,0.));
#10029 = VERTEX_POINT('',#10030);
#10030 = CARTESIAN_POINT('',(-9.51,15.88,0.));
#10031 = CIRCLE('',#10032,1.5);
#10032 = AXIS2_PLACEMENT_3D('',#10033,#10034,#10035);
#10033 = CARTESIAN_POINT('',(-9.51,17.38,0.));
#10034 = DIRECTION('',(0.,-0.,1.));
#10035 = DIRECTION('',(0.,1.,0.));
#10036 = ORIENTED_EDGE('',*,*,#10037,.F.);
#10037 = EDGE_CURVE('',#10038,#10027,#10040,.T.);
#10038 = VERTEX_POINT('',#10039);
#10039 = CARTESIAN_POINT('',(9.49,18.88,0.));
#10040 = LINE('',#10041,#10042);
#10041 = CARTESIAN_POINT('',(9.49,18.88,0.));
#10042 = VECTOR('',#10043,1.);
#10043 = DIRECTION('',(-1.,0.,0.));
#10044 = ORIENTED_EDGE('',*,*,#10045,.F.);
#10045 = EDGE_CURVE('',#10046,#10038,#10048,.T.);
#10046 = VERTEX_POINT('',#10047);
#10047 = CARTESIAN_POINT('',(9.49,15.88,0.));
#10048 = CIRCLE('',#10049,1.5);
#10049 = AXIS2_PLACEMENT_3D('',#10050,#10051,#10052);
#10050 = CARTESIAN_POINT('',(9.49,17.38,0.));
#10051 = DIRECTION('',(0.,0.,1.));
#10052 = DIRECTION('',(-0.,-1.,0.));
#10053 = ORIENTED_EDGE('',*,*,#10054,.F.);
#10054 = EDGE_CURVE('',#10029,#10046,#10055,.T.);
#10055 = LINE('',#10056,#10057);
#10056 = CARTESIAN_POINT('',(-9.51,15.88,0.));
#10057 = VECTOR('',#10058,1.);
#10058 = DIRECTION('',(1.,0.,0.));
#10059 = FACE_BOUND('',#10060,.F.);
#10060 = EDGE_LOOP('',(#10061));
#10061 = ORIENTED_EDGE('',*,*,#10062,.T.);
#10062 = EDGE_CURVE('',#10063,#10063,#10065,.T.);
#10063 = VERTEX_POINT('',#10064);
#10064 = CARTESIAN_POINT('',(15.24,18.82,0.));
#10065 = CIRCLE('',#10066,1.5);
#10066 = AXIS2_PLACEMENT_3D('',#10067,#10068,#10069);
#10067 = CARTESIAN_POINT('',(15.24,20.32,0.));
#10068 = DIRECTION('',(-0.,0.,-1.));
#10069 = DIRECTION('',(1.184237892934E-15,-1.,-0.));
#10070 = PLANE('',#10071);
#10071 = AXIS2_PLACEMENT_3D('',#10072,#10073,#10074);
#10072 = CARTESIAN_POINT('',(0.,0.,0.));
#10073 = DIRECTION('',(0.,0.,1.));
#10074 = DIRECTION('',(1.,0.,-0.));
#10075 = ADVANCED_FACE('',(#10076,#10087,#10098,#10109,#10120,#10131,
    #10142,#10153,#10164,#10175,#10186,#10197,#10208,#10219,#10230,
    #10241,#10252,#10263,#10299),#10310,.T.);
#10076 = FACE_BOUND('',#10077,.T.);
#10077 = EDGE_LOOP('',(#10078,#10079,#10080,#10086));
#10078 = ORIENTED_EDGE('',*,*,#9747,.F.);
#10079 = ORIENTED_EDGE('',*,*,#9787,.F.);
#10080 = ORIENTED_EDGE('',*,*,#10081,.F.);
#10081 = EDGE_CURVE('',#9810,#9780,#10082,.T.);
#10082 = LINE('',#10083,#10084);
#10083 = CARTESIAN_POINT('',(-20.07,25.15,1.51));
#10084 = VECTOR('',#10085,1.);
#10085 = DIRECTION('',(1.,0.,0.));
#10086 = ORIENTED_EDGE('',*,*,#9809,.F.);
#10087 = FACE_BOUND('',#10088,.T.);
#10088 = EDGE_LOOP('',(#10089));
#10089 = ORIENTED_EDGE('',*,*,#10090,.T.);
#10090 = EDGE_CURVE('',#10091,#10091,#10093,.T.);
#10091 = VERTEX_POINT('',#10092);
#10092 = CARTESIAN_POINT('',(-15.24,-11.66,1.51));
#10093 = CIRCLE('',#10094,1.5);
#10094 = AXIS2_PLACEMENT_3D('',#10095,#10096,#10097);
#10095 = CARTESIAN_POINT('',(-15.24,-10.16,1.51));
#10096 = DIRECTION('',(-0.,0.,-1.));
#10097 = DIRECTION('',(-1.184237892934E-15,-1.,0.));
#10098 = FACE_BOUND('',#10099,.T.);
#10099 = EDGE_LOOP('',(#10100));
#10100 = ORIENTED_EDGE('',*,*,#10101,.T.);
#10101 = EDGE_CURVE('',#10102,#10102,#10104,.T.);
#10102 = VERTEX_POINT('',#10103);
#10103 = CARTESIAN_POINT('',(-9.3,-13.46,1.51));
#10104 = CIRCLE('',#10105,0.5);
#10105 = AXIS2_PLACEMENT_3D('',#10106,#10107,#10108);
#10106 = CARTESIAN_POINT('',(-9.3,-12.96,1.51));
#10107 = DIRECTION('',(-0.,0.,-1.));
#10108 = DIRECTION('',(-0.,-1.,0.));
#10109 = FACE_BOUND('',#10110,.T.);
#10110 = EDGE_LOOP('',(#10111));
#10111 = ORIENTED_EDGE('',*,*,#10112,.T.);
#10112 = EDGE_CURVE('',#10113,#10113,#10115,.T.);
#10113 = VERTEX_POINT('',#10114);
#10114 = CARTESIAN_POINT('',(-9.3,-10.92,1.51));
#10115 = CIRCLE('',#10116,0.5);
#10116 = AXIS2_PLACEMENT_3D('',#10117,#10118,#10119);
#10117 = CARTESIAN_POINT('',(-9.3,-10.42,1.51));
#10118 = DIRECTION('',(-0.,0.,-1.));
#10119 = DIRECTION('',(-0.,-1.,0.));
#10120 = FACE_BOUND('',#10121,.T.);
#10121 = EDGE_LOOP('',(#10122));
#10122 = ORIENTED_EDGE('',*,*,#10123,.T.);
#10123 = EDGE_CURVE('',#10124,#10124,#10126,.T.);
#10124 = VERTEX_POINT('',#10125);
#10125 = CARTESIAN_POINT('',(-6.76,-13.46,1.51));
#10126 = CIRCLE('',#10127,0.5);
#10127 = AXIS2_PLACEMENT_3D('',#10128,#10129,#10130);
#10128 = CARTESIAN_POINT('',(-6.76,-12.96,1.51));
#10129 = DIRECTION('',(-0.,0.,-1.));
#10130 = DIRECTION('',(-0.,-1.,0.));
#10131 = FACE_BOUND('',#10132,.T.);
#10132 = EDGE_LOOP('',(#10133));
#10133 = ORIENTED_EDGE('',*,*,#10134,.T.);
#10134 = EDGE_CURVE('',#10135,#10135,#10137,.T.);
#10135 = VERTEX_POINT('',#10136);
#10136 = CARTESIAN_POINT('',(-4.22,-13.46,1.51));
#10137 = CIRCLE('',#10138,0.5);
#10138 = AXIS2_PLACEMENT_3D('',#10139,#10140,#10141);
#10139 = CARTESIAN_POINT('',(-4.22,-12.96,1.51));
#10140 = DIRECTION('',(-0.,0.,-1.));
#10141 = DIRECTION('',(-0.,-1.,0.));
#10142 = FACE_BOUND('',#10143,.T.);
#10143 = EDGE_LOOP('',(#10144));
#10144 = ORIENTED_EDGE('',*,*,#10145,.T.);
#10145 = EDGE_CURVE('',#10146,#10146,#10148,.T.);
#10146 = VERTEX_POINT('',#10147);
#10147 = CARTESIAN_POINT('',(-6.76,-10.92,1.51));
#10148 = CIRCLE('',#10149,0.5);
#10149 = AXIS2_PLACEMENT_3D('',#10150,#10151,#10152);
#10150 = CARTESIAN_POINT('',(-6.76,-10.42,1.51));
#10151 = DIRECTION('',(-0.,0.,-1.));
#10152 = DIRECTION('',(-0.,-1.,0.));
#10153 = FACE_BOUND('',#10154,.T.);
#10154 = EDGE_LOOP('',(#10155));
#10155 = ORIENTED_EDGE('',*,*,#10156,.T.);
#10156 = EDGE_CURVE('',#10157,#10157,#10159,.T.);
#10157 = VERTEX_POINT('',#10158);
#10158 = CARTESIAN_POINT('',(-4.22,-10.92,1.51));
#10159 = CIRCLE('',#10160,0.5);
#10160 = AXIS2_PLACEMENT_3D('',#10161,#10162,#10163);
#10161 = CARTESIAN_POINT('',(-4.22,-10.42,1.51));
#10162 = DIRECTION('',(-0.,0.,-1.));
#10163 = DIRECTION('',(-0.,-1.,0.));
#10164 = FACE_BOUND('',#10165,.T.);
#10165 = EDGE_LOOP('',(#10166));
#10166 = ORIENTED_EDGE('',*,*,#10167,.T.);
#10167 = EDGE_CURVE('',#10168,#10168,#10170,.T.);
#10168 = VERTEX_POINT('',#10169);
#10169 = CARTESIAN_POINT('',(-1.68,-13.46,1.51));
#10170 = CIRCLE('',#10171,0.5);
#10171 = AXIS2_PLACEMENT_3D('',#10172,#10173,#10174);
#10172 = CARTESIAN_POINT('',(-1.68,-12.96,1.51));
#10173 = DIRECTION('',(-0.,0.,-1.));
#10174 = DIRECTION('',(4.440892098501E-16,-1.,-0.));
#10175 = FACE_BOUND('',#10176,.T.);
#10176 = EDGE_LOOP('',(#10177));
#10177 = ORIENTED_EDGE('',*,*,#10178,.T.);
#10178 = EDGE_CURVE('',#10179,#10179,#10181,.T.);
#10179 = VERTEX_POINT('',#10180);
#10180 = CARTESIAN_POINT('',(-1.68,-10.92,1.51));
#10181 = CIRCLE('',#10182,0.5);
#10182 = AXIS2_PLACEMENT_3D('',#10183,#10184,#10185);
#10183 = CARTESIAN_POINT('',(-1.68,-10.42,1.51));
#10184 = DIRECTION('',(-0.,0.,-1.));
#10185 = DIRECTION('',(4.440892098501E-16,-1.,-0.));
#10186 = FACE_BOUND('',#10187,.T.);
#10187 = EDGE_LOOP('',(#10188));
#10188 = ORIENTED_EDGE('',*,*,#10189,.T.);
#10189 = EDGE_CURVE('',#10190,#10190,#10192,.T.);
#10190 = VERTEX_POINT('',#10191);
#10191 = CARTESIAN_POINT('',(0.86,-13.46,1.51));
#10192 = CIRCLE('',#10193,0.5);
#10193 = AXIS2_PLACEMENT_3D('',#10194,#10195,#10196);
#10194 = CARTESIAN_POINT('',(0.86,-12.96,1.51));
#10195 = DIRECTION('',(-0.,0.,-1.));
#10196 = DIRECTION('',(-2.22044604925E-16,-1.,0.));
#10197 = FACE_BOUND('',#10198,.T.);
#10198 = EDGE_LOOP('',(#10199));
#10199 = ORIENTED_EDGE('',*,*,#10200,.T.);
#10200 = EDGE_CURVE('',#10201,#10201,#10203,.T.);
#10201 = VERTEX_POINT('',#10202);
#10202 = CARTESIAN_POINT('',(0.86,-10.92,1.51));
#10203 = CIRCLE('',#10204,0.5);
#10204 = AXIS2_PLACEMENT_3D('',#10205,#10206,#10207);
#10205 = CARTESIAN_POINT('',(0.86,-10.42,1.51));
#10206 = DIRECTION('',(-0.,0.,-1.));
#10207 = DIRECTION('',(-2.22044604925E-16,-1.,0.));
#10208 = FACE_BOUND('',#10209,.T.);
#10209 = EDGE_LOOP('',(#10210));
#10210 = ORIENTED_EDGE('',*,*,#10211,.T.);
#10211 = EDGE_CURVE('',#10212,#10212,#10214,.T.);
#10212 = VERTEX_POINT('',#10213);
#10213 = CARTESIAN_POINT('',(4.795,-13.31,1.51));
#10214 = CIRCLE('',#10215,0.5);
#10215 = AXIS2_PLACEMENT_3D('',#10216,#10217,#10218);
#10216 = CARTESIAN_POINT('',(4.795,-12.81,1.51));
#10217 = DIRECTION('',(-0.,0.,-1.));
#10218 = DIRECTION('',(-0.,-1.,0.));
#10219 = FACE_BOUND('',#10220,.T.);
#10220 = EDGE_LOOP('',(#10221));
#10221 = ORIENTED_EDGE('',*,*,#10222,.T.);
#10222 = EDGE_CURVE('',#10223,#10223,#10225,.T.);
#10223 = VERTEX_POINT('',#10224);
#10224 = CARTESIAN_POINT('',(7.335,-13.31,1.51));
#10225 = CIRCLE('',#10226,0.5);
#10226 = AXIS2_PLACEMENT_3D('',#10227,#10228,#10229);
#10227 = CARTESIAN_POINT('',(7.335,-12.81,1.51));
#10228 = DIRECTION('',(-0.,0.,-1.));
#10229 = DIRECTION('',(-0.,-1.,0.));
#10230 = FACE_BOUND('',#10231,.T.);
#10231 = EDGE_LOOP('',(#10232));
#10232 = ORIENTED_EDGE('',*,*,#10233,.T.);
#10233 = EDGE_CURVE('',#10234,#10234,#10236,.T.);
#10234 = VERTEX_POINT('',#10235);
#10235 = CARTESIAN_POINT('',(9.875,-13.31,1.51));
#10236 = CIRCLE('',#10237,0.5);
#10237 = AXIS2_PLACEMENT_3D('',#10238,#10239,#10240);
#10238 = CARTESIAN_POINT('',(9.875,-12.81,1.51));
#10239 = DIRECTION('',(-0.,0.,-1.));
#10240 = DIRECTION('',(-0.,-1.,0.));
#10241 = FACE_BOUND('',#10242,.T.);
#10242 = EDGE_LOOP('',(#10243));
#10243 = ORIENTED_EDGE('',*,*,#10244,.T.);
#10244 = EDGE_CURVE('',#10245,#10245,#10247,.T.);
#10245 = VERTEX_POINT('',#10246);
#10246 = CARTESIAN_POINT('',(15.24,-11.66,1.51));
#10247 = CIRCLE('',#10248,1.5);
#10248 = AXIS2_PLACEMENT_3D('',#10249,#10250,#10251);
#10249 = CARTESIAN_POINT('',(15.24,-10.16,1.51));
#10250 = DIRECTION('',(-0.,0.,-1.));
#10251 = DIRECTION('',(1.184237892934E-15,-1.,-0.));
#10252 = FACE_BOUND('',#10253,.T.);
#10253 = EDGE_LOOP('',(#10254));
#10254 = ORIENTED_EDGE('',*,*,#10255,.T.);
#10255 = EDGE_CURVE('',#10256,#10256,#10258,.T.);
#10256 = VERTEX_POINT('',#10257);
#10257 = CARTESIAN_POINT('',(-15.24,18.82,1.51));
#10258 = CIRCLE('',#10259,1.5);
#10259 = AXIS2_PLACEMENT_3D('',#10260,#10261,#10262);
#10260 = CARTESIAN_POINT('',(-15.24,20.32,1.51));
#10261 = DIRECTION('',(-0.,0.,-1.));
#10262 = DIRECTION('',(-1.184237892934E-15,-1.,0.));
#10263 = FACE_BOUND('',#10264,.T.);
#10264 = EDGE_LOOP('',(#10265,#10276,#10284,#10293));
#10265 = ORIENTED_EDGE('',*,*,#10266,.F.);
#10266 = EDGE_CURVE('',#10267,#10269,#10271,.T.);
#10267 = VERTEX_POINT('',#10268);
#10268 = CARTESIAN_POINT('',(-9.51,18.88,1.51));
#10269 = VERTEX_POINT('',#10270);
#10270 = CARTESIAN_POINT('',(-9.51,15.88,1.51));
#10271 = CIRCLE('',#10272,1.5);
#10272 = AXIS2_PLACEMENT_3D('',#10273,#10274,#10275);
#10273 = CARTESIAN_POINT('',(-9.51,17.38,1.51));
#10274 = DIRECTION('',(0.,-0.,1.));
#10275 = DIRECTION('',(0.,1.,0.));
#10276 = ORIENTED_EDGE('',*,*,#10277,.F.);
#10277 = EDGE_CURVE('',#10278,#10267,#10280,.T.);
#10278 = VERTEX_POINT('',#10279);
#10279 = CARTESIAN_POINT('',(9.49,18.88,1.51));
#10280 = LINE('',#10281,#10282);
#10281 = CARTESIAN_POINT('',(9.49,18.88,1.51));
#10282 = VECTOR('',#10283,1.);
#10283 = DIRECTION('',(-1.,0.,0.));
#10284 = ORIENTED_EDGE('',*,*,#10285,.F.);
#10285 = EDGE_CURVE('',#10286,#10278,#10288,.T.);
#10286 = VERTEX_POINT('',#10287);
#10287 = CARTESIAN_POINT('',(9.49,15.88,1.51));
#10288 = CIRCLE('',#10289,1.5);
#10289 = AXIS2_PLACEMENT_3D('',#10290,#10291,#10292);
#10290 = CARTESIAN_POINT('',(9.49,17.38,1.51));
#10291 = DIRECTION('',(0.,0.,1.));
#10292 = DIRECTION('',(-0.,-1.,0.));
#10293 = ORIENTED_EDGE('',*,*,#10294,.F.);
#10294 = EDGE_CURVE('',#10269,#10286,#10295,.T.);
#10295 = LINE('',#10296,#10297);
#10296 = CARTESIAN_POINT('',(-9.51,15.88,1.51));
#10297 = VECTOR('',#10298,1.);
#10298 = DIRECTION('',(1.,0.,0.));
#10299 = FACE_BOUND('',#10300,.T.);
#10300 = EDGE_LOOP('',(#10301));
#10301 = ORIENTED_EDGE('',*,*,#10302,.T.);
#10302 = EDGE_CURVE('',#10303,#10303,#10305,.T.);
#10303 = VERTEX_POINT('',#10304);
#10304 = CARTESIAN_POINT('',(15.24,18.82,1.51));
#10305 = CIRCLE('',#10306,1.5);
#10306 = AXIS2_PLACEMENT_3D('',#10307,#10308,#10309);
#10307 = CARTESIAN_POINT('',(15.24,20.32,1.51));
#10308 = DIRECTION('',(-0.,0.,-1.));
#10309 = DIRECTION('',(1.184237892934E-15,-1.,-0.));
#10310 = PLANE('',#10311);
#10311 = AXIS2_PLACEMENT_3D('',#10312,#10313,#10314);
#10312 = CARTESIAN_POINT('',(0.,0.,1.51));
#10313 = DIRECTION('',(0.,0.,1.));
#10314 = DIRECTION('',(1.,0.,-0.));
#10315 = ADVANCED_FACE('',(#10316),#10322,.T.);
#10316 = FACE_BOUND('',#10317,.T.);
#10317 = EDGE_LOOP('',(#10318,#10319,#10320,#10321));
#10318 = ORIENTED_EDGE('',*,*,#9817,.T.);
#10319 = ORIENTED_EDGE('',*,*,#10081,.T.);
#10320 = ORIENTED_EDGE('',*,*,#9777,.F.);
#10321 = ORIENTED_EDGE('',*,*,#9841,.F.);
#10322 = PLANE('',#10323);
#10323 = AXIS2_PLACEMENT_3D('',#10324,#10325,#10326);
#10324 = CARTESIAN_POINT('',(-20.07,25.15,0.));
#10325 = DIRECTION('',(0.,1.,0.));
#10326 = DIRECTION('',(1.,0.,0.));
#10327 = ADVANCED_FACE('',(#10328),#10339,.F.);
#10328 = FACE_BOUND('',#10329,.T.);
#10329 = EDGE_LOOP('',(#10330,#10331,#10337,#10338));
#10330 = ORIENTED_EDGE('',*,*,#9850,.T.);
#10331 = ORIENTED_EDGE('',*,*,#10332,.T.);
#10332 = EDGE_CURVE('',#9851,#10091,#10333,.T.);
#10333 = LINE('',#10334,#10335);
#10334 = CARTESIAN_POINT('',(-15.24,-11.66,-4.6E-02));
#10335 = VECTOR('',#10336,1.);
#10336 = DIRECTION('',(0.,0.,1.));
#10337 = ORIENTED_EDGE('',*,*,#10090,.F.);
#10338 = ORIENTED_EDGE('',*,*,#10332,.F.);
#10339 = CYLINDRICAL_SURFACE('',#10340,1.5);
#10340 = AXIS2_PLACEMENT_3D('',#10341,#10342,#10343);
#10341 = CARTESIAN_POINT('',(-15.24,-10.16,-4.6E-02));
#10342 = DIRECTION('',(-0.,-0.,-1.));
#10343 = DIRECTION('',(-1.184237892934E-15,-1.,0.));
#10344 = ADVANCED_FACE('',(#10345),#10356,.F.);
#10345 = FACE_BOUND('',#10346,.T.);
#10346 = EDGE_LOOP('',(#10347,#10348,#10354,#10355));
#10347 = ORIENTED_EDGE('',*,*,#9861,.T.);
#10348 = ORIENTED_EDGE('',*,*,#10349,.T.);
#10349 = EDGE_CURVE('',#9862,#10102,#10350,.T.);
#10350 = LINE('',#10351,#10352);
#10351 = CARTESIAN_POINT('',(-9.3,-13.46,-4.6E-02));
#10352 = VECTOR('',#10353,1.);
#10353 = DIRECTION('',(0.,0.,1.));
#10354 = ORIENTED_EDGE('',*,*,#10101,.F.);
#10355 = ORIENTED_EDGE('',*,*,#10349,.F.);
#10356 = CYLINDRICAL_SURFACE('',#10357,0.5);
#10357 = AXIS2_PLACEMENT_3D('',#10358,#10359,#10360);
#10358 = CARTESIAN_POINT('',(-9.3,-12.96,-4.6E-02));
#10359 = DIRECTION('',(-0.,-0.,-1.));
#10360 = DIRECTION('',(-0.,-1.,0.));
#10361 = ADVANCED_FACE('',(#10362),#10373,.F.);
#10362 = FACE_BOUND('',#10363,.T.);
#10363 = EDGE_LOOP('',(#10364,#10365,#10371,#10372));
#10364 = ORIENTED_EDGE('',*,*,#9872,.T.);
#10365 = ORIENTED_EDGE('',*,*,#10366,.T.);
#10366 = EDGE_CURVE('',#9873,#10113,#10367,.T.);
#10367 = LINE('',#10368,#10369);
#10368 = CARTESIAN_POINT('',(-9.3,-10.92,-4.6E-02));
#10369 = VECTOR('',#10370,1.);
#10370 = DIRECTION('',(0.,0.,1.));
#10371 = ORIENTED_EDGE('',*,*,#10112,.F.);
#10372 = ORIENTED_EDGE('',*,*,#10366,.F.);
#10373 = CYLINDRICAL_SURFACE('',#10374,0.5);
#10374 = AXIS2_PLACEMENT_3D('',#10375,#10376,#10377);
#10375 = CARTESIAN_POINT('',(-9.3,-10.42,-4.6E-02));
#10376 = DIRECTION('',(-0.,-0.,-1.));
#10377 = DIRECTION('',(-0.,-1.,0.));
#10378 = ADVANCED_FACE('',(#10379),#10390,.F.);
#10379 = FACE_BOUND('',#10380,.T.);
#10380 = EDGE_LOOP('',(#10381,#10382,#10388,#10389));
#10381 = ORIENTED_EDGE('',*,*,#9883,.T.);
#10382 = ORIENTED_EDGE('',*,*,#10383,.T.);
#10383 = EDGE_CURVE('',#9884,#10124,#10384,.T.);
#10384 = LINE('',#10385,#10386);
#10385 = CARTESIAN_POINT('',(-6.76,-13.46,-4.6E-02));
#10386 = VECTOR('',#10387,1.);
#10387 = DIRECTION('',(0.,0.,1.));
#10388 = ORIENTED_EDGE('',*,*,#10123,.F.);
#10389 = ORIENTED_EDGE('',*,*,#10383,.F.);
#10390 = CYLINDRICAL_SURFACE('',#10391,0.5);
#10391 = AXIS2_PLACEMENT_3D('',#10392,#10393,#10394);
#10392 = CARTESIAN_POINT('',(-6.76,-12.96,-4.6E-02));
#10393 = DIRECTION('',(-0.,-0.,-1.));
#10394 = DIRECTION('',(-0.,-1.,0.));
#10395 = ADVANCED_FACE('',(#10396),#10407,.F.);
#10396 = FACE_BOUND('',#10397,.T.);
#10397 = EDGE_LOOP('',(#10398,#10399,#10405,#10406));
#10398 = ORIENTED_EDGE('',*,*,#9894,.T.);
#10399 = ORIENTED_EDGE('',*,*,#10400,.T.);
#10400 = EDGE_CURVE('',#9895,#10135,#10401,.T.);
#10401 = LINE('',#10402,#10403);
#10402 = CARTESIAN_POINT('',(-4.22,-13.46,-4.6E-02));
#10403 = VECTOR('',#10404,1.);
#10404 = DIRECTION('',(0.,0.,1.));
#10405 = ORIENTED_EDGE('',*,*,#10134,.F.);
#10406 = ORIENTED_EDGE('',*,*,#10400,.F.);
#10407 = CYLINDRICAL_SURFACE('',#10408,0.5);
#10408 = AXIS2_PLACEMENT_3D('',#10409,#10410,#10411);
#10409 = CARTESIAN_POINT('',(-4.22,-12.96,-4.6E-02));
#10410 = DIRECTION('',(-0.,-0.,-1.));
#10411 = DIRECTION('',(-0.,-1.,0.));
#10412 = ADVANCED_FACE('',(#10413),#10424,.F.);
#10413 = FACE_BOUND('',#10414,.T.);
#10414 = EDGE_LOOP('',(#10415,#10416,#10422,#10423));
#10415 = ORIENTED_EDGE('',*,*,#9905,.T.);
#10416 = ORIENTED_EDGE('',*,*,#10417,.T.);
#10417 = EDGE_CURVE('',#9906,#10146,#10418,.T.);
#10418 = LINE('',#10419,#10420);
#10419 = CARTESIAN_POINT('',(-6.76,-10.92,-4.6E-02));
#10420 = VECTOR('',#10421,1.);
#10421 = DIRECTION('',(0.,0.,1.));
#10422 = ORIENTED_EDGE('',*,*,#10145,.F.);
#10423 = ORIENTED_EDGE('',*,*,#10417,.F.);
#10424 = CYLINDRICAL_SURFACE('',#10425,0.5);
#10425 = AXIS2_PLACEMENT_3D('',#10426,#10427,#10428);
#10426 = CARTESIAN_POINT('',(-6.76,-10.42,-4.6E-02));
#10427 = DIRECTION('',(-0.,-0.,-1.));
#10428 = DIRECTION('',(-0.,-1.,0.));
#10429 = ADVANCED_FACE('',(#10430),#10441,.F.);
#10430 = FACE_BOUND('',#10431,.T.);
#10431 = EDGE_LOOP('',(#10432,#10433,#10439,#10440));
#10432 = ORIENTED_EDGE('',*,*,#9916,.T.);
#10433 = ORIENTED_EDGE('',*,*,#10434,.T.);
#10434 = EDGE_CURVE('',#9917,#10157,#10435,.T.);
#10435 = LINE('',#10436,#10437);
#10436 = CARTESIAN_POINT('',(-4.22,-10.92,-4.6E-02));
#10437 = VECTOR('',#10438,1.);
#10438 = DIRECTION('',(0.,0.,1.));
#10439 = ORIENTED_EDGE('',*,*,#10156,.F.);
#10440 = ORIENTED_EDGE('',*,*,#10434,.F.);
#10441 = CYLINDRICAL_SURFACE('',#10442,0.5);
#10442 = AXIS2_PLACEMENT_3D('',#10443,#10444,#10445);
#10443 = CARTESIAN_POINT('',(-4.22,-10.42,-4.6E-02));
#10444 = DIRECTION('',(-0.,-0.,-1.));
#10445 = DIRECTION('',(-0.,-1.,0.));
#10446 = ADVANCED_FACE('',(#10447),#10458,.F.);
#10447 = FACE_BOUND('',#10448,.T.);
#10448 = EDGE_LOOP('',(#10449,#10450,#10456,#10457));
#10449 = ORIENTED_EDGE('',*,*,#9927,.T.);
#10450 = ORIENTED_EDGE('',*,*,#10451,.T.);
#10451 = EDGE_CURVE('',#9928,#10168,#10452,.T.);
#10452 = LINE('',#10453,#10454);
#10453 = CARTESIAN_POINT('',(-1.68,-13.46,-4.6E-02));
#10454 = VECTOR('',#10455,1.);
#10455 = DIRECTION('',(0.,0.,1.));
#10456 = ORIENTED_EDGE('',*,*,#10167,.F.);
#10457 = ORIENTED_EDGE('',*,*,#10451,.F.);
#10458 = CYLINDRICAL_SURFACE('',#10459,0.5);
#10459 = AXIS2_PLACEMENT_3D('',#10460,#10461,#10462);
#10460 = CARTESIAN_POINT('',(-1.68,-12.96,-4.6E-02));
#10461 = DIRECTION('',(-0.,0.,-1.));
#10462 = DIRECTION('',(4.440892098501E-16,-1.,-0.));
#10463 = ADVANCED_FACE('',(#10464),#10475,.F.);
#10464 = FACE_BOUND('',#10465,.T.);
#10465 = EDGE_LOOP('',(#10466,#10467,#10473,#10474));
#10466 = ORIENTED_EDGE('',*,*,#9938,.T.);
#10467 = ORIENTED_EDGE('',*,*,#10468,.T.);
#10468 = EDGE_CURVE('',#9939,#10179,#10469,.T.);
#10469 = LINE('',#10470,#10471);
#10470 = CARTESIAN_POINT('',(-1.68,-10.92,-4.6E-02));
#10471 = VECTOR('',#10472,1.);
#10472 = DIRECTION('',(0.,0.,1.));
#10473 = ORIENTED_EDGE('',*,*,#10178,.F.);
#10474 = ORIENTED_EDGE('',*,*,#10468,.F.);
#10475 = CYLINDRICAL_SURFACE('',#10476,0.5);
#10476 = AXIS2_PLACEMENT_3D('',#10477,#10478,#10479);
#10477 = CARTESIAN_POINT('',(-1.68,-10.42,-4.6E-02));
#10478 = DIRECTION('',(-0.,0.,-1.));
#10479 = DIRECTION('',(4.440892098501E-16,-1.,-0.));
#10480 = ADVANCED_FACE('',(#10481),#10492,.F.);
#10481 = FACE_BOUND('',#10482,.T.);
#10482 = EDGE_LOOP('',(#10483,#10484,#10490,#10491));
#10483 = ORIENTED_EDGE('',*,*,#9949,.T.);
#10484 = ORIENTED_EDGE('',*,*,#10485,.T.);
#10485 = EDGE_CURVE('',#9950,#10190,#10486,.T.);
#10486 = LINE('',#10487,#10488);
#10487 = CARTESIAN_POINT('',(0.86,-13.46,-4.6E-02));
#10488 = VECTOR('',#10489,1.);
#10489 = DIRECTION('',(0.,0.,1.));
#10490 = ORIENTED_EDGE('',*,*,#10189,.F.);
#10491 = ORIENTED_EDGE('',*,*,#10485,.F.);
#10492 = CYLINDRICAL_SURFACE('',#10493,0.5);
#10493 = AXIS2_PLACEMENT_3D('',#10494,#10495,#10496);
#10494 = CARTESIAN_POINT('',(0.86,-12.96,-4.6E-02));
#10495 = DIRECTION('',(-0.,-0.,-1.));
#10496 = DIRECTION('',(-2.22044604925E-16,-1.,0.));
#10497 = ADVANCED_FACE('',(#10498),#10509,.F.);
#10498 = FACE_BOUND('',#10499,.T.);
#10499 = EDGE_LOOP('',(#10500,#10501,#10507,#10508));
#10500 = ORIENTED_EDGE('',*,*,#9960,.T.);
#10501 = ORIENTED_EDGE('',*,*,#10502,.T.);
#10502 = EDGE_CURVE('',#9961,#10201,#10503,.T.);
#10503 = LINE('',#10504,#10505);
#10504 = CARTESIAN_POINT('',(0.86,-10.92,-4.6E-02));
#10505 = VECTOR('',#10506,1.);
#10506 = DIRECTION('',(0.,0.,1.));
#10507 = ORIENTED_EDGE('',*,*,#10200,.F.);
#10508 = ORIENTED_EDGE('',*,*,#10502,.F.);
#10509 = CYLINDRICAL_SURFACE('',#10510,0.5);
#10510 = AXIS2_PLACEMENT_3D('',#10511,#10512,#10513);
#10511 = CARTESIAN_POINT('',(0.86,-10.42,-4.6E-02));
#10512 = DIRECTION('',(-0.,-0.,-1.));
#10513 = DIRECTION('',(-2.22044604925E-16,-1.,0.));
#10514 = ADVANCED_FACE('',(#10515),#10526,.F.);
#10515 = FACE_BOUND('',#10516,.T.);
#10516 = EDGE_LOOP('',(#10517,#10518,#10524,#10525));
#10517 = ORIENTED_EDGE('',*,*,#9971,.T.);
#10518 = ORIENTED_EDGE('',*,*,#10519,.T.);
#10519 = EDGE_CURVE('',#9972,#10212,#10520,.T.);
#10520 = LINE('',#10521,#10522);
#10521 = CARTESIAN_POINT('',(4.795,-13.31,-4.6E-02));
#10522 = VECTOR('',#10523,1.);
#10523 = DIRECTION('',(0.,0.,1.));
#10524 = ORIENTED_EDGE('',*,*,#10211,.F.);
#10525 = ORIENTED_EDGE('',*,*,#10519,.F.);
#10526 = CYLINDRICAL_SURFACE('',#10527,0.5);
#10527 = AXIS2_PLACEMENT_3D('',#10528,#10529,#10530);
#10528 = CARTESIAN_POINT('',(4.795,-12.81,-4.6E-02));
#10529 = DIRECTION('',(-0.,-0.,-1.));
#10530 = DIRECTION('',(-0.,-1.,0.));
#10531 = ADVANCED_FACE('',(#10532),#10543,.F.);
#10532 = FACE_BOUND('',#10533,.T.);
#10533 = EDGE_LOOP('',(#10534,#10535,#10541,#10542));
#10534 = ORIENTED_EDGE('',*,*,#9982,.T.);
#10535 = ORIENTED_EDGE('',*,*,#10536,.T.);
#10536 = EDGE_CURVE('',#9983,#10223,#10537,.T.);
#10537 = LINE('',#10538,#10539);
#10538 = CARTESIAN_POINT('',(7.335,-13.31,-4.6E-02));
#10539 = VECTOR('',#10540,1.);
#10540 = DIRECTION('',(0.,0.,1.));
#10541 = ORIENTED_EDGE('',*,*,#10222,.F.);
#10542 = ORIENTED_EDGE('',*,*,#10536,.F.);
#10543 = CYLINDRICAL_SURFACE('',#10544,0.5);
#10544 = AXIS2_PLACEMENT_3D('',#10545,#10546,#10547);
#10545 = CARTESIAN_POINT('',(7.335,-12.81,-4.6E-02));
#10546 = DIRECTION('',(-0.,-0.,-1.));
#10547 = DIRECTION('',(-0.,-1.,0.));
#10548 = ADVANCED_FACE('',(#10549),#10560,.F.);
#10549 = FACE_BOUND('',#10550,.T.);
#10550 = EDGE_LOOP('',(#10551,#10552,#10558,#10559));
#10551 = ORIENTED_EDGE('',*,*,#9993,.T.);
#10552 = ORIENTED_EDGE('',*,*,#10553,.T.);
#10553 = EDGE_CURVE('',#9994,#10234,#10554,.T.);
#10554 = LINE('',#10555,#10556);
#10555 = CARTESIAN_POINT('',(9.875,-13.31,-4.6E-02));
#10556 = VECTOR('',#10557,1.);
#10557 = DIRECTION('',(0.,0.,1.));
#10558 = ORIENTED_EDGE('',*,*,#10233,.F.);
#10559 = ORIENTED_EDGE('',*,*,#10553,.F.);
#10560 = CYLINDRICAL_SURFACE('',#10561,0.5);
#10561 = AXIS2_PLACEMENT_3D('',#10562,#10563,#10564);
#10562 = CARTESIAN_POINT('',(9.875,-12.81,-4.6E-02));
#10563 = DIRECTION('',(-0.,-0.,-1.));
#10564 = DIRECTION('',(-0.,-1.,0.));
#10565 = ADVANCED_FACE('',(#10566),#10577,.F.);
#10566 = FACE_BOUND('',#10567,.T.);
#10567 = EDGE_LOOP('',(#10568,#10569,#10575,#10576));
#10568 = ORIENTED_EDGE('',*,*,#10004,.T.);
#10569 = ORIENTED_EDGE('',*,*,#10570,.T.);
#10570 = EDGE_CURVE('',#10005,#10245,#10571,.T.);
#10571 = LINE('',#10572,#10573);
#10572 = CARTESIAN_POINT('',(15.24,-11.66,-4.6E-02));
#10573 = VECTOR('',#10574,1.);
#10574 = DIRECTION('',(0.,0.,1.));
#10575 = ORIENTED_EDGE('',*,*,#10244,.F.);
#10576 = ORIENTED_EDGE('',*,*,#10570,.F.);
#10577 = CYLINDRICAL_SURFACE('',#10578,1.5);
#10578 = AXIS2_PLACEMENT_3D('',#10579,#10580,#10581);
#10579 = CARTESIAN_POINT('',(15.24,-10.16,-4.6E-02));
#10580 = DIRECTION('',(-0.,0.,-1.));
#10581 = DIRECTION('',(1.184237892934E-15,-1.,-0.));
#10582 = ADVANCED_FACE('',(#10583),#10594,.F.);
#10583 = FACE_BOUND('',#10584,.T.);
#10584 = EDGE_LOOP('',(#10585,#10586,#10592,#10593));
#10585 = ORIENTED_EDGE('',*,*,#10015,.T.);
#10586 = ORIENTED_EDGE('',*,*,#10587,.T.);
#10587 = EDGE_CURVE('',#10016,#10256,#10588,.T.);
#10588 = LINE('',#10589,#10590);
#10589 = CARTESIAN_POINT('',(-15.24,18.82,-4.6E-02));
#10590 = VECTOR('',#10591,1.);
#10591 = DIRECTION('',(0.,0.,1.));
#10592 = ORIENTED_EDGE('',*,*,#10255,.F.);
#10593 = ORIENTED_EDGE('',*,*,#10587,.F.);
#10594 = CYLINDRICAL_SURFACE('',#10595,1.5);
#10595 = AXIS2_PLACEMENT_3D('',#10596,#10597,#10598);
#10596 = CARTESIAN_POINT('',(-15.24,20.32,-4.6E-02));
#10597 = DIRECTION('',(-0.,-0.,-1.));
#10598 = DIRECTION('',(-1.184237892934E-15,-1.,0.));
#10599 = ADVANCED_FACE('',(#10600),#10616,.F.);
#10600 = FACE_BOUND('',#10601,.T.);
#10601 = EDGE_LOOP('',(#10602,#10608,#10609,#10615));
#10602 = ORIENTED_EDGE('',*,*,#10603,.T.);
#10603 = EDGE_CURVE('',#10027,#10267,#10604,.T.);
#10604 = LINE('',#10605,#10606);
#10605 = CARTESIAN_POINT('',(-9.51,18.88,0.));
#10606 = VECTOR('',#10607,1.);
#10607 = DIRECTION('',(0.,0.,1.));
#10608 = ORIENTED_EDGE('',*,*,#10266,.T.);
#10609 = ORIENTED_EDGE('',*,*,#10610,.F.);
#10610 = EDGE_CURVE('',#10029,#10269,#10611,.T.);
#10611 = LINE('',#10612,#10613);
#10612 = CARTESIAN_POINT('',(-9.51,15.88,0.));
#10613 = VECTOR('',#10614,1.);
#10614 = DIRECTION('',(0.,0.,1.));
#10615 = ORIENTED_EDGE('',*,*,#10026,.F.);
#10616 = CYLINDRICAL_SURFACE('',#10617,1.5);
#10617 = AXIS2_PLACEMENT_3D('',#10618,#10619,#10620);
#10618 = CARTESIAN_POINT('',(-9.51,17.38,0.));
#10619 = DIRECTION('',(-0.,0.,-1.));
#10620 = DIRECTION('',(0.,1.,0.));
#10621 = ADVANCED_FACE('',(#10622),#10633,.T.);
#10622 = FACE_BOUND('',#10623,.T.);
#10623 = EDGE_LOOP('',(#10624,#10630,#10631,#10632));
#10624 = ORIENTED_EDGE('',*,*,#10625,.T.);
#10625 = EDGE_CURVE('',#10038,#10278,#10626,.T.);
#10626 = LINE('',#10627,#10628);
#10627 = CARTESIAN_POINT('',(9.49,18.88,0.));
#10628 = VECTOR('',#10629,1.);
#10629 = DIRECTION('',(0.,0.,1.));
#10630 = ORIENTED_EDGE('',*,*,#10277,.T.);
#10631 = ORIENTED_EDGE('',*,*,#10603,.F.);
#10632 = ORIENTED_EDGE('',*,*,#10037,.F.);
#10633 = PLANE('',#10634);
#10634 = AXIS2_PLACEMENT_3D('',#10635,#10636,#10637);
#10635 = CARTESIAN_POINT('',(9.49,18.88,0.));
#10636 = DIRECTION('',(0.,-1.,0.));
#10637 = DIRECTION('',(-1.,0.,0.));
#10638 = ADVANCED_FACE('',(#10639),#10650,.T.);
#10639 = FACE_BOUND('',#10640,.T.);
#10640 = EDGE_LOOP('',(#10641,#10642,#10643,#10649));
#10641 = ORIENTED_EDGE('',*,*,#10610,.T.);
#10642 = ORIENTED_EDGE('',*,*,#10294,.T.);
#10643 = ORIENTED_EDGE('',*,*,#10644,.F.);
#10644 = EDGE_CURVE('',#10046,#10286,#10645,.T.);
#10645 = LINE('',#10646,#10647);
#10646 = CARTESIAN_POINT('',(9.49,15.88,0.));
#10647 = VECTOR('',#10648,1.);
#10648 = DIRECTION('',(0.,0.,1.));
#10649 = ORIENTED_EDGE('',*,*,#10054,.F.);
#10650 = PLANE('',#10651);
#10651 = AXIS2_PLACEMENT_3D('',#10652,#10653,#10654);
#10652 = CARTESIAN_POINT('',(-9.51,15.88,0.));
#10653 = DIRECTION('',(0.,1.,0.));
#10654 = DIRECTION('',(1.,0.,0.));
#10655 = ADVANCED_FACE('',(#10656),#10662,.F.);
#10656 = FACE_BOUND('',#10657,.T.);
#10657 = EDGE_LOOP('',(#10658,#10659,#10660,#10661));
#10658 = ORIENTED_EDGE('',*,*,#10644,.T.);
#10659 = ORIENTED_EDGE('',*,*,#10285,.T.);
#10660 = ORIENTED_EDGE('',*,*,#10625,.F.);
#10661 = ORIENTED_EDGE('',*,*,#10045,.F.);
#10662 = CYLINDRICAL_SURFACE('',#10663,1.5);
#10663 = AXIS2_PLACEMENT_3D('',#10664,#10665,#10666);
#10664 = CARTESIAN_POINT('',(9.49,17.38,0.));
#10665 = DIRECTION('',(-0.,-0.,-1.));
#10666 = DIRECTION('',(-0.,-1.,0.));
#10667 = ADVANCED_FACE('',(#10668),#10679,.F.);
#10668 = FACE_BOUND('',#10669,.T.);
#10669 = EDGE_LOOP('',(#10670,#10671,#10677,#10678));
#10670 = ORIENTED_EDGE('',*,*,#10062,.T.);
#10671 = ORIENTED_EDGE('',*,*,#10672,.T.);
#10672 = EDGE_CURVE('',#10063,#10303,#10673,.T.);
#10673 = LINE('',#10674,#10675);
#10674 = CARTESIAN_POINT('',(15.24,18.82,-4.6E-02));
#10675 = VECTOR('',#10676,1.);
#10676 = DIRECTION('',(0.,0.,1.));
#10677 = ORIENTED_EDGE('',*,*,#10302,.F.);
#10678 = ORIENTED_EDGE('',*,*,#10672,.F.);
#10679 = CYLINDRICAL_SURFACE('',#10680,1.5);
#10680 = AXIS2_PLACEMENT_3D('',#10681,#10682,#10683);
#10681 = CARTESIAN_POINT('',(15.24,20.32,-4.6E-02));
#10682 = DIRECTION('',(-0.,0.,-1.));
#10683 = DIRECTION('',(1.184237892934E-15,-1.,-0.));
#10684 = ( GEOMETRIC_REPRESENTATION_CONTEXT(3) 
GLOBAL_UNCERTAINTY_ASSIGNED_CONTEXT((#10688)) 
GLOBAL_UNIT_ASSIGNED_CONTEXT((#10685,#10686,#10687)) 
REPRESENTATION_CONTEXT('Context #1',
  '3D Context with UNIT and UNCERTAINTY') );
#10685 = ( LENGTH_UNIT() NAMED_UNIT(*) SI_UNIT(.MILLI.,.METRE.) );
#10686 = ( NAMED_UNIT(*) PLANE_ANGLE_UNIT() SI_UNIT($,.RADIAN.) );
#10687 = ( NAMED_UNIT(*) SI_UNIT($,.STERADIAN.) SOLID_ANGLE_UNIT() );
#10688 = UNCERTAINTY_MEASURE_WITH_UNIT(LENGTH_MEASURE(1.E-07),#10685,
  'distance_accuracy_value','confusion accuracy');
#10689 = CONTEXT_DEPENDENT_SHAPE_REPRESENTATION(#10690,#10692);
#10690 = ( REPRESENTATION_RELATIONSHIP('','',#9730,#10) 
REPRESENTATION_RELATIONSHIP_WITH_TRANSFORMATION(#10691) 
SHAPE_REPRESENTATION_RELATIONSHIP() );
#10691 = ITEM_DEFINED_TRANSFORMATION('','',#11,#87);
#10692 = PRODUCT_DEFINITION_SHAPE('Placement','Placement of an item',
  #10693);
#10693 = NEXT_ASSEMBLY_USAGE_OCCURRENCE('19','=>[0:1:1:7]','',#5,#9725,$
  );
#10694 = PRODUCT_RELATED_PRODUCT_CATEGORY('part',$,(#9727));
#10695 = MECHANICAL_DESIGN_GEOMETRIC_PRESENTATION_REPRESENTATION('',(
    #10696),#10684);
#10696 = STYLED_ITEM('color',(#10697),#9731);
#10697 = PRESENTATION_STYLE_ASSIGNMENT((#10698));
#10698 = SURFACE_STYLE_USAGE(.BOTH.,#10699);
#10699 = SURFACE_SIDE_STYLE('',(#10700));
#10700 = SURFACE_STYLE_FILL_AREA(#10701);
#10701 = FILL_AREA_STYLE('',(#10702));
#10702 = FILL_AREA_STYLE_COLOUR('',#10703);
#10703 = COLOUR_RGB('',0.313304153717,0.484529207832,0.410020903123);
ENDSEC;
END-ISO-10303-21;
